PROBE-TSV-HEADER	version	format	fixture	mode	operation	stage	calls	duration_ms	read_bytes	written_bytes	output_bytes	entries	payload_mib	status
PROBE-TSV	1	zip	entries	fixture	build	fixture_build	1	1604.682	0	14106624	14100098	100000	0	ok
PROBE-TSV	1	zip	entries	direct	delete_start	commit	1	13.504	12288	14102528	14099957	100000	0	ok
PROBE-TSV	1	zip	entries	direct	delete_start	remove	1	0.019	0	0	14099957	100000	0	ok
PROBE-TSV	1	zip	entries	direct	delete_start	total	1	121.532	14114816	14102528	14099957	100000	0	ok
PROBE-TSV	1	zip	entries	direct	delete_start	updater_open	1	102.442	14102528	0	14099957	100000	0	ok
PROBE-TSV	1	zip	entries	direct	delete_end	commit	1	11.242	45056	7516160	14099957	100000	0	ok
PROBE-TSV	1	zip	entries	direct	delete_end	remove	1	0.008	0	0	14099957	100000	0	ok
PROBE-TSV	1	zip	entries	direct	delete_end	total	1	118.139	14147584	7516160	14099957	100000	0	ok
PROBE-TSV	1	zip	entries	direct	delete_end	updater_open	1	100.908	14102528	0	14099957	100000	0	ok
PROBE-TSV	1	zip	payload	fixture	build	fixture_build	1	1122.840	0	163004416	163003493	1064	256	ok
PROBE-TSV	1	zip	payload	direct	delete_start	commit	1	48.250	158875648	161021952	161008071	1064	256	ok
PROBE-TSV	1	zip	payload	direct	delete_start	remove	1	0.002	0	0	161008071	1064	256	ok
PROBE-TSV	1	zip	payload	direct	delete_start	total	1	60.682	161054720	161021952	161008071	1064	256	ok
PROBE-TSV	1	zip	payload	direct	delete_start	updater_open	1	11.407	2179072	0	161008071	1064	256	ok
PROBE-TSV	1	zip	payload	direct	delete_end	commit	1	1.416	32768	81920	163003352	1064	256	ok
PROBE-TSV	1	zip	payload	direct	delete_end	remove	1	0.003	0	0	163003352	1064	256	ok
PROBE-TSV	1	zip	payload	direct	delete_end	total	1	49.703	2211840	81920	163003352	1064	256	ok
PROBE-TSV	1	zip	payload	direct	delete_end	updater_open	1	48.190	2179072	0	163003352	1064	256	ok
PROBE-TSV	1	tar	entries	fixture	build	fixture_build	1	1224.641	0	102416384	102410240	100000	0	ok
PROBE-TSV	1	tar	entries	direct	delete_start	commit	1	38.183	16384	102400000	102400000	100000	0	ok
PROBE-TSV	1	tar	entries	direct	delete_start	remove	1	51.382	0	0	102400000	100000	0	ok
PROBE-TSV	1	tar	entries	direct	delete_start	total	1	701.179	102428672	102400000	102400000	100000	0	ok
PROBE-TSV	1	tar	entries	direct	delete_start	updater_open	1	596.197	102412288	0	102400000	100000	0	ok
PROBE-TSV	1	tar	entries	direct	delete_end	commit	1	5.901	32768	16384	102400000	100000	0	ok
PROBE-TSV	1	tar	entries	direct	delete_end	remove	1	51.902	0	0	102400000	100000	0	ok
PROBE-TSV	1	tar	entries	direct	delete_end	total	1	668.599	102445056	16384	102400000	100000	0	ok
PROBE-TSV	1	tar	entries	direct	delete_end	updater_open	1	597.798	102412288	0	102400000	100000	0	ok
PROBE-TSV	1	tar	payload	fixture	build	fixture_build	1	337.398	0	269496320	269496320	1064	256	ok
PROBE-TSV	1	tar	payload	direct	delete_start	commit	1	112.312	263045120	265322496	265308160	1064	256	ok
PROBE-TSV	1	tar	payload	direct	delete_start	remove	1	0.569	0	0	265308160	1064	256	ok
PROBE-TSV	1	tar	payload	direct	delete_start	total	1	129.602	265351168	265322496	265308160	1064	256	ok
PROBE-TSV	1	tar	payload	direct	delete_start	updater_open	1	14.881	2306048	0	265308160	1064	256	ok
PROBE-TSV	1	tar	payload	direct	delete_end	commit	1	0.838	32768	12288	269496320	1064	256	ok
PROBE-TSV	1	tar	payload	direct	delete_end	remove	1	0.553	0	0	269496320	1064	256	ok
PROBE-TSV	1	tar	payload	direct	delete_end	total	1	16.813	2338816	12288	269496320	1064	256	ok
PROBE-TSV	1	tar	payload	direct	delete_end	updater_open	1	15.244	2306048	0	269496320	1064	256	ok
PROBE-TSV	1	tar.gz	entries	fixture	build	fixture_build	1	559.407	0	1048576	1044860	100000	0	ok
PROBE-TSV	1	tar.gz	entries	direct	delete_start	commit	1	9.985	0	1052672	1044838	100000	0	ok
PROBE-TSV	1	tar.gz	entries	direct	delete_start	remove	1	50.927	0	0	1044838	100000	0	ok
PROBE-TSV	1	tar.gz	entries	direct	delete_start	total	1	306.873	0	1052672	1044838	100000	0	ok
PROBE-TSV	1	tar.gz	entries	direct	delete_start	updater_open	1	241.430	0	0	1044838	100000	0	ok
PROBE-TSV	1	tar.gz	entries	direct	delete_end	commit	1	7.974	0	1052672	1044832	100000	0	ok
PROBE-TSV	1	tar.gz	entries	direct	delete_end	remove	1	50.388	0	0	1044832	100000	0	ok
PROBE-TSV	1	tar.gz	entries	direct	delete_end	total	1	309.253	0	1052672	1044832	100000	0	ok
PROBE-TSV	1	tar.gz	entries	direct	delete_end	updater_open	1	246.416	0	0	1044832	100000	0	ok
PROBE-TSV	1	tar.gz	payload	fixture	build	fixture_build	1	1223.978	0	162824192	162812011	1064	256	ok
PROBE-TSV	1	tar.gz	payload	direct	delete_start	commit	1	58.143	0	160833536	160817842	1064	256	ok
PROBE-TSV	1	tar.gz	payload	direct	delete_start	remove	1	0.525	0	0	160817842	1064	256	ok
PROBE-TSV	1	tar.gz	payload	direct	delete_start	total	1	61.490	0	160833536	160817842	1064	256	ok
PROBE-TSV	1	tar.gz	payload	direct	delete_start	updater_open	1	2.645	0	0	160817842	1064	256	ok
PROBE-TSV	1	tar.gz	payload	direct	delete_end	commit	1	26.309	0	162824192	162812002	1064	256	ok
PROBE-TSV	1	tar.gz	payload	direct	delete_end	remove	1	0.523	0	0	162812002	1064	256	ok
PROBE-TSV	1	tar.gz	payload	direct	delete_end	total	1	29.672	0	162824192	162812002	1064	256	ok
PROBE-TSV	1	tar.gz	payload	direct	delete_end	updater_open	1	2.659	0	0	162812002	1064	256	ok
PROBE-TSV	1	tar.bz2	entries	fixture	build	fixture_build	1	587.691	0	217088	216388	100000	0	ok
PROBE-TSV	1	tar.bz2	entries	direct	delete_start	commit	1	44.698	0	221184	216386	100000	0	ok
PROBE-TSV	1	tar.bz2	entries	direct	delete_start	remove	1	49.708	0	0	216386	100000	0	ok
PROBE-TSV	1	tar.bz2	entries	direct	delete_start	total	1	338.900	0	221184	216386	100000	0	ok
PROBE-TSV	1	tar.bz2	entries	direct	delete_start	updater_open	1	239.813	0	0	216386	100000	0	ok
PROBE-TSV	1	tar.bz2	entries	direct	delete_end	commit	1	33.237	0	221184	216403	100000	0	ok
PROBE-TSV	1	tar.bz2	entries	direct	delete_end	remove	1	49.848	0	0	216403	100000	0	ok
PROBE-TSV	1	tar.bz2	entries	direct	delete_end	total	1	329.780	0	221184	216403	100000	0	ok
PROBE-TSV	1	tar.bz2	entries	direct	delete_end	updater_open	1	241.963	0	0	216403	100000	0	ok
PROBE-TSV	1	tar.bz2	payload	fixture	build	fixture_build	1	1881.189	0	143032320	143017651	1064	256	ok
PROBE-TSV	1	tar.bz2	payload	direct	delete_start	commit	1	21.077	0	141455360	141441820	1064	256	ok
PROBE-TSV	1	tar.bz2	payload	direct	delete_start	remove	1	0.502	0	0	141441820	1064	256	ok
PROBE-TSV	1	tar.bz2	payload	direct	delete_start	total	1	24.341	0	141455360	141441820	1064	256	ok
PROBE-TSV	1	tar.bz2	payload	direct	delete_start	updater_open	1	2.595	0	0	141441820	1064	256	ok
PROBE-TSV	1	tar.bz2	payload	direct	delete_end	commit	1	26.649	0	143028224	143017672	1064	256	ok
PROBE-TSV	1	tar.bz2	payload	direct	delete_end	remove	1	0.510	0	0	143017672	1064	256	ok
PROBE-TSV	1	tar.bz2	payload	direct	delete_end	total	1	29.989	0	143028224	143017672	1064	256	ok
PROBE-TSV	1	tar.bz2	payload	direct	delete_end	updater_open	1	2.653	0	0	143017672	1064	256	ok
PROBE-TSV	1	tar.xz	entries	fixture	build	fixture_build	1	718.062	0	217088	214148	100000	0	ok
PROBE-TSV	1	tar.xz	entries	direct	delete_start	commit	1	162.306	0	221184	213032	100000	0	ok
PROBE-TSV	1	tar.xz	entries	direct	delete_start	remove	1	49.861	0	0	213032	100000	0	ok
PROBE-TSV	1	tar.xz	entries	direct	delete_start	total	1	458.349	0	221184	213032	100000	0	ok
PROBE-TSV	1	tar.xz	entries	direct	delete_start	updater_open	1	241.487	0	0	213032	100000	0	ok
PROBE-TSV	1	tar.xz	entries	direct	delete_end	commit	1	70.403	0	221184	214112	100000	0	ok
PROBE-TSV	1	tar.xz	entries	direct	delete_end	remove	1	50.704	0	0	214112	100000	0	ok
PROBE-TSV	1	tar.xz	entries	direct	delete_end	total	1	368.185	0	221184	214112	100000	0	ok
PROBE-TSV	1	tar.xz	entries	direct	delete_end	updater_open	1	242.420	0	0	214112	100000	0	ok
PROBE-TSV	1	tar.xz	payload	fixture	build	fixture_build	1	11250.028	0	137199616	137187640	1064	256	ok
PROBE-TSV	1	tar.xz	payload	direct	delete_start	commit	1	20.231	0	135741440	135726672	1064	256	ok
PROBE-TSV	1	tar.xz	payload	direct	delete_start	remove	1	0.509	0	0	135726672	1064	256	ok
PROBE-TSV	1	tar.xz	payload	direct	delete_start	total	1	23.543	0	135741440	135726672	1064	256	ok
PROBE-TSV	1	tar.xz	payload	direct	delete_start	updater_open	1	2.632	0	0	135726672	1064	256	ok
PROBE-TSV	1	tar.xz	payload	direct	delete_end	commit	1	58.186	0	137199616	137187640	1064	256	ok
PROBE-TSV	1	tar.xz	payload	direct	delete_end	remove	1	0.520	0	0	137187640	1064	256	ok
PROBE-TSV	1	tar.xz	payload	direct	delete_end	total	1	61.532	0	137199616	137187640	1064	256	ok
PROBE-TSV	1	tar.xz	payload	direct	delete_end	updater_open	1	2.637	0	0	137187640	1064	256	ok
PROBE-TSV	1	7z	entries	fixture	build	fixture_build	1	3869.651	0	7028736	7000078	100000	0	ok
PROBE-TSV	1	7z	entries	direct	delete_start	commit	1	420.889	516096	7020544	7000008	100000	0	ok
PROBE-TSV	1	7z	entries	direct	delete_start	remove	1	48.385	0	0	7000008	100000	0	ok
PROBE-TSV	1	7z	entries	direct	delete_start	total	1	913.479	7045120	7020544	7000008	100000	0	ok
PROBE-TSV	1	7z	entries	direct	delete_start	updater_open	1	412.249	6529024	0	7000008	100000	0	ok
PROBE-TSV	1	7z	entries	direct	delete_end	commit	1	321.203	57344	6545408	7000008	100000	0	ok
PROBE-TSV	1	7z	entries	direct	delete_end	remove	1	49.062	0	0	7000008	100000	0	ok
PROBE-TSV	1	7z	entries	direct	delete_end	total	1	804.562	6586368	6545408	7000008	100000	0	ok
PROBE-TSV	1	7z	entries	direct	delete_end	updater_open	1	407.204	6529024	0	7000008	100000	0	ok
PROBE-TSV	1	7z	payload	fixture	build	fixture_build	1	11324.562	0	137281536	137251576	1064	256	ok
PROBE-TSV	1	7z	payload	direct	delete_start	commit	1	66.819	135741440	135823360	135790639	1064	256	ok
PROBE-TSV	1	7z	payload	direct	delete_start	remove	1	0.530	0	0	135790639	1064	256	ok
PROBE-TSV	1	7z	payload	direct	delete_start	total	1	73.437	135843840	135823360	135790639	1064	256	ok
PROBE-TSV	1	7z	payload	direct	delete_start	updater_open	1	4.758	102400	0	135790639	1064	256	ok
PROBE-TSV	1	7z	payload	direct	delete_end	commit	1	4.337	36864	118784	137251506	1064	256	ok
PROBE-TSV	1	7z	payload	direct	delete_end	remove	1	0.552	0	0	137251506	1064	256	ok
PROBE-TSV	1	7z	payload	direct	delete_end	total	1	10.708	139264	118784	137251506	1064	256	ok
PROBE-TSV	1	7z	payload	direct	delete_end	updater_open	1	5.375	102400	0	137251506	1064	256	ok
PROBE-TSV	1	lha	entries	fixture	build	fixture_build	1	1459.678	0	7012352	7000001	100000	0	ok
PROBE-TSV	1	lha	entries	direct	delete_start	commit	1	7.026	4096	7000064	6999931	100000	0	ok
PROBE-TSV	1	lha	entries	direct	delete_start	remove	1	48.305	0	0	6999931	100000	0	ok
PROBE-TSV	1	lha	entries	direct	delete_start	total	1	984.458	7004160	7000064	6999931	100000	0	ok
PROBE-TSV	1	lha	entries	direct	delete_start	updater_open	1	903.966	7000064	0	6999931	100000	0	ok
PROBE-TSV	1	lha	entries	direct	delete_end	commit	1	4.441	20480	4096	6999931	100000	0	ok
PROBE-TSV	1	lha	entries	direct	delete_end	remove	1	49.613	0	0	6999931	100000	0	ok
PROBE-TSV	1	lha	entries	direct	delete_end	total	1	959.090	7020544	4096	6999931	100000	0	ok
PROBE-TSV	1	lha	entries	direct	delete_end	updater_open	1	892.556	7000064	0	6999931	100000	0	ok
PROBE-TSV	1	lha	payload	fixture	build	fixture_build	1	2060.738	0	342360064	170720988	1064	256	ok
PROBE-TSV	1	lha	payload	direct	delete_start	commit	1	83.521	150962176	168574976	168563277	1064	256	ok
PROBE-TSV	1	lha	payload	direct	delete_start	remove	1	0.541	0	0	168563277	1064	256	ok
PROBE-TSV	1	lha	payload	direct	delete_start	total	1	110.630	168853504	168574976	168563277	1064	256	ok
PROBE-TSV	1	lha	payload	direct	delete_start	updater_open	1	25.319	17891328	0	168563277	1064	256	ok
PROBE-TSV	1	lha	payload	direct	delete_end	commit	1	0.793	32768	16384	170720918	1064	256	ok
PROBE-TSV	1	lha	payload	direct	delete_end	remove	1	0.575	0	0	170720918	1064	256	ok
PROBE-TSV	1	lha	payload	direct	delete_end	total	1	26.242	17924096	16384	170720918	1064	256	ok
PROBE-TSV	1	lha	payload	direct	delete_end	updater_open	1	24.631	17891328	0	170720918	1064	256	ok
PROBE-TSV-HEADER	version	format	fixture	mode	operation	stage	calls	duration_ms	read_bytes	written_bytes	output_bytes	entries	payload_mib	status
PROBE-PROGRESS	zip	entries	delete_start	7	5	9.981	156.626
PROBE-TSV	1	zip	entries	immediate	delete_start	capability_probe	1	2.914	0	0	14099957	100000	0	ok
PROBE-TSV	1	zip	entries	immediate	delete_start	commit	1	13.286	12288	14102528	14099957	100000	0	ok
PROBE-TSV	1	zip	entries	immediate	delete_start	display	1	3.140	0	0	14099957	100000	0	ok
PROBE-TSV	1	zip	entries	immediate	delete_start	entry_comparison	1	72.405	0	0	14099957	100000	0	ok
PROBE-TSV	1	zip	entries	immediate	delete_start	filter_compute	1	0.000	0	0	14099957	100000	0	ok
PROBE-TSV	1	zip	entries	immediate	delete_start	mutate	1	9.944	0	0	14099957	100000	0	ok
PROBE-TSV	1	zip	entries	immediate	delete_start	output_probe	1	2.593	0	0	14099957	100000	0	ok
PROBE-TSV	1	zip	entries	immediate	delete_start	password_verification	1	0.211	0	0	14099957	100000	0	ok
PROBE-TSV	1	zip	entries	immediate	delete_start	plan_build	1	0.033	0	0	14099957	100000	0	ok
PROBE-TSV	1	zip	entries	immediate	delete_start	plan_validation	1	9.915	0	0	14099957	100000	0	ok
PROBE-TSV	1	zip	entries	immediate	delete_start	publish	1	1.351	0	0	14099957	100000	0	ok
PROBE-TSV	1	zip	entries	immediate	delete_start	reader_adoption	1	0.004	0	0	14099957	100000	0	ok
PROBE-TSV	1	zip	entries	immediate	delete_start	reload	1	3.286	0	0	14099957	100000	0	ok
PROBE-TSV	1	zip	entries	immediate	delete_start	total	1	362.798	14114816	14114816	14099957	100000	0	ok
PROBE-TSV	1	zip	entries	immediate	delete_start	tree_build	1	52.642	0	0	14099957	100000	0	ok
PROBE-TSV	1	zip	entries	immediate	delete_start	updater_open	1	103.317	14102528	0	14099957	100000	0	ok
PROBE-TSV	1	zip	entries	immediate	delete_start	verification_open	1	73.548	0	0	14099957	100000	0	ok
PROBE-PROGRESS	zip	entries	delete_end	5	3	10.160	155.652
PROBE-TSV	1	zip	entries	immediate	delete_end	capability_probe	1	2.905	0	0	14099957	100000	0	ok
PROBE-TSV	1	zip	entries	immediate	delete_end	commit	1	10.367	45056	7516160	14099957	100000	0	ok
PROBE-TSV	1	zip	entries	immediate	delete_end	display	1	2.898	0	0	14099957	100000	0	ok
PROBE-TSV	1	zip	entries	immediate	delete_end	entry_comparison	1	72.544	0	0	14099957	100000	0	ok
PROBE-TSV	1	zip	entries	immediate	delete_end	filter_compute	1	0.000	0	0	14099957	100000	0	ok
PROBE-TSV	1	zip	entries	immediate	delete_end	mutate	1	10.135	0	0	14099957	100000	0	ok
PROBE-TSV	1	zip	entries	immediate	delete_end	output_probe	1	2.611	0	0	14099957	100000	0	ok
PROBE-TSV	1	zip	entries	immediate	delete_end	password_verification	1	0.198	0	0	14099957	100000	0	ok
PROBE-TSV	1	zip	entries	immediate	delete_end	plan_build	1	0.015	0	0	14099957	100000	0	ok
PROBE-TSV	1	zip	entries	immediate	delete_end	plan_validation	1	10.110	0	0	14099957	100000	0	ok
PROBE-TSV	1	zip	entries	immediate	delete_end	publish	1	0.894	0	0	14099957	100000	0	ok
PROBE-TSV	1	zip	entries	immediate	delete_end	reader_adoption	1	0.003	0	0	14099957	100000	0	ok
PROBE-TSV	1	zip	entries	immediate	delete_end	reload	1	3.234	0	0	14099957	100000	0	ok
PROBE-TSV	1	zip	entries	immediate	delete_end	total	1	355.149	20733952	7528448	14099957	100000	0	ok
PROBE-TSV	1	zip	entries	immediate	delete_end	tree_build	1	52.902	0	0	14099957	100000	0	ok
PROBE-TSV	1	zip	entries	immediate	delete_end	updater_open	1	99.141	14102528	0	14099957	100000	0	ok
PROBE-TSV	1	zip	entries	immediate	delete_end	verification_open	1	72.936	6586368	0	14099957	100000	0	ok
PROBE-PROGRESS	zip	entries	rename_same_length	4	2	11.945	156.625
PROBE-TSV	1	zip	entries	immediate	rename_same_length	capability_probe	1	2.918	0	0	14100098	100000	0	ok
PROBE-TSV	1	zip	entries	immediate	rename_same_length	commit	1	6.855	32768	32768	14100098	100000	0	ok
PROBE-TSV	1	zip	entries	immediate	rename_same_length	display	1	2.822	0	0	14100098	100000	0	ok
PROBE-TSV	1	zip	entries	immediate	rename_same_length	entry_comparison	1	71.264	0	0	14100098	100000	0	ok
PROBE-TSV	1	zip	entries	immediate	rename_same_length	filter_compute	1	0.000	0	0	14100098	100000	0	ok
PROBE-TSV	1	zip	entries	immediate	rename_same_length	mutate	1	11.911	0	0	14100098	100000	0	ok
PROBE-TSV	1	zip	entries	immediate	rename_same_length	name_index_advance	1	10.062	0	0	14100098	100000	0	ok
PROBE-TSV	1	zip	entries	immediate	rename_same_length	name_index_build	1	147.975	0	0	14100098	100000	0	ok
PROBE-TSV	1	zip	entries	immediate	rename_same_length	output_probe	1	2.567	0	0	14100098	100000	0	ok
PROBE-TSV	1	zip	entries	immediate	rename_same_length	password_verification	1	0.191	0	0	14100098	100000	0	ok
PROBE-TSV	1	zip	entries	immediate	rename_same_length	plan_build	1	0.054	0	0	14100098	100000	0	ok
PROBE-TSV	1	zip	entries	immediate	rename_same_length	plan_validation	1	9.808	0	0	14100098	100000	0	ok
PROBE-TSV	1	zip	entries	immediate	rename_same_length	publish	1	0.802	0	0	14100098	100000	0	ok
PROBE-TSV	1	zip	entries	immediate	rename_same_length	reader_adoption	1	0.003	0	0	14100098	100000	0	ok
PROBE-TSV	1	zip	entries	immediate	rename_same_length	reload	1	13.604	0	0	14100098	100000	0	ok
PROBE-TSV	1	zip	entries	immediate	rename_same_length	total	1	510.169	28205056	45056	14100098	100000	0	ok
PROBE-TSV	1	zip	entries	immediate	rename_same_length	tree_build	1	52.620	0	0	14100098	100000	0	ok
PROBE-TSV	1	zip	entries	immediate	rename_same_length	updater_open	1	98.518	14102528	0	14100098	100000	0	ok
PROBE-TSV	1	zip	entries	immediate	rename_same_length	verification_open	1	75.174	14069760	0	14100098	100000	0	ok
PROBE-PROGRESS	zip	entries	rename_different_length	7	5	11.842	152.775
PROBE-TSV	1	zip	entries	immediate	rename_different_length	capability_probe	1	2.889	0	0	14100134	100000	0	ok
PROBE-TSV	1	zip	entries	immediate	rename_different_length	commit	1	11.892	0	14102528	14100134	100000	0	ok
PROBE-TSV	1	zip	entries	immediate	rename_different_length	display	1	2.852	0	0	14100134	100000	0	ok
PROBE-TSV	1	zip	entries	immediate	rename_different_length	entry_comparison	1	70.024	0	0	14100134	100000	0	ok
PROBE-TSV	1	zip	entries	immediate	rename_different_length	filter_compute	1	0.000	0	0	14100134	100000	0	ok
PROBE-TSV	1	zip	entries	immediate	rename_different_length	mutate	1	11.811	0	0	14100134	100000	0	ok
PROBE-TSV	1	zip	entries	immediate	rename_different_length	name_index_advance	1	10.294	0	0	14100134	100000	0	ok
PROBE-TSV	1	zip	entries	immediate	rename_different_length	name_index_build	1	148.292	0	0	14100134	100000	0	ok
PROBE-TSV	1	zip	entries	immediate	rename_different_length	output_probe	1	2.564	0	0	14100134	100000	0	ok
PROBE-TSV	1	zip	entries	immediate	rename_different_length	password_verification	1	0.216	0	0	14100134	100000	0	ok
PROBE-TSV	1	zip	entries	immediate	rename_different_length	plan_build	1	0.043	0	0	14100134	100000	0	ok
PROBE-TSV	1	zip	entries	immediate	rename_different_length	plan_validation	1	9.901	0	0	14100134	100000	0	ok
PROBE-TSV	1	zip	entries	immediate	rename_different_length	publish	1	0.868	0	0	14100134	100000	0	ok
PROBE-TSV	1	zip	entries	immediate	rename_different_length	reader_adoption	1	0.003	0	0	14100134	100000	0	ok
PROBE-TSV	1	zip	entries	immediate	rename_different_length	reload	1	13.769	0	0	14100134	100000	0	ok
PROBE-TSV	1	zip	entries	immediate	rename_different_length	total	1	515.212	14102528	14114816	14100134	100000	0	ok
PROBE-TSV	1	zip	entries	immediate	rename_different_length	tree_build	1	53.149	0	0	14100134	100000	0	ok
PROBE-TSV	1	zip	entries	immediate	rename_different_length	updater_open	1	100.088	14102528	0	14100134	100000	0	ok
PROBE-TSV	1	zip	entries	immediate	rename_different_length	verification_open	1	72.687	0	0	14100134	100000	0	ok
PROBE-PROGRESS	zip	entries	rename_folder	7	5	68.526	153.834
PROBE-TSV	1	zip	entries	immediate	rename_folder	capability_probe	1	2.904	0	0	14120098	100000	0	ok
PROBE-TSV	1	zip	entries	immediate	rename_folder	commit	1	15.342	0	14123008	14120098	100000	0	ok
PROBE-TSV	1	zip	entries	immediate	rename_folder	display	1	2.827	0	0	14120098	100000	0	ok
PROBE-TSV	1	zip	entries	immediate	rename_folder	entry_comparison	1	71.104	0	0	14120098	100000	0	ok
PROBE-TSV	1	zip	entries	immediate	rename_folder	filter_compute	1	0.000	0	0	14120098	100000	0	ok
PROBE-TSV	1	zip	entries	immediate	rename_folder	mutate	1	68.498	0	0	14120098	100000	0	ok
PROBE-TSV	1	zip	entries	immediate	rename_folder	name_index_advance	1	15.361	0	0	14120098	100000	0	ok
PROBE-TSV	1	zip	entries	immediate	rename_folder	name_index_build	1	147.232	0	0	14120098	100000	0	ok
PROBE-TSV	1	zip	entries	immediate	rename_folder	output_probe	1	2.605	0	0	14120098	100000	0	ok
PROBE-TSV	1	zip	entries	immediate	rename_folder	password_verification	1	0.203	0	0	14120098	100000	0	ok
PROBE-TSV	1	zip	entries	immediate	rename_folder	plan_build	1	5.735	0	0	14120098	100000	0	ok
PROBE-TSV	1	zip	entries	immediate	rename_folder	plan_validation	1	12.671	0	0	14120098	100000	0	ok
PROBE-TSV	1	zip	entries	immediate	rename_folder	publish	1	0.882	0	0	14120098	100000	0	ok
PROBE-TSV	1	zip	entries	immediate	rename_folder	reader_adoption	1	0.003	0	0	14120098	100000	0	ok
PROBE-TSV	1	zip	entries	immediate	rename_folder	reload	1	18.840	0	0	14120098	100000	0	ok
PROBE-TSV	1	zip	entries	immediate	rename_folder	total	1	589.878	14102528	14135296	14120098	100000	0	ok
PROBE-TSV	1	zip	entries	immediate	rename_folder	tree_build	1	53.575	0	0	14120098	100000	0	ok
PROBE-TSV	1	zip	entries	immediate	rename_folder	updater_open	1	100.795	14102528	0	14120098	100000	0	ok
PROBE-TSV	1	zip	entries	immediate	rename_folder	verification_open	1	72.247	0	0	14120098	100000	0	ok
PROBE-PROGRESS	zip	entries	new_folder	5	3	12.702	155.261
PROBE-TSV	1	zip	entries	immediate	new_folder	capability_probe	1	2.879	0	0	14100216	100000	0	ok
PROBE-TSV	1	zip	entries	immediate	new_folder	commit	1	12.552	28672	7516160	14100216	100000	0	ok
PROBE-TSV	1	zip	entries	immediate	new_folder	display	1	2.928	0	0	14100216	100000	0	ok
PROBE-TSV	1	zip	entries	immediate	new_folder	entry_comparison	1	71.954	0	0	14100216	100000	0	ok
PROBE-TSV	1	zip	entries	immediate	new_folder	filter_compute	1	0.000	0	0	14100216	100000	0	ok
PROBE-TSV	1	zip	entries	immediate	new_folder	mutate	1	12.663	16384	0	14100216	100000	0	ok
PROBE-TSV	1	zip	entries	immediate	new_folder	name_index_advance	1	9.279	0	0	14100216	100000	0	ok
PROBE-TSV	1	zip	entries	immediate	new_folder	name_index_build	1	147.152	0	0	14100216	100000	0	ok
PROBE-TSV	1	zip	entries	immediate	new_folder	output_probe	1	2.576	0	0	14100216	100000	0	ok
PROBE-TSV	1	zip	entries	immediate	new_folder	password_verification	1	0.215	0	0	14100216	100000	0	ok
PROBE-TSV	1	zip	entries	immediate	new_folder	plan_build	1	147.177	0	0	14100216	100000	0	ok
PROBE-TSV	1	zip	entries	immediate	new_folder	plan_validation	1	9.986	0	0	14100216	100000	0	ok
PROBE-TSV	1	zip	entries	immediate	new_folder	publish	1	0.832	0	0	14100216	100000	0	ok
PROBE-TSV	1	zip	entries	immediate	new_folder	reader_adoption	1	0.003	0	0	14100216	100000	0	ok
PROBE-TSV	1	zip	entries	immediate	new_folder	reload	1	12.757	0	0	14100216	100000	0	ok
PROBE-TSV	1	zip	entries	immediate	new_folder	total	1	515.882	20733952	7528448	14100216	100000	0	ok
PROBE-TSV	1	zip	entries	immediate	new_folder	tree_build	1	53.007	0	0	14100216	100000	0	ok
PROBE-TSV	1	zip	entries	immediate	new_folder	updater_open	1	99.198	14102528	0	14100216	100000	0	ok
PROBE-TSV	1	zip	entries	immediate	new_folder	verification_open	1	73.503	6586368	0	14100216	100000	0	ok
PROBE-PROGRESS	zip	entries	add_file	7	4	10.727	159.499
PROBE-TSV	1	zip	entries	immediate	add_file	capability_probe	1	2.893	0	0	14100217	100000	0	ok
PROBE-TSV	1	zip	entries	immediate	add_file	commit	1	12.066	28672	7516160	14100217	100000	0	ok
PROBE-TSV	1	zip	entries	immediate	add_file	display	1	2.980	0	0	14100217	100000	0	ok
PROBE-TSV	1	zip	entries	immediate	add_file	entry_comparison	1	72.786	0	0	14100217	100000	0	ok
PROBE-TSV	1	zip	entries	immediate	add_file	filter_compute	1	0.000	0	0	14100217	100000	0	ok
PROBE-TSV	1	zip	entries	immediate	add_file	mutate	1	12.742	0	0	14100217	100000	0	ok
PROBE-TSV	1	zip	entries	immediate	add_file	name_index_advance	1	9.200	0	0	14100217	100000	0	ok
PROBE-TSV	1	zip	entries	immediate	add_file	name_index_build	1	148.441	0	0	14100217	100000	0	ok
PROBE-TSV	1	zip	entries	immediate	add_file	output_probe	1	2.573	0	0	14100217	100000	0	ok
PROBE-TSV	1	zip	entries	immediate	add_file	password_verification	1	0.219	0	0	14100217	100000	0	ok
PROBE-TSV	1	zip	entries	immediate	add_file	plan_build	3	0.123	0	0	14100217	100000	0	ok
PROBE-TSV	1	zip	entries	immediate	add_file	plan_validation	1	10.348	0	0	14100217	100000	0	ok
PROBE-TSV	1	zip	entries	immediate	add_file	publish	1	0.765	0	0	14100217	100000	0	ok
PROBE-TSV	1	zip	entries	immediate	add_file	reader_adoption	1	0.003	0	0	14100217	100000	0	ok
PROBE-TSV	1	zip	entries	immediate	add_file	reload	1	12.661	0	0	14100217	100000	0	ok
PROBE-TSV	1	zip	entries	immediate	add_file	total	1	520.360	20733952	7528448	14100217	100000	0	ok
PROBE-TSV	1	zip	entries	immediate	add_file	tree_build	1	51.580	0	0	14100217	100000	0	ok
PROBE-TSV	1	zip	entries	immediate	add_file	updater_open	1	101.750	14102528	0	14100217	100000	0	ok
PROBE-TSV	1	zip	entries	immediate	add_file	verification_open	1	76.918	6586368	0	14100217	100000	0	ok
PROBE-PROGRESS	zip	entries	replace_file	8	5	11.401	153.855
PROBE-TSV	1	zip	entries	immediate	replace_file	capability_probe	1	2.884	0	0	14100098	100000	0	ok
PROBE-TSV	1	zip	entries	immediate	replace_file	commit	1	13.906	16384	14102528	14100098	100000	0	ok
PROBE-TSV	1	zip	entries	immediate	replace_file	display	1	2.910	0	0	14100098	100000	0	ok
PROBE-TSV	1	zip	entries	immediate	replace_file	entry_comparison	1	71.552	0	0	14100098	100000	0	ok
PROBE-TSV	1	zip	entries	immediate	replace_file	filter_compute	1	0.000	0	0	14100098	100000	0	ok
PROBE-TSV	1	zip	entries	immediate	replace_file	mutate	1	13.707	0	0	14100098	100000	0	ok
PROBE-TSV	1	zip	entries	immediate	replace_file	name_index_advance	1	10.136	0	0	14100098	100000	0	ok
PROBE-TSV	1	zip	entries	immediate	replace_file	name_index_build	1	147.767	0	0	14100098	100000	0	ok
PROBE-TSV	1	zip	entries	immediate	replace_file	output_probe	1	2.579	0	0	14100098	100000	0	ok
PROBE-TSV	1	zip	entries	immediate	replace_file	password_verification	1	0.229	0	0	14100098	100000	0	ok
PROBE-TSV	1	zip	entries	immediate	replace_file	plan_build	4	2.306	0	0	14100098	100000	0	ok
PROBE-TSV	1	zip	entries	immediate	replace_file	plan_validation	1	10.001	0	0	14100098	100000	0	ok
PROBE-TSV	1	zip	entries	immediate	replace_file	publish	1	0.858	0	0	14100098	100000	0	ok
PROBE-TSV	1	zip	entries	immediate	replace_file	reader_adoption	1	0.003	0	0	14100098	100000	0	ok
PROBE-TSV	1	zip	entries	immediate	replace_file	reload	1	13.633	0	0	14100098	100000	0	ok
PROBE-TSV	1	zip	entries	immediate	replace_file	total	1	522.276	14135296	14114816	14100098	100000	0	ok
PROBE-TSV	1	zip	entries	immediate	replace_file	tree_build	1	53.103	0	0	14100098	100000	0	ok
PROBE-TSV	1	zip	entries	immediate	replace_file	updater_open	1	97.200	14102528	0	14100098	100000	0	ok
PROBE-TSV	1	zip	entries	immediate	replace_file	verification_open	1	72.306	0	0	14100098	100000	0	ok
PROBE-TSV	1	zip	entries	deferred	five_changes_reserve_rename	display	1	2.811	0	0	14100098	100000	0	ok
PROBE-TSV	1	zip	entries	deferred	five_changes_reserve_rename	filter_compute	1	0.001	0	0	14100098	100000	0	ok
PROBE-TSV	1	zip	entries	deferred	five_changes_reserve_rename	password_verification	1	0.568	0	0	14100098	100000	0	ok
PROBE-TSV	1	zip	entries	deferred	five_changes_reserve_rename	total	1	126.241	0	0	14100098	100000	0	ok
PROBE-TSV	1	zip	entries	deferred	five_changes_reserve_rename	tree_build	1	56.172	0	0	14100098	100000	0	ok
PROBE-TSV	1	zip	entries	deferred	five_changes_reserve_delete	display	1	2.835	0	0	14100098	100000	0	ok
PROBE-TSV	1	zip	entries	deferred	five_changes_reserve_delete	filter_compute	1	0.001	0	0	14100098	100000	0	ok
PROBE-TSV	1	zip	entries	deferred	five_changes_reserve_delete	password_verification	1	0.550	0	0	14100098	100000	0	ok
PROBE-TSV	1	zip	entries	deferred	five_changes_reserve_delete	total	1	125.821	0	0	14100098	100000	0	ok
PROBE-TSV	1	zip	entries	deferred	five_changes_reserve_delete	tree_build	1	52.897	0	0	14100098	100000	0	ok
PROBE-TSV	1	zip	entries	deferred	five_changes_reserve_new_folder	display	1	2.903	0	0	14100098	100000	0	ok
PROBE-TSV	1	zip	entries	deferred	five_changes_reserve_new_folder	filter_compute	1	0.001	0	0	14100098	100000	0	ok
PROBE-TSV	1	zip	entries	deferred	five_changes_reserve_new_folder	password_verification	1	0.559	0	0	14100098	100000	0	ok
PROBE-TSV	1	zip	entries	deferred	five_changes_reserve_new_folder	total	1	124.155	0	0	14100098	100000	0	ok
PROBE-TSV	1	zip	entries	deferred	five_changes_reserve_new_folder	tree_build	1	53.257	0	0	14100098	100000	0	ok
PROBE-TSV	1	zip	entries	deferred	five_changes_reserve_delete_folder	display	1	2.985	0	0	14100098	100000	0	ok
PROBE-TSV	1	zip	entries	deferred	five_changes_reserve_delete_folder	filter_compute	1	0.001	0	0	14100098	100000	0	ok
PROBE-TSV	1	zip	entries	deferred	five_changes_reserve_delete_folder	password_verification	1	0.554	0	0	14100098	100000	0	ok
PROBE-TSV	1	zip	entries	deferred	five_changes_reserve_delete_folder	total	1	126.413	0	0	14100098	100000	0	ok
PROBE-TSV	1	zip	entries	deferred	five_changes_reserve_delete_folder	tree_build	1	51.870	0	0	14100098	100000	0	ok
PROBE-TSV	1	zip	entries	deferred	five_changes_reserve_add	display	1	2.959	0	0	14100098	100000	0	ok
PROBE-TSV	1	zip	entries	deferred	five_changes_reserve_add	filter_compute	1	0.001	0	0	14100098	100000	0	ok
PROBE-TSV	1	zip	entries	deferred	five_changes_reserve_add	password_verification	1	0.554	0	0	14100098	100000	0	ok
PROBE-TSV	1	zip	entries	deferred	five_changes_reserve_add	plan_build	3	0.051	0	0	14100098	100000	0	ok
PROBE-TSV	1	zip	entries	deferred	five_changes_reserve_add	total	1	125.061	0	4096	14100098	100000	0	ok
PROBE-TSV	1	zip	entries	deferred	five_changes_reserve_add	tree_build	1	52.341	0	0	14100098	100000	0	ok
PROBE-TSV	1	zip	entries	deferred	save_five_changes	capability_probe	1	2.924	0	0	13959180	100000	0	ok
PROBE-TSV	1	zip	entries	deferred	save_five_changes	commit	1	17.193	32768	13975552	13959180	100000	0	ok
PROBE-TSV	1	zip	entries	deferred	save_five_changes	display	1	2.863	0	0	13959180	100000	0	ok
PROBE-TSV	1	zip	entries	deferred	save_five_changes	editing_install	1	0.006	0	0	13959180	100000	0	ok
PROBE-TSV	1	zip	entries	deferred	save_five_changes	editing_prepare	1	17.862	0	0	13959180	100000	0	ok
PROBE-TSV	1	zip	entries	deferred	save_five_changes	entry_comparison	1	71.297	0	0	13959180	100000	0	ok
PROBE-TSV	1	zip	entries	deferred	save_five_changes	filter_compute	2	0.001	0	0	13959180	100000	0	ok
PROBE-TSV	1	zip	entries	deferred	save_five_changes	name_index_advance	1	12.072	0	0	13959180	100000	0	ok
PROBE-TSV	1	zip	entries	deferred	save_five_changes	output_probe	1	2.605	0	0	13959180	100000	0	ok
PROBE-TSV	1	zip	entries	deferred	save_five_changes	password_verification	1	0.555	0	0	13959180	100000	0	ok
PROBE-TSV	1	zip	entries	deferred	save_five_changes	publish	1	0.985	0	0	13959180	100000	0	ok
PROBE-TSV	1	zip	entries	deferred	save_five_changes	reader_adoption	1	0.003	0	0	13959180	100000	0	ok
PROBE-TSV	1	zip	entries	deferred	save_five_changes	reload	1	15.674	0	0	13959180	100000	0	ok
PROBE-TSV	1	zip	entries	deferred	save_five_changes	replay	1	20.634	20480	0	13959180	100000	0	ok
PROBE-TSV	1	zip	entries	deferred	save_five_changes	replay_plan	1	18.033	0	0	13959180	100000	0	ok
PROBE-TSV	1	zip	entries	deferred	save_five_changes	representability_differential	1	0.841	0	0	13959180	100000	0	ok
PROBE-TSV	1	zip	entries	deferred	save_five_changes	save_sheet	1	488.444	14155776	14000128	13959180	100000	0	ok
PROBE-TSV	1	zip	entries	deferred	save_five_changes	total	1	510.223	14155776	14000128	13959180	100000	0	ok
PROBE-TSV	1	zip	entries	deferred	save_five_changes	tree_build	1	52.767	0	0	13959180	100000	0	ok
PROBE-TSV	1	zip	entries	deferred	save_five_changes	updater_open	1	101.909	14102528	0	13959180	100000	0	ok
PROBE-TSV	1	zip	entries	deferred	save_five_changes	verification_open	1	72.469	0	0	13959180	100000	0	ok
PROBE-TSV	1	zip	entries	deferred	rename_only_reserve_rename	display	1	2.745	0	0	14100098	100000	0	ok
PROBE-TSV	1	zip	entries	deferred	rename_only_reserve_rename	filter_compute	1	0.000	0	0	14100098	100000	0	ok
PROBE-TSV	1	zip	entries	deferred	rename_only_reserve_rename	password_verification	1	0.564	0	0	14100098	100000	0	ok
PROBE-TSV	1	zip	entries	deferred	rename_only_reserve_rename	total	1	123.287	0	0	14100098	100000	0	ok
PROBE-TSV	1	zip	entries	deferred	rename_only_reserve_rename	tree_build	1	53.953	0	0	14100098	100000	0	ok
PROBE-TSV	1	zip	entries	deferred	save_rename_only	capability_probe	1	2.948	0	0	14100096	100000	0	ok
PROBE-TSV	1	zip	entries	deferred	save_rename_only	commit	1	13.816	12288	14102528	14100096	100000	0	ok
PROBE-TSV	1	zip	entries	deferred	save_rename_only	display	1	2.849	0	0	14100096	100000	0	ok
PROBE-TSV	1	zip	entries	deferred	save_rename_only	editing_install	1	0.005	0	0	14100096	100000	0	ok
PROBE-TSV	1	zip	entries	deferred	save_rename_only	editing_prepare	1	17.933	0	0	14100096	100000	0	ok
PROBE-TSV	1	zip	entries	deferred	save_rename_only	entry_comparison	1	71.650	0	0	14100096	100000	0	ok
PROBE-TSV	1	zip	entries	deferred	save_rename_only	filter_compute	2	0.001	0	0	14100096	100000	0	ok
PROBE-TSV	1	zip	entries	deferred	save_rename_only	name_index_advance	1	10.414	0	0	14100096	100000	0	ok
PROBE-TSV	1	zip	entries	deferred	save_rename_only	output_probe	1	2.600	0	0	14100096	100000	0	ok
PROBE-TSV	1	zip	entries	deferred	save_rename_only	password_verification	1	0.573	0	0	14100096	100000	0	ok
PROBE-TSV	1	zip	entries	deferred	save_rename_only	publish	1	0.390	0	0	14100096	100000	0	ok
PROBE-TSV	1	zip	entries	deferred	save_rename_only	reader_adoption	1	0.003	0	0	14100096	100000	0	ok
PROBE-TSV	1	zip	entries	deferred	save_rename_only	reload	1	14.052	0	0	14100096	100000	0	ok
PROBE-TSV	1	zip	entries	deferred	save_rename_only	replay	1	12.040	0	0	14100096	100000	0	ok
PROBE-TSV	1	zip	entries	deferred	save_rename_only	replay_plan	1	15.152	0	0	14100096	100000	0	ok
PROBE-TSV	1	zip	entries	deferred	save_rename_only	representability_differential	1	0.023	0	0	14100096	100000	0	ok
PROBE-TSV	1	zip	entries	deferred	save_rename_only	save_sheet	1	459.736	14114816	14114816	14100096	100000	0	ok
PROBE-TSV	1	zip	entries	deferred	save_rename_only	total	1	478.125	14114816	14114816	14100096	100000	0	ok
PROBE-TSV	1	zip	entries	deferred	save_rename_only	tree_build	1	54.159	0	0	14100096	100000	0	ok
PROBE-TSV	1	zip	entries	deferred	save_rename_only	updater_open	1	101.553	14102528	0	14100096	100000	0	ok
PROBE-TSV	1	zip	entries	deferred	save_rename_only	verification_open	1	73.031	0	0	14100096	100000	0	ok
PROBE-PROGRESS	zip	payload	delete_start	42	40	2.514	6.164
PROBE-TSV	1	zip	payload	immediate	delete_start	capability_probe	1	2.480	0	0	161008071	1064	256	ok
PROBE-TSV	1	zip	payload	immediate	delete_start	commit	1	46.430	158875648	161021952	161008071	1064	256	ok
PROBE-TSV	1	zip	payload	immediate	delete_start	display	1	1.186	0	0	161008071	1064	256	ok
PROBE-TSV	1	zip	payload	immediate	delete_start	entry_comparison	1	0.720	0	0	161008071	1064	256	ok
PROBE-TSV	1	zip	payload	immediate	delete_start	filter_compute	1	0.000	0	0	161008071	1064	256	ok
PROBE-TSV	1	zip	payload	immediate	delete_start	mutate	1	0.114	0	0	161008071	1064	256	ok
PROBE-TSV	1	zip	payload	immediate	delete_start	output_probe	1	2.432	0	0	161008071	1064	256	ok
PROBE-TSV	1	zip	payload	immediate	delete_start	password_verification	1	0.025	0	0	161008071	1064	256	ok
PROBE-TSV	1	zip	payload	immediate	delete_start	plan_build	1	0.014	0	0	161008071	1064	256	ok
PROBE-TSV	1	zip	payload	immediate	delete_start	plan_validation	1	0.103	0	0	161008071	1064	256	ok
PROBE-TSV	1	zip	payload	immediate	delete_start	publish	1	0.676	0	0	161008071	1064	256	ok
PROBE-TSV	1	zip	payload	immediate	delete_start	reader_adoption	1	0.002	0	0	161008071	1064	256	ok
PROBE-TSV	1	zip	payload	immediate	delete_start	reload	1	2.704	0	0	161008071	1064	256	ok
PROBE-TSV	1	zip	payload	immediate	delete_start	total	1	70.560	161054720	161034240	161008071	1064	256	ok
PROBE-TSV	1	zip	payload	immediate	delete_start	tree_build	1	0.549	0	0	161008071	1064	256	ok
PROBE-TSV	1	zip	payload	immediate	delete_start	updater_open	1	11.405	2179072	0	161008071	1064	256	ok
PROBE-TSV	1	zip	payload	immediate	delete_start	verification_open	1	0.945	0	0	161008071	1064	256	ok
PROBE-PROGRESS	zip	payload	delete_end	4	2	0.544	12.280
PROBE-TSV	1	zip	payload	immediate	delete_end	capability_probe	1	2.495	0	0	163003352	1064	256	ok
PROBE-TSV	1	zip	payload	immediate	delete_end	commit	1	0.898	32768	81920	163003352	1064	256	ok
PROBE-TSV	1	zip	payload	immediate	delete_end	display	1	0.900	0	0	163003352	1064	256	ok
PROBE-TSV	1	zip	payload	immediate	delete_end	entry_comparison	1	0.731	0	0	163003352	1064	256	ok
PROBE-TSV	1	zip	payload	immediate	delete_end	filter_compute	1	0.000	0	0	163003352	1064	256	ok
PROBE-TSV	1	zip	payload	immediate	delete_end	mutate	1	0.122	0	0	163003352	1064	256	ok
PROBE-TSV	1	zip	payload	immediate	delete_end	output_probe	1	2.773	983040	0	163003352	1064	256	ok
PROBE-TSV	1	zip	payload	immediate	delete_end	password_verification	1	0.026	0	0	163003352	1064	256	ok
PROBE-TSV	1	zip	payload	immediate	delete_end	plan_build	1	0.012	0	0	163003352	1064	256	ok
PROBE-TSV	1	zip	payload	immediate	delete_end	plan_validation	1	0.109	0	0	163003352	1064	256	ok
PROBE-TSV	1	zip	payload	immediate	delete_end	publish	1	0.661	0	0	163003352	1064	256	ok
PROBE-TSV	1	zip	payload	immediate	delete_end	reader_adoption	1	0.002	0	0	163003352	1064	256	ok
PROBE-TSV	1	zip	payload	immediate	delete_end	reload	1	2.696	0	0	163003352	1064	256	ok
PROBE-TSV	1	zip	payload	immediate	delete_end	total	1	46.191	4308992	94208	163003352	1064	256	ok
PROBE-TSV	1	zip	payload	immediate	delete_end	tree_build	1	0.563	0	0	163003352	1064	256	ok
PROBE-TSV	1	zip	payload	immediate	delete_end	updater_open	1	11.390	2179072	0	163003352	1064	256	ok
PROBE-TSV	1	zip	payload	immediate	delete_end	verification_open	1	7.714	1114112	0	163003352	1064	256	ok
PROBE-PROGRESS	zip	payload	rename_same_length	4	2	0.674	12.013
PROBE-TSV	1	zip	payload	immediate	rename_same_length	capability_probe	1	2.375	0	0	163003493	1064	256	ok
PROBE-TSV	1	zip	payload	immediate	rename_same_length	commit	1	0.759	32768	32768	163003493	1064	256	ok
PROBE-TSV	1	zip	payload	immediate	rename_same_length	display	1	1.057	0	0	163003493	1064	256	ok
PROBE-TSV	1	zip	payload	immediate	rename_same_length	entry_comparison	1	0.727	0	0	163003493	1064	256	ok
PROBE-TSV	1	zip	payload	immediate	rename_same_length	filter_compute	1	0.000	0	0	163003493	1064	256	ok
PROBE-TSV	1	zip	payload	immediate	rename_same_length	mutate	1	0.664	0	0	163003493	1064	256	ok
PROBE-TSV	1	zip	payload	immediate	rename_same_length	name_index_advance	1	0.113	0	0	163003493	1064	256	ok
PROBE-TSV	1	zip	payload	immediate	rename_same_length	name_index_build	1	1.594	0	0	163003493	1064	256	ok
PROBE-TSV	1	zip	payload	immediate	rename_same_length	output_probe	1	2.702	983040	0	163003493	1064	256	ok
PROBE-TSV	1	zip	payload	immediate	rename_same_length	password_verification	1	0.026	0	0	163003493	1064	256	ok
PROBE-TSV	1	zip	payload	immediate	rename_same_length	plan_build	1	0.017	0	0	163003493	1064	256	ok
PROBE-TSV	1	zip	payload	immediate	rename_same_length	plan_validation	1	0.115	0	0	163003493	1064	256	ok
PROBE-TSV	1	zip	payload	immediate	rename_same_length	publish	1	0.633	0	0	163003493	1064	256	ok
PROBE-TSV	1	zip	payload	immediate	rename_same_length	reader_adoption	1	0.002	0	0	163003493	1064	256	ok
PROBE-TSV	1	zip	payload	immediate	rename_same_length	reload	1	2.703	0	0	163003493	1064	256	ok
PROBE-TSV	1	zip	payload	immediate	rename_same_length	total	1	32.520	4358144	45056	163003493	1064	256	ok
PROBE-TSV	1	zip	payload	immediate	rename_same_length	tree_build	1	0.549	0	0	163003493	1064	256	ok
PROBE-TSV	1	zip	payload	immediate	rename_same_length	updater_open	1	11.317	2179072	0	163003493	1064	256	ok
PROBE-TSV	1	zip	payload	immediate	rename_same_length	verification_open	1	7.551	1163264	0	163003493	1064	256	ok
PROBE-PROGRESS	zip	payload	rename_different_length	42	40	2.328	6.220
PROBE-TSV	1	zip	payload	immediate	rename_different_length	capability_probe	1	2.468	0	0	163003529	1064	256	ok
PROBE-TSV	1	zip	payload	immediate	rename_different_length	commit	1	49.657	160825344	163004416	163003529	1064	256	ok
PROBE-TSV	1	zip	payload	immediate	rename_different_length	display	1	1.225	0	0	163003529	1064	256	ok
PROBE-TSV	1	zip	payload	immediate	rename_different_length	entry_comparison	1	0.722	0	0	163003529	1064	256	ok
PROBE-TSV	1	zip	payload	immediate	rename_different_length	filter_compute	1	0.000	0	0	163003529	1064	256	ok
PROBE-TSV	1	zip	payload	immediate	rename_different_length	mutate	1	0.667	0	0	163003529	1064	256	ok
PROBE-TSV	1	zip	payload	immediate	rename_different_length	name_index_advance	1	0.129	0	0	163003529	1064	256	ok
PROBE-TSV	1	zip	payload	immediate	rename_different_length	name_index_build	1	1.616	0	0	163003529	1064	256	ok
PROBE-TSV	1	zip	payload	immediate	rename_different_length	output_probe	1	2.448	0	0	163003529	1064	256	ok
PROBE-TSV	1	zip	payload	immediate	rename_different_length	password_verification	1	0.026	0	0	163003529	1064	256	ok
PROBE-TSV	1	zip	payload	immediate	rename_different_length	plan_build	1	0.019	0	0	163003529	1064	256	ok
PROBE-TSV	1	zip	payload	immediate	rename_different_length	plan_validation	1	0.131	0	0	163003529	1064	256	ok
PROBE-TSV	1	zip	payload	immediate	rename_different_length	publish	1	0.649	0	0	163003529	1064	256	ok
PROBE-TSV	1	zip	payload	immediate	rename_different_length	reader_adoption	1	0.002	0	0	163003529	1064	256	ok
PROBE-TSV	1	zip	payload	immediate	rename_different_length	reload	1	2.786	0	0	163003529	1064	256	ok
PROBE-TSV	1	zip	payload	immediate	rename_different_length	total	1	75.931	163004416	163016704	163003529	1064	256	ok
PROBE-TSV	1	zip	payload	immediate	rename_different_length	tree_build	1	0.564	0	0	163003529	1064	256	ok
PROBE-TSV	1	zip	payload	immediate	rename_different_length	updater_open	1	11.256	2179072	0	163003529	1064	256	ok
PROBE-TSV	1	zip	payload	immediate	rename_different_length	verification_open	1	0.965	0	0	163003529	1064	256	ok
PROBE-PROGRESS	zip	payload	rename_folder	42	40	4.856	6.249
PROBE-TSV	1	zip	payload	immediate	rename_folder	capability_probe	1	2.436	0	0	163004389	1064	256	ok
PROBE-TSV	1	zip	payload	immediate	rename_folder	commit	1	61.449	160825344	163004416	163004389	1064	256	ok
PROBE-TSV	1	zip	payload	immediate	rename_folder	display	1	1.198	0	0	163004389	1064	256	ok
PROBE-TSV	1	zip	payload	immediate	rename_folder	entry_comparison	1	0.742	0	0	163004389	1064	256	ok
PROBE-TSV	1	zip	payload	immediate	rename_folder	filter_compute	1	0.000	0	0	163004389	1064	256	ok
PROBE-TSV	1	zip	payload	immediate	rename_folder	mutate	1	0.882	0	0	163004389	1064	256	ok
PROBE-TSV	1	zip	payload	immediate	rename_folder	name_index_advance	1	0.405	0	0	163004389	1064	256	ok
PROBE-TSV	1	zip	payload	immediate	rename_folder	name_index_build	1	1.576	0	0	163004389	1064	256	ok
PROBE-TSV	1	zip	payload	immediate	rename_folder	output_probe	1	2.402	0	0	163004389	1064	256	ok
PROBE-TSV	1	zip	payload	immediate	rename_folder	password_verification	1	0.025	0	0	163004389	1064	256	ok
PROBE-TSV	1	zip	payload	immediate	rename_folder	plan_build	1	0.367	0	0	163004389	1064	256	ok
PROBE-TSV	1	zip	payload	immediate	rename_folder	plan_validation	1	0.241	0	0	163004389	1064	256	ok
PROBE-TSV	1	zip	payload	immediate	rename_folder	publish	1	0.677	0	0	163004389	1064	256	ok
PROBE-TSV	1	zip	payload	immediate	rename_folder	reader_adoption	1	0.002	0	0	163004389	1064	256	ok
PROBE-TSV	1	zip	payload	immediate	rename_folder	reload	1	3.058	0	0	163004389	1064	256	ok
PROBE-TSV	1	zip	payload	immediate	rename_folder	total	1	88.398	163004416	163016704	163004389	1064	256	ok
PROBE-TSV	1	zip	payload	immediate	rename_folder	tree_build	1	0.534	0	0	163004389	1064	256	ok
PROBE-TSV	1	zip	payload	immediate	rename_folder	updater_open	1	11.175	2179072	0	163004389	1064	256	ok
PROBE-TSV	1	zip	payload	immediate	rename_folder	verification_open	1	0.934	0	0	163004389	1064	256	ok
PROBE-PROGRESS	zip	payload	new_folder	4	2	1.015	11.977
PROBE-TSV	1	zip	payload	immediate	new_folder	capability_probe	1	2.491	0	0	163003611	1064	256	ok
PROBE-TSV	1	zip	payload	immediate	new_folder	commit	1	0.308	0	81920	163003611	1064	256	ok
PROBE-TSV	1	zip	payload	immediate	new_folder	display	1	1.150	0	0	163003611	1064	256	ok
PROBE-TSV	1	zip	payload	immediate	new_folder	entry_comparison	1	0.750	0	0	163003611	1064	256	ok
PROBE-TSV	1	zip	payload	immediate	new_folder	filter_compute	1	0.000	0	0	163003611	1064	256	ok
PROBE-TSV	1	zip	payload	immediate	new_folder	mutate	1	0.997	16384	0	163003611	1064	256	ok
PROBE-TSV	1	zip	payload	immediate	new_folder	name_index_advance	1	0.117	0	0	163003611	1064	256	ok
PROBE-TSV	1	zip	payload	immediate	new_folder	name_index_build	1	1.593	0	0	163003611	1064	256	ok
PROBE-TSV	1	zip	payload	immediate	new_folder	output_probe	1	2.717	983040	0	163003611	1064	256	ok
PROBE-TSV	1	zip	payload	immediate	new_folder	password_verification	1	0.027	0	0	163003611	1064	256	ok
PROBE-TSV	1	zip	payload	immediate	new_folder	plan_build	1	1.605	0	0	163003611	1064	256	ok
PROBE-TSV	1	zip	payload	immediate	new_folder	plan_validation	1	0.111	0	0	163003611	1064	256	ok
PROBE-TSV	1	zip	payload	immediate	new_folder	publish	1	0.615	0	0	163003611	1064	256	ok
PROBE-TSV	1	zip	payload	immediate	new_folder	reader_adoption	1	0.002	0	0	163003611	1064	256	ok
PROBE-TSV	1	zip	payload	immediate	new_folder	reload	1	2.796	0	0	163003611	1064	256	ok
PROBE-TSV	1	zip	payload	immediate	new_folder	total	1	32.558	4292608	94208	163003611	1064	256	ok
PROBE-TSV	1	zip	payload	immediate	new_folder	tree_build	1	0.545	0	0	163003611	1064	256	ok
PROBE-TSV	1	zip	payload	immediate	new_folder	updater_open	1	11.304	2179072	0	163003611	1064	256	ok
PROBE-TSV	1	zip	payload	immediate	new_folder	verification_open	1	7.532	1114112	0	163003611	1064	256	ok
PROBE-PROGRESS	zip	payload	add_file	6	3	0.830	11.849
PROBE-TSV	1	zip	payload	immediate	add_file	capability_probe	1	2.488	0	0	163003612	1064	256	ok
PROBE-TSV	1	zip	payload	immediate	add_file	commit	1	0.323	0	81920	163003612	1064	256	ok
PROBE-TSV	1	zip	payload	immediate	add_file	display	1	1.149	0	0	163003612	1064	256	ok
PROBE-TSV	1	zip	payload	immediate	add_file	entry_comparison	1	0.706	0	0	163003612	1064	256	ok
PROBE-TSV	1	zip	payload	immediate	add_file	filter_compute	1	0.000	0	0	163003612	1064	256	ok
PROBE-TSV	1	zip	payload	immediate	add_file	mutate	1	0.880	0	0	163003612	1064	256	ok
PROBE-TSV	1	zip	payload	immediate	add_file	name_index_advance	1	0.114	0	0	163003612	1064	256	ok
PROBE-TSV	1	zip	payload	immediate	add_file	name_index_build	1	1.598	0	0	163003612	1064	256	ok
PROBE-TSV	1	zip	payload	immediate	add_file	output_probe	1	2.681	983040	0	163003612	1064	256	ok
PROBE-TSV	1	zip	payload	immediate	add_file	password_verification	1	0.027	0	0	163003612	1064	256	ok
PROBE-TSV	1	zip	payload	immediate	add_file	plan_build	3	0.041	0	0	163003612	1064	256	ok
PROBE-TSV	1	zip	payload	immediate	add_file	plan_validation	1	0.099	0	0	163003612	1064	256	ok
PROBE-TSV	1	zip	payload	immediate	add_file	publish	1	0.633	0	0	163003612	1064	256	ok
PROBE-TSV	1	zip	payload	immediate	add_file	reader_adoption	1	0.001	0	0	163003612	1064	256	ok
PROBE-TSV	1	zip	payload	immediate	add_file	reload	1	2.810	0	0	163003612	1064	256	ok
PROBE-TSV	1	zip	payload	immediate	add_file	total	1	32.533	4292608	94208	163003612	1064	256	ok
PROBE-TSV	1	zip	payload	immediate	add_file	tree_build	1	0.564	0	0	163003612	1064	256	ok
PROBE-TSV	1	zip	payload	immediate	add_file	updater_open	1	11.197	2179072	0	163003612	1064	256	ok
PROBE-TSV	1	zip	payload	immediate	add_file	verification_open	1	7.502	1114112	0	163003612	1064	256	ok
PROBE-PROGRESS	zip	payload	replace_file	44	41	4.779	6.085
PROBE-TSV	1	zip	payload	immediate	replace_file	capability_probe	1	2.440	0	0	161008212	1064	256	ok
PROBE-TSV	1	zip	payload	immediate	replace_file	commit	1	57.769	158875648	161038336	161008212	1064	256	ok
PROBE-TSV	1	zip	payload	immediate	replace_file	display	1	1.160	0	0	161008212	1064	256	ok
PROBE-TSV	1	zip	payload	immediate	replace_file	entry_comparison	1	0.731	0	0	161008212	1064	256	ok
PROBE-TSV	1	zip	payload	immediate	replace_file	filter_compute	1	0.000	0	0	161008212	1064	256	ok
PROBE-TSV	1	zip	payload	immediate	replace_file	mutate	1	0.992	0	0	161008212	1064	256	ok
PROBE-TSV	1	zip	payload	immediate	replace_file	name_index_advance	1	0.128	0	0	161008212	1064	256	ok
PROBE-TSV	1	zip	payload	immediate	replace_file	name_index_build	1	1.634	0	0	161008212	1064	256	ok
PROBE-TSV	1	zip	payload	immediate	replace_file	output_probe	1	2.396	0	0	161008212	1064	256	ok
PROBE-TSV	1	zip	payload	immediate	replace_file	password_verification	1	0.027	0	0	161008212	1064	256	ok
PROBE-TSV	1	zip	payload	immediate	replace_file	plan_build	4	0.082	0	0	161008212	1064	256	ok
PROBE-TSV	1	zip	payload	immediate	replace_file	plan_validation	1	0.101	0	0	161008212	1064	256	ok
PROBE-TSV	1	zip	payload	immediate	replace_file	publish	1	0.729	0	0	161008212	1064	256	ok
PROBE-TSV	1	zip	payload	immediate	replace_file	reader_adoption	1	0.002	0	0	161008212	1064	256	ok
PROBE-TSV	1	zip	payload	immediate	replace_file	reload	1	2.791	0	0	161008212	1064	256	ok
PROBE-TSV	1	zip	payload	immediate	replace_file	total	1	84.845	161071104	161050624	161008212	1064	256	ok
PROBE-TSV	1	zip	payload	immediate	replace_file	tree_build	1	0.532	0	0	161008212	1064	256	ok
PROBE-TSV	1	zip	payload	immediate	replace_file	updater_open	1	11.355	2179072	0	161008212	1064	256	ok
PROBE-TSV	1	zip	payload	immediate	replace_file	verification_open	1	0.934	0	0	161008212	1064	256	ok
PROBE-TSV	1	zip	payload	deferred	five_changes_reserve_rename	display	1	0.989	0	0	163003493	1064	256	ok
PROBE-TSV	1	zip	payload	deferred	five_changes_reserve_rename	filter_compute	1	0.000	0	0	163003493	1064	256	ok
PROBE-TSV	1	zip	payload	deferred	five_changes_reserve_rename	password_verification	1	0.027	0	0	163003493	1064	256	ok
PROBE-TSV	1	zip	payload	deferred	five_changes_reserve_rename	total	1	5.434	0	0	163003493	1064	256	ok
PROBE-TSV	1	zip	payload	deferred	five_changes_reserve_rename	tree_build	1	0.514	0	0	163003493	1064	256	ok
PROBE-TSV	1	zip	payload	deferred	five_changes_reserve_delete	display	1	0.923	0	0	163003493	1064	256	ok
PROBE-TSV	1	zip	payload	deferred	five_changes_reserve_delete	filter_compute	1	0.000	0	0	163003493	1064	256	ok
PROBE-TSV	1	zip	payload	deferred	five_changes_reserve_delete	password_verification	1	0.032	0	0	163003493	1064	256	ok
PROBE-TSV	1	zip	payload	deferred	five_changes_reserve_delete	total	1	15.649	0	0	163003493	1064	256	ok
PROBE-TSV	1	zip	payload	deferred	five_changes_reserve_delete	tree_build	1	0.515	0	0	163003493	1064	256	ok
PROBE-TSV	1	zip	payload	deferred	five_changes_reserve_new_folder	display	1	0.927	0	0	163003493	1064	256	ok
PROBE-TSV	1	zip	payload	deferred	five_changes_reserve_new_folder	filter_compute	1	0.000	0	0	163003493	1064	256	ok
PROBE-TSV	1	zip	payload	deferred	five_changes_reserve_new_folder	password_verification	1	0.021	0	0	163003493	1064	256	ok
PROBE-TSV	1	zip	payload	deferred	five_changes_reserve_new_folder	total	1	11.469	0	0	163003493	1064	256	ok
PROBE-TSV	1	zip	payload	deferred	five_changes_reserve_new_folder	tree_build	1	0.536	0	0	163003493	1064	256	ok
PROBE-TSV	1	zip	payload	deferred	five_changes_reserve_delete_folder	display	1	0.390	0	0	163003493	1064	256	ok
PROBE-TSV	1	zip	payload	deferred	five_changes_reserve_delete_folder	filter_compute	1	0.000	0	0	163003493	1064	256	ok
PROBE-TSV	1	zip	payload	deferred	five_changes_reserve_delete_folder	password_verification	1	0.031	0	0	163003493	1064	256	ok
PROBE-TSV	1	zip	payload	deferred	five_changes_reserve_delete_folder	total	1	14.224	0	0	163003493	1064	256	ok
PROBE-TSV	1	zip	payload	deferred	five_changes_reserve_delete_folder	tree_build	1	0.035	0	0	163003493	1064	256	ok
PROBE-TSV	1	zip	payload	deferred	five_changes_reserve_add	display	1	0.903	0	0	163003493	1064	256	ok
PROBE-TSV	1	zip	payload	deferred	five_changes_reserve_add	filter_compute	1	0.000	0	0	163003493	1064	256	ok
PROBE-TSV	1	zip	payload	deferred	five_changes_reserve_add	password_verification	1	0.024	0	0	163003493	1064	256	ok
PROBE-TSV	1	zip	payload	deferred	five_changes_reserve_add	plan_build	3	0.046	0	0	163003493	1064	256	ok
PROBE-TSV	1	zip	payload	deferred	five_changes_reserve_add	total	1	7.404	0	4096	163003493	1064	256	ok
PROBE-TSV	1	zip	payload	deferred	five_changes_reserve_add	tree_build	1	0.046	0	0	163003493	1064	256	ok
PROBE-TSV	1	zip	payload	deferred	save_five_changes	capability_probe	1	2.451	0	0	162862718	1064	256	ok
PROBE-TSV	1	zip	payload	deferred	save_five_changes	commit	1	0.262	0	16384	162862718	1064	256	ok
PROBE-TSV	1	zip	payload	deferred	save_five_changes	display	1	1.335	0	0	162862718	1064	256	ok
PROBE-TSV	1	zip	payload	deferred	save_five_changes	editing_install	1	0.004	0	0	162862718	1064	256	ok
PROBE-TSV	1	zip	payload	deferred	save_five_changes	editing_prepare	1	0.048	0	0	162862718	1064	256	ok
PROBE-TSV	1	zip	payload	deferred	save_five_changes	entry_comparison	1	0.057	0	0	162862718	1064	256	ok
PROBE-TSV	1	zip	payload	deferred	save_five_changes	filter_compute	2	0.000	0	0	162862718	1064	256	ok
PROBE-TSV	1	zip	payload	deferred	save_five_changes	name_index_advance	1	0.726	0	0	162862718	1064	256	ok
PROBE-TSV	1	zip	payload	deferred	save_five_changes	output_probe	1	2.730	1048576	0	162862718	1064	256	ok
PROBE-TSV	1	zip	payload	deferred	save_five_changes	password_verification	1	0.023	0	0	162862718	1064	256	ok
PROBE-TSV	1	zip	payload	deferred	save_five_changes	publish	1	0.829	0	0	162862718	1064	256	ok
PROBE-TSV	1	zip	payload	deferred	save_five_changes	reader_adoption	1	0.002	0	0	162862718	1064	256	ok
PROBE-TSV	1	zip	payload	deferred	save_five_changes	reload	1	3.442	0	0	162862718	1064	256	ok
PROBE-TSV	1	zip	payload	deferred	save_five_changes	replay	1	1.407	20480	0	162862718	1064	256	ok
PROBE-TSV	1	zip	payload	deferred	save_five_changes	replay_plan	1	1.530	0	0	162862718	1064	256	ok
PROBE-TSV	1	zip	payload	deferred	save_five_changes	representability_differential	1	0.768	0	0	162862718	1064	256	ok
PROBE-TSV	1	zip	payload	deferred	save_five_changes	save_sheet	1	76.492	4362240	40960	162862718	1064	256	ok
PROBE-TSV	1	zip	payload	deferred	save_five_changes	total	1	76.660	4362240	40960	162862718	1064	256	ok
PROBE-TSV	1	zip	payload	deferred	save_five_changes	tree_build	1	0.043	0	0	162862718	1064	256	ok
PROBE-TSV	1	zip	payload	deferred	save_five_changes	updater_open	1	11.513	2179072	0	162862718	1064	256	ok
PROBE-TSV	1	zip	payload	deferred	save_five_changes	verification_open	1	6.954	1114112	0	162862718	1064	256	ok
PROBE-TSV	1	zip	payload	deferred	rename_only_reserve_rename	display	1	1.015	0	0	163003493	1064	256	ok
PROBE-TSV	1	zip	payload	deferred	rename_only_reserve_rename	filter_compute	1	0.000	0	0	163003493	1064	256	ok
PROBE-TSV	1	zip	payload	deferred	rename_only_reserve_rename	password_verification	1	0.027	0	0	163003493	1064	256	ok
PROBE-TSV	1	zip	payload	deferred	rename_only_reserve_rename	total	1	5.453	0	0	163003493	1064	256	ok
PROBE-TSV	1	zip	payload	deferred	rename_only_reserve_rename	tree_build	1	0.528	0	0	163003493	1064	256	ok
PROBE-TSV	1	zip	payload	deferred	save_rename_only	capability_probe	1	2.466	0	0	163003491	1064	256	ok
PROBE-TSV	1	zip	payload	deferred	save_rename_only	commit	1	48.322	160841728	163004416	163003491	1064	256	ok
PROBE-TSV	1	zip	payload	deferred	save_rename_only	display	1	1.078	0	0	163003491	1064	256	ok
PROBE-TSV	1	zip	payload	deferred	save_rename_only	editing_install	1	0.005	0	0	163003491	1064	256	ok
PROBE-TSV	1	zip	payload	deferred	save_rename_only	editing_prepare	1	0.234	0	0	163003491	1064	256	ok
PROBE-TSV	1	zip	payload	deferred	save_rename_only	entry_comparison	1	0.730	0	0	163003491	1064	256	ok
PROBE-TSV	1	zip	payload	deferred	save_rename_only	filter_compute	2	0.001	0	0	163003491	1064	256	ok
PROBE-TSV	1	zip	payload	deferred	save_rename_only	name_index_advance	1	0.128	0	0	163003491	1064	256	ok
PROBE-TSV	1	zip	payload	deferred	save_rename_only	output_probe	1	2.468	0	0	163003491	1064	256	ok
PROBE-TSV	1	zip	payload	deferred	save_rename_only	password_verification	1	0.028	0	0	163003491	1064	256	ok
PROBE-TSV	1	zip	payload	deferred	save_rename_only	publish	1	0.266	0	0	163003491	1064	256	ok
PROBE-TSV	1	zip	payload	deferred	save_rename_only	reader_adoption	1	0.002	0	0	163003491	1064	256	ok
PROBE-TSV	1	zip	payload	deferred	save_rename_only	reload	1	2.838	0	0	163003491	1064	256	ok
PROBE-TSV	1	zip	payload	deferred	save_rename_only	replay	1	0.639	0	0	163003491	1064	256	ok
PROBE-TSV	1	zip	payload	deferred	save_rename_only	replay_plan	1	0.196	0	0	163003491	1064	256	ok
PROBE-TSV	1	zip	payload	deferred	save_rename_only	representability_differential	1	0.016	0	0	163003491	1064	256	ok
PROBE-TSV	1	zip	payload	deferred	save_rename_only	save_sheet	1	130.341	163020800	163016704	163003491	1064	256	ok
PROBE-TSV	1	zip	payload	deferred	save_rename_only	total	1	130.799	163020800	163016704	163003491	1064	256	ok
PROBE-TSV	1	zip	payload	deferred	save_rename_only	tree_build	1	0.566	0	0	163003491	1064	256	ok
PROBE-TSV	1	zip	payload	deferred	save_rename_only	updater_open	1	11.551	2179072	0	163003491	1064	256	ok
PROBE-TSV	1	zip	payload	deferred	save_rename_only	verification_open	1	0.947	0	0	163003491	1064	256	ok
PROBE-PROGRESS	tar	entries	delete_start	52	50	61.064	427.055
PROBE-TSV	1	tar	entries	immediate	delete_start	capability_probe	1	175.926	0	0	102400000	100000	0	ok
PROBE-TSV	1	tar	entries	immediate	delete_start	commit	1	42.488	16384	102400000	102400000	100000	0	ok
PROBE-TSV	1	tar	entries	immediate	delete_start	display	1	2.928	0	0	102400000	100000	0	ok
PROBE-TSV	1	tar	entries	immediate	delete_start	entry_comparison	1	56.646	0	0	102400000	100000	0	ok
PROBE-TSV	1	tar	entries	immediate	delete_start	filter_compute	1	0.000	0	0	102400000	100000	0	ok
PROBE-TSV	1	tar	entries	immediate	delete_start	mutate	1	61.025	0	0	102400000	100000	0	ok
PROBE-TSV	1	tar	entries	immediate	delete_start	password_verification	1	0.236	0	0	102400000	100000	0	ok
PROBE-TSV	1	tar	entries	immediate	delete_start	plan_build	1	0.016	0	0	102400000	100000	0	ok
PROBE-TSV	1	tar	entries	immediate	delete_start	plan_validation	1	10.218	0	0	102400000	100000	0	ok
PROBE-TSV	1	tar	entries	immediate	delete_start	publish	1	0.790	0	0	102400000	100000	0	ok
PROBE-TSV	1	tar	entries	immediate	delete_start	reader_adoption	1	0.003	0	0	102400000	100000	0	ok
PROBE-TSV	1	tar	entries	immediate	delete_start	reload	1	176.248	0	0	102400000	100000	0	ok
PROBE-TSV	1	tar	entries	immediate	delete_start	total	1	1399.418	102428672	102412288	102400000	100000	0	ok
PROBE-TSV	1	tar	entries	immediate	delete_start	tree_build	1	60.724	0	0	102400000	100000	0	ok
PROBE-TSV	1	tar	entries	immediate	delete_start	updater_open	1	605.067	102412288	0	102400000	100000	0	ok
PROBE-TSV	1	tar	entries	immediate	delete_start	verification_open	1	355.362	0	0	102400000	100000	0	ok
PROBE-PROGRESS	tar	entries	delete_end	4	2	60.190	427.446
PROBE-TSV	1	tar	entries	immediate	delete_end	capability_probe	1	172.578	0	0	102400000	100000	0	ok
PROBE-TSV	1	tar	entries	immediate	delete_end	commit	1	6.355	32768	16384	102400000	100000	0	ok
PROBE-TSV	1	tar	entries	immediate	delete_end	display	1	2.941	0	0	102400000	100000	0	ok
PROBE-TSV	1	tar	entries	immediate	delete_end	entry_comparison	1	57.170	0	0	102400000	100000	0	ok
PROBE-TSV	1	tar	entries	immediate	delete_end	filter_compute	1	0.000	0	0	102400000	100000	0	ok
PROBE-TSV	1	tar	entries	immediate	delete_end	mutate	1	60.149	0	0	102400000	100000	0	ok
PROBE-TSV	1	tar	entries	immediate	delete_end	password_verification	1	0.213	0	0	102400000	100000	0	ok
PROBE-TSV	1	tar	entries	immediate	delete_end	plan_build	1	0.014	0	0	102400000	100000	0	ok
PROBE-TSV	1	tar	entries	immediate	delete_end	plan_validation	1	10.367	0	0	102400000	100000	0	ok
PROBE-TSV	1	tar	entries	immediate	delete_end	publish	1	0.780	0	0	102400000	100000	0	ok
PROBE-TSV	1	tar	entries	immediate	delete_end	reader_adoption	1	0.003	0	0	102400000	100000	0	ok
PROBE-TSV	1	tar	entries	immediate	delete_end	reload	1	172.953	0	0	102400000	100000	0	ok
PROBE-TSV	1	tar	entries	immediate	delete_end	total	1	1353.884	204812288	28672	102400000	100000	0	ok
PROBE-TSV	1	tar	entries	immediate	delete_end	tree_build	1	58.777	0	0	102400000	100000	0	ok
PROBE-TSV	1	tar	entries	immediate	delete_end	updater_open	1	600.782	102412288	0	102400000	100000	0	ok
PROBE-TSV	1	tar	entries	immediate	delete_end	verification_open	1	355.289	102367232	0	102400000	100000	0	ok
PROBE-PROGRESS	tar	entries	rename_same_length	4	2	60.292	447.128
PROBE-TSV	1	tar	entries	immediate	rename_same_length	capability_probe	1	175.869	0	0	102410240	100000	0	ok
PROBE-TSV	1	tar	entries	immediate	rename_same_length	commit	1	6.392	16384	28672	102410240	100000	0	ok
PROBE-TSV	1	tar	entries	immediate	rename_same_length	display	1	2.945	0	0	102410240	100000	0	ok
PROBE-TSV	1	tar	entries	immediate	rename_same_length	entry_comparison	1	59.056	0	0	102410240	100000	0	ok
PROBE-TSV	1	tar	entries	immediate	rename_same_length	filter_compute	1	0.000	0	0	102410240	100000	0	ok
PROBE-TSV	1	tar	entries	immediate	rename_same_length	mutate	1	60.256	0	0	102410240	100000	0	ok
PROBE-TSV	1	tar	entries	immediate	rename_same_length	name_index_advance	1	11.001	0	0	102410240	100000	0	ok
PROBE-TSV	1	tar	entries	immediate	rename_same_length	name_index_build	1	133.025	0	0	102410240	100000	0	ok
PROBE-TSV	1	tar	entries	immediate	rename_same_length	password_verification	1	0.207	0	0	102410240	100000	0	ok
PROBE-TSV	1	tar	entries	immediate	rename_same_length	plan_build	1	0.023	0	0	102410240	100000	0	ok
PROBE-TSV	1	tar	entries	immediate	rename_same_length	plan_validation	1	10.687	0	0	102410240	100000	0	ok
PROBE-TSV	1	tar	entries	immediate	rename_same_length	publish	1	0.776	0	0	102410240	100000	0	ok
PROBE-TSV	1	tar	entries	immediate	rename_same_length	reader_adoption	1	0.003	0	0	102410240	100000	0	ok
PROBE-TSV	1	tar	entries	immediate	rename_same_length	reload	1	187.648	0	0	102410240	100000	0	ok
PROBE-TSV	1	tar	entries	immediate	rename_same_length	total	1	1523.329	204812288	40960	102410240	100000	0	ok
PROBE-TSV	1	tar	entries	immediate	rename_same_length	tree_build	1	57.567	0	0	102410240	100000	0	ok
PROBE-TSV	1	tar	entries	immediate	rename_same_length	updater_open	1	602.720	102412288	0	102410240	100000	0	ok
PROBE-TSV	1	tar	entries	immediate	rename_same_length	verification_open	1	373.233	102383616	0	102410240	100000	0	ok
PROBE-PROGRESS	tar	entries	rename_different_length	4	2	60.990	420.613
PROBE-TSV	1	tar	entries	immediate	rename_different_length	capability_probe	1	171.286	0	0	102410240	100000	0	ok
PROBE-TSV	1	tar	entries	immediate	rename_different_length	commit	1	6.450	16384	28672	102410240	100000	0	ok
PROBE-TSV	1	tar	entries	immediate	rename_different_length	display	1	3.006	0	0	102410240	100000	0	ok
PROBE-TSV	1	tar	entries	immediate	rename_different_length	entry_comparison	1	56.644	0	0	102410240	100000	0	ok
PROBE-TSV	1	tar	entries	immediate	rename_different_length	filter_compute	1	0.000	0	0	102410240	100000	0	ok
PROBE-TSV	1	tar	entries	immediate	rename_different_length	mutate	1	60.951	0	0	102410240	100000	0	ok
PROBE-TSV	1	tar	entries	immediate	rename_different_length	name_index_advance	1	11.090	0	0	102410240	100000	0	ok
PROBE-TSV	1	tar	entries	immediate	rename_different_length	name_index_build	1	131.021	0	0	102410240	100000	0	ok
PROBE-TSV	1	tar	entries	immediate	rename_different_length	password_verification	1	0.219	0	0	102410240	100000	0	ok
PROBE-TSV	1	tar	entries	immediate	rename_different_length	plan_build	1	0.023	0	0	102410240	100000	0	ok
PROBE-TSV	1	tar	entries	immediate	rename_different_length	plan_validation	1	10.741	0	0	102410240	100000	0	ok
PROBE-TSV	1	tar	entries	immediate	rename_different_length	publish	1	0.831	0	0	102410240	100000	0	ok
PROBE-TSV	1	tar	entries	immediate	rename_different_length	reader_adoption	1	0.003	0	0	102410240	100000	0	ok
PROBE-TSV	1	tar	entries	immediate	rename_different_length	reload	1	183.046	0	0	102410240	100000	0	ok
PROBE-TSV	1	tar	entries	immediate	rename_different_length	total	1	1487.446	204812288	40960	102410240	100000	0	ok
PROBE-TSV	1	tar	entries	immediate	rename_different_length	tree_build	1	58.358	0	0	102410240	100000	0	ok
PROBE-TSV	1	tar	entries	immediate	rename_different_length	updater_open	1	598.924	102412288	0	102410240	100000	0	ok
PROBE-TSV	1	tar	entries	immediate	rename_different_length	verification_open	1	348.872	102383616	0	102410240	100000	0	ok
PROBE-PROGRESS	tar	entries	rename_folder	4	2	65.910	433.556
PROBE-TSV	1	tar	entries	immediate	rename_folder	capability_probe	1	175.095	0	0	102410240	100000	0	ok
PROBE-TSV	1	tar	entries	immediate	rename_folder	commit	1	21.340	1032192	1044480	102410240	100000	0	ok
PROBE-TSV	1	tar	entries	immediate	rename_folder	display	1	2.733	0	0	102410240	100000	0	ok
PROBE-TSV	1	tar	entries	immediate	rename_folder	entry_comparison	1	57.832	0	0	102410240	100000	0	ok
PROBE-TSV	1	tar	entries	immediate	rename_folder	filter_compute	1	0.000	0	0	102410240	100000	0	ok
PROBE-TSV	1	tar	entries	immediate	rename_folder	mutate	1	65.870	0	0	102410240	100000	0	ok
PROBE-TSV	1	tar	entries	immediate	rename_folder	name_index_advance	1	16.931	0	0	102410240	100000	0	ok
PROBE-TSV	1	tar	entries	immediate	rename_folder	name_index_build	1	132.282	0	0	102410240	100000	0	ok
PROBE-TSV	1	tar	entries	immediate	rename_folder	password_verification	1	0.199	0	0	102410240	100000	0	ok
PROBE-TSV	1	tar	entries	immediate	rename_folder	plan_build	1	5.467	0	0	102410240	100000	0	ok
PROBE-TSV	1	tar	entries	immediate	rename_folder	plan_validation	1	13.693	0	0	102410240	100000	0	ok
PROBE-TSV	1	tar	entries	immediate	rename_folder	publish	1	0.800	0	0	102410240	100000	0	ok
PROBE-TSV	1	tar	entries	immediate	rename_folder	reader_adoption	1	0.003	0	0	102410240	100000	0	ok
PROBE-TSV	1	tar	entries	immediate	rename_folder	reload	1	192.654	0	0	102410240	100000	0	ok
PROBE-TSV	1	tar	entries	immediate	rename_folder	total	1	1536.384	204812288	1056768	102410240	100000	0	ok
PROBE-TSV	1	tar	entries	immediate	rename_folder	tree_build	1	62.253	0	0	102410240	100000	0	ok
PROBE-TSV	1	tar	entries	immediate	rename_folder	updater_open	1	592.007	102412288	0	102410240	100000	0	ok
PROBE-TSV	1	tar	entries	immediate	rename_folder	verification_open	1	360.407	101367808	0	102410240	100000	0	ok
PROBE-PROGRESS	tar	entries	new_folder	4	2	72.535	417.164
PROBE-TSV	1	tar	entries	immediate	new_folder	capability_probe	1	169.212	0	0	102410240	100000	0	ok
PROBE-TSV	1	tar	entries	immediate	new_folder	commit	1	5.037	16384	12288	102410240	100000	0	ok
PROBE-TSV	1	tar	entries	immediate	new_folder	display	1	3.054	0	0	102410240	100000	0	ok
PROBE-TSV	1	tar	entries	immediate	new_folder	entry_comparison	1	57.392	0	0	102410240	100000	0	ok
PROBE-TSV	1	tar	entries	immediate	new_folder	filter_compute	1	0.000	0	0	102410240	100000	0	ok
PROBE-TSV	1	tar	entries	immediate	new_folder	mutate	1	72.490	12288	0	102410240	100000	0	ok
PROBE-TSV	1	tar	entries	immediate	new_folder	name_index_advance	1	11.230	0	0	102410240	100000	0	ok
PROBE-TSV	1	tar	entries	immediate	new_folder	name_index_build	1	133.461	0	0	102410240	100000	0	ok
PROBE-TSV	1	tar	entries	immediate	new_folder	password_verification	1	0.207	0	0	102410240	100000	0	ok
PROBE-TSV	1	tar	entries	immediate	new_folder	plan_build	1	133.488	0	0	102410240	100000	0	ok
PROBE-TSV	1	tar	entries	immediate	new_folder	plan_validation	1	11.365	0	0	102410240	100000	0	ok
PROBE-TSV	1	tar	entries	immediate	new_folder	publish	1	0.767	0	0	102410240	100000	0	ok
PROBE-TSV	1	tar	entries	immediate	new_folder	reader_adoption	1	0.003	0	0	102410240	100000	0	ok
PROBE-TSV	1	tar	entries	immediate	new_folder	reload	1	181.095	0	0	102410240	100000	0	ok
PROBE-TSV	1	tar	entries	immediate	new_folder	total	1	1492.682	204824576	24576	102410240	100000	0	ok
PROBE-TSV	1	tar	entries	immediate	new_folder	tree_build	1	57.934	0	0	102410240	100000	0	ok
PROBE-TSV	1	tar	entries	immediate	new_folder	updater_open	1	597.462	102412288	0	102410240	100000	0	ok
PROBE-TSV	1	tar	entries	immediate	new_folder	verification_open	1	345.717	102383616	0	102410240	100000	0	ok
PROBE-PROGRESS	tar	entries	add_file	6	3	69.838	422.442
PROBE-TSV	1	tar	entries	immediate	add_file	capability_probe	1	172.037	0	0	102410240	100000	0	ok
PROBE-TSV	1	tar	entries	immediate	add_file	commit	1	4.943	16384	12288	102410240	100000	0	ok
PROBE-TSV	1	tar	entries	immediate	add_file	display	1	3.046	0	0	102410240	100000	0	ok
PROBE-TSV	1	tar	entries	immediate	add_file	entry_comparison	1	58.631	0	0	102410240	100000	0	ok
PROBE-TSV	1	tar	entries	immediate	add_file	filter_compute	1	0.000	0	0	102410240	100000	0	ok
PROBE-TSV	1	tar	entries	immediate	add_file	mutate	1	70.773	12288	0	102410240	100000	0	ok
PROBE-TSV	1	tar	entries	immediate	add_file	name_index_advance	1	11.091	0	0	102410240	100000	0	ok
PROBE-TSV	1	tar	entries	immediate	add_file	name_index_build	1	136.909	0	0	102410240	100000	0	ok
PROBE-TSV	1	tar	entries	immediate	add_file	password_verification	1	0.204	0	0	102410240	100000	0	ok
PROBE-TSV	1	tar	entries	immediate	add_file	plan_build	3	0.068	0	0	102410240	100000	0	ok
PROBE-TSV	1	tar	entries	immediate	add_file	plan_validation	1	11.477	0	0	102410240	100000	0	ok
PROBE-TSV	1	tar	entries	immediate	add_file	publish	1	0.841	0	0	102410240	100000	0	ok
PROBE-TSV	1	tar	entries	immediate	add_file	reader_adoption	1	0.003	0	0	102410240	100000	0	ok
PROBE-TSV	1	tar	entries	immediate	add_file	reload	1	183.776	0	0	102410240	100000	0	ok
PROBE-TSV	1	tar	entries	immediate	add_file	total	1	1504.109	204824576	24576	102410240	100000	0	ok
PROBE-TSV	1	tar	entries	immediate	add_file	tree_build	1	57.989	0	0	102410240	100000	0	ok
PROBE-TSV	1	tar	entries	immediate	add_file	updater_open	1	599.296	102412288	0	102410240	100000	0	ok
PROBE-TSV	1	tar	entries	immediate	add_file	verification_open	1	349.368	102383616	0	102410240	100000	0	ok
PROBE-PROGRESS	tar	entries	replace_file	54	51	121.670	423.999
PROBE-TSV	1	tar	entries	immediate	replace_file	capability_probe	1	172.928	0	0	102410240	100000	0	ok
PROBE-TSV	1	tar	entries	immediate	replace_file	commit	1	38.998	0	102428672	102410240	100000	0	ok
PROBE-TSV	1	tar	entries	immediate	replace_file	display	1	2.886	0	0	102410240	100000	0	ok
PROBE-TSV	1	tar	entries	immediate	replace_file	entry_comparison	1	59.460	0	0	102410240	100000	0	ok
PROBE-TSV	1	tar	entries	immediate	replace_file	filter_compute	1	0.000	0	0	102410240	100000	0	ok
PROBE-TSV	1	tar	entries	immediate	replace_file	mutate	1	122.733	16384	0	102410240	100000	0	ok
PROBE-TSV	1	tar	entries	immediate	replace_file	name_index_advance	1	11.762	0	0	102410240	100000	0	ok
PROBE-TSV	1	tar	entries	immediate	replace_file	name_index_build	1	134.688	0	0	102410240	100000	0	ok
PROBE-TSV	1	tar	entries	immediate	replace_file	password_verification	1	0.201	0	0	102410240	100000	0	ok
PROBE-TSV	1	tar	entries	immediate	replace_file	plan_build	4	2.324	0	0	102410240	100000	0	ok
PROBE-TSV	1	tar	entries	immediate	replace_file	plan_validation	1	11.837	0	0	102410240	100000	0	ok
PROBE-TSV	1	tar	entries	immediate	replace_file	publish	1	0.783	0	0	102410240	100000	0	ok
PROBE-TSV	1	tar	entries	immediate	replace_file	reader_adoption	1	0.003	0	0	102410240	100000	0	ok
PROBE-TSV	1	tar	entries	immediate	replace_file	reload	1	185.328	0	0	102410240	100000	0	ok
PROBE-TSV	1	tar	entries	immediate	replace_file	total	1	1592.633	102428672	102440960	102410240	100000	0	ok
PROBE-TSV	1	tar	entries	immediate	replace_file	tree_build	1	58.473	0	0	102410240	100000	0	ok
PROBE-TSV	1	tar	entries	immediate	replace_file	updater_open	1	596.502	102412288	0	102410240	100000	0	ok
PROBE-TSV	1	tar	entries	immediate	replace_file	verification_open	1	349.262	0	0	102410240	100000	0	ok
PROBE-TSV	1	tar	entries	deferred	five_changes_reserve_rename	display	1	2.571	0	0	102410240	100000	0	ok
PROBE-TSV	1	tar	entries	deferred	five_changes_reserve_rename	filter_compute	1	0.001	0	0	102410240	100000	0	ok
PROBE-TSV	1	tar	entries	deferred	five_changes_reserve_rename	password_verification	1	0.549	0	0	102410240	100000	0	ok
PROBE-TSV	1	tar	entries	deferred	five_changes_reserve_rename	total	1	136.906	0	0	102410240	100000	0	ok
PROBE-TSV	1	tar	entries	deferred	five_changes_reserve_rename	tree_build	1	61.429	0	0	102410240	100000	0	ok
PROBE-TSV	1	tar	entries	deferred	five_changes_reserve_delete	display	1	2.681	0	0	102410240	100000	0	ok
PROBE-TSV	1	tar	entries	deferred	five_changes_reserve_delete	filter_compute	1	0.001	0	0	102410240	100000	0	ok
PROBE-TSV	1	tar	entries	deferred	five_changes_reserve_delete	password_verification	1	0.547	0	0	102410240	100000	0	ok
PROBE-TSV	1	tar	entries	deferred	five_changes_reserve_delete	total	1	142.330	0	0	102410240	100000	0	ok
PROBE-TSV	1	tar	entries	deferred	five_changes_reserve_delete	tree_build	1	61.184	0	0	102410240	100000	0	ok
PROBE-TSV	1	tar	entries	deferred	five_changes_reserve_new_folder	display	1	2.828	0	0	102410240	100000	0	ok
PROBE-TSV	1	tar	entries	deferred	five_changes_reserve_new_folder	filter_compute	1	0.001	0	0	102410240	100000	0	ok
PROBE-TSV	1	tar	entries	deferred	five_changes_reserve_new_folder	password_verification	1	0.548	0	0	102410240	100000	0	ok
PROBE-TSV	1	tar	entries	deferred	five_changes_reserve_new_folder	total	1	136.486	0	0	102410240	100000	0	ok
PROBE-TSV	1	tar	entries	deferred	five_changes_reserve_new_folder	tree_build	1	56.666	0	0	102410240	100000	0	ok
PROBE-TSV	1	tar	entries	deferred	five_changes_reserve_delete_folder	display	1	2.855	0	0	102410240	100000	0	ok
PROBE-TSV	1	tar	entries	deferred	five_changes_reserve_delete_folder	filter_compute	1	0.000	0	0	102410240	100000	0	ok
PROBE-TSV	1	tar	entries	deferred	five_changes_reserve_delete_folder	password_verification	1	0.548	0	0	102410240	100000	0	ok
PROBE-TSV	1	tar	entries	deferred	five_changes_reserve_delete_folder	total	1	142.441	0	0	102410240	100000	0	ok
PROBE-TSV	1	tar	entries	deferred	five_changes_reserve_delete_folder	tree_build	1	59.188	0	0	102410240	100000	0	ok
PROBE-TSV	1	tar	entries	deferred	five_changes_reserve_add	display	1	2.878	0	0	102410240	100000	0	ok
PROBE-TSV	1	tar	entries	deferred	five_changes_reserve_add	filter_compute	1	0.000	0	0	102410240	100000	0	ok
PROBE-TSV	1	tar	entries	deferred	five_changes_reserve_add	password_verification	1	0.562	0	0	102410240	100000	0	ok
PROBE-TSV	1	tar	entries	deferred	five_changes_reserve_add	plan_build	3	0.056	0	0	102410240	100000	0	ok
PROBE-TSV	1	tar	entries	deferred	five_changes_reserve_add	total	1	135.586	0	4096	102410240	100000	0	ok
PROBE-TSV	1	tar	entries	deferred	five_changes_reserve_add	tree_build	1	55.914	0	0	102410240	100000	0	ok
PROBE-TSV	1	tar	entries	deferred	save_five_changes	capability_probe	1	172.960	0	0	101386240	100000	0	ok
PROBE-TSV	1	tar	entries	deferred	save_five_changes	commit	1	72.589	425984	101416960	101386240	100000	0	ok
PROBE-TSV	1	tar	entries	deferred	save_five_changes	display	1	2.788	0	0	101386240	100000	0	ok
PROBE-TSV	1	tar	entries	deferred	save_five_changes	editing_install	1	0.011	0	0	101386240	100000	0	ok
PROBE-TSV	1	tar	entries	deferred	save_five_changes	editing_prepare	1	29.204	0	0	101386240	100000	0	ok
PROBE-TSV	1	tar	entries	deferred	save_five_changes	entry_comparison	1	59.561	0	0	101386240	100000	0	ok
PROBE-TSV	1	tar	entries	deferred	save_five_changes	filter_compute	2	0.001	0	0	101386240	100000	0	ok
PROBE-TSV	1	tar	entries	deferred	save_five_changes	name_index_advance	1	15.972	0	0	101386240	100000	0	ok
PROBE-TSV	1	tar	entries	deferred	save_five_changes	password_verification	1	0.605	0	0	101386240	100000	0	ok
PROBE-TSV	1	tar	entries	deferred	save_five_changes	publish	1	0.956	0	0	101386240	100000	0	ok
PROBE-TSV	1	tar	entries	deferred	save_five_changes	reader_adoption	1	0.003	0	0	101386240	100000	0	ok
PROBE-TSV	1	tar	entries	deferred	save_five_changes	reload	1	190.411	0	0	101386240	100000	0	ok
PROBE-TSV	1	tar	entries	deferred	save_five_changes	replay	1	135.312	20480	0	101386240	100000	0	ok
PROBE-TSV	1	tar	entries	deferred	save_five_changes	replay_plan	1	22.464	0	0	101386240	100000	0	ok
PROBE-TSV	1	tar	entries	deferred	save_five_changes	representability_differential	1	0.779	0	0	101386240	100000	0	ok
PROBE-TSV	1	tar	entries	deferred	save_five_changes	save_sheet	1	1887.654	102858752	101441536	101386240	100000	0	ok
PROBE-TSV	1	tar	entries	deferred	save_five_changes	total	1	1917.172	102858752	101441536	101386240	100000	0	ok
PROBE-TSV	1	tar	entries	deferred	save_five_changes	tree_build	1	60.516	0	0	101386240	100000	0	ok
PROBE-TSV	1	tar	entries	deferred	save_five_changes	updater_open	1	610.996	102412288	0	101386240	100000	0	ok
PROBE-TSV	1	tar	entries	deferred	save_five_changes	verification_open	1	354.522	0	0	101386240	100000	0	ok
PROBE-TSV	1	tar	entries	deferred	rename_only_reserve_rename	display	1	2.777	0	0	102410240	100000	0	ok
PROBE-TSV	1	tar	entries	deferred	rename_only_reserve_rename	filter_compute	1	0.000	0	0	102410240	100000	0	ok
PROBE-TSV	1	tar	entries	deferred	rename_only_reserve_rename	password_verification	1	0.552	0	0	102410240	100000	0	ok
PROBE-TSV	1	tar	entries	deferred	rename_only_reserve_rename	total	1	133.445	0	0	102410240	100000	0	ok
PROBE-TSV	1	tar	entries	deferred	rename_only_reserve_rename	tree_build	1	58.829	0	0	102410240	100000	0	ok
PROBE-TSV	1	tar	entries	deferred	save_rename_only	capability_probe	1	173.981	0	0	102410240	100000	0	ok
PROBE-TSV	1	tar	entries	deferred	save_rename_only	commit	1	6.531	16384	28672	102410240	100000	0	ok
PROBE-TSV	1	tar	entries	deferred	save_rename_only	display	1	2.775	0	0	102410240	100000	0	ok
PROBE-TSV	1	tar	entries	deferred	save_rename_only	editing_install	1	0.010	0	0	102410240	100000	0	ok
PROBE-TSV	1	tar	entries	deferred	save_rename_only	editing_prepare	1	33.297	0	0	102410240	100000	0	ok
PROBE-TSV	1	tar	entries	deferred	save_rename_only	entry_comparison	1	59.309	0	0	102410240	100000	0	ok
PROBE-TSV	1	tar	entries	deferred	save_rename_only	filter_compute	2	0.002	0	0	102410240	100000	0	ok
PROBE-TSV	1	tar	entries	deferred	save_rename_only	name_index_advance	1	13.585	0	0	102410240	100000	0	ok
PROBE-TSV	1	tar	entries	deferred	save_rename_only	password_verification	1	0.542	0	0	102410240	100000	0	ok
PROBE-TSV	1	tar	entries	deferred	save_rename_only	publish	1	0.393	0	0	102410240	100000	0	ok
PROBE-TSV	1	tar	entries	deferred	save_rename_only	reader_adoption	1	0.003	0	0	102410240	100000	0	ok
PROBE-TSV	1	tar	entries	deferred	save_rename_only	reload	1	188.980	0	0	102410240	100000	0	ok
PROBE-TSV	1	tar	entries	deferred	save_rename_only	replay	1	63.630	0	0	102410240	100000	0	ok
PROBE-TSV	1	tar	entries	deferred	save_rename_only	replay_plan	1	20.037	0	0	102410240	100000	0	ok
PROBE-TSV	1	tar	entries	deferred	save_rename_only	representability_differential	1	0.024	0	0	102410240	100000	0	ok
PROBE-TSV	1	tar	entries	deferred	save_rename_only	save_sheet	1	1735.391	204812288	40960	102410240	100000	0	ok
PROBE-TSV	1	tar	entries	deferred	save_rename_only	total	1	1769.135	204812288	40960	102410240	100000	0	ok
PROBE-TSV	1	tar	entries	deferred	save_rename_only	tree_build	1	60.293	0	0	102410240	100000	0	ok
PROBE-TSV	1	tar	entries	deferred	save_rename_only	updater_open	1	606.891	102412288	0	102410240	100000	0	ok
PROBE-TSV	1	tar	entries	deferred	save_rename_only	verification_open	1	359.971	102383616	0	102410240	100000	0	ok
PROBE-PROGRESS	tar	payload	delete_start	130	128	5.790	7.022
PROBE-TSV	1	tar	payload	immediate	delete_start	capability_probe	1	1.990	0	0	265308160	1064	256	ok
PROBE-TSV	1	tar	payload	immediate	delete_start	commit	1	111.429	263045120	265322496	265308160	1064	256	ok
PROBE-TSV	1	tar	payload	immediate	delete_start	display	1	1.236	0	0	265308160	1064	256	ok
PROBE-TSV	1	tar	payload	immediate	delete_start	entry_comparison	1	0.610	0	0	265308160	1064	256	ok
PROBE-TSV	1	tar	payload	immediate	delete_start	filter_compute	1	0.000	0	0	265308160	1064	256	ok
PROBE-TSV	1	tar	payload	immediate	delete_start	mutate	1	0.642	0	0	265308160	1064	256	ok
PROBE-TSV	1	tar	payload	immediate	delete_start	password_verification	1	0.032	0	0	265308160	1064	256	ok
PROBE-TSV	1	tar	payload	immediate	delete_start	plan_build	1	0.009	0	0	265308160	1064	256	ok
PROBE-TSV	1	tar	payload	immediate	delete_start	plan_validation	1	0.118	0	0	265308160	1064	256	ok
PROBE-TSV	1	tar	payload	immediate	delete_start	publish	1	0.700	0	0	265308160	1064	256	ok
PROBE-TSV	1	tar	payload	immediate	delete_start	reader_adoption	1	0.001	0	0	265308160	1064	256	ok
PROBE-TSV	1	tar	payload	immediate	delete_start	reload	1	2.145	0	0	265308160	1064	256	ok
PROBE-TSV	1	tar	payload	immediate	delete_start	total	1	140.209	265351168	265334784	265308160	1064	256	ok
PROBE-TSV	1	tar	payload	immediate	delete_start	tree_build	1	0.557	0	0	265308160	1064	256	ok
PROBE-TSV	1	tar	payload	immediate	delete_start	updater_open	1	14.849	2306048	0	265308160	1064	256	ok
PROBE-TSV	1	tar	payload	immediate	delete_start	verification_open	1	3.672	0	0	265308160	1064	256	ok
PROBE-PROGRESS	tar	payload	delete_end	4	2	0.726	13.068
PROBE-TSV	1	tar	payload	immediate	delete_end	capability_probe	1	1.992	0	0	269496320	1064	256	ok
PROBE-TSV	1	tar	payload	immediate	delete_end	commit	1	0.795	28672	12288	269496320	1064	256	ok
PROBE-TSV	1	tar	payload	immediate	delete_end	display	1	1.127	0	0	269496320	1064	256	ok
PROBE-TSV	1	tar	payload	immediate	delete_end	entry_comparison	1	0.632	0	0	269496320	1064	256	ok
PROBE-TSV	1	tar	payload	immediate	delete_end	filter_compute	1	0.000	0	0	269496320	1064	256	ok
PROBE-TSV	1	tar	payload	immediate	delete_end	mutate	1	0.643	0	0	269496320	1064	256	ok
PROBE-TSV	1	tar	payload	immediate	delete_end	password_verification	1	0.025	0	0	269496320	1064	256	ok
PROBE-TSV	1	tar	payload	immediate	delete_end	plan_build	1	0.010	0	0	269496320	1064	256	ok
PROBE-TSV	1	tar	payload	immediate	delete_end	plan_validation	1	0.107	0	0	269496320	1064	256	ok
PROBE-TSV	1	tar	payload	immediate	delete_end	publish	1	0.589	0	0	269496320	1064	256	ok
PROBE-TSV	1	tar	payload	immediate	delete_end	reader_adoption	1	0.002	0	0	269496320	1064	256	ok
PROBE-TSV	1	tar	payload	immediate	delete_end	reload	1	2.164	0	0	269496320	1064	256	ok
PROBE-TSV	1	tar	payload	immediate	delete_end	total	1	35.533	4612096	24576	269496320	1064	256	ok
PROBE-TSV	1	tar	payload	immediate	delete_end	tree_build	1	0.548	0	0	269496320	1064	256	ok
PROBE-TSV	1	tar	payload	immediate	delete_end	updater_open	1	15.224	2306048	0	269496320	1064	256	ok
PROBE-TSV	1	tar	payload	immediate	delete_end	verification_open	1	11.523	2277376	0	269496320	1064	256	ok
PROBE-PROGRESS	tar	payload	rename_same_length	4	2	0.725	13.148
PROBE-TSV	1	tar	payload	immediate	rename_same_length	capability_probe	1	2.003	0	0	269496320	1064	256	ok
PROBE-TSV	1	tar	payload	immediate	rename_same_length	commit	1	0.809	28672	28672	269496320	1064	256	ok
PROBE-TSV	1	tar	payload	immediate	rename_same_length	display	1	1.173	0	0	269496320	1064	256	ok
PROBE-TSV	1	tar	payload	immediate	rename_same_length	entry_comparison	1	0.641	0	0	269496320	1064	256	ok
PROBE-TSV	1	tar	payload	immediate	rename_same_length	filter_compute	1	0.000	0	0	269496320	1064	256	ok
PROBE-TSV	1	tar	payload	immediate	rename_same_length	mutate	1	0.658	0	0	269496320	1064	256	ok
PROBE-TSV	1	tar	payload	immediate	rename_same_length	name_index_advance	1	0.120	0	0	269496320	1064	256	ok
PROBE-TSV	1	tar	payload	immediate	rename_same_length	name_index_build	1	1.449	0	0	269496320	1064	256	ok
PROBE-TSV	1	tar	payload	immediate	rename_same_length	password_verification	1	0.024	0	0	269496320	1064	256	ok
PROBE-TSV	1	tar	payload	immediate	rename_same_length	plan_build	1	0.016	0	0	269496320	1064	256	ok
PROBE-TSV	1	tar	payload	immediate	rename_same_length	plan_validation	1	0.117	0	0	269496320	1064	256	ok
PROBE-TSV	1	tar	payload	immediate	rename_same_length	publish	1	0.635	0	0	269496320	1064	256	ok
PROBE-TSV	1	tar	payload	immediate	rename_same_length	reader_adoption	1	0.001	0	0	269496320	1064	256	ok
PROBE-TSV	1	tar	payload	immediate	rename_same_length	reload	1	2.300	0	0	269496320	1064	256	ok
PROBE-TSV	1	tar	payload	immediate	rename_same_length	total	1	37.147	4612096	40960	269496320	1064	256	ok
PROBE-TSV	1	tar	payload	immediate	rename_same_length	tree_build	1	0.571	0	0	269496320	1064	256	ok
PROBE-TSV	1	tar	payload	immediate	rename_same_length	updater_open	1	15.062	2306048	0	269496320	1064	256	ok
PROBE-TSV	1	tar	payload	immediate	rename_same_length	verification_open	1	11.566	2277376	0	269496320	1064	256	ok
PROBE-PROGRESS	tar	payload	rename_different_length	4	2	0.776	13.035
PROBE-TSV	1	tar	payload	immediate	rename_different_length	capability_probe	1	1.991	0	0	269496320	1064	256	ok
PROBE-TSV	1	tar	payload	immediate	rename_different_length	commit	1	0.863	28672	28672	269496320	1064	256	ok
PROBE-TSV	1	tar	payload	immediate	rename_different_length	display	1	1.191	0	0	269496320	1064	256	ok
PROBE-TSV	1	tar	payload	immediate	rename_different_length	entry_comparison	1	0.618	0	0	269496320	1064	256	ok
PROBE-TSV	1	tar	payload	immediate	rename_different_length	filter_compute	1	0.000	0	0	269496320	1064	256	ok
PROBE-TSV	1	tar	payload	immediate	rename_different_length	mutate	1	0.654	0	0	269496320	1064	256	ok
PROBE-TSV	1	tar	payload	immediate	rename_different_length	name_index_advance	1	0.124	0	0	269496320	1064	256	ok
PROBE-TSV	1	tar	payload	immediate	rename_different_length	name_index_build	1	1.423	0	0	269496320	1064	256	ok
PROBE-TSV	1	tar	payload	immediate	rename_different_length	password_verification	1	0.026	0	0	269496320	1064	256	ok
PROBE-TSV	1	tar	payload	immediate	rename_different_length	plan_build	1	0.018	0	0	269496320	1064	256	ok
PROBE-TSV	1	tar	payload	immediate	rename_different_length	plan_validation	1	0.122	0	0	269496320	1064	256	ok
PROBE-TSV	1	tar	payload	immediate	rename_different_length	publish	1	0.610	0	0	269496320	1064	256	ok
PROBE-TSV	1	tar	payload	immediate	rename_different_length	reader_adoption	1	0.001	0	0	269496320	1064	256	ok
PROBE-TSV	1	tar	payload	immediate	rename_different_length	reload	1	2.297	0	0	269496320	1064	256	ok
PROBE-TSV	1	tar	payload	immediate	rename_different_length	total	1	37.475	4612096	40960	269496320	1064	256	ok
PROBE-TSV	1	tar	payload	immediate	rename_different_length	tree_build	1	0.557	0	0	269496320	1064	256	ok
PROBE-TSV	1	tar	payload	immediate	rename_different_length	updater_open	1	14.812	2306048	0	269496320	1064	256	ok
PROBE-TSV	1	tar	payload	immediate	rename_different_length	verification_open	1	11.470	2277376	0	269496320	1064	256	ok
PROBE-PROGRESS	tar	payload	rename_folder	4	2	10.615	6.994
PROBE-TSV	1	tar	payload	immediate	rename_folder	capability_probe	1	1.968	0	0	269496320	1064	256	ok
PROBE-TSV	1	tar	payload	immediate	rename_folder	commit	1	10.938	1060864	1060864	269496320	1064	256	ok
PROBE-TSV	1	tar	payload	immediate	rename_folder	display	1	1.220	0	0	269496320	1064	256	ok
PROBE-TSV	1	tar	payload	immediate	rename_folder	entry_comparison	1	0.648	0	0	269496320	1064	256	ok
PROBE-TSV	1	tar	payload	immediate	rename_folder	filter_compute	1	0.000	0	0	269496320	1064	256	ok
PROBE-TSV	1	tar	payload	immediate	rename_folder	mutate	1	0.932	0	0	269496320	1064	256	ok
PROBE-TSV	1	tar	payload	immediate	rename_folder	name_index_advance	1	0.381	0	0	269496320	1064	256	ok
PROBE-TSV	1	tar	payload	immediate	rename_folder	name_index_build	1	1.473	0	0	269496320	1064	256	ok
PROBE-TSV	1	tar	payload	immediate	rename_folder	password_verification	1	0.028	0	0	269496320	1064	256	ok
PROBE-TSV	1	tar	payload	immediate	rename_folder	plan_build	1	0.358	0	0	269496320	1064	256	ok
PROBE-TSV	1	tar	payload	immediate	rename_folder	plan_validation	1	0.262	0	0	269496320	1064	256	ok
PROBE-TSV	1	tar	payload	immediate	rename_folder	publish	1	0.569	0	0	269496320	1064	256	ok
PROBE-TSV	1	tar	payload	immediate	rename_folder	reader_adoption	1	0.001	0	0	269496320	1064	256	ok
PROBE-TSV	1	tar	payload	immediate	rename_folder	reload	1	2.512	0	0	269496320	1064	256	ok
PROBE-TSV	1	tar	payload	immediate	rename_folder	total	1	41.978	4612096	1073152	269496320	1064	256	ok
PROBE-TSV	1	tar	payload	immediate	rename_folder	tree_build	1	0.575	0	0	269496320	1064	256	ok
PROBE-TSV	1	tar	payload	immediate	rename_folder	updater_open	1	14.916	2306048	0	269496320	1064	256	ok
PROBE-TSV	1	tar	payload	immediate	rename_folder	verification_open	1	5.458	1245184	0	269496320	1064	256	ok
PROBE-PROGRESS	tar	payload	new_folder	4	2	1.083	12.879
PROBE-TSV	1	tar	payload	immediate	new_folder	capability_probe	1	1.997	0	0	269496320	1064	256	ok
PROBE-TSV	1	tar	payload	immediate	new_folder	commit	1	0.366	16384	12288	269496320	1064	256	ok
PROBE-TSV	1	tar	payload	immediate	new_folder	display	1	1.171	0	0	269496320	1064	256	ok
PROBE-TSV	1	tar	payload	immediate	new_folder	entry_comparison	1	0.604	0	0	269496320	1064	256	ok
PROBE-TSV	1	tar	payload	immediate	new_folder	filter_compute	1	0.000	0	0	269496320	1064	256	ok
PROBE-TSV	1	tar	payload	immediate	new_folder	mutate	1	1.068	12288	0	269496320	1064	256	ok
PROBE-TSV	1	tar	payload	immediate	new_folder	name_index_advance	1	0.112	0	0	269496320	1064	256	ok
PROBE-TSV	1	tar	payload	immediate	new_folder	name_index_build	1	1.489	0	0	269496320	1064	256	ok
PROBE-TSV	1	tar	payload	immediate	new_folder	password_verification	1	0.028	0	0	269496320	1064	256	ok
PROBE-TSV	1	tar	payload	immediate	new_folder	plan_build	1	1.503	0	0	269496320	1064	256	ok
PROBE-TSV	1	tar	payload	immediate	new_folder	plan_validation	1	0.106	0	0	269496320	1064	256	ok
PROBE-TSV	1	tar	payload	immediate	new_folder	publish	1	0.574	0	0	269496320	1064	256	ok
PROBE-TSV	1	tar	payload	immediate	new_folder	reader_adoption	1	0.001	0	0	269496320	1064	256	ok
PROBE-TSV	1	tar	payload	immediate	new_folder	reload	1	2.279	0	0	269496320	1064	256	ok
PROBE-TSV	1	tar	payload	immediate	new_folder	total	1	37.150	4612096	24576	269496320	1064	256	ok
PROBE-TSV	1	tar	payload	immediate	new_folder	tree_build	1	0.562	0	0	269496320	1064	256	ok
PROBE-TSV	1	tar	payload	immediate	new_folder	updater_open	1	14.661	2306048	0	269496320	1064	256	ok
PROBE-TSV	1	tar	payload	immediate	new_folder	verification_open	1	11.387	2277376	0	269496320	1064	256	ok
PROBE-PROGRESS	tar	payload	add_file	6	3	0.875	13.059
PROBE-TSV	1	tar	payload	immediate	add_file	capability_probe	1	1.978	0	0	269496320	1064	256	ok
PROBE-TSV	1	tar	payload	immediate	add_file	commit	1	0.417	16384	12288	269496320	1064	256	ok
PROBE-TSV	1	tar	payload	immediate	add_file	display	1	1.189	0	0	269496320	1064	256	ok
PROBE-TSV	1	tar	payload	immediate	add_file	entry_comparison	1	0.624	0	0	269496320	1064	256	ok
PROBE-TSV	1	tar	payload	immediate	add_file	filter_compute	1	0.000	0	0	269496320	1064	256	ok
PROBE-TSV	1	tar	payload	immediate	add_file	mutate	1	1.105	12288	0	269496320	1064	256	ok
PROBE-TSV	1	tar	payload	immediate	add_file	name_index_advance	1	0.111	0	0	269496320	1064	256	ok
PROBE-TSV	1	tar	payload	immediate	add_file	name_index_build	1	1.442	0	0	269496320	1064	256	ok
PROBE-TSV	1	tar	payload	immediate	add_file	password_verification	1	0.029	0	0	269496320	1064	256	ok
PROBE-TSV	1	tar	payload	immediate	add_file	plan_build	3	0.046	0	0	269496320	1064	256	ok
PROBE-TSV	1	tar	payload	immediate	add_file	plan_validation	1	0.112	0	0	269496320	1064	256	ok
PROBE-TSV	1	tar	payload	immediate	add_file	publish	1	0.567	0	0	269496320	1064	256	ok
PROBE-TSV	1	tar	payload	immediate	add_file	reader_adoption	1	0.002	0	0	269496320	1064	256	ok
PROBE-TSV	1	tar	payload	immediate	add_file	reload	1	2.276	0	0	269496320	1064	256	ok
PROBE-TSV	1	tar	payload	immediate	add_file	total	1	37.385	4612096	24576	269496320	1064	256	ok
PROBE-TSV	1	tar	payload	immediate	add_file	tree_build	1	0.566	0	0	269496320	1064	256	ok
PROBE-TSV	1	tar	payload	immediate	add_file	updater_open	1	14.585	2306048	0	269496320	1064	256	ok
PROBE-TSV	1	tar	payload	immediate	add_file	verification_open	1	11.554	2277376	0	269496320	1064	256	ok
PROBE-PROGRESS	tar	payload	replace_file	132	129	4.959	7.223
PROBE-TSV	1	tar	payload	immediate	replace_file	capability_probe	1	1.992	0	0	265308160	1064	256	ok
PROBE-TSV	1	tar	payload	immediate	replace_file	commit	1	125.435	263028736	265338880	265308160	1064	256	ok
PROBE-TSV	1	tar	payload	immediate	replace_file	display	1	1.181	0	0	265308160	1064	256	ok
PROBE-TSV	1	tar	payload	immediate	replace_file	entry_comparison	1	0.654	0	0	265308160	1064	256	ok
PROBE-TSV	1	tar	payload	immediate	replace_file	filter_compute	1	0.000	0	0	265308160	1064	256	ok
PROBE-TSV	1	tar	payload	immediate	replace_file	mutate	1	1.581	16384	0	265308160	1064	256	ok
PROBE-TSV	1	tar	payload	immediate	replace_file	name_index_advance	1	0.142	0	0	265308160	1064	256	ok
PROBE-TSV	1	tar	payload	immediate	replace_file	name_index_build	1	1.355	0	0	265308160	1064	256	ok
PROBE-TSV	1	tar	payload	immediate	replace_file	password_verification	1	0.025	0	0	265308160	1064	256	ok
PROBE-TSV	1	tar	payload	immediate	replace_file	plan_build	4	0.072	0	0	265308160	1064	256	ok
PROBE-TSV	1	tar	payload	immediate	replace_file	plan_validation	1	0.104	0	0	265308160	1064	256	ok
PROBE-TSV	1	tar	payload	immediate	replace_file	publish	1	0.686	0	0	265308160	1064	256	ok
PROBE-TSV	1	tar	payload	immediate	replace_file	reader_adoption	1	0.002	0	0	265308160	1064	256	ok
PROBE-TSV	1	tar	payload	immediate	replace_file	reload	1	2.312	0	0	265308160	1064	256	ok
PROBE-TSV	1	tar	payload	immediate	replace_file	total	1	156.828	265351168	265351168	265308160	1064	256	ok
PROBE-TSV	1	tar	payload	immediate	replace_file	tree_build	1	0.562	0	0	265308160	1064	256	ok
PROBE-TSV	1	tar	payload	immediate	replace_file	updater_open	1	14.913	2306048	0	265308160	1064	256	ok
PROBE-TSV	1	tar	payload	immediate	replace_file	verification_open	1	3.796	0	0	265308160	1064	256	ok
PROBE-TSV	1	tar	payload	deferred	five_changes_reserve_rename	display	1	0.979	0	0	269496320	1064	256	ok
PROBE-TSV	1	tar	payload	deferred	five_changes_reserve_rename	filter_compute	1	0.000	0	0	269496320	1064	256	ok
PROBE-TSV	1	tar	payload	deferred	five_changes_reserve_rename	password_verification	1	0.028	0	0	269496320	1064	256	ok
PROBE-TSV	1	tar	payload	deferred	five_changes_reserve_rename	total	1	17.534	0	0	269496320	1064	256	ok
PROBE-TSV	1	tar	payload	deferred	five_changes_reserve_rename	tree_build	1	0.539	0	0	269496320	1064	256	ok
PROBE-TSV	1	tar	payload	deferred	five_changes_reserve_delete	display	1	0.948	0	0	269496320	1064	256	ok
PROBE-TSV	1	tar	payload	deferred	five_changes_reserve_delete	filter_compute	1	0.000	0	0	269496320	1064	256	ok
PROBE-TSV	1	tar	payload	deferred	five_changes_reserve_delete	password_verification	1	0.026	0	0	269496320	1064	256	ok
PROBE-TSV	1	tar	payload	deferred	five_changes_reserve_delete	total	1	3.699	0	0	269496320	1064	256	ok
PROBE-TSV	1	tar	payload	deferred	five_changes_reserve_delete	tree_build	1	0.594	0	0	269496320	1064	256	ok
PROBE-TSV	1	tar	payload	deferred	five_changes_reserve_new_folder	display	1	0.372	0	0	269496320	1064	256	ok
PROBE-TSV	1	tar	payload	deferred	five_changes_reserve_new_folder	filter_compute	1	0.000	0	0	269496320	1064	256	ok
PROBE-TSV	1	tar	payload	deferred	five_changes_reserve_new_folder	password_verification	1	0.021	0	0	269496320	1064	256	ok
PROBE-TSV	1	tar	payload	deferred	five_changes_reserve_new_folder	total	1	3.454	0	0	269496320	1064	256	ok
PROBE-TSV	1	tar	payload	deferred	five_changes_reserve_new_folder	tree_build	1	0.510	0	0	269496320	1064	256	ok
PROBE-TSV	1	tar	payload	deferred	five_changes_reserve_delete_folder	display	1	1.004	0	0	269496320	1064	256	ok
PROBE-TSV	1	tar	payload	deferred	five_changes_reserve_delete_folder	filter_compute	1	0.000	0	0	269496320	1064	256	ok
PROBE-TSV	1	tar	payload	deferred	five_changes_reserve_delete_folder	password_verification	1	0.034	0	0	269496320	1064	256	ok
PROBE-TSV	1	tar	payload	deferred	five_changes_reserve_delete_folder	total	1	31.252	0	0	269496320	1064	256	ok
PROBE-TSV	1	tar	payload	deferred	five_changes_reserve_delete_folder	tree_build	1	0.041	0	0	269496320	1064	256	ok
PROBE-TSV	1	tar	payload	deferred	five_changes_reserve_add	display	1	0.948	0	0	269496320	1064	256	ok
PROBE-TSV	1	tar	payload	deferred	five_changes_reserve_add	filter_compute	1	0.000	0	0	269496320	1064	256	ok
PROBE-TSV	1	tar	payload	deferred	five_changes_reserve_add	password_verification	1	0.026	0	0	269496320	1064	256	ok
PROBE-TSV	1	tar	payload	deferred	five_changes_reserve_add	plan_build	3	0.044	0	0	269496320	1064	256	ok
PROBE-TSV	1	tar	payload	deferred	five_changes_reserve_add	total	1	19.099	0	4096	269496320	1064	256	ok
PROBE-TSV	1	tar	payload	deferred	five_changes_reserve_add	tree_build	1	0.045	0	0	269496320	1064	256	ok
PROBE-TSV	1	tar	payload	deferred	save_five_changes	capability_probe	1	0.254	0	0	268472320	1064	256	ok
PROBE-TSV	1	tar	payload	deferred	save_five_changes	commit	1	0.358	16384	4096	268472320	1064	256	ok
PROBE-TSV	1	tar	payload	deferred	save_five_changes	display	1	1.301	0	0	268472320	1064	256	ok
PROBE-TSV	1	tar	payload	deferred	save_five_changes	editing_install	1	0.003	0	0	268472320	1064	256	ok
PROBE-TSV	1	tar	payload	deferred	save_five_changes	editing_prepare	1	0.046	0	0	268472320	1064	256	ok
PROBE-TSV	1	tar	payload	deferred	save_five_changes	entry_comparison	1	0.046	0	0	268472320	1064	256	ok
PROBE-TSV	1	tar	payload	deferred	save_five_changes	filter_compute	2	0.000	0	0	268472320	1064	256	ok
PROBE-TSV	1	tar	payload	deferred	save_five_changes	name_index_advance	1	0.755	0	0	268472320	1064	256	ok
PROBE-TSV	1	tar	payload	deferred	save_five_changes	password_verification	1	0.025	0	0	268472320	1064	256	ok
PROBE-TSV	1	tar	payload	deferred	save_five_changes	publish	1	0.819	0	0	268472320	1064	256	ok
PROBE-TSV	1	tar	payload	deferred	save_five_changes	reader_adoption	1	0.002	0	0	268472320	1064	256	ok
PROBE-TSV	1	tar	payload	deferred	save_five_changes	reload	1	1.250	0	0	268472320	1064	256	ok
PROBE-TSV	1	tar	payload	deferred	save_five_changes	replay	1	2.456	20480	0	268472320	1064	256	ok
PROBE-TSV	1	tar	payload	deferred	save_five_changes	replay_plan	1	1.537	0	0	268472320	1064	256	ok
PROBE-TSV	1	tar	payload	deferred	save_five_changes	representability_differential	1	0.750	0	0	268472320	1064	256	ok
PROBE-TSV	1	tar	payload	deferred	save_five_changes	save_sheet	1	55.846	3604480	28672	268472320	1064	256	ok
PROBE-TSV	1	tar	payload	deferred	save_five_changes	total	1	55.991	3604480	28672	268472320	1064	256	ok
PROBE-TSV	1	tar	payload	deferred	save_five_changes	tree_build	1	0.044	0	0	268472320	1064	256	ok
PROBE-TSV	1	tar	payload	deferred	save_five_changes	updater_open	1	15.354	2306048	0	268472320	1064	256	ok
PROBE-TSV	1	tar	payload	deferred	save_five_changes	verification_open	1	8.068	1261568	0	268472320	1064	256	ok
PROBE-TSV	1	tar	payload	deferred	rename_only_reserve_rename	display	1	1.004	0	0	269496320	1064	256	ok
PROBE-TSV	1	tar	payload	deferred	rename_only_reserve_rename	filter_compute	1	0.000	0	0	269496320	1064	256	ok
PROBE-TSV	1	tar	payload	deferred	rename_only_reserve_rename	password_verification	1	0.028	0	0	269496320	1064	256	ok
PROBE-TSV	1	tar	payload	deferred	rename_only_reserve_rename	total	1	18.032	0	0	269496320	1064	256	ok
PROBE-TSV	1	tar	payload	deferred	rename_only_reserve_rename	tree_build	1	0.557	0	0	269496320	1064	256	ok
PROBE-TSV	1	tar	payload	deferred	save_rename_only	capability_probe	1	1.975	0	0	269496320	1064	256	ok
PROBE-TSV	1	tar	payload	deferred	save_rename_only	commit	1	0.851	28672	28672	269496320	1064	256	ok
PROBE-TSV	1	tar	payload	deferred	save_rename_only	display	1	1.070	0	0	269496320	1064	256	ok
PROBE-TSV	1	tar	payload	deferred	save_rename_only	editing_install	1	0.005	0	0	269496320	1064	256	ok
PROBE-TSV	1	tar	payload	deferred	save_rename_only	editing_prepare	1	0.246	0	0	269496320	1064	256	ok
PROBE-TSV	1	tar	payload	deferred	save_rename_only	entry_comparison	1	0.646	0	0	269496320	1064	256	ok
PROBE-TSV	1	tar	payload	deferred	save_rename_only	filter_compute	2	0.001	0	0	269496320	1064	256	ok
PROBE-TSV	1	tar	payload	deferred	save_rename_only	name_index_advance	1	0.118	0	0	269496320	1064	256	ok
PROBE-TSV	1	tar	payload	deferred	save_rename_only	password_verification	1	0.027	0	0	269496320	1064	256	ok
PROBE-TSV	1	tar	payload	deferred	save_rename_only	publish	1	0.281	0	0	269496320	1064	256	ok
PROBE-TSV	1	tar	payload	deferred	save_rename_only	reader_adoption	1	0.002	0	0	269496320	1064	256	ok
PROBE-TSV	1	tar	payload	deferred	save_rename_only	reload	1	2.338	0	0	269496320	1064	256	ok
PROBE-TSV	1	tar	payload	deferred	save_rename_only	replay	1	0.676	0	0	269496320	1064	256	ok
PROBE-TSV	1	tar	payload	deferred	save_rename_only	replay_plan	1	0.244	0	0	269496320	1064	256	ok
PROBE-TSV	1	tar	payload	deferred	save_rename_only	representability_differential	1	0.017	0	0	269496320	1064	256	ok
PROBE-TSV	1	tar	payload	deferred	save_rename_only	save_sheet	1	64.766	4612096	40960	269496320	1064	256	ok
PROBE-TSV	1	tar	payload	deferred	save_rename_only	total	1	65.224	4612096	40960	269496320	1064	256	ok
PROBE-TSV	1	tar	payload	deferred	save_rename_only	tree_build	1	0.564	0	0	269496320	1064	256	ok
PROBE-TSV	1	tar	payload	deferred	save_rename_only	updater_open	1	14.723	2306048	0	269496320	1064	256	ok
PROBE-TSV	1	tar	payload	deferred	save_rename_only	verification_open	1	11.541	2277376	0	269496320	1064	256	ok
PROBE-PROGRESS	tar.gz	entries	delete_start	4	2	58.430	420.150
PROBE-TSV	1	tar.gz	entries	immediate	delete_start	capability_probe	1	172.738	0	0	1044838	100000	0	ok
PROBE-TSV	1	tar.gz	entries	immediate	delete_start	commit	1	8.875	0	1052672	1044838	100000	0	ok
PROBE-TSV	1	tar.gz	entries	immediate	delete_start	display	1	2.821	0	0	1044838	100000	0	ok
PROBE-TSV	1	tar.gz	entries	immediate	delete_start	entry_comparison	1	58.746	0	0	1044838	100000	0	ok
PROBE-TSV	1	tar.gz	entries	immediate	delete_start	filter_compute	1	0.000	0	0	1044838	100000	0	ok
PROBE-TSV	1	tar.gz	entries	immediate	delete_start	mutate	1	58.393	0	0	1044838	100000	0	ok
PROBE-TSV	1	tar.gz	entries	immediate	delete_start	password_verification	1	0.260	0	0	1044838	100000	0	ok
PROBE-TSV	1	tar.gz	entries	immediate	delete_start	plan_build	1	0.014	0	0	1044838	100000	0	ok
PROBE-TSV	1	tar.gz	entries	immediate	delete_start	plan_validation	1	9.229	0	0	1044838	100000	0	ok
PROBE-TSV	1	tar.gz	entries	immediate	delete_start	publish	1	0.815	0	0	1044838	100000	0	ok
PROBE-TSV	1	tar.gz	entries	immediate	delete_start	reader_adoption	1	0.002	0	0	1044838	100000	0	ok
PROBE-TSV	1	tar.gz	entries	immediate	delete_start	reload	1	173.064	0	0	1044838	100000	0	ok
PROBE-TSV	1	tar.gz	entries	immediate	delete_start	total	1	988.298	0	1064960	1044838	100000	0	ok
PROBE-TSV	1	tar.gz	entries	immediate	delete_start	tree_build	1	58.555	0	0	1044838	100000	0	ok
PROBE-TSV	1	tar.gz	entries	immediate	delete_start	updater_open	1	240.501	0	0	1044838	100000	0	ok
PROBE-TSV	1	tar.gz	entries	immediate	delete_start	verification_open	1	355.467	0	0	1044838	100000	0	ok
PROBE-PROGRESS	tar.gz	entries	delete_end	4	2	58.115	425.960
PROBE-TSV	1	tar.gz	entries	immediate	delete_end	capability_probe	1	173.079	0	0	1044832	100000	0	ok
PROBE-TSV	1	tar.gz	entries	immediate	delete_end	commit	1	8.118	0	1052672	1044832	100000	0	ok
PROBE-TSV	1	tar.gz	entries	immediate	delete_end	display	1	2.969	0	0	1044832	100000	0	ok
PROBE-TSV	1	tar.gz	entries	immediate	delete_end	entry_comparison	1	57.792	0	0	1044832	100000	0	ok
PROBE-TSV	1	tar.gz	entries	immediate	delete_end	filter_compute	1	0.000	0	0	1044832	100000	0	ok
PROBE-TSV	1	tar.gz	entries	immediate	delete_end	mutate	1	58.068	0	0	1044832	100000	0	ok
PROBE-TSV	1	tar.gz	entries	immediate	delete_end	password_verification	1	0.215	0	0	1044832	100000	0	ok
PROBE-TSV	1	tar.gz	entries	immediate	delete_end	plan_build	1	0.013	0	0	1044832	100000	0	ok
PROBE-TSV	1	tar.gz	entries	immediate	delete_end	plan_validation	1	9.286	0	0	1044832	100000	0	ok
PROBE-TSV	1	tar.gz	entries	immediate	delete_end	publish	1	0.832	0	0	1044832	100000	0	ok
PROBE-TSV	1	tar.gz	entries	immediate	delete_end	reader_adoption	1	0.002	0	0	1044832	100000	0	ok
PROBE-TSV	1	tar.gz	entries	immediate	delete_end	reload	1	173.451	0	0	1044832	100000	0	ok
PROBE-TSV	1	tar.gz	entries	immediate	delete_end	total	1	995.533	0	1064960	1044832	100000	0	ok
PROBE-TSV	1	tar.gz	entries	immediate	delete_end	tree_build	1	59.504	0	0	1044832	100000	0	ok
PROBE-TSV	1	tar.gz	entries	immediate	delete_end	updater_open	1	241.308	0	0	1044832	100000	0	ok
PROBE-TSV	1	tar.gz	entries	immediate	delete_end	verification_open	1	362.026	0	0	1044832	100000	0	ok
PROBE-PROGRESS	tar.gz	entries	rename_same_length	4	2	58.769	432.807
PROBE-TSV	1	tar.gz	entries	immediate	rename_same_length	capability_probe	1	170.285	0	0	1044869	100000	0	ok
PROBE-TSV	1	tar.gz	entries	immediate	rename_same_length	commit	1	10.155	0	1060864	1044869	100000	0	ok
PROBE-TSV	1	tar.gz	entries	immediate	rename_same_length	display	1	2.987	0	0	1044869	100000	0	ok
PROBE-TSV	1	tar.gz	entries	immediate	rename_same_length	entry_comparison	1	59.831	0	0	1044869	100000	0	ok
PROBE-TSV	1	tar.gz	entries	immediate	rename_same_length	filter_compute	1	0.000	0	0	1044869	100000	0	ok
PROBE-TSV	1	tar.gz	entries	immediate	rename_same_length	mutate	1	58.733	0	0	1044869	100000	0	ok
PROBE-TSV	1	tar.gz	entries	immediate	rename_same_length	name_index_advance	1	12.918	0	0	1044869	100000	0	ok
PROBE-TSV	1	tar.gz	entries	immediate	rename_same_length	name_index_build	1	133.379	0	0	1044869	100000	0	ok
PROBE-TSV	1	tar.gz	entries	immediate	rename_same_length	password_verification	1	0.229	0	0	1044869	100000	0	ok
PROBE-TSV	1	tar.gz	entries	immediate	rename_same_length	plan_build	1	0.028	0	0	1044869	100000	0	ok
PROBE-TSV	1	tar.gz	entries	immediate	rename_same_length	plan_validation	1	9.240	0	0	1044869	100000	0	ok
PROBE-TSV	1	tar.gz	entries	immediate	rename_same_length	publish	1	0.787	0	0	1044869	100000	0	ok
PROBE-TSV	1	tar.gz	entries	immediate	rename_same_length	reader_adoption	1	0.002	0	0	1044869	100000	0	ok
PROBE-TSV	1	tar.gz	entries	immediate	rename_same_length	reload	1	183.855	0	0	1044869	100000	0	ok
PROBE-TSV	1	tar.gz	entries	immediate	rename_same_length	total	1	1148.305	0	1073152	1044869	100000	0	ok
PROBE-TSV	1	tar.gz	entries	immediate	rename_same_length	tree_build	1	59.154	0	0	1044869	100000	0	ok
PROBE-TSV	1	tar.gz	entries	immediate	rename_same_length	updater_open	1	241.105	0	0	1044869	100000	0	ok
PROBE-TSV	1	tar.gz	entries	immediate	rename_same_length	verification_open	1	367.021	0	0	1044869	100000	0	ok
PROBE-PROGRESS	tar.gz	entries	rename_different_length	4	2	57.121	429.259
PROBE-TSV	1	tar.gz	entries	immediate	rename_different_length	capability_probe	1	172.046	0	0	1044911	100000	0	ok
PROBE-TSV	1	tar.gz	entries	immediate	rename_different_length	commit	1	10.127	0	1060864	1044911	100000	0	ok
PROBE-TSV	1	tar.gz	entries	immediate	rename_different_length	display	1	2.903	0	0	1044911	100000	0	ok
PROBE-TSV	1	tar.gz	entries	immediate	rename_different_length	entry_comparison	1	59.830	0	0	1044911	100000	0	ok
PROBE-TSV	1	tar.gz	entries	immediate	rename_different_length	filter_compute	1	0.000	0	0	1044911	100000	0	ok
PROBE-TSV	1	tar.gz	entries	immediate	rename_different_length	mutate	1	57.076	0	0	1044911	100000	0	ok
PROBE-TSV	1	tar.gz	entries	immediate	rename_different_length	name_index_advance	1	12.772	0	0	1044911	100000	0	ok
PROBE-TSV	1	tar.gz	entries	immediate	rename_different_length	name_index_build	1	134.965	0	0	1044911	100000	0	ok
PROBE-TSV	1	tar.gz	entries	immediate	rename_different_length	password_verification	1	0.219	0	0	1044911	100000	0	ok
PROBE-TSV	1	tar.gz	entries	immediate	rename_different_length	plan_build	1	0.028	0	0	1044911	100000	0	ok
PROBE-TSV	1	tar.gz	entries	immediate	rename_different_length	plan_validation	1	9.035	0	0	1044911	100000	0	ok
PROBE-TSV	1	tar.gz	entries	immediate	rename_different_length	publish	1	0.802	0	0	1044911	100000	0	ok
PROBE-TSV	1	tar.gz	entries	immediate	rename_different_length	reader_adoption	1	0.002	0	0	1044911	100000	0	ok
PROBE-TSV	1	tar.gz	entries	immediate	rename_different_length	reload	1	185.420	0	0	1044911	100000	0	ok
PROBE-TSV	1	tar.gz	entries	immediate	rename_different_length	total	1	1148.246	0	1073152	1044911	100000	0	ok
PROBE-TSV	1	tar.gz	entries	immediate	rename_different_length	tree_build	1	58.500	0	0	1044911	100000	0	ok
PROBE-TSV	1	tar.gz	entries	immediate	rename_different_length	updater_open	1	242.043	0	0	1044911	100000	0	ok
PROBE-TSV	1	tar.gz	entries	immediate	rename_different_length	verification_open	1	363.307	0	0	1044911	100000	0	ok
PROBE-PROGRESS	tar.gz	entries	rename_folder	4	2	63.483	420.917
PROBE-TSV	1	tar.gz	entries	immediate	rename_folder	capability_probe	1	172.801	0	0	1044896	100000	0	ok
PROBE-TSV	1	tar.gz	entries	immediate	rename_folder	commit	1	21.539	0	1572864	1044896	100000	0	ok
PROBE-TSV	1	tar.gz	entries	immediate	rename_folder	display	1	2.606	0	0	1044896	100000	0	ok
PROBE-TSV	1	tar.gz	entries	immediate	rename_folder	entry_comparison	1	59.666	0	0	1044896	100000	0	ok
PROBE-TSV	1	tar.gz	entries	immediate	rename_folder	filter_compute	1	0.000	0	0	1044896	100000	0	ok
PROBE-TSV	1	tar.gz	entries	immediate	rename_folder	mutate	1	63.443	0	0	1044896	100000	0	ok
PROBE-TSV	1	tar.gz	entries	immediate	rename_folder	name_index_advance	1	17.972	0	0	1044896	100000	0	ok
PROBE-TSV	1	tar.gz	entries	immediate	rename_folder	name_index_build	1	135.452	0	0	1044896	100000	0	ok
PROBE-TSV	1	tar.gz	entries	immediate	rename_folder	password_verification	1	0.287	0	0	1044896	100000	0	ok
PROBE-TSV	1	tar.gz	entries	immediate	rename_folder	plan_build	1	5.441	0	0	1044896	100000	0	ok
PROBE-TSV	1	tar.gz	entries	immediate	rename_folder	plan_validation	1	11.822	0	0	1044896	100000	0	ok
PROBE-TSV	1	tar.gz	entries	immediate	rename_folder	publish	1	0.807	0	0	1044896	100000	0	ok
PROBE-TSV	1	tar.gz	entries	immediate	rename_folder	reader_adoption	1	0.002	0	0	1044896	100000	0	ok
PROBE-TSV	1	tar.gz	entries	immediate	rename_folder	reload	1	191.383	0	0	1044896	100000	0	ok
PROBE-TSV	1	tar.gz	entries	immediate	rename_folder	total	1	1169.895	0	1585152	1044896	100000	0	ok
PROBE-TSV	1	tar.gz	entries	immediate	rename_folder	tree_build	1	58.602	0	0	1044896	100000	0	ok
PROBE-TSV	1	tar.gz	entries	immediate	rename_folder	updater_open	1	241.431	0	0	1044896	100000	0	ok
PROBE-TSV	1	tar.gz	entries	immediate	rename_folder	verification_open	1	354.867	0	0	1044896	100000	0	ok
PROBE-PROGRESS	tar.gz	entries	new_folder	4	2	61.371	430.582
PROBE-TSV	1	tar.gz	entries	immediate	new_folder	capability_probe	1	171.270	0	0	1044909	100000	0	ok
PROBE-TSV	1	tar.gz	entries	immediate	new_folder	commit	1	7.827	0	1060864	1044909	100000	0	ok
PROBE-TSV	1	tar.gz	entries	immediate	new_folder	display	1	2.971	0	0	1044909	100000	0	ok
PROBE-TSV	1	tar.gz	entries	immediate	new_folder	entry_comparison	1	59.910	0	0	1044909	100000	0	ok
PROBE-TSV	1	tar.gz	entries	immediate	new_folder	filter_compute	1	0.000	0	0	1044909	100000	0	ok
PROBE-TSV	1	tar.gz	entries	immediate	new_folder	mutate	1	61.331	0	0	1044909	100000	0	ok
PROBE-TSV	1	tar.gz	entries	immediate	new_folder	name_index_advance	1	12.361	0	0	1044909	100000	0	ok
PROBE-TSV	1	tar.gz	entries	immediate	new_folder	name_index_build	1	136.352	0	0	1044909	100000	0	ok
PROBE-TSV	1	tar.gz	entries	immediate	new_folder	password_verification	1	0.238	0	0	1044909	100000	0	ok
PROBE-TSV	1	tar.gz	entries	immediate	new_folder	plan_build	1	136.378	0	0	1044909	100000	0	ok
PROBE-TSV	1	tar.gz	entries	immediate	new_folder	plan_validation	1	9.207	0	0	1044909	100000	0	ok
PROBE-TSV	1	tar.gz	entries	immediate	new_folder	publish	1	0.781	0	0	1044909	100000	0	ok
PROBE-TSV	1	tar.gz	entries	immediate	new_folder	reader_adoption	1	0.002	0	0	1044909	100000	0	ok
PROBE-TSV	1	tar.gz	entries	immediate	new_folder	reload	1	184.265	0	0	1044909	100000	0	ok
PROBE-TSV	1	tar.gz	entries	immediate	new_folder	total	1	1149.503	0	1073152	1044909	100000	0	ok
PROBE-TSV	1	tar.gz	entries	immediate	new_folder	tree_build	1	58.953	0	0	1044909	100000	0	ok
PROBE-TSV	1	tar.gz	entries	immediate	new_folder	updater_open	1	241.800	0	0	1044909	100000	0	ok
PROBE-TSV	1	tar.gz	entries	immediate	new_folder	verification_open	1	364.692	0	0	1044909	100000	0	ok
PROBE-PROGRESS	tar.gz	entries	add_file	6	3	61.454	424.186
PROBE-TSV	1	tar.gz	entries	immediate	add_file	capability_probe	1	172.799	0	0	1044897	100000	0	ok
PROBE-TSV	1	tar.gz	entries	immediate	add_file	commit	1	6.338	0	1060864	1044897	100000	0	ok
PROBE-TSV	1	tar.gz	entries	immediate	add_file	display	1	2.976	0	0	1044897	100000	0	ok
PROBE-TSV	1	tar.gz	entries	immediate	add_file	entry_comparison	1	60.235	0	0	1044897	100000	0	ok
PROBE-TSV	1	tar.gz	entries	immediate	add_file	filter_compute	1	0.000	0	0	1044897	100000	0	ok
PROBE-TSV	1	tar.gz	entries	immediate	add_file	mutate	1	61.568	0	0	1044897	100000	0	ok
PROBE-TSV	1	tar.gz	entries	immediate	add_file	name_index_advance	1	12.288	0	0	1044897	100000	0	ok
PROBE-TSV	1	tar.gz	entries	immediate	add_file	name_index_build	1	134.887	0	0	1044897	100000	0	ok
PROBE-TSV	1	tar.gz	entries	immediate	add_file	password_verification	1	0.219	0	0	1044897	100000	0	ok
PROBE-TSV	1	tar.gz	entries	immediate	add_file	plan_build	3	0.084	0	0	1044897	100000	0	ok
PROBE-TSV	1	tar.gz	entries	immediate	add_file	plan_validation	1	9.215	0	0	1044897	100000	0	ok
PROBE-TSV	1	tar.gz	entries	immediate	add_file	publish	1	0.781	0	0	1044897	100000	0	ok
PROBE-TSV	1	tar.gz	entries	immediate	add_file	reader_adoption	1	0.002	0	0	1044897	100000	0	ok
PROBE-TSV	1	tar.gz	entries	immediate	add_file	reload	1	185.681	0	0	1044897	100000	0	ok
PROBE-TSV	1	tar.gz	entries	immediate	add_file	total	1	1143.502	0	1073152	1044897	100000	0	ok
PROBE-TSV	1	tar.gz	entries	immediate	add_file	tree_build	1	59.064	0	0	1044897	100000	0	ok
PROBE-TSV	1	tar.gz	entries	immediate	add_file	updater_open	1	243.105	0	0	1044897	100000	0	ok
PROBE-TSV	1	tar.gz	entries	immediate	add_file	verification_open	1	358.291	0	0	1044897	100000	0	ok
PROBE-PROGRESS	tar.gz	entries	replace_file	6	3	116.986	429.167
PROBE-TSV	1	tar.gz	entries	immediate	replace_file	capability_probe	1	172.418	0	0	1044893	100000	0	ok
PROBE-TSV	1	tar.gz	entries	immediate	replace_file	commit	1	9.343	0	1060864	1044893	100000	0	ok
PROBE-TSV	1	tar.gz	entries	immediate	replace_file	display	1	2.991	0	0	1044893	100000	0	ok
PROBE-TSV	1	tar.gz	entries	immediate	replace_file	entry_comparison	1	57.694	0	0	1044893	100000	0	ok
PROBE-TSV	1	tar.gz	entries	immediate	replace_file	filter_compute	1	0.000	0	0	1044893	100000	0	ok
PROBE-TSV	1	tar.gz	entries	immediate	replace_file	mutate	1	117.111	0	0	1044893	100000	0	ok
PROBE-TSV	1	tar.gz	entries	immediate	replace_file	name_index_advance	1	13.055	0	0	1044893	100000	0	ok
PROBE-TSV	1	tar.gz	entries	immediate	replace_file	name_index_build	1	138.664	0	0	1044893	100000	0	ok
PROBE-TSV	1	tar.gz	entries	immediate	replace_file	password_verification	1	0.205	0	0	1044893	100000	0	ok
PROBE-TSV	1	tar.gz	entries	immediate	replace_file	plan_build	4	2.402	0	0	1044893	100000	0	ok
PROBE-TSV	1	tar.gz	entries	immediate	replace_file	plan_validation	1	9.037	0	0	1044893	100000	0	ok
PROBE-TSV	1	tar.gz	entries	immediate	replace_file	publish	1	0.834	0	0	1044893	100000	0	ok
PROBE-TSV	1	tar.gz	entries	immediate	replace_file	reader_adoption	1	0.002	0	0	1044893	100000	0	ok
PROBE-TSV	1	tar.gz	entries	immediate	replace_file	reload	1	186.087	0	0	1044893	100000	0	ok
PROBE-TSV	1	tar.gz	entries	immediate	replace_file	total	1	1217.281	0	1073152	1044893	100000	0	ok
PROBE-TSV	1	tar.gz	entries	immediate	replace_file	tree_build	1	58.904	0	0	1044893	100000	0	ok
PROBE-TSV	1	tar.gz	entries	immediate	replace_file	updater_open	1	245.514	0	0	1044893	100000	0	ok
PROBE-TSV	1	tar.gz	entries	immediate	replace_file	verification_open	1	365.094	0	0	1044893	100000	0	ok
PROBE-TSV	1	tar.gz	entries	deferred	five_changes_reserve_rename	display	1	2.670	0	0	1044860	100000	0	ok
PROBE-TSV	1	tar.gz	entries	deferred	five_changes_reserve_rename	filter_compute	1	0.001	0	0	1044860	100000	0	ok
PROBE-TSV	1	tar.gz	entries	deferred	five_changes_reserve_rename	password_verification	1	0.553	0	0	1044860	100000	0	ok
PROBE-TSV	1	tar.gz	entries	deferred	five_changes_reserve_rename	total	1	140.492	0	0	1044860	100000	0	ok
PROBE-TSV	1	tar.gz	entries	deferred	five_changes_reserve_rename	tree_build	1	61.416	0	0	1044860	100000	0	ok
PROBE-TSV	1	tar.gz	entries	deferred	five_changes_reserve_delete	display	1	2.735	0	0	1044860	100000	0	ok
PROBE-TSV	1	tar.gz	entries	deferred	five_changes_reserve_delete	filter_compute	1	0.001	0	0	1044860	100000	0	ok
PROBE-TSV	1	tar.gz	entries	deferred	five_changes_reserve_delete	password_verification	1	0.546	0	0	1044860	100000	0	ok
PROBE-TSV	1	tar.gz	entries	deferred	five_changes_reserve_delete	total	1	144.350	0	0	1044860	100000	0	ok
PROBE-TSV	1	tar.gz	entries	deferred	five_changes_reserve_delete	tree_build	1	61.984	0	0	1044860	100000	0	ok
PROBE-TSV	1	tar.gz	entries	deferred	five_changes_reserve_new_folder	display	1	2.823	0	0	1044860	100000	0	ok
PROBE-TSV	1	tar.gz	entries	deferred	five_changes_reserve_new_folder	filter_compute	1	0.001	0	0	1044860	100000	0	ok
PROBE-TSV	1	tar.gz	entries	deferred	five_changes_reserve_new_folder	password_verification	1	0.546	0	0	1044860	100000	0	ok
PROBE-TSV	1	tar.gz	entries	deferred	five_changes_reserve_new_folder	total	1	139.244	0	0	1044860	100000	0	ok
PROBE-TSV	1	tar.gz	entries	deferred	five_changes_reserve_new_folder	tree_build	1	57.670	0	0	1044860	100000	0	ok
PROBE-TSV	1	tar.gz	entries	deferred	five_changes_reserve_delete_folder	display	1	2.891	0	0	1044860	100000	0	ok
PROBE-TSV	1	tar.gz	entries	deferred	five_changes_reserve_delete_folder	filter_compute	1	0.001	0	0	1044860	100000	0	ok
PROBE-TSV	1	tar.gz	entries	deferred	five_changes_reserve_delete_folder	password_verification	1	0.554	0	0	1044860	100000	0	ok
PROBE-TSV	1	tar.gz	entries	deferred	five_changes_reserve_delete_folder	total	1	147.364	0	0	1044860	100000	0	ok
PROBE-TSV	1	tar.gz	entries	deferred	five_changes_reserve_delete_folder	tree_build	1	59.881	0	0	1044860	100000	0	ok
PROBE-TSV	1	tar.gz	entries	deferred	five_changes_reserve_add	display	1	3.035	0	0	1044860	100000	0	ok
PROBE-TSV	1	tar.gz	entries	deferred	five_changes_reserve_add	filter_compute	1	0.000	0	0	1044860	100000	0	ok
PROBE-TSV	1	tar.gz	entries	deferred	five_changes_reserve_add	password_verification	1	0.558	0	0	1044860	100000	0	ok
PROBE-TSV	1	tar.gz	entries	deferred	five_changes_reserve_add	plan_build	3	0.059	0	0	1044860	100000	0	ok
PROBE-TSV	1	tar.gz	entries	deferred	five_changes_reserve_add	total	1	142.119	0	4096	1044860	100000	0	ok
PROBE-TSV	1	tar.gz	entries	deferred	five_changes_reserve_add	tree_build	1	56.872	0	0	1044860	100000	0	ok
PROBE-TSV	1	tar.gz	entries	deferred	save_five_changes	capability_probe	1	170.565	0	0	1034507	100000	0	ok
PROBE-TSV	1	tar.gz	entries	deferred	save_five_changes	commit	1	12.530	0	1048576	1034507	100000	0	ok
PROBE-TSV	1	tar.gz	entries	deferred	save_five_changes	display	1	2.887	0	0	1034507	100000	0	ok
PROBE-TSV	1	tar.gz	entries	deferred	save_five_changes	editing_install	1	0.007	0	0	1034507	100000	0	ok
PROBE-TSV	1	tar.gz	entries	deferred	save_five_changes	editing_prepare	1	25.963	0	0	1034507	100000	0	ok
PROBE-TSV	1	tar.gz	entries	deferred	save_five_changes	entry_comparison	1	58.907	0	0	1034507	100000	0	ok
PROBE-TSV	1	tar.gz	entries	deferred	save_five_changes	filter_compute	2	0.001	0	0	1034507	100000	0	ok
PROBE-TSV	1	tar.gz	entries	deferred	save_five_changes	name_index_advance	1	16.522	0	0	1034507	100000	0	ok
PROBE-TSV	1	tar.gz	entries	deferred	save_five_changes	password_verification	1	0.577	0	0	1034507	100000	0	ok
PROBE-TSV	1	tar.gz	entries	deferred	save_five_changes	publish	1	0.998	0	0	1034507	100000	0	ok
PROBE-TSV	1	tar.gz	entries	deferred	save_five_changes	reader_adoption	1	0.003	0	0	1034507	100000	0	ok
PROBE-TSV	1	tar.gz	entries	deferred	save_five_changes	reload	1	187.840	0	0	1034507	100000	0	ok
PROBE-TSV	1	tar.gz	entries	deferred	save_five_changes	replay	1	117.760	4096	0	1034507	100000	0	ok
PROBE-TSV	1	tar.gz	entries	deferred	save_five_changes	replay_plan	1	23.988	0	0	1034507	100000	0	ok
PROBE-TSV	1	tar.gz	entries	deferred	save_five_changes	representability_differential	1	0.811	0	0	1034507	100000	0	ok
PROBE-TSV	1	tar.gz	entries	deferred	save_five_changes	save_sheet	1	1429.810	4096	1073152	1034507	100000	0	ok
PROBE-TSV	1	tar.gz	entries	deferred	save_five_changes	total	1	1456.102	4096	1073152	1034507	100000	0	ok
PROBE-TSV	1	tar.gz	entries	deferred	save_five_changes	tree_build	1	60.360	0	0	1034507	100000	0	ok
PROBE-TSV	1	tar.gz	entries	deferred	save_five_changes	updater_open	1	244.432	0	0	1034507	100000	0	ok
PROBE-TSV	1	tar.gz	entries	deferred	save_five_changes	verification_open	1	365.574	0	0	1034507	100000	0	ok
PROBE-TSV	1	tar.gz	entries	deferred	rename_only_reserve_rename	display	1	2.665	0	0	1044860	100000	0	ok
PROBE-TSV	1	tar.gz	entries	deferred	rename_only_reserve_rename	filter_compute	1	0.001	0	0	1044860	100000	0	ok
PROBE-TSV	1	tar.gz	entries	deferred	rename_only_reserve_rename	password_verification	1	0.561	0	0	1044860	100000	0	ok
PROBE-TSV	1	tar.gz	entries	deferred	rename_only_reserve_rename	total	1	201.558	0	0	1044860	100000	0	ok
PROBE-TSV	1	tar.gz	entries	deferred	rename_only_reserve_rename	tree_build	1	59.350	0	0	1044860	100000	0	ok
PROBE-TSV	1	tar.gz	entries	deferred	save_rename_only	capability_probe	1	174.128	0	0	1044886	100000	0	ok
PROBE-TSV	1	tar.gz	entries	deferred	save_rename_only	commit	1	10.281	0	1060864	1044886	100000	0	ok
PROBE-TSV	1	tar.gz	entries	deferred	save_rename_only	display	1	2.872	0	0	1044886	100000	0	ok
PROBE-TSV	1	tar.gz	entries	deferred	save_rename_only	editing_install	1	0.006	0	0	1044886	100000	0	ok
PROBE-TSV	1	tar.gz	entries	deferred	save_rename_only	editing_prepare	1	25.817	0	0	1044886	100000	0	ok
PROBE-TSV	1	tar.gz	entries	deferred	save_rename_only	entry_comparison	1	60.282	0	0	1044886	100000	0	ok
PROBE-TSV	1	tar.gz	entries	deferred	save_rename_only	filter_compute	2	0.001	0	0	1044886	100000	0	ok
PROBE-TSV	1	tar.gz	entries	deferred	save_rename_only	name_index_advance	1	13.847	0	0	1044886	100000	0	ok
PROBE-TSV	1	tar.gz	entries	deferred	save_rename_only	password_verification	1	0.551	0	0	1044886	100000	0	ok
PROBE-TSV	1	tar.gz	entries	deferred	save_rename_only	publish	1	0.413	0	0	1044886	100000	0	ok
PROBE-TSV	1	tar.gz	entries	deferred	save_rename_only	reader_adoption	1	0.003	0	0	1044886	100000	0	ok
PROBE-TSV	1	tar.gz	entries	deferred	save_rename_only	reload	1	188.695	0	0	1044886	100000	0	ok
PROBE-TSV	1	tar.gz	entries	deferred	save_rename_only	replay	1	59.696	0	0	1044886	100000	0	ok
PROBE-TSV	1	tar.gz	entries	deferred	save_rename_only	replay_plan	1	21.320	0	0	1044886	100000	0	ok
PROBE-TSV	1	tar.gz	entries	deferred	save_rename_only	representability_differential	1	0.024	0	0	1044886	100000	0	ok
PROBE-TSV	1	tar.gz	entries	deferred	save_rename_only	save_sheet	1	1393.182	0	1073152	1044886	100000	0	ok
PROBE-TSV	1	tar.gz	entries	deferred	save_rename_only	total	1	1419.780	0	1073152	1044886	100000	0	ok
PROBE-TSV	1	tar.gz	entries	deferred	save_rename_only	tree_build	1	60.751	0	0	1044886	100000	0	ok
PROBE-TSV	1	tar.gz	entries	deferred	save_rename_only	updater_open	1	246.830	0	0	1044886	100000	0	ok
PROBE-TSV	1	tar.gz	entries	deferred	save_rename_only	verification_open	1	378.927	0	0	1044886	100000	0	ok
PROBE-PROGRESS	tar.gz	payload	delete_start	41	39	34.304	42.567
PROBE-TSV	1	tar.gz	payload	immediate	delete_start	capability_probe	1	1.902	0	0	160817842	1064	256	ok
PROBE-TSV	1	tar.gz	payload	immediate	delete_start	commit	1	59.203	0	160833536	160817842	1064	256	ok
PROBE-TSV	1	tar.gz	payload	immediate	delete_start	display	1	1.129	0	0	160817842	1064	256	ok
PROBE-TSV	1	tar.gz	payload	immediate	delete_start	entry_comparison	1	0.625	0	0	160817842	1064	256	ok
PROBE-TSV	1	tar.gz	payload	immediate	delete_start	filter_compute	1	0.000	0	0	160817842	1064	256	ok
PROBE-TSV	1	tar.gz	payload	immediate	delete_start	mutate	1	0.625	0	0	160817842	1064	256	ok
PROBE-TSV	1	tar.gz	payload	immediate	delete_start	password_verification	1	0.028	0	0	160817842	1064	256	ok
PROBE-TSV	1	tar.gz	payload	immediate	delete_start	plan_build	1	0.013	0	0	160817842	1064	256	ok
PROBE-TSV	1	tar.gz	payload	immediate	delete_start	plan_validation	1	0.096	0	0	160817842	1064	256	ok
PROBE-TSV	1	tar.gz	payload	immediate	delete_start	publish	1	0.734	0	0	160817842	1064	256	ok
PROBE-TSV	1	tar.gz	payload	immediate	delete_start	reader_adoption	1	0.002	0	0	160817842	1064	256	ok
PROBE-TSV	1	tar.gz	payload	immediate	delete_start	reload	1	2.086	0	0	160817842	1064	256	ok
PROBE-TSV	1	tar.gz	payload	immediate	delete_start	total	1	159.395	0	160845824	160817842	1064	256	ok
PROBE-TSV	1	tar.gz	payload	immediate	delete_start	tree_build	1	0.565	0	0	160817842	1064	256	ok
PROBE-TSV	1	tar.gz	payload	immediate	delete_start	updater_open	1	2.711	0	0	160817842	1064	256	ok
PROBE-TSV	1	tar.gz	payload	immediate	delete_start	verification_open	1	40.770	0	0	160817842	1064	256	ok
PROBE-PROGRESS	tar.gz	payload	delete_end	41	39	2.908	41.606
PROBE-TSV	1	tar.gz	payload	immediate	delete_end	capability_probe	1	1.959	0	0	162812002	1064	256	ok
PROBE-TSV	1	tar.gz	payload	immediate	delete_end	commit	1	25.981	0	162824192	162812002	1064	256	ok
PROBE-TSV	1	tar.gz	payload	immediate	delete_end	display	1	1.185	0	0	162812002	1064	256	ok
PROBE-TSV	1	tar.gz	payload	immediate	delete_end	entry_comparison	1	0.629	0	0	162812002	1064	256	ok
PROBE-TSV	1	tar.gz	payload	immediate	delete_end	filter_compute	1	0.000	0	0	162812002	1064	256	ok
PROBE-TSV	1	tar.gz	payload	immediate	delete_end	mutate	1	0.632	0	0	162812002	1064	256	ok
PROBE-TSV	1	tar.gz	payload	immediate	delete_end	password_verification	1	0.026	0	0	162812002	1064	256	ok
PROBE-TSV	1	tar.gz	payload	immediate	delete_end	plan_build	1	0.019	0	0	162812002	1064	256	ok
PROBE-TSV	1	tar.gz	payload	immediate	delete_end	plan_validation	1	0.098	0	0	162812002	1064	256	ok
PROBE-TSV	1	tar.gz	payload	immediate	delete_end	publish	1	0.702	0	0	162812002	1064	256	ok
PROBE-TSV	1	tar.gz	payload	immediate	delete_end	reader_adoption	1	0.002	0	0	162812002	1064	256	ok
PROBE-TSV	1	tar.gz	payload	immediate	delete_end	reload	1	2.125	0	0	162812002	1064	256	ok
PROBE-TSV	1	tar.gz	payload	immediate	delete_end	total	1	77.916	0	162836480	162812002	1064	256	ok
PROBE-TSV	1	tar.gz	payload	immediate	delete_end	tree_build	1	0.582	0	0	162812002	1064	256	ok
PROBE-TSV	1	tar.gz	payload	immediate	delete_end	updater_open	1	2.734	0	0	162812002	1064	256	ok
PROBE-TSV	1	tar.gz	payload	immediate	delete_end	verification_open	1	39.767	0	0	162812002	1064	256	ok
PROBE-PROGRESS	tar.gz	payload	rename_same_length	41	39	34.702	43.373
PROBE-TSV	1	tar.gz	payload	immediate	rename_same_length	capability_probe	1	1.988	0	0	162812011	1064	256	ok
PROBE-TSV	1	tar.gz	payload	immediate	rename_same_length	commit	1	59.902	0	162824192	162812011	1064	256	ok
PROBE-TSV	1	tar.gz	payload	immediate	rename_same_length	display	1	1.112	0	0	162812011	1064	256	ok
PROBE-TSV	1	tar.gz	payload	immediate	rename_same_length	entry_comparison	1	0.629	0	0	162812011	1064	256	ok
PROBE-TSV	1	tar.gz	payload	immediate	rename_same_length	filter_compute	1	0.000	0	0	162812011	1064	256	ok
PROBE-TSV	1	tar.gz	payload	immediate	rename_same_length	mutate	1	0.630	0	0	162812011	1064	256	ok
PROBE-TSV	1	tar.gz	payload	immediate	rename_same_length	name_index_advance	1	0.169	0	0	162812011	1064	256	ok
PROBE-TSV	1	tar.gz	payload	immediate	rename_same_length	name_index_build	1	1.396	0	0	162812011	1064	256	ok
PROBE-TSV	1	tar.gz	payload	immediate	rename_same_length	password_verification	1	0.035	0	0	162812011	1064	256	ok
PROBE-TSV	1	tar.gz	payload	immediate	rename_same_length	plan_build	1	0.016	0	0	162812011	1064	256	ok
PROBE-TSV	1	tar.gz	payload	immediate	rename_same_length	plan_validation	1	0.104	0	0	162812011	1064	256	ok
PROBE-TSV	1	tar.gz	payload	immediate	rename_same_length	publish	1	0.822	0	0	162812011	1064	256	ok
PROBE-TSV	1	tar.gz	payload	immediate	rename_same_length	reader_adoption	1	0.002	0	0	162812011	1064	256	ok
PROBE-TSV	1	tar.gz	payload	immediate	rename_same_length	reload	1	2.361	0	0	162812011	1064	256	ok
PROBE-TSV	1	tar.gz	payload	immediate	rename_same_length	total	1	115.458	0	162836480	162812011	1064	256	ok
PROBE-TSV	1	tar.gz	payload	immediate	rename_same_length	tree_build	1	0.558	0	0	162812011	1064	256	ok
PROBE-TSV	1	tar.gz	payload	immediate	rename_same_length	updater_open	1	2.716	0	0	162812011	1064	256	ok
PROBE-TSV	1	tar.gz	payload	immediate	rename_same_length	verification_open	1	41.390	0	0	162812011	1064	256	ok
PROBE-PROGRESS	tar.gz	payload	rename_different_length	41	39	34.601	43.081
PROBE-TSV	1	tar.gz	payload	immediate	rename_different_length	capability_probe	1	2.040	0	0	162812028	1064	256	ok
PROBE-TSV	1	tar.gz	payload	immediate	rename_different_length	commit	1	60.051	0	162824192	162812028	1064	256	ok
PROBE-TSV	1	tar.gz	payload	immediate	rename_different_length	display	1	1.082	0	0	162812028	1064	256	ok
PROBE-TSV	1	tar.gz	payload	immediate	rename_different_length	entry_comparison	1	0.610	0	0	162812028	1064	256	ok
PROBE-TSV	1	tar.gz	payload	immediate	rename_different_length	filter_compute	1	0.000	0	0	162812028	1064	256	ok
PROBE-TSV	1	tar.gz	payload	immediate	rename_different_length	mutate	1	0.630	0	0	162812028	1064	256	ok
PROBE-TSV	1	tar.gz	payload	immediate	rename_different_length	name_index_advance	1	0.152	0	0	162812028	1064	256	ok
PROBE-TSV	1	tar.gz	payload	immediate	rename_different_length	name_index_build	1	1.444	0	0	162812028	1064	256	ok
PROBE-TSV	1	tar.gz	payload	immediate	rename_different_length	password_verification	1	0.026	0	0	162812028	1064	256	ok
PROBE-TSV	1	tar.gz	payload	immediate	rename_different_length	plan_build	1	0.019	0	0	162812028	1064	256	ok
PROBE-TSV	1	tar.gz	payload	immediate	rename_different_length	plan_validation	1	0.102	0	0	162812028	1064	256	ok
PROBE-TSV	1	tar.gz	payload	immediate	rename_different_length	publish	1	0.733	0	0	162812028	1064	256	ok
PROBE-TSV	1	tar.gz	payload	immediate	rename_different_length	reader_adoption	1	0.002	0	0	162812028	1064	256	ok
PROBE-TSV	1	tar.gz	payload	immediate	rename_different_length	reload	1	2.396	0	0	162812028	1064	256	ok
PROBE-TSV	1	tar.gz	payload	immediate	rename_different_length	total	1	161.945	0	162836480	162812028	1064	256	ok
PROBE-TSV	1	tar.gz	payload	immediate	rename_different_length	tree_build	1	0.568	0	0	162812028	1064	256	ok
PROBE-TSV	1	tar.gz	payload	immediate	rename_different_length	updater_open	1	2.697	0	0	162812028	1064	256	ok
PROBE-TSV	1	tar.gz	payload	immediate	rename_different_length	verification_open	1	41.269	0	0	162812028	1064	256	ok
PROBE-PROGRESS	tar.gz	payload	rename_folder	53	51	491.852	119.947
PROBE-TSV	1	tar.gz	payload	immediate	rename_folder	capability_probe	1	1.995	0	0	162812303	1064	256	ok
PROBE-TSV	1	tar.gz	payload	immediate	rename_folder	commit	1	920.911	0	162852864	162812303	1064	256	ok
PROBE-TSV	1	tar.gz	payload	immediate	rename_folder	display	1	1.209	0	0	162812303	1064	256	ok
PROBE-TSV	1	tar.gz	payload	immediate	rename_folder	entry_comparison	1	0.632	0	0	162812303	1064	256	ok
PROBE-TSV	1	tar.gz	payload	immediate	rename_folder	filter_compute	1	0.000	0	0	162812303	1064	256	ok
PROBE-TSV	1	tar.gz	payload	immediate	rename_folder	mutate	1	0.891	0	0	162812303	1064	256	ok
PROBE-TSV	1	tar.gz	payload	immediate	rename_folder	name_index_advance	1	0.402	0	0	162812303	1064	256	ok
PROBE-TSV	1	tar.gz	payload	immediate	rename_folder	name_index_build	1	1.436	0	0	162812303	1064	256	ok
PROBE-TSV	1	tar.gz	payload	immediate	rename_folder	password_verification	1	0.025	0	0	162812303	1064	256	ok
PROBE-TSV	1	tar.gz	payload	immediate	rename_folder	plan_build	1	0.335	0	0	162812303	1064	256	ok
PROBE-TSV	1	tar.gz	payload	immediate	rename_folder	plan_validation	1	0.240	0	0	162812303	1064	256	ok
PROBE-TSV	1	tar.gz	payload	immediate	rename_folder	publish	1	0.790	0	0	162812303	1064	256	ok
PROBE-TSV	1	tar.gz	payload	immediate	rename_folder	reader_adoption	1	0.002	0	0	162812303	1064	256	ok
PROBE-TSV	1	tar.gz	payload	immediate	rename_folder	reload	1	2.598	0	0	162812303	1064	256	ok
PROBE-TSV	1	tar.gz	payload	immediate	rename_folder	total	1	1053.807	0	229974016	162812303	1064	256	ok
PROBE-TSV	1	tar.gz	payload	immediate	rename_folder	tree_build	1	0.570	0	0	162812303	1064	256	ok
PROBE-TSV	1	tar.gz	payload	immediate	rename_folder	updater_open	1	2.672	0	0	162812303	1064	256	ok
PROBE-TSV	1	tar.gz	payload	immediate	rename_folder	verification_open	1	117.871	0	67108864	162812303	1064	256	ok
PROBE-PROGRESS	tar.gz	payload	new_folder	41	39	1.485	41.095
PROBE-TSV	1	tar.gz	payload	immediate	new_folder	capability_probe	1	1.928	0	0	162812060	1064	256	ok
PROBE-TSV	1	tar.gz	payload	immediate	new_folder	commit	1	23.918	0	162820096	162812060	1064	256	ok
PROBE-TSV	1	tar.gz	payload	immediate	new_folder	display	1	1.079	0	0	162812060	1064	256	ok
PROBE-TSV	1	tar.gz	payload	immediate	new_folder	entry_comparison	1	0.638	0	0	162812060	1064	256	ok
PROBE-TSV	1	tar.gz	payload	immediate	new_folder	filter_compute	1	0.000	0	0	162812060	1064	256	ok
PROBE-TSV	1	tar.gz	payload	immediate	new_folder	mutate	1	0.755	0	0	162812060	1064	256	ok
PROBE-TSV	1	tar.gz	payload	immediate	new_folder	name_index_advance	1	0.134	0	0	162812060	1064	256	ok
PROBE-TSV	1	tar.gz	payload	immediate	new_folder	name_index_build	1	1.457	0	0	162812060	1064	256	ok
PROBE-TSV	1	tar.gz	payload	immediate	new_folder	password_verification	1	0.031	0	0	162812060	1064	256	ok
PROBE-TSV	1	tar.gz	payload	immediate	new_folder	plan_build	1	1.468	0	0	162812060	1064	256	ok
PROBE-TSV	1	tar.gz	payload	immediate	new_folder	plan_validation	1	0.093	0	0	162812060	1064	256	ok
PROBE-TSV	1	tar.gz	payload	immediate	new_folder	publish	1	0.735	0	0	162812060	1064	256	ok
PROBE-TSV	1	tar.gz	payload	immediate	new_folder	reader_adoption	1	0.002	0	0	162812060	1064	256	ok
PROBE-TSV	1	tar.gz	payload	immediate	new_folder	reload	1	2.272	0	0	162812060	1064	256	ok
PROBE-TSV	1	tar.gz	payload	immediate	new_folder	total	1	123.700	0	162832384	162812060	1064	256	ok
PROBE-TSV	1	tar.gz	payload	immediate	new_folder	tree_build	1	0.546	0	0	162812060	1064	256	ok
PROBE-TSV	1	tar.gz	payload	immediate	new_folder	updater_open	1	2.836	0	0	162812060	1064	256	ok
PROBE-TSV	1	tar.gz	payload	immediate	new_folder	verification_open	1	39.234	0	0	162812060	1064	256	ok
PROBE-PROGRESS	tar.gz	payload	add_file	43	40	1.489	41.845
PROBE-TSV	1	tar.gz	payload	immediate	add_file	capability_probe	1	1.961	0	0	162812049	1064	256	ok
PROBE-TSV	1	tar.gz	payload	immediate	add_file	commit	1	23.670	0	162820096	162812049	1064	256	ok
PROBE-TSV	1	tar.gz	payload	immediate	add_file	display	1	1.164	0	0	162812049	1064	256	ok
PROBE-TSV	1	tar.gz	payload	immediate	add_file	entry_comparison	1	0.603	0	0	162812049	1064	256	ok
PROBE-TSV	1	tar.gz	payload	immediate	add_file	filter_compute	1	0.000	0	0	162812049	1064	256	ok
PROBE-TSV	1	tar.gz	payload	immediate	add_file	mutate	1	0.811	0	0	162812049	1064	256	ok
PROBE-TSV	1	tar.gz	payload	immediate	add_file	name_index_advance	1	0.136	0	0	162812049	1064	256	ok
PROBE-TSV	1	tar.gz	payload	immediate	add_file	name_index_build	1	1.476	0	0	162812049	1064	256	ok
PROBE-TSV	1	tar.gz	payload	immediate	add_file	password_verification	1	0.025	0	0	162812049	1064	256	ok
PROBE-TSV	1	tar.gz	payload	immediate	add_file	plan_build	3	0.041	0	0	162812049	1064	256	ok
PROBE-TSV	1	tar.gz	payload	immediate	add_file	plan_validation	1	0.092	0	0	162812049	1064	256	ok
PROBE-TSV	1	tar.gz	payload	immediate	add_file	publish	1	0.763	0	0	162812049	1064	256	ok
PROBE-TSV	1	tar.gz	payload	immediate	add_file	reader_adoption	1	0.002	0	0	162812049	1064	256	ok
PROBE-TSV	1	tar.gz	payload	immediate	add_file	reload	1	2.289	0	0	162812049	1064	256	ok
PROBE-TSV	1	tar.gz	payload	immediate	add_file	total	1	78.004	0	162832384	162812049	1064	256	ok
PROBE-TSV	1	tar.gz	payload	immediate	add_file	tree_build	1	0.598	0	0	162812049	1064	256	ok
PROBE-TSV	1	tar.gz	payload	immediate	add_file	updater_open	1	2.710	0	0	162812049	1064	256	ok
PROBE-TSV	1	tar.gz	payload	immediate	add_file	verification_open	1	39.980	0	0	162812049	1064	256	ok
PROBE-PROGRESS	tar.gz	payload	replace_file	43	40	34.013	42.799
PROBE-TSV	1	tar.gz	payload	immediate	replace_file	capability_probe	1	1.948	0	0	160817881	1064	256	ok
PROBE-TSV	1	tar.gz	payload	immediate	replace_file	commit	1	58.078	0	160833536	160817881	1064	256	ok
PROBE-TSV	1	tar.gz	payload	immediate	replace_file	display	1	1.105	0	0	160817881	1064	256	ok
PROBE-TSV	1	tar.gz	payload	immediate	replace_file	entry_comparison	1	0.623	0	0	160817881	1064	256	ok
PROBE-TSV	1	tar.gz	payload	immediate	replace_file	filter_compute	1	0.000	0	0	160817881	1064	256	ok
PROBE-TSV	1	tar.gz	payload	immediate	replace_file	mutate	1	1.344	0	0	160817881	1064	256	ok
PROBE-TSV	1	tar.gz	payload	immediate	replace_file	name_index_advance	1	0.152	0	0	160817881	1064	256	ok
PROBE-TSV	1	tar.gz	payload	immediate	replace_file	name_index_build	1	1.412	0	0	160817881	1064	256	ok
PROBE-TSV	1	tar.gz	payload	immediate	replace_file	password_verification	1	0.026	0	0	160817881	1064	256	ok
PROBE-TSV	1	tar.gz	payload	immediate	replace_file	plan_build	4	0.072	0	0	160817881	1064	256	ok
PROBE-TSV	1	tar.gz	payload	immediate	replace_file	plan_validation	1	0.096	0	0	160817881	1064	256	ok
PROBE-TSV	1	tar.gz	payload	immediate	replace_file	publish	1	0.741	0	0	160817881	1064	256	ok
PROBE-TSV	1	tar.gz	payload	immediate	replace_file	reader_adoption	1	0.002	0	0	160817881	1064	256	ok
PROBE-TSV	1	tar.gz	payload	immediate	replace_file	reload	1	2.299	0	0	160817881	1064	256	ok
PROBE-TSV	1	tar.gz	payload	immediate	replace_file	total	1	113.717	0	160845824	160817881	1064	256	ok
PROBE-TSV	1	tar.gz	payload	immediate	replace_file	tree_build	1	0.551	0	0	160817881	1064	256	ok
PROBE-TSV	1	tar.gz	payload	immediate	replace_file	updater_open	1	2.775	0	0	160817881	1064	256	ok
PROBE-TSV	1	tar.gz	payload	immediate	replace_file	verification_open	1	40.913	0	0	160817881	1064	256	ok
PROBE-TSV	1	tar.gz	payload	deferred	five_changes_reserve_rename	display	1	0.978	0	0	162812011	1064	256	ok
PROBE-TSV	1	tar.gz	payload	deferred	five_changes_reserve_rename	filter_compute	1	0.000	0	0	162812011	1064	256	ok
PROBE-TSV	1	tar.gz	payload	deferred	five_changes_reserve_rename	password_verification	1	0.027	0	0	162812011	1064	256	ok
PROBE-TSV	1	tar.gz	payload	deferred	five_changes_reserve_rename	total	1	18.807	0	0	162812011	1064	256	ok
PROBE-TSV	1	tar.gz	payload	deferred	five_changes_reserve_rename	tree_build	1	0.597	0	0	162812011	1064	256	ok
PROBE-TSV	1	tar.gz	payload	deferred	five_changes_reserve_delete	display	1	0.924	0	0	162812011	1064	256	ok
PROBE-TSV	1	tar.gz	payload	deferred	five_changes_reserve_delete	filter_compute	1	0.000	0	0	162812011	1064	256	ok
PROBE-TSV	1	tar.gz	payload	deferred	five_changes_reserve_delete	password_verification	1	0.028	0	0	162812011	1064	256	ok
PROBE-TSV	1	tar.gz	payload	deferred	five_changes_reserve_delete	total	1	5.157	0	0	162812011	1064	256	ok
PROBE-TSV	1	tar.gz	payload	deferred	five_changes_reserve_delete	tree_build	1	0.567	0	0	162812011	1064	256	ok
PROBE-TSV	1	tar.gz	payload	deferred	five_changes_reserve_new_folder	display	1	0.394	0	0	162812011	1064	256	ok
PROBE-TSV	1	tar.gz	payload	deferred	five_changes_reserve_new_folder	filter_compute	1	0.000	0	0	162812011	1064	256	ok
PROBE-TSV	1	tar.gz	payload	deferred	five_changes_reserve_new_folder	password_verification	1	0.023	0	0	162812011	1064	256	ok
PROBE-TSV	1	tar.gz	payload	deferred	five_changes_reserve_new_folder	total	1	18.479	0	0	162812011	1064	256	ok
PROBE-TSV	1	tar.gz	payload	deferred	five_changes_reserve_new_folder	tree_build	1	0.539	0	0	162812011	1064	256	ok
PROBE-TSV	1	tar.gz	payload	deferred	five_changes_reserve_delete_folder	display	1	1.024	0	0	162812011	1064	256	ok
PROBE-TSV	1	tar.gz	payload	deferred	five_changes_reserve_delete_folder	filter_compute	1	0.000	0	0	162812011	1064	256	ok
PROBE-TSV	1	tar.gz	payload	deferred	five_changes_reserve_delete_folder	password_verification	1	0.045	0	0	162812011	1064	256	ok
PROBE-TSV	1	tar.gz	payload	deferred	five_changes_reserve_delete_folder	total	1	7.794	0	0	162812011	1064	256	ok
PROBE-TSV	1	tar.gz	payload	deferred	five_changes_reserve_delete_folder	tree_build	1	0.041	0	0	162812011	1064	256	ok
PROBE-TSV	1	tar.gz	payload	deferred	five_changes_reserve_add	display	1	0.924	0	0	162812011	1064	256	ok
PROBE-TSV	1	tar.gz	payload	deferred	five_changes_reserve_add	filter_compute	1	0.000	0	0	162812011	1064	256	ok
PROBE-TSV	1	tar.gz	payload	deferred	five_changes_reserve_add	password_verification	1	0.022	0	0	162812011	1064	256	ok
PROBE-TSV	1	tar.gz	payload	deferred	five_changes_reserve_add	plan_build	3	0.049	0	0	162812011	1064	256	ok
PROBE-TSV	1	tar.gz	payload	deferred	five_changes_reserve_add	total	1	30.926	0	4096	162812011	1064	256	ok
PROBE-TSV	1	tar.gz	payload	deferred	five_changes_reserve_add	tree_build	1	0.041	0	0	162812011	1064	256	ok
PROBE-TSV	1	tar.gz	payload	deferred	save_five_changes	capability_probe	1	0.266	0	0	162801576	1064	256	ok
PROBE-TSV	1	tar.gz	payload	deferred	save_five_changes	commit	1	23.525	0	162807808	162801576	1064	256	ok
PROBE-TSV	1	tar.gz	payload	deferred	save_five_changes	display	1	1.253	0	0	162801576	1064	256	ok
PROBE-TSV	1	tar.gz	payload	deferred	save_five_changes	editing_install	1	0.005	0	0	162801576	1064	256	ok
PROBE-TSV	1	tar.gz	payload	deferred	save_five_changes	editing_prepare	1	0.052	0	0	162801576	1064	256	ok
PROBE-TSV	1	tar.gz	payload	deferred	save_five_changes	entry_comparison	1	0.050	0	0	162801576	1064	256	ok
PROBE-TSV	1	tar.gz	payload	deferred	save_five_changes	filter_compute	2	0.001	0	0	162801576	1064	256	ok
PROBE-TSV	1	tar.gz	payload	deferred	save_five_changes	name_index_advance	1	0.715	0	0	162801576	1064	256	ok
PROBE-TSV	1	tar.gz	payload	deferred	save_five_changes	password_verification	1	0.024	0	0	162801576	1064	256	ok
PROBE-TSV	1	tar.gz	payload	deferred	save_five_changes	publish	1	0.940	0	0	162801576	1064	256	ok
PROBE-TSV	1	tar.gz	payload	deferred	save_five_changes	reader_adoption	1	0.002	0	0	162801576	1064	256	ok
PROBE-TSV	1	tar.gz	payload	deferred	save_five_changes	reload	1	2.298	0	0	162801576	1064	256	ok
PROBE-TSV	1	tar.gz	payload	deferred	save_five_changes	replay	1	2.149	4096	0	162801576	1064	256	ok
PROBE-TSV	1	tar.gz	payload	deferred	save_five_changes	replay_plan	1	1.541	0	0	162801576	1064	256	ok
PROBE-TSV	1	tar.gz	payload	deferred	save_five_changes	representability_differential	1	0.773	0	0	162801576	1064	256	ok
PROBE-TSV	1	tar.gz	payload	deferred	save_five_changes	save_sheet	1	116.092	4096	162832384	162801576	1064	256	ok
PROBE-TSV	1	tar.gz	payload	deferred	save_five_changes	total	1	116.398	4096	162832384	162801576	1064	256	ok
PROBE-TSV	1	tar.gz	payload	deferred	save_five_changes	tree_build	1	0.049	0	0	162801576	1064	256	ok
PROBE-TSV	1	tar.gz	payload	deferred	save_five_changes	updater_open	1	2.740	0	0	162801576	1064	256	ok
PROBE-TSV	1	tar.gz	payload	deferred	save_five_changes	verification_open	1	36.293	0	0	162801576	1064	256	ok
PROBE-TSV	1	tar.gz	payload	deferred	rename_only_reserve_rename	display	1	0.985	0	0	162812011	1064	256	ok
PROBE-TSV	1	tar.gz	payload	deferred	rename_only_reserve_rename	filter_compute	1	0.000	0	0	162812011	1064	256	ok
PROBE-TSV	1	tar.gz	payload	deferred	rename_only_reserve_rename	password_verification	1	0.026	0	0	162812011	1064	256	ok
PROBE-TSV	1	tar.gz	payload	deferred	rename_only_reserve_rename	total	1	21.498	0	0	162812011	1064	256	ok
PROBE-TSV	1	tar.gz	payload	deferred	rename_only_reserve_rename	tree_build	1	0.562	0	0	162812011	1064	256	ok
PROBE-TSV	1	tar.gz	payload	deferred	save_rename_only	capability_probe	1	2.083	0	0	162812016	1064	256	ok
PROBE-TSV	1	tar.gz	payload	deferred	save_rename_only	commit	1	59.832	0	162824192	162812016	1064	256	ok
PROBE-TSV	1	tar.gz	payload	deferred	save_rename_only	display	1	0.996	0	0	162812016	1064	256	ok
PROBE-TSV	1	tar.gz	payload	deferred	save_rename_only	editing_install	1	0.004	0	0	162812016	1064	256	ok
PROBE-TSV	1	tar.gz	payload	deferred	save_rename_only	editing_prepare	1	0.244	0	0	162812016	1064	256	ok
PROBE-TSV	1	tar.gz	payload	deferred	save_rename_only	entry_comparison	1	0.661	0	0	162812016	1064	256	ok
PROBE-TSV	1	tar.gz	payload	deferred	save_rename_only	filter_compute	2	0.000	0	0	162812016	1064	256	ok
PROBE-TSV	1	tar.gz	payload	deferred	save_rename_only	name_index_advance	1	0.121	0	0	162812016	1064	256	ok
PROBE-TSV	1	tar.gz	payload	deferred	save_rename_only	password_verification	1	0.028	0	0	162812016	1064	256	ok
PROBE-TSV	1	tar.gz	payload	deferred	save_rename_only	publish	1	0.369	0	0	162812016	1064	256	ok
PROBE-TSV	1	tar.gz	payload	deferred	save_rename_only	reader_adoption	1	0.002	0	0	162812016	1064	256	ok
PROBE-TSV	1	tar.gz	payload	deferred	save_rename_only	reload	1	3.573	0	0	162812016	1064	256	ok
PROBE-TSV	1	tar.gz	payload	deferred	save_rename_only	replay	1	0.680	0	0	162812016	1064	256	ok
PROBE-TSV	1	tar.gz	payload	deferred	save_rename_only	replay_plan	1	0.273	0	0	162812016	1064	256	ok
PROBE-TSV	1	tar.gz	payload	deferred	save_rename_only	representability_differential	1	0.019	0	0	162812016	1064	256	ok
PROBE-TSV	1	tar.gz	payload	deferred	save_rename_only	save_sheet	1	151.979	0	162836480	162812016	1064	256	ok
PROBE-TSV	1	tar.gz	payload	deferred	save_rename_only	total	1	152.519	0	162836480	162812016	1064	256	ok
PROBE-TSV	1	tar.gz	payload	deferred	save_rename_only	tree_build	1	0.577	0	0	162812016	1064	256	ok
PROBE-TSV	1	tar.gz	payload	deferred	save_rename_only	updater_open	1	2.923	0	0	162812016	1064	256	ok
PROBE-TSV	1	tar.gz	payload	deferred	save_rename_only	verification_open	1	41.691	0	0	162812016	1064	256	ok
PROBE-PROGRESS	tar.bz2	entries	delete_start	5	3	57.411	421.570
PROBE-TSV	1	tar.bz2	entries	immediate	delete_start	capability_probe	1	170.277	0	0	216386	100000	0	ok
PROBE-TSV	1	tar.bz2	entries	immediate	delete_start	commit	1	45.864	0	221184	216386	100000	0	ok
PROBE-TSV	1	tar.bz2	entries	immediate	delete_start	display	1	2.965	0	0	216386	100000	0	ok
PROBE-TSV	1	tar.bz2	entries	immediate	delete_start	entry_comparison	1	60.400	0	0	216386	100000	0	ok
PROBE-TSV	1	tar.bz2	entries	immediate	delete_start	filter_compute	1	0.000	0	0	216386	100000	0	ok
PROBE-TSV	1	tar.bz2	entries	immediate	delete_start	mutate	1	57.378	0	0	216386	100000	0	ok
PROBE-TSV	1	tar.bz2	entries	immediate	delete_start	password_verification	1	0.210	0	0	216386	100000	0	ok
PROBE-TSV	1	tar.bz2	entries	immediate	delete_start	plan_build	1	0.013	0	0	216386	100000	0	ok
PROBE-TSV	1	tar.bz2	entries	immediate	delete_start	plan_validation	1	9.091	0	0	216386	100000	0	ok
PROBE-TSV	1	tar.bz2	entries	immediate	delete_start	publish	1	0.831	0	0	216386	100000	0	ok
PROBE-TSV	1	tar.bz2	entries	immediate	delete_start	reader_adoption	1	0.002	0	0	216386	100000	0	ok
PROBE-TSV	1	tar.bz2	entries	immediate	delete_start	reload	1	170.624	0	0	216386	100000	0	ok
PROBE-TSV	1	tar.bz2	entries	immediate	delete_start	total	1	1023.911	0	233472	216386	100000	0	ok
PROBE-TSV	1	tar.bz2	entries	immediate	delete_start	tree_build	1	58.477	0	0	216386	100000	0	ok
PROBE-TSV	1	tar.bz2	entries	immediate	delete_start	updater_open	1	240.817	0	0	216386	100000	0	ok
PROBE-TSV	1	tar.bz2	entries	immediate	delete_start	verification_open	1	354.632	0	0	216386	100000	0	ok
PROBE-PROGRESS	tar.bz2	entries	delete_end	4	2	57.535	422.009
PROBE-TSV	1	tar.bz2	entries	immediate	delete_end	capability_probe	1	170.607	0	0	216403	100000	0	ok
PROBE-TSV	1	tar.bz2	entries	immediate	delete_end	commit	1	33.457	0	221184	216403	100000	0	ok
PROBE-TSV	1	tar.bz2	entries	immediate	delete_end	display	1	2.989	0	0	216403	100000	0	ok
PROBE-TSV	1	tar.bz2	entries	immediate	delete_end	entry_comparison	1	60.468	0	0	216403	100000	0	ok
PROBE-TSV	1	tar.bz2	entries	immediate	delete_end	filter_compute	1	0.000	0	0	216403	100000	0	ok
PROBE-TSV	1	tar.bz2	entries	immediate	delete_end	mutate	1	57.503	0	0	216403	100000	0	ok
PROBE-TSV	1	tar.bz2	entries	immediate	delete_end	password_verification	1	0.230	0	0	216403	100000	0	ok
PROBE-TSV	1	tar.bz2	entries	immediate	delete_end	plan_build	1	0.013	0	0	216403	100000	0	ok
PROBE-TSV	1	tar.bz2	entries	immediate	delete_end	plan_validation	1	8.874	0	0	216403	100000	0	ok
PROBE-TSV	1	tar.bz2	entries	immediate	delete_end	publish	1	0.802	0	0	216403	100000	0	ok
PROBE-TSV	1	tar.bz2	entries	immediate	delete_end	reader_adoption	1	0.002	0	0	216403	100000	0	ok
PROBE-TSV	1	tar.bz2	entries	immediate	delete_end	reload	1	170.961	0	0	216403	100000	0	ok
PROBE-TSV	1	tar.bz2	entries	immediate	delete_end	total	1	1022.892	0	233472	216403	100000	0	ok
PROBE-TSV	1	tar.bz2	entries	immediate	delete_end	tree_build	1	60.642	0	0	216403	100000	0	ok
PROBE-TSV	1	tar.bz2	entries	immediate	delete_end	updater_open	1	248.313	0	0	216403	100000	0	ok
PROBE-TSV	1	tar.bz2	entries	immediate	delete_end	verification_open	1	355.041	0	0	216403	100000	0	ok
PROBE-PROGRESS	tar.bz2	entries	rename_same_length	5	3	58.403	420.571
PROBE-TSV	1	tar.bz2	entries	immediate	rename_same_length	capability_probe	1	170.339	0	0	216373	100000	0	ok
PROBE-TSV	1	tar.bz2	entries	immediate	rename_same_length	commit	1	45.301	0	229376	216373	100000	0	ok
PROBE-TSV	1	tar.bz2	entries	immediate	rename_same_length	display	1	2.878	0	0	216373	100000	0	ok
PROBE-TSV	1	tar.bz2	entries	immediate	rename_same_length	entry_comparison	1	59.297	0	0	216373	100000	0	ok
PROBE-TSV	1	tar.bz2	entries	immediate	rename_same_length	filter_compute	1	0.000	0	0	216373	100000	0	ok
PROBE-TSV	1	tar.bz2	entries	immediate	rename_same_length	mutate	1	58.359	0	0	216373	100000	0	ok
PROBE-TSV	1	tar.bz2	entries	immediate	rename_same_length	name_index_advance	1	13.418	0	0	216373	100000	0	ok
PROBE-TSV	1	tar.bz2	entries	immediate	rename_same_length	name_index_build	1	136.573	0	0	216373	100000	0	ok
PROBE-TSV	1	tar.bz2	entries	immediate	rename_same_length	password_verification	1	0.221	0	0	216373	100000	0	ok
PROBE-TSV	1	tar.bz2	entries	immediate	rename_same_length	plan_build	1	0.029	0	0	216373	100000	0	ok
PROBE-TSV	1	tar.bz2	entries	immediate	rename_same_length	plan_validation	1	9.153	0	0	216373	100000	0	ok
PROBE-TSV	1	tar.bz2	entries	immediate	rename_same_length	publish	1	0.803	0	0	216373	100000	0	ok
PROBE-TSV	1	tar.bz2	entries	immediate	rename_same_length	reader_adoption	1	0.002	0	0	216373	100000	0	ok
PROBE-TSV	1	tar.bz2	entries	immediate	rename_same_length	reload	1	184.348	0	0	216373	100000	0	ok
PROBE-TSV	1	tar.bz2	entries	immediate	rename_same_length	total	1	1176.335	0	241664	216373	100000	0	ok
PROBE-TSV	1	tar.bz2	entries	immediate	rename_same_length	tree_build	1	58.559	0	0	216373	100000	0	ok
PROBE-TSV	1	tar.bz2	entries	immediate	rename_same_length	updater_open	1	243.546	0	0	216373	100000	0	ok
PROBE-TSV	1	tar.bz2	entries	immediate	rename_same_length	verification_open	1	354.843	0	0	216373	100000	0	ok
PROBE-PROGRESS	tar.bz2	entries	rename_different_length	5	3	58.218	427.939
PROBE-TSV	1	tar.bz2	entries	immediate	rename_different_length	capability_probe	1	171.498	0	0	216511	100000	0	ok
PROBE-TSV	1	tar.bz2	entries	immediate	rename_different_length	commit	1	46.052	0	229376	216511	100000	0	ok
PROBE-TSV	1	tar.bz2	entries	immediate	rename_different_length	display	1	2.894	0	0	216511	100000	0	ok
PROBE-TSV	1	tar.bz2	entries	immediate	rename_different_length	entry_comparison	1	59.906	0	0	216511	100000	0	ok
PROBE-TSV	1	tar.bz2	entries	immediate	rename_different_length	filter_compute	1	0.000	0	0	216511	100000	0	ok
PROBE-TSV	1	tar.bz2	entries	immediate	rename_different_length	mutate	1	58.180	0	0	216511	100000	0	ok
PROBE-TSV	1	tar.bz2	entries	immediate	rename_different_length	name_index_advance	1	13.426	0	0	216511	100000	0	ok
PROBE-TSV	1	tar.bz2	entries	immediate	rename_different_length	name_index_build	1	135.655	0	0	216511	100000	0	ok
PROBE-TSV	1	tar.bz2	entries	immediate	rename_different_length	password_verification	1	0.200	0	0	216511	100000	0	ok
PROBE-TSV	1	tar.bz2	entries	immediate	rename_different_length	plan_build	1	0.032	0	0	216511	100000	0	ok
PROBE-TSV	1	tar.bz2	entries	immediate	rename_different_length	plan_validation	1	9.037	0	0	216511	100000	0	ok
PROBE-TSV	1	tar.bz2	entries	immediate	rename_different_length	publish	1	0.769	0	0	216511	100000	0	ok
PROBE-TSV	1	tar.bz2	entries	immediate	rename_different_length	reader_adoption	1	0.002	0	0	216511	100000	0	ok
PROBE-TSV	1	tar.bz2	entries	immediate	rename_different_length	reload	1	185.586	0	0	216511	100000	0	ok
PROBE-TSV	1	tar.bz2	entries	immediate	rename_different_length	total	1	1183.124	0	241664	216511	100000	0	ok
PROBE-TSV	1	tar.bz2	entries	immediate	rename_different_length	tree_build	1	58.119	0	0	216511	100000	0	ok
PROBE-TSV	1	tar.bz2	entries	immediate	rename_different_length	updater_open	1	242.452	0	0	216511	100000	0	ok
PROBE-TSV	1	tar.bz2	entries	immediate	rename_different_length	verification_open	1	361.599	0	0	216511	100000	0	ok
PROBE-PROGRESS	tar.bz2	entries	rename_folder	5	3	61.842	418.777
PROBE-TSV	1	tar.bz2	entries	immediate	rename_folder	capability_probe	1	173.396	0	0	216740	100000	0	ok
PROBE-TSV	1	tar.bz2	entries	immediate	rename_folder	commit	1	57.350	0	741376	216740	100000	0	ok
PROBE-TSV	1	tar.bz2	entries	immediate	rename_folder	display	1	2.724	0	0	216740	100000	0	ok
PROBE-TSV	1	tar.bz2	entries	immediate	rename_folder	entry_comparison	1	60.192	0	0	216740	100000	0	ok
PROBE-TSV	1	tar.bz2	entries	immediate	rename_folder	filter_compute	1	0.000	0	0	216740	100000	0	ok
PROBE-TSV	1	tar.bz2	entries	immediate	rename_folder	mutate	1	61.802	0	0	216740	100000	0	ok
PROBE-TSV	1	tar.bz2	entries	immediate	rename_folder	name_index_advance	1	18.429	0	0	216740	100000	0	ok
PROBE-TSV	1	tar.bz2	entries	immediate	rename_folder	name_index_build	1	135.639	0	0	216740	100000	0	ok
PROBE-TSV	1	tar.bz2	entries	immediate	rename_folder	password_verification	1	0.213	0	0	216740	100000	0	ok
PROBE-TSV	1	tar.bz2	entries	immediate	rename_folder	plan_build	1	5.560	0	0	216740	100000	0	ok
PROBE-TSV	1	tar.bz2	entries	immediate	rename_folder	plan_validation	1	11.506	0	0	216740	100000	0	ok
PROBE-TSV	1	tar.bz2	entries	immediate	rename_folder	publish	1	0.828	0	0	216740	100000	0	ok
PROBE-TSV	1	tar.bz2	entries	immediate	rename_folder	reader_adoption	1	0.003	0	0	216740	100000	0	ok
PROBE-TSV	1	tar.bz2	entries	immediate	rename_folder	reload	1	192.473	0	0	216740	100000	0	ok
PROBE-TSV	1	tar.bz2	entries	immediate	rename_folder	total	1	1202.844	0	753664	216740	100000	0	ok
PROBE-TSV	1	tar.bz2	entries	immediate	rename_folder	tree_build	1	58.730	0	0	216740	100000	0	ok
PROBE-TSV	1	tar.bz2	entries	immediate	rename_folder	updater_open	1	240.412	0	0	216740	100000	0	ok
PROBE-TSV	1	tar.bz2	entries	immediate	rename_folder	verification_open	1	351.921	0	0	216740	100000	0	ok
PROBE-PROGRESS	tar.bz2	entries	new_folder	4	2	60.971	412.869
PROBE-TSV	1	tar.bz2	entries	immediate	new_folder	capability_probe	1	173.052	0	0	216486	100000	0	ok
PROBE-TSV	1	tar.bz2	entries	immediate	new_folder	commit	1	7.455	0	229376	216486	100000	0	ok
PROBE-TSV	1	tar.bz2	entries	immediate	new_folder	display	1	3.022	0	0	216486	100000	0	ok
PROBE-TSV	1	tar.bz2	entries	immediate	new_folder	entry_comparison	1	59.407	0	0	216486	100000	0	ok
PROBE-TSV	1	tar.bz2	entries	immediate	new_folder	filter_compute	1	0.000	0	0	216486	100000	0	ok
PROBE-TSV	1	tar.bz2	entries	immediate	new_folder	mutate	1	60.932	0	0	216486	100000	0	ok
PROBE-TSV	1	tar.bz2	entries	immediate	new_folder	name_index_advance	1	12.660	0	0	216486	100000	0	ok
PROBE-TSV	1	tar.bz2	entries	immediate	new_folder	name_index_build	1	137.316	0	0	216486	100000	0	ok
PROBE-TSV	1	tar.bz2	entries	immediate	new_folder	password_verification	1	0.210	0	0	216486	100000	0	ok
PROBE-TSV	1	tar.bz2	entries	immediate	new_folder	plan_build	1	137.343	0	0	216486	100000	0	ok
PROBE-TSV	1	tar.bz2	entries	immediate	new_folder	plan_validation	1	9.153	0	0	216486	100000	0	ok
PROBE-TSV	1	tar.bz2	entries	immediate	new_folder	publish	1	0.768	0	0	216486	100000	0	ok
PROBE-TSV	1	tar.bz2	entries	immediate	new_folder	reader_adoption	1	0.002	0	0	216486	100000	0	ok
PROBE-TSV	1	tar.bz2	entries	immediate	new_folder	reload	1	186.325	0	0	216486	100000	0	ok
PROBE-TSV	1	tar.bz2	entries	immediate	new_folder	total	1	1133.203	0	241664	216486	100000	0	ok
PROBE-TSV	1	tar.bz2	entries	immediate	new_folder	tree_build	1	58.994	0	0	216486	100000	0	ok
PROBE-TSV	1	tar.bz2	entries	immediate	new_folder	updater_open	1	240.702	0	0	216486	100000	0	ok
PROBE-TSV	1	tar.bz2	entries	immediate	new_folder	verification_open	1	347.701	0	0	216486	100000	0	ok
PROBE-PROGRESS	tar.bz2	entries	add_file	6	3	61.135	420.275
PROBE-TSV	1	tar.bz2	entries	immediate	add_file	capability_probe	1	172.542	0	0	216490	100000	0	ok
PROBE-TSV	1	tar.bz2	entries	immediate	add_file	commit	1	5.895	0	229376	216490	100000	0	ok
PROBE-TSV	1	tar.bz2	entries	immediate	add_file	display	1	3.020	0	0	216490	100000	0	ok
PROBE-TSV	1	tar.bz2	entries	immediate	add_file	entry_comparison	1	61.049	0	0	216490	100000	0	ok
PROBE-TSV	1	tar.bz2	entries	immediate	add_file	filter_compute	1	0.000	0	0	216490	100000	0	ok
PROBE-TSV	1	tar.bz2	entries	immediate	add_file	mutate	1	61.254	0	0	216490	100000	0	ok
PROBE-TSV	1	tar.bz2	entries	immediate	add_file	name_index_advance	1	12.627	0	0	216490	100000	0	ok
PROBE-TSV	1	tar.bz2	entries	immediate	add_file	name_index_build	1	135.305	0	0	216490	100000	0	ok
PROBE-TSV	1	tar.bz2	entries	immediate	add_file	password_verification	1	0.222	0	0	216490	100000	0	ok
PROBE-TSV	1	tar.bz2	entries	immediate	add_file	plan_build	3	0.082	0	0	216490	100000	0	ok
PROBE-TSV	1	tar.bz2	entries	immediate	add_file	plan_validation	1	8.946	0	0	216490	100000	0	ok
PROBE-TSV	1	tar.bz2	entries	immediate	add_file	publish	1	0.809	0	0	216490	100000	0	ok
PROBE-TSV	1	tar.bz2	entries	immediate	add_file	reader_adoption	1	0.002	0	0	216490	100000	0	ok
PROBE-TSV	1	tar.bz2	entries	immediate	add_file	reload	1	185.765	0	0	216490	100000	0	ok
PROBE-TSV	1	tar.bz2	entries	immediate	add_file	total	1	1137.108	0	241664	216490	100000	0	ok
PROBE-TSV	1	tar.bz2	entries	immediate	add_file	tree_build	1	58.217	0	0	216490	100000	0	ok
PROBE-TSV	1	tar.bz2	entries	immediate	add_file	updater_open	1	240.939	0	0	216490	100000	0	ok
PROBE-TSV	1	tar.bz2	entries	immediate	add_file	verification_open	1	353.566	0	0	216490	100000	0	ok
PROBE-PROGRESS	tar.bz2	entries	replace_file	7	4	110.701	429.447
PROBE-TSV	1	tar.bz2	entries	immediate	replace_file	capability_probe	1	173.418	0	0	216500	100000	0	ok
PROBE-TSV	1	tar.bz2	entries	immediate	replace_file	commit	1	45.148	0	229376	216500	100000	0	ok
PROBE-TSV	1	tar.bz2	entries	immediate	replace_file	display	1	2.910	0	0	216500	100000	0	ok
PROBE-TSV	1	tar.bz2	entries	immediate	replace_file	entry_comparison	1	60.931	0	0	216500	100000	0	ok
PROBE-TSV	1	tar.bz2	entries	immediate	replace_file	filter_compute	1	0.000	0	0	216500	100000	0	ok
PROBE-TSV	1	tar.bz2	entries	immediate	replace_file	mutate	1	110.833	0	0	216500	100000	0	ok
PROBE-TSV	1	tar.bz2	entries	immediate	replace_file	name_index_advance	1	13.590	0	0	216500	100000	0	ok
PROBE-TSV	1	tar.bz2	entries	immediate	replace_file	name_index_build	1	137.009	0	0	216500	100000	0	ok
PROBE-TSV	1	tar.bz2	entries	immediate	replace_file	password_verification	1	0.209	0	0	216500	100000	0	ok
PROBE-TSV	1	tar.bz2	entries	immediate	replace_file	plan_build	4	2.336	0	0	216500	100000	0	ok
PROBE-TSV	1	tar.bz2	entries	immediate	replace_file	plan_validation	1	9.092	0	0	216500	100000	0	ok
PROBE-TSV	1	tar.bz2	entries	immediate	replace_file	publish	1	0.760	0	0	216500	100000	0	ok
PROBE-TSV	1	tar.bz2	entries	immediate	replace_file	reader_adoption	1	0.002	0	0	216500	100000	0	ok
PROBE-TSV	1	tar.bz2	entries	immediate	replace_file	reload	1	187.629	0	0	216500	100000	0	ok
PROBE-TSV	1	tar.bz2	entries	immediate	replace_file	total	1	1244.699	0	241664	216500	100000	0	ok
PROBE-TSV	1	tar.bz2	entries	immediate	replace_file	tree_build	1	61.221	0	0	216500	100000	0	ok
PROBE-TSV	1	tar.bz2	entries	immediate	replace_file	updater_open	1	241.026	0	0	216500	100000	0	ok
PROBE-TSV	1	tar.bz2	entries	immediate	replace_file	verification_open	1	362.144	0	0	216500	100000	0	ok
PROBE-TSV	1	tar.bz2	entries	deferred	five_changes_reserve_rename	display	1	2.623	0	0	216388	100000	0	ok
PROBE-TSV	1	tar.bz2	entries	deferred	five_changes_reserve_rename	filter_compute	1	0.001	0	0	216388	100000	0	ok
PROBE-TSV	1	tar.bz2	entries	deferred	five_changes_reserve_rename	password_verification	1	0.562	0	0	216388	100000	0	ok
PROBE-TSV	1	tar.bz2	entries	deferred	five_changes_reserve_rename	total	1	146.291	0	0	216388	100000	0	ok
PROBE-TSV	1	tar.bz2	entries	deferred	five_changes_reserve_rename	tree_build	1	63.670	0	0	216388	100000	0	ok
PROBE-TSV	1	tar.bz2	entries	deferred	five_changes_reserve_delete	display	1	3.273	0	0	216388	100000	0	ok
PROBE-TSV	1	tar.bz2	entries	deferred	five_changes_reserve_delete	filter_compute	1	0.001	0	0	216388	100000	0	ok
PROBE-TSV	1	tar.bz2	entries	deferred	five_changes_reserve_delete	password_verification	1	0.559	0	0	216388	100000	0	ok
PROBE-TSV	1	tar.bz2	entries	deferred	five_changes_reserve_delete	total	1	150.226	0	0	216388	100000	0	ok
PROBE-TSV	1	tar.bz2	entries	deferred	five_changes_reserve_delete	tree_build	1	62.785	0	0	216388	100000	0	ok
PROBE-TSV	1	tar.bz2	entries	deferred	five_changes_reserve_new_folder	display	1	2.889	0	0	216388	100000	0	ok
PROBE-TSV	1	tar.bz2	entries	deferred	five_changes_reserve_new_folder	filter_compute	1	0.001	0	0	216388	100000	0	ok
PROBE-TSV	1	tar.bz2	entries	deferred	five_changes_reserve_new_folder	password_verification	1	0.568	0	0	216388	100000	0	ok
PROBE-TSV	1	tar.bz2	entries	deferred	five_changes_reserve_new_folder	total	1	144.559	0	0	216388	100000	0	ok
PROBE-TSV	1	tar.bz2	entries	deferred	five_changes_reserve_new_folder	tree_build	1	58.824	0	0	216388	100000	0	ok
PROBE-TSV	1	tar.bz2	entries	deferred	five_changes_reserve_delete_folder	display	1	2.738	0	0	216388	100000	0	ok
PROBE-TSV	1	tar.bz2	entries	deferred	five_changes_reserve_delete_folder	filter_compute	1	0.001	0	0	216388	100000	0	ok
PROBE-TSV	1	tar.bz2	entries	deferred	five_changes_reserve_delete_folder	password_verification	1	0.557	0	0	216388	100000	0	ok
PROBE-TSV	1	tar.bz2	entries	deferred	five_changes_reserve_delete_folder	total	1	151.818	0	0	216388	100000	0	ok
PROBE-TSV	1	tar.bz2	entries	deferred	five_changes_reserve_delete_folder	tree_build	1	62.263	0	0	216388	100000	0	ok
PROBE-TSV	1	tar.bz2	entries	deferred	five_changes_reserve_add	display	1	2.885	0	0	216388	100000	0	ok
PROBE-TSV	1	tar.bz2	entries	deferred	five_changes_reserve_add	filter_compute	1	0.001	0	0	216388	100000	0	ok
PROBE-TSV	1	tar.bz2	entries	deferred	five_changes_reserve_add	password_verification	1	0.573	0	0	216388	100000	0	ok
PROBE-TSV	1	tar.bz2	entries	deferred	five_changes_reserve_add	plan_build	3	0.052	0	0	216388	100000	0	ok
PROBE-TSV	1	tar.bz2	entries	deferred	five_changes_reserve_add	total	1	147.871	0	4096	216388	100000	0	ok
PROBE-TSV	1	tar.bz2	entries	deferred	five_changes_reserve_add	tree_build	1	58.865	0	0	216388	100000	0	ok
PROBE-TSV	1	tar.bz2	entries	deferred	save_five_changes	capability_probe	1	172.834	0	0	214912	100000	0	ok
PROBE-TSV	1	tar.bz2	entries	deferred	save_five_changes	commit	1	39.280	0	229376	214912	100000	0	ok
PROBE-TSV	1	tar.bz2	entries	deferred	save_five_changes	display	1	2.893	0	0	214912	100000	0	ok
PROBE-TSV	1	tar.bz2	entries	deferred	save_five_changes	editing_install	1	0.007	0	0	214912	100000	0	ok
PROBE-TSV	1	tar.bz2	entries	deferred	save_five_changes	editing_prepare	1	25.688	0	0	214912	100000	0	ok
PROBE-TSV	1	tar.bz2	entries	deferred	save_five_changes	entry_comparison	1	61.294	0	0	214912	100000	0	ok
PROBE-TSV	1	tar.bz2	entries	deferred	save_five_changes	filter_compute	2	0.001	0	0	214912	100000	0	ok
PROBE-TSV	1	tar.bz2	entries	deferred	save_five_changes	name_index_advance	1	17.358	0	0	214912	100000	0	ok
PROBE-TSV	1	tar.bz2	entries	deferred	save_five_changes	password_verification	1	0.546	0	0	214912	100000	0	ok
PROBE-TSV	1	tar.bz2	entries	deferred	save_five_changes	publish	1	0.938	0	0	214912	100000	0	ok
PROBE-TSV	1	tar.bz2	entries	deferred	save_five_changes	reader_adoption	1	0.003	0	0	214912	100000	0	ok
PROBE-TSV	1	tar.bz2	entries	deferred	save_five_changes	reload	1	190.915	0	0	214912	100000	0	ok
PROBE-TSV	1	tar.bz2	entries	deferred	save_five_changes	replay	1	117.430	4096	0	214912	100000	0	ok
PROBE-TSV	1	tar.bz2	entries	deferred	save_five_changes	replay_plan	1	25.027	0	0	214912	100000	0	ok
PROBE-TSV	1	tar.bz2	entries	deferred	save_five_changes	representability_differential	1	0.776	0	0	214912	100000	0	ok
PROBE-TSV	1	tar.bz2	entries	deferred	save_five_changes	save_sheet	1	1468.379	4096	253952	214912	100000	0	ok
PROBE-TSV	1	tar.bz2	entries	deferred	save_five_changes	total	1	1494.399	4096	253952	214912	100000	0	ok
PROBE-TSV	1	tar.bz2	entries	deferred	save_five_changes	tree_build	1	60.477	0	0	214912	100000	0	ok
PROBE-TSV	1	tar.bz2	entries	deferred	save_five_changes	updater_open	1	245.660	0	0	214912	100000	0	ok
PROBE-TSV	1	tar.bz2	entries	deferred	save_five_changes	verification_open	1	365.908	0	0	214912	100000	0	ok
PROBE-TSV	1	tar.bz2	entries	deferred	rename_only_reserve_rename	display	1	2.574	0	0	216388	100000	0	ok
PROBE-TSV	1	tar.bz2	entries	deferred	rename_only_reserve_rename	filter_compute	1	0.000	0	0	216388	100000	0	ok
PROBE-TSV	1	tar.bz2	entries	deferred	rename_only_reserve_rename	password_verification	1	0.553	0	0	216388	100000	0	ok
PROBE-TSV	1	tar.bz2	entries	deferred	rename_only_reserve_rename	total	1	209.319	0	0	216388	100000	0	ok
PROBE-TSV	1	tar.bz2	entries	deferred	rename_only_reserve_rename	tree_build	1	59.366	0	0	216388	100000	0	ok
PROBE-TSV	1	tar.bz2	entries	deferred	save_rename_only	capability_probe	1	174.865	0	0	216387	100000	0	ok
PROBE-TSV	1	tar.bz2	entries	deferred	save_rename_only	commit	1	45.681	0	229376	216387	100000	0	ok
PROBE-TSV	1	tar.bz2	entries	deferred	save_rename_only	display	1	2.858	0	0	216387	100000	0	ok
PROBE-TSV	1	tar.bz2	entries	deferred	save_rename_only	editing_install	1	0.006	0	0	216387	100000	0	ok
PROBE-TSV	1	tar.bz2	entries	deferred	save_rename_only	editing_prepare	1	25.266	0	0	216387	100000	0	ok
PROBE-TSV	1	tar.bz2	entries	deferred	save_rename_only	entry_comparison	1	59.275	0	0	216387	100000	0	ok
PROBE-TSV	1	tar.bz2	entries	deferred	save_rename_only	filter_compute	2	0.001	0	0	216387	100000	0	ok
PROBE-TSV	1	tar.bz2	entries	deferred	save_rename_only	name_index_advance	1	13.974	0	0	216387	100000	0	ok
PROBE-TSV	1	tar.bz2	entries	deferred	save_rename_only	password_verification	1	0.563	0	0	216387	100000	0	ok
PROBE-TSV	1	tar.bz2	entries	deferred	save_rename_only	publish	1	0.415	0	0	216387	100000	0	ok
PROBE-TSV	1	tar.bz2	entries	deferred	save_rename_only	reader_adoption	1	0.003	0	0	216387	100000	0	ok
PROBE-TSV	1	tar.bz2	entries	deferred	save_rename_only	reload	1	189.598	0	0	216387	100000	0	ok
PROBE-TSV	1	tar.bz2	entries	deferred	save_rename_only	replay	1	59.916	0	0	216387	100000	0	ok
PROBE-TSV	1	tar.bz2	entries	deferred	save_rename_only	replay_plan	1	24.074	0	0	216387	100000	0	ok
PROBE-TSV	1	tar.bz2	entries	deferred	save_rename_only	representability_differential	1	0.024	0	0	216387	100000	0	ok
PROBE-TSV	1	tar.bz2	entries	deferred	save_rename_only	save_sheet	1	1422.589	0	241664	216387	100000	0	ok
PROBE-TSV	1	tar.bz2	entries	deferred	save_rename_only	total	1	1448.156	0	241664	216387	100000	0	ok
PROBE-TSV	1	tar.bz2	entries	deferred	save_rename_only	tree_build	1	62.694	0	0	216387	100000	0	ok
PROBE-TSV	1	tar.bz2	entries	deferred	save_rename_only	updater_open	1	243.161	0	0	216387	100000	0	ok
PROBE-TSV	1	tar.bz2	entries	deferred	save_rename_only	verification_open	1	377.975	0	0	216387	100000	0	ok
PROBE-PROGRESS	tar.bz2	payload	delete_start	35	33	1.415	16.413
PROBE-TSV	1	tar.bz2	payload	immediate	delete_start	capability_probe	1	2.011	0	0	141441820	1064	256	ok
PROBE-TSV	1	tar.bz2	payload	immediate	delete_start	commit	1	21.033	0	141455360	141441820	1064	256	ok
PROBE-TSV	1	tar.bz2	payload	immediate	delete_start	display	1	1.221	0	0	141441820	1064	256	ok
PROBE-TSV	1	tar.bz2	payload	immediate	delete_start	entry_comparison	1	0.627	0	0	141441820	1064	256	ok
PROBE-TSV	1	tar.bz2	payload	immediate	delete_start	filter_compute	1	0.000	0	0	141441820	1064	256	ok
PROBE-TSV	1	tar.bz2	payload	immediate	delete_start	mutate	1	0.619	0	0	141441820	1064	256	ok
PROBE-TSV	1	tar.bz2	payload	immediate	delete_start	password_verification	1	0.028	0	0	141441820	1064	256	ok
PROBE-TSV	1	tar.bz2	payload	immediate	delete_start	plan_build	1	0.018	0	0	141441820	1064	256	ok
PROBE-TSV	1	tar.bz2	payload	immediate	delete_start	plan_validation	1	0.096	0	0	141441820	1064	256	ok
PROBE-TSV	1	tar.bz2	payload	immediate	delete_start	publish	1	0.736	0	0	141441820	1064	256	ok
PROBE-TSV	1	tar.bz2	payload	immediate	delete_start	reader_adoption	1	0.002	0	0	141441820	1064	256	ok
PROBE-TSV	1	tar.bz2	payload	immediate	delete_start	reload	1	2.205	0	0	141441820	1064	256	ok
PROBE-TSV	1	tar.bz2	payload	immediate	delete_start	total	1	47.820	0	141467648	141441820	1064	256	ok
PROBE-TSV	1	tar.bz2	payload	immediate	delete_start	tree_build	1	0.573	0	0	141441820	1064	256	ok
PROBE-TSV	1	tar.bz2	payload	immediate	delete_start	updater_open	1	2.697	0	0	141441820	1064	256	ok
PROBE-TSV	1	tar.bz2	payload	immediate	delete_start	verification_open	1	14.571	0	0	141441820	1064	256	ok
PROBE-PROGRESS	tar.bz2	payload	delete_end	36	34	5.367	17.292
PROBE-TSV	1	tar.bz2	payload	immediate	delete_end	capability_probe	1	2.081	0	0	143017672	1064	256	ok
PROBE-TSV	1	tar.bz2	payload	immediate	delete_end	commit	1	26.401	0	143028224	143017672	1064	256	ok
PROBE-TSV	1	tar.bz2	payload	immediate	delete_end	display	1	1.182	0	0	143017672	1064	256	ok
PROBE-TSV	1	tar.bz2	payload	immediate	delete_end	entry_comparison	1	0.678	0	0	143017672	1064	256	ok
PROBE-TSV	1	tar.bz2	payload	immediate	delete_end	filter_compute	1	0.000	0	0	143017672	1064	256	ok
PROBE-TSV	1	tar.bz2	payload	immediate	delete_end	mutate	1	0.663	0	0	143017672	1064	256	ok
PROBE-TSV	1	tar.bz2	payload	immediate	delete_end	password_verification	1	0.027	0	0	143017672	1064	256	ok
PROBE-TSV	1	tar.bz2	payload	immediate	delete_end	plan_build	1	0.011	0	0	143017672	1064	256	ok
PROBE-TSV	1	tar.bz2	payload	immediate	delete_end	plan_validation	1	0.101	0	0	143017672	1064	256	ok
PROBE-TSV	1	tar.bz2	payload	immediate	delete_end	publish	1	0.785	0	0	143017672	1064	256	ok
PROBE-TSV	1	tar.bz2	payload	immediate	delete_end	reader_adoption	1	0.002	0	0	143017672	1064	256	ok
PROBE-TSV	1	tar.bz2	payload	immediate	delete_end	reload	1	2.289	0	0	143017672	1064	256	ok
PROBE-TSV	1	tar.bz2	payload	immediate	delete_end	total	1	54.648	0	143040512	143017672	1064	256	ok
PROBE-TSV	1	tar.bz2	payload	immediate	delete_end	tree_build	1	0.562	0	0	143017672	1064	256	ok
PROBE-TSV	1	tar.bz2	payload	immediate	delete_end	updater_open	1	2.900	0	0	143017672	1064	256	ok
PROBE-TSV	1	tar.bz2	payload	immediate	delete_end	verification_open	1	15.300	0	0	143017672	1064	256	ok
PROBE-PROGRESS	tar.bz2	payload	rename_same_length	36	34	199.398	107.286
PROBE-TSV	1	tar.bz2	payload	immediate	rename_same_length	capability_probe	1	2.019	0	0	143017586	1064	256	ok
PROBE-TSV	1	tar.bz2	payload	immediate	rename_same_length	commit	1	309.602	0	143028224	143017586	1064	256	ok
PROBE-TSV	1	tar.bz2	payload	immediate	rename_same_length	display	1	1.201	0	0	143017586	1064	256	ok
PROBE-TSV	1	tar.bz2	payload	immediate	rename_same_length	entry_comparison	1	0.656	0	0	143017586	1064	256	ok
PROBE-TSV	1	tar.bz2	payload	immediate	rename_same_length	filter_compute	1	0.000	0	0	143017586	1064	256	ok
PROBE-TSV	1	tar.bz2	payload	immediate	rename_same_length	mutate	1	0.667	0	0	143017586	1064	256	ok
PROBE-TSV	1	tar.bz2	payload	immediate	rename_same_length	name_index_advance	1	0.143	0	0	143017586	1064	256	ok
PROBE-TSV	1	tar.bz2	payload	immediate	rename_same_length	name_index_build	1	1.502	0	0	143017586	1064	256	ok
PROBE-TSV	1	tar.bz2	payload	immediate	rename_same_length	password_verification	1	0.025	0	0	143017586	1064	256	ok
PROBE-TSV	1	tar.bz2	payload	immediate	rename_same_length	plan_build	1	0.016	0	0	143017586	1064	256	ok
PROBE-TSV	1	tar.bz2	payload	immediate	rename_same_length	plan_validation	1	0.101	0	0	143017586	1064	256	ok
PROBE-TSV	1	tar.bz2	payload	immediate	rename_same_length	publish	1	0.830	0	0	143017586	1064	256	ok
PROBE-TSV	1	tar.bz2	payload	immediate	rename_same_length	reader_adoption	1	0.002	0	0	143017586	1064	256	ok
PROBE-TSV	1	tar.bz2	payload	immediate	rename_same_length	reload	1	2.389	0	0	143017586	1064	256	ok
PROBE-TSV	1	tar.bz2	payload	immediate	rename_same_length	total	1	429.075	0	143040512	143017586	1064	256	ok
PROBE-TSV	1	tar.bz2	payload	immediate	rename_same_length	tree_build	1	0.570	0	0	143017586	1064	256	ok
PROBE-TSV	1	tar.bz2	payload	immediate	rename_same_length	updater_open	1	2.918	0	0	143017586	1064	256	ok
PROBE-TSV	1	tar.bz2	payload	immediate	rename_same_length	verification_open	1	104.983	0	0	143017586	1064	256	ok
PROBE-PROGRESS	tar.bz2	payload	rename_different_length	36	34	199.888	107.560
PROBE-TSV	1	tar.bz2	payload	immediate	rename_different_length	capability_probe	1	1.988	0	0	143018003	1064	256	ok
PROBE-TSV	1	tar.bz2	payload	immediate	rename_different_length	commit	1	308.839	0	143028224	143018003	1064	256	ok
PROBE-TSV	1	tar.bz2	payload	immediate	rename_different_length	display	1	1.168	0	0	143018003	1064	256	ok
PROBE-TSV	1	tar.bz2	payload	immediate	rename_different_length	entry_comparison	1	0.659	0	0	143018003	1064	256	ok
PROBE-TSV	1	tar.bz2	payload	immediate	rename_different_length	filter_compute	1	0.000	0	0	143018003	1064	256	ok
PROBE-TSV	1	tar.bz2	payload	immediate	rename_different_length	mutate	1	0.625	0	0	143018003	1064	256	ok
PROBE-TSV	1	tar.bz2	payload	immediate	rename_different_length	name_index_advance	1	0.158	0	0	143018003	1064	256	ok
PROBE-TSV	1	tar.bz2	payload	immediate	rename_different_length	name_index_build	1	1.445	0	0	143018003	1064	256	ok
PROBE-TSV	1	tar.bz2	payload	immediate	rename_different_length	password_verification	1	0.030	0	0	143018003	1064	256	ok
PROBE-TSV	1	tar.bz2	payload	immediate	rename_different_length	plan_build	1	0.018	0	0	143018003	1064	256	ok
PROBE-TSV	1	tar.bz2	payload	immediate	rename_different_length	plan_validation	1	0.104	0	0	143018003	1064	256	ok
PROBE-TSV	1	tar.bz2	payload	immediate	rename_different_length	publish	1	0.758	0	0	143018003	1064	256	ok
PROBE-TSV	1	tar.bz2	payload	immediate	rename_different_length	reader_adoption	1	0.002	0	0	143018003	1064	256	ok
PROBE-TSV	1	tar.bz2	payload	immediate	rename_different_length	reload	1	2.347	0	0	143018003	1064	256	ok
PROBE-TSV	1	tar.bz2	payload	immediate	rename_different_length	total	1	428.737	0	143040512	143018003	1064	256	ok
PROBE-TSV	1	tar.bz2	payload	immediate	rename_different_length	tree_build	1	0.586	0	0	143018003	1064	256	ok
PROBE-TSV	1	tar.bz2	payload	immediate	rename_different_length	updater_open	1	2.753	0	0	143018003	1064	256	ok
PROBE-TSV	1	tar.bz2	payload	immediate	rename_different_length	verification_open	1	105.296	0	0	143018003	1064	256	ok
PROBE-PROGRESS	tar.bz2	payload	rename_folder	100	98	1795.186	6429.556
PROBE-TSV	1	tar.bz2	payload	immediate	rename_folder	capability_probe	1	2.031	0	0	143024312	1064	256	ok
PROBE-TSV	1	tar.bz2	payload	immediate	rename_folder	commit	1	3441.088	0	143065088	143024312	1064	256	ok
PROBE-TSV	1	tar.bz2	payload	immediate	rename_folder	display	1	1.182	0	0	143024312	1064	256	ok
PROBE-TSV	1	tar.bz2	payload	immediate	rename_folder	entry_comparison	1	0.620	0	0	143024312	1064	256	ok
PROBE-TSV	1	tar.bz2	payload	immediate	rename_folder	filter_compute	1	0.000	0	0	143024312	1064	256	ok
PROBE-TSV	1	tar.bz2	payload	immediate	rename_folder	mutate	1	0.897	0	0	143024312	1064	256	ok
PROBE-TSV	1	tar.bz2	payload	immediate	rename_folder	name_index_advance	1	0.400	0	0	143024312	1064	256	ok
PROBE-TSV	1	tar.bz2	payload	immediate	rename_folder	name_index_build	1	1.435	0	0	143024312	1064	256	ok
PROBE-TSV	1	tar.bz2	payload	immediate	rename_folder	password_verification	1	0.032	0	0	143024312	1064	256	ok
PROBE-TSV	1	tar.bz2	payload	immediate	rename_folder	plan_build	1	0.320	0	0	143024312	1064	256	ok
PROBE-TSV	1	tar.bz2	payload	immediate	rename_folder	plan_validation	1	0.242	0	0	143024312	1064	256	ok
PROBE-TSV	1	tar.bz2	payload	immediate	rename_folder	publish	1	0.779	0	0	143024312	1064	256	ok
PROBE-TSV	1	tar.bz2	payload	immediate	rename_folder	reader_adoption	1	0.002	0	0	143024312	1064	256	ok
PROBE-TSV	1	tar.bz2	payload	immediate	rename_folder	reload	1	2.643	0	0	143024312	1064	256	ok
PROBE-TSV	1	tar.bz2	payload	immediate	rename_folder	total	1	9883.698	0	411512832	143024312	1064	256	ok
PROBE-TSV	1	tar.bz2	payload	immediate	rename_folder	tree_build	1	0.600	0	0	143024312	1064	256	ok
PROBE-TSV	1	tar.bz2	payload	immediate	rename_folder	updater_open	1	2.752	0	0	143024312	1064	256	ok
PROBE-TSV	1	tar.bz2	payload	immediate	rename_folder	verification_open	1	6427.530	0	268435456	143024312	1064	256	ok
PROBE-PROGRESS	tar.bz2	payload	new_folder	36	34	1.113	16.799
PROBE-TSV	1	tar.bz2	payload	immediate	new_folder	capability_probe	1	2.022	0	0	143017749	1064	256	ok
PROBE-TSV	1	tar.bz2	payload	immediate	new_folder	commit	1	20.927	0	143024128	143017749	1064	256	ok
PROBE-TSV	1	tar.bz2	payload	immediate	new_folder	display	1	1.263	0	0	143017749	1064	256	ok
PROBE-TSV	1	tar.bz2	payload	immediate	new_folder	entry_comparison	1	0.651	0	0	143017749	1064	256	ok
PROBE-TSV	1	tar.bz2	payload	immediate	new_folder	filter_compute	1	0.000	0	0	143017749	1064	256	ok
PROBE-TSV	1	tar.bz2	payload	immediate	new_folder	mutate	1	0.773	0	0	143017749	1064	256	ok
PROBE-TSV	1	tar.bz2	payload	immediate	new_folder	name_index_advance	1	0.146	0	0	143017749	1064	256	ok
PROBE-TSV	1	tar.bz2	payload	immediate	new_folder	name_index_build	1	1.412	0	0	143017749	1064	256	ok
PROBE-TSV	1	tar.bz2	payload	immediate	new_folder	password_verification	1	0.031	0	0	143017749	1064	256	ok
PROBE-TSV	1	tar.bz2	payload	immediate	new_folder	plan_build	1	1.422	0	0	143017749	1064	256	ok
PROBE-TSV	1	tar.bz2	payload	immediate	new_folder	plan_validation	1	0.095	0	0	143017749	1064	256	ok
PROBE-TSV	1	tar.bz2	payload	immediate	new_folder	publish	1	0.747	0	0	143017749	1064	256	ok
PROBE-TSV	1	tar.bz2	payload	immediate	new_folder	reader_adoption	1	0.002	0	0	143017749	1064	256	ok
PROBE-TSV	1	tar.bz2	payload	immediate	new_folder	reload	1	2.375	0	0	143017749	1064	256	ok
PROBE-TSV	1	tar.bz2	payload	immediate	new_folder	total	1	50.046	0	143036416	143017749	1064	256	ok
PROBE-TSV	1	tar.bz2	payload	immediate	new_folder	tree_build	1	0.580	0	0	143017749	1064	256	ok
PROBE-TSV	1	tar.bz2	payload	immediate	new_folder	updater_open	1	2.732	0	0	143017749	1064	256	ok
PROBE-TSV	1	tar.bz2	payload	immediate	new_folder	verification_open	1	14.899	0	0	143017749	1064	256	ok
PROBE-PROGRESS	tar.bz2	payload	add_file	38	35	1.112	17.001
PROBE-TSV	1	tar.bz2	payload	immediate	add_file	capability_probe	1	2.123	0	0	143017752	1064	256	ok
PROBE-TSV	1	tar.bz2	payload	immediate	add_file	commit	1	21.042	0	143024128	143017752	1064	256	ok
PROBE-TSV	1	tar.bz2	payload	immediate	add_file	display	1	1.175	0	0	143017752	1064	256	ok
PROBE-TSV	1	tar.bz2	payload	immediate	add_file	entry_comparison	1	0.691	0	0	143017752	1064	256	ok
PROBE-TSV	1	tar.bz2	payload	immediate	add_file	filter_compute	1	0.000	0	0	143017752	1064	256	ok
PROBE-TSV	1	tar.bz2	payload	immediate	add_file	mutate	1	0.807	0	0	143017752	1064	256	ok
PROBE-TSV	1	tar.bz2	payload	immediate	add_file	name_index_advance	1	0.139	0	0	143017752	1064	256	ok
PROBE-TSV	1	tar.bz2	payload	immediate	add_file	name_index_build	1	1.542	0	0	143017752	1064	256	ok
PROBE-TSV	1	tar.bz2	payload	immediate	add_file	password_verification	1	0.030	0	0	143017752	1064	256	ok
PROBE-TSV	1	tar.bz2	payload	immediate	add_file	plan_build	3	0.040	0	0	143017752	1064	256	ok
PROBE-TSV	1	tar.bz2	payload	immediate	add_file	plan_validation	1	0.091	0	0	143017752	1064	256	ok
PROBE-TSV	1	tar.bz2	payload	immediate	add_file	publish	1	0.747	0	0	143017752	1064	256	ok
PROBE-TSV	1	tar.bz2	payload	immediate	add_file	reader_adoption	1	0.002	0	0	143017752	1064	256	ok
PROBE-TSV	1	tar.bz2	payload	immediate	add_file	reload	1	2.468	0	0	143017752	1064	256	ok
PROBE-TSV	1	tar.bz2	payload	immediate	add_file	total	1	50.748	0	143036416	143017752	1064	256	ok
PROBE-TSV	1	tar.bz2	payload	immediate	add_file	tree_build	1	0.564	0	0	143017752	1064	256	ok
PROBE-TSV	1	tar.bz2	payload	immediate	add_file	updater_open	1	2.882	0	0	143017752	1064	256	ok
PROBE-TSV	1	tar.bz2	payload	immediate	add_file	verification_open	1	15.047	0	0	143017752	1064	256	ok
PROBE-PROGRESS	tar.bz2	payload	replace_file	37	34	1.441	16.644
PROBE-TSV	1	tar.bz2	payload	immediate	replace_file	capability_probe	1	2.014	0	0	141441931	1064	256	ok
PROBE-TSV	1	tar.bz2	payload	immediate	replace_file	commit	1	20.916	0	141455360	141441931	1064	256	ok
PROBE-TSV	1	tar.bz2	payload	immediate	replace_file	display	1	1.200	0	0	141441931	1064	256	ok
PROBE-TSV	1	tar.bz2	payload	immediate	replace_file	entry_comparison	1	0.640	0	0	141441931	1064	256	ok
PROBE-TSV	1	tar.bz2	payload	immediate	replace_file	filter_compute	1	0.000	0	0	141441931	1064	256	ok
PROBE-TSV	1	tar.bz2	payload	immediate	replace_file	mutate	1	1.366	0	0	141441931	1064	256	ok
PROBE-TSV	1	tar.bz2	payload	immediate	replace_file	name_index_advance	1	0.147	0	0	141441931	1064	256	ok
PROBE-TSV	1	tar.bz2	payload	immediate	replace_file	name_index_build	1	1.427	0	0	141441931	1064	256	ok
PROBE-TSV	1	tar.bz2	payload	immediate	replace_file	password_verification	1	0.028	0	0	141441931	1064	256	ok
PROBE-TSV	1	tar.bz2	payload	immediate	replace_file	plan_build	4	0.075	0	0	141441931	1064	256	ok
PROBE-TSV	1	tar.bz2	payload	immediate	replace_file	plan_validation	1	0.096	0	0	141441931	1064	256	ok
PROBE-TSV	1	tar.bz2	payload	immediate	replace_file	publish	1	0.749	0	0	141441931	1064	256	ok
PROBE-TSV	1	tar.bz2	payload	immediate	replace_file	reader_adoption	1	0.001	0	0	141441931	1064	256	ok
PROBE-TSV	1	tar.bz2	payload	immediate	replace_file	reload	1	2.360	0	0	141441931	1064	256	ok
PROBE-TSV	1	tar.bz2	payload	immediate	replace_file	total	1	51.295	0	141467648	141441931	1064	256	ok
PROBE-TSV	1	tar.bz2	payload	immediate	replace_file	tree_build	1	0.573	0	0	141441931	1064	256	ok
PROBE-TSV	1	tar.bz2	payload	immediate	replace_file	updater_open	1	2.724	0	0	141441931	1064	256	ok
PROBE-TSV	1	tar.bz2	payload	immediate	replace_file	verification_open	1	14.743	0	0	141441931	1064	256	ok
PROBE-TSV	1	tar.bz2	payload	deferred	five_changes_reserve_rename	display	1	1.015	0	0	143017651	1064	256	ok
PROBE-TSV	1	tar.bz2	payload	deferred	five_changes_reserve_rename	filter_compute	1	0.000	0	0	143017651	1064	256	ok
PROBE-TSV	1	tar.bz2	payload	deferred	five_changes_reserve_rename	password_verification	1	0.028	0	0	143017651	1064	256	ok
PROBE-TSV	1	tar.bz2	payload	deferred	five_changes_reserve_rename	total	1	22.227	0	0	143017651	1064	256	ok
PROBE-TSV	1	tar.bz2	payload	deferred	five_changes_reserve_rename	tree_build	1	0.648	0	0	143017651	1064	256	ok
PROBE-TSV	1	tar.bz2	payload	deferred	five_changes_reserve_delete	display	1	1.008	0	0	143017651	1064	256	ok
PROBE-TSV	1	tar.bz2	payload	deferred	five_changes_reserve_delete	filter_compute	1	0.000	0	0	143017651	1064	256	ok
PROBE-TSV	1	tar.bz2	payload	deferred	five_changes_reserve_delete	password_verification	1	0.029	0	0	143017651	1064	256	ok
PROBE-TSV	1	tar.bz2	payload	deferred	five_changes_reserve_delete	total	1	17.448	0	0	143017651	1064	256	ok
PROBE-TSV	1	tar.bz2	payload	deferred	five_changes_reserve_delete	tree_build	1	0.597	0	0	143017651	1064	256	ok
PROBE-TSV	1	tar.bz2	payload	deferred	five_changes_reserve_new_folder	display	1	1.030	0	0	143017651	1064	256	ok
PROBE-TSV	1	tar.bz2	payload	deferred	five_changes_reserve_new_folder	filter_compute	1	0.000	0	0	143017651	1064	256	ok
PROBE-TSV	1	tar.bz2	payload	deferred	five_changes_reserve_new_folder	password_verification	1	0.029	0	0	143017651	1064	256	ok
PROBE-TSV	1	tar.bz2	payload	deferred	five_changes_reserve_new_folder	total	1	21.522	0	0	143017651	1064	256	ok
PROBE-TSV	1	tar.bz2	payload	deferred	five_changes_reserve_new_folder	tree_build	1	0.598	0	0	143017651	1064	256	ok
PROBE-TSV	1	tar.bz2	payload	deferred	five_changes_reserve_delete_folder	display	1	1.134	0	0	143017651	1064	256	ok
PROBE-TSV	1	tar.bz2	payload	deferred	five_changes_reserve_delete_folder	filter_compute	1	0.000	0	0	143017651	1064	256	ok
PROBE-TSV	1	tar.bz2	payload	deferred	five_changes_reserve_delete_folder	password_verification	1	0.026	0	0	143017651	1064	256	ok
PROBE-TSV	1	tar.bz2	payload	deferred	five_changes_reserve_delete_folder	total	1	23.916	0	0	143017651	1064	256	ok
PROBE-TSV	1	tar.bz2	payload	deferred	five_changes_reserve_delete_folder	tree_build	1	0.041	0	0	143017651	1064	256	ok
PROBE-TSV	1	tar.bz2	payload	deferred	five_changes_reserve_add	display	1	0.950	0	0	143017651	1064	256	ok
PROBE-TSV	1	tar.bz2	payload	deferred	five_changes_reserve_add	filter_compute	1	0.000	0	0	143017651	1064	256	ok
PROBE-TSV	1	tar.bz2	payload	deferred	five_changes_reserve_add	password_verification	1	0.028	0	0	143017651	1064	256	ok
PROBE-TSV	1	tar.bz2	payload	deferred	five_changes_reserve_add	plan_build	3	0.050	0	0	143017651	1064	256	ok
PROBE-TSV	1	tar.bz2	payload	deferred	five_changes_reserve_add	total	1	5.471	0	4096	143017651	1064	256	ok
PROBE-TSV	1	tar.bz2	payload	deferred	five_changes_reserve_add	tree_build	1	0.047	0	0	143017651	1064	256	ok
PROBE-TSV	1	tar.bz2	payload	deferred	save_five_changes	capability_probe	1	0.285	0	0	143014250	1064	256	ok
PROBE-TSV	1	tar.bz2	payload	deferred	save_five_changes	commit	1	420.517	0	143020032	143014250	1064	256	ok
PROBE-TSV	1	tar.bz2	payload	deferred	save_five_changes	display	1	1.755	0	0	143014250	1064	256	ok
PROBE-TSV	1	tar.bz2	payload	deferred	save_five_changes	editing_install	1	0.011	0	0	143014250	1064	256	ok
PROBE-TSV	1	tar.bz2	payload	deferred	save_five_changes	editing_prepare	1	0.317	0	0	143014250	1064	256	ok
PROBE-TSV	1	tar.bz2	payload	deferred	save_five_changes	entry_comparison	1	0.050	0	0	143014250	1064	256	ok
PROBE-TSV	1	tar.bz2	payload	deferred	save_five_changes	filter_compute	2	0.001	0	0	143014250	1064	256	ok
PROBE-TSV	1	tar.bz2	payload	deferred	save_five_changes	name_index_advance	1	0.886	0	0	143014250	1064	256	ok
PROBE-TSV	1	tar.bz2	payload	deferred	save_five_changes	password_verification	1	0.024	0	0	143014250	1064	256	ok
PROBE-TSV	1	tar.bz2	payload	deferred	save_five_changes	publish	1	0.986	0	0	143014250	1064	256	ok
PROBE-TSV	1	tar.bz2	payload	deferred	save_five_changes	reader_adoption	1	0.002	0	0	143014250	1064	256	ok
PROBE-TSV	1	tar.bz2	payload	deferred	save_five_changes	reload	1	2.424	0	0	143014250	1064	256	ok
PROBE-TSV	1	tar.bz2	payload	deferred	save_five_changes	replay	1	2.272	4096	0	143014250	1064	256	ok
PROBE-TSV	1	tar.bz2	payload	deferred	save_five_changes	replay_plan	1	1.577	0	0	143014250	1064	256	ok
PROBE-TSV	1	tar.bz2	payload	deferred	save_five_changes	representability_differential	1	0.751	0	0	143014250	1064	256	ok
PROBE-TSV	1	tar.bz2	payload	deferred	save_five_changes	save_sheet	1	1092.507	4096	143044608	143014250	1064	256	ok
PROBE-TSV	1	tar.bz2	payload	deferred	save_five_changes	total	1	1108.633	4096	143044608	143014250	1064	256	ok
PROBE-TSV	1	tar.bz2	payload	deferred	save_five_changes	tree_build	1	0.071	0	0	143014250	1064	256	ok
PROBE-TSV	1	tar.bz2	payload	deferred	save_five_changes	updater_open	1	2.854	0	0	143014250	1064	256	ok
PROBE-TSV	1	tar.bz2	payload	deferred	save_five_changes	verification_open	1	139.555	0	0	143014250	1064	256	ok
PROBE-TSV	1	tar.bz2	payload	deferred	rename_only_reserve_rename	display	1	1.076	0	0	143017651	1064	256	ok
PROBE-TSV	1	tar.bz2	payload	deferred	rename_only_reserve_rename	filter_compute	1	0.000	0	0	143017651	1064	256	ok
PROBE-TSV	1	tar.bz2	payload	deferred	rename_only_reserve_rename	password_verification	1	0.028	0	0	143017651	1064	256	ok
PROBE-TSV	1	tar.bz2	payload	deferred	rename_only_reserve_rename	total	1	22.325	0	0	143017651	1064	256	ok
PROBE-TSV	1	tar.bz2	payload	deferred	rename_only_reserve_rename	tree_build	1	0.609	0	0	143017651	1064	256	ok
PROBE-TSV	1	tar.bz2	payload	deferred	save_rename_only	capability_probe	1	2.120	0	0	143018201	1064	256	ok
PROBE-TSV	1	tar.bz2	payload	deferred	save_rename_only	commit	1	311.811	0	143028224	143018201	1064	256	ok
PROBE-TSV	1	tar.bz2	payload	deferred	save_rename_only	display	1	1.121	0	0	143018201	1064	256	ok
PROBE-TSV	1	tar.bz2	payload	deferred	save_rename_only	editing_install	1	0.006	0	0	143018201	1064	256	ok
PROBE-TSV	1	tar.bz2	payload	deferred	save_rename_only	editing_prepare	1	0.249	0	0	143018201	1064	256	ok
PROBE-TSV	1	tar.bz2	payload	deferred	save_rename_only	entry_comparison	1	0.673	0	0	143018201	1064	256	ok
PROBE-TSV	1	tar.bz2	payload	deferred	save_rename_only	filter_compute	2	0.001	0	0	143018201	1064	256	ok
PROBE-TSV	1	tar.bz2	payload	deferred	save_rename_only	name_index_advance	1	0.125	0	0	143018201	1064	256	ok
PROBE-TSV	1	tar.bz2	payload	deferred	save_rename_only	password_verification	1	0.029	0	0	143018201	1064	256	ok
PROBE-TSV	1	tar.bz2	payload	deferred	save_rename_only	publish	1	0.364	0	0	143018201	1064	256	ok
PROBE-TSV	1	tar.bz2	payload	deferred	save_rename_only	reader_adoption	1	0.001	0	0	143018201	1064	256	ok
PROBE-TSV	1	tar.bz2	payload	deferred	save_rename_only	reload	1	3.474	0	0	143018201	1064	256	ok
PROBE-TSV	1	tar.bz2	payload	deferred	save_rename_only	replay	1	0.690	0	0	143018201	1064	256	ok
PROBE-TSV	1	tar.bz2	payload	deferred	save_rename_only	replay_plan	1	0.248	0	0	143018201	1064	256	ok
PROBE-TSV	1	tar.bz2	payload	deferred	save_rename_only	representability_differential	1	0.017	0	0	143018201	1064	256	ok
PROBE-TSV	1	tar.bz2	payload	deferred	save_rename_only	save_sheet	1	468.861	0	143040512	143018201	1064	256	ok
PROBE-TSV	1	tar.bz2	payload	deferred	save_rename_only	total	1	469.353	0	143040512	143018201	1064	256	ok
PROBE-TSV	1	tar.bz2	payload	deferred	save_rename_only	tree_build	1	0.606	0	0	143018201	1064	256	ok
PROBE-TSV	1	tar.bz2	payload	deferred	save_rename_only	updater_open	1	2.945	0	0	143018201	1064	256	ok
PROBE-TSV	1	tar.bz2	payload	deferred	save_rename_only	verification_open	1	106.259	0	0	143018201	1064	256	ok
PROBE-PROGRESS	tar.xz	entries	delete_start	5	3	161.210	437.102
PROBE-TSV	1	tar.xz	entries	immediate	delete_start	capability_probe	1	168.906	0	0	213032	100000	0	ok
PROBE-TSV	1	tar.xz	entries	immediate	delete_start	commit	1	164.813	0	221184	213032	100000	0	ok
PROBE-TSV	1	tar.xz	entries	immediate	delete_start	display	1	2.929	0	0	213032	100000	0	ok
PROBE-TSV	1	tar.xz	entries	immediate	delete_start	entry_comparison	1	60.338	0	0	213032	100000	0	ok
PROBE-TSV	1	tar.xz	entries	immediate	delete_start	filter_compute	1	0.000	0	0	213032	100000	0	ok
PROBE-TSV	1	tar.xz	entries	immediate	delete_start	mutate	1	58.081	0	0	213032	100000	0	ok
PROBE-TSV	1	tar.xz	entries	immediate	delete_start	password_verification	1	0.222	0	0	213032	100000	0	ok
PROBE-TSV	1	tar.xz	entries	immediate	delete_start	plan_build	1	0.014	0	0	213032	100000	0	ok
PROBE-TSV	1	tar.xz	entries	immediate	delete_start	plan_validation	1	9.163	0	0	213032	100000	0	ok
PROBE-TSV	1	tar.xz	entries	immediate	delete_start	publish	1	0.798	0	0	213032	100000	0	ok
PROBE-TSV	1	tar.xz	entries	immediate	delete_start	reader_adoption	1	0.002	0	0	213032	100000	0	ok
PROBE-TSV	1	tar.xz	entries	immediate	delete_start	reload	1	169.271	0	0	213032	100000	0	ok
PROBE-TSV	1	tar.xz	entries	immediate	delete_start	total	1	1163.294	0	233472	213032	100000	0	ok
PROBE-TSV	1	tar.xz	entries	immediate	delete_start	tree_build	1	58.097	0	0	213032	100000	0	ok
PROBE-TSV	1	tar.xz	entries	immediate	delete_start	updater_open	1	245.541	0	0	213032	100000	0	ok
PROBE-TSV	1	tar.xz	entries	immediate	delete_start	verification_open	1	370.745	0	0	213032	100000	0	ok
PROBE-PROGRESS	tar.xz	entries	delete_end	4	2	67.913	428.495
PROBE-TSV	1	tar.xz	entries	immediate	delete_end	capability_probe	1	171.776	0	0	214112	100000	0	ok
PROBE-TSV	1	tar.xz	entries	immediate	delete_end	commit	1	69.901	0	221184	214112	100000	0	ok
PROBE-TSV	1	tar.xz	entries	immediate	delete_end	display	1	2.897	0	0	214112	100000	0	ok
PROBE-TSV	1	tar.xz	entries	immediate	delete_end	entry_comparison	1	60.542	0	0	214112	100000	0	ok
PROBE-TSV	1	tar.xz	entries	immediate	delete_end	filter_compute	1	0.000	0	0	214112	100000	0	ok
PROBE-TSV	1	tar.xz	entries	immediate	delete_end	mutate	1	58.637	0	0	214112	100000	0	ok
PROBE-TSV	1	tar.xz	entries	immediate	delete_end	password_verification	1	0.194	0	0	214112	100000	0	ok
PROBE-TSV	1	tar.xz	entries	immediate	delete_end	plan_build	1	0.014	0	0	214112	100000	0	ok
PROBE-TSV	1	tar.xz	entries	immediate	delete_end	plan_validation	1	9.328	0	0	214112	100000	0	ok
PROBE-TSV	1	tar.xz	entries	immediate	delete_end	publish	1	0.809	0	0	214112	100000	0	ok
PROBE-TSV	1	tar.xz	entries	immediate	delete_end	reader_adoption	1	0.002	0	0	214112	100000	0	ok
PROBE-TSV	1	tar.xz	entries	immediate	delete_end	reload	1	172.107	0	0	214112	100000	0	ok
PROBE-TSV	1	tar.xz	entries	immediate	delete_end	total	1	1064.195	0	233472	214112	100000	0	ok
PROBE-TSV	1	tar.xz	entries	immediate	delete_end	tree_build	1	59.787	0	0	214112	100000	0	ok
PROBE-TSV	1	tar.xz	entries	immediate	delete_end	updater_open	1	245.030	0	0	214112	100000	0	ok
PROBE-TSV	1	tar.xz	entries	immediate	delete_end	verification_open	1	361.448	0	0	214112	100000	0	ok
PROBE-PROGRESS	tar.xz	entries	rename_same_length	5	3	169.191	440.446
PROBE-TSV	1	tar.xz	entries	immediate	rename_same_length	capability_probe	1	172.465	0	0	213184	100000	0	ok
PROBE-TSV	1	tar.xz	entries	immediate	rename_same_length	commit	1	172.536	0	229376	213184	100000	0	ok
PROBE-TSV	1	tar.xz	entries	immediate	rename_same_length	display	1	2.891	0	0	213184	100000	0	ok
PROBE-TSV	1	tar.xz	entries	immediate	rename_same_length	entry_comparison	1	60.184	0	0	213184	100000	0	ok
PROBE-TSV	1	tar.xz	entries	immediate	rename_same_length	filter_compute	1	0.000	0	0	213184	100000	0	ok
PROBE-TSV	1	tar.xz	entries	immediate	rename_same_length	mutate	1	58.461	0	0	213184	100000	0	ok
PROBE-TSV	1	tar.xz	entries	immediate	rename_same_length	name_index_advance	1	13.849	0	0	213184	100000	0	ok
PROBE-TSV	1	tar.xz	entries	immediate	rename_same_length	name_index_build	1	137.856	0	0	213184	100000	0	ok
PROBE-TSV	1	tar.xz	entries	immediate	rename_same_length	password_verification	1	0.223	0	0	213184	100000	0	ok
PROBE-TSV	1	tar.xz	entries	immediate	rename_same_length	plan_build	1	0.027	0	0	213184	100000	0	ok
PROBE-TSV	1	tar.xz	entries	immediate	rename_same_length	plan_validation	1	9.119	0	0	213184	100000	0	ok
PROBE-TSV	1	tar.xz	entries	immediate	rename_same_length	publish	1	0.773	0	0	213184	100000	0	ok
PROBE-TSV	1	tar.xz	entries	immediate	rename_same_length	reader_adoption	1	0.002	0	0	213184	100000	0	ok
PROBE-TSV	1	tar.xz	entries	immediate	rename_same_length	reload	1	186.933	0	0	213184	100000	0	ok
PROBE-TSV	1	tar.xz	entries	immediate	rename_same_length	total	1	1328.718	0	241664	213184	100000	0	ok
PROBE-TSV	1	tar.xz	entries	immediate	rename_same_length	tree_build	1	58.955	0	0	213184	100000	0	ok
PROBE-TSV	1	tar.xz	entries	immediate	rename_same_length	updater_open	1	243.258	0	0	213184	100000	0	ok
PROBE-TSV	1	tar.xz	entries	immediate	rename_same_length	verification_open	1	373.920	0	0	213184	100000	0	ok
PROBE-PROGRESS	tar.xz	entries	rename_different_length	5	3	160.685	424.702
PROBE-TSV	1	tar.xz	entries	immediate	rename_different_length	capability_probe	1	171.641	0	0	213100	100000	0	ok
PROBE-TSV	1	tar.xz	entries	immediate	rename_different_length	commit	1	163.982	0	229376	213100	100000	0	ok
PROBE-TSV	1	tar.xz	entries	immediate	rename_different_length	display	1	2.931	0	0	213100	100000	0	ok
PROBE-TSV	1	tar.xz	entries	immediate	rename_different_length	entry_comparison	1	59.785	0	0	213100	100000	0	ok
PROBE-TSV	1	tar.xz	entries	immediate	rename_different_length	filter_compute	1	0.000	0	0	213100	100000	0	ok
PROBE-TSV	1	tar.xz	entries	immediate	rename_different_length	mutate	1	58.224	0	0	213100	100000	0	ok
PROBE-TSV	1	tar.xz	entries	immediate	rename_different_length	name_index_advance	1	13.625	0	0	213100	100000	0	ok
PROBE-TSV	1	tar.xz	entries	immediate	rename_different_length	name_index_build	1	137.141	0	0	213100	100000	0	ok
PROBE-TSV	1	tar.xz	entries	immediate	rename_different_length	password_verification	1	0.213	0	0	213100	100000	0	ok
PROBE-TSV	1	tar.xz	entries	immediate	rename_different_length	plan_build	1	0.028	0	0	213100	100000	0	ok
PROBE-TSV	1	tar.xz	entries	immediate	rename_different_length	plan_validation	1	9.139	0	0	213100	100000	0	ok
PROBE-TSV	1	tar.xz	entries	immediate	rename_different_length	publish	1	0.833	0	0	213100	100000	0	ok
PROBE-TSV	1	tar.xz	entries	immediate	rename_different_length	reader_adoption	1	0.002	0	0	213100	100000	0	ok
PROBE-TSV	1	tar.xz	entries	immediate	rename_different_length	reload	1	185.910	0	0	213100	100000	0	ok
PROBE-TSV	1	tar.xz	entries	immediate	rename_different_length	total	1	1301.525	0	241664	213100	100000	0	ok
PROBE-TSV	1	tar.xz	entries	immediate	rename_different_length	tree_build	1	58.330	0	0	213100	100000	0	ok
PROBE-TSV	1	tar.xz	entries	immediate	rename_different_length	updater_open	1	243.365	0	0	213100	100000	0	ok
PROBE-TSV	1	tar.xz	entries	immediate	rename_different_length	verification_open	1	358.313	0	0	213100	100000	0	ok
PROBE-PROGRESS	tar.xz	entries	rename_folder	5	3	184.224	424.729
PROBE-TSV	1	tar.xz	entries	immediate	rename_folder	capability_probe	1	171.611	0	0	214184	100000	0	ok
PROBE-TSV	1	tar.xz	entries	immediate	rename_folder	commit	1	188.322	0	741376	214184	100000	0	ok
PROBE-TSV	1	tar.xz	entries	immediate	rename_folder	display	1	2.848	0	0	214184	100000	0	ok
PROBE-TSV	1	tar.xz	entries	immediate	rename_folder	entry_comparison	1	59.158	0	0	214184	100000	0	ok
PROBE-TSV	1	tar.xz	entries	immediate	rename_folder	filter_compute	1	0.000	0	0	214184	100000	0	ok
PROBE-TSV	1	tar.xz	entries	immediate	rename_folder	mutate	1	63.484	0	0	214184	100000	0	ok
PROBE-TSV	1	tar.xz	entries	immediate	rename_folder	name_index_advance	1	18.559	0	0	214184	100000	0	ok
PROBE-TSV	1	tar.xz	entries	immediate	rename_folder	name_index_build	1	135.815	0	0	214184	100000	0	ok
PROBE-TSV	1	tar.xz	entries	immediate	rename_folder	password_verification	1	0.211	0	0	214184	100000	0	ok
PROBE-TSV	1	tar.xz	entries	immediate	rename_folder	plan_build	1	5.452	0	0	214184	100000	0	ok
PROBE-TSV	1	tar.xz	entries	immediate	rename_folder	plan_validation	1	11.580	0	0	214184	100000	0	ok
PROBE-TSV	1	tar.xz	entries	immediate	rename_folder	publish	1	0.829	0	0	214184	100000	0	ok
PROBE-TSV	1	tar.xz	entries	immediate	rename_folder	reader_adoption	1	0.002	0	0	214184	100000	0	ok
PROBE-TSV	1	tar.xz	entries	immediate	rename_folder	reload	1	190.854	0	0	214184	100000	0	ok
PROBE-TSV	1	tar.xz	entries	immediate	rename_folder	total	1	1340.871	0	753664	214184	100000	0	ok
PROBE-TSV	1	tar.xz	entries	immediate	rename_folder	tree_build	1	58.583	0	0	214184	100000	0	ok
PROBE-TSV	1	tar.xz	entries	immediate	rename_folder	updater_open	1	241.437	0	0	214184	100000	0	ok
PROBE-TSV	1	tar.xz	entries	immediate	rename_folder	verification_open	1	358.956	0	0	214184	100000	0	ok
PROBE-PROGRESS	tar.xz	entries	new_folder	4	2	61.387	429.338
PROBE-TSV	1	tar.xz	entries	immediate	new_folder	capability_probe	1	171.890	0	0	214236	100000	0	ok
PROBE-TSV	1	tar.xz	entries	immediate	new_folder	commit	1	7.684	0	229376	214236	100000	0	ok
PROBE-TSV	1	tar.xz	entries	immediate	new_folder	display	1	3.053	0	0	214236	100000	0	ok
PROBE-TSV	1	tar.xz	entries	immediate	new_folder	entry_comparison	1	59.448	0	0	214236	100000	0	ok
PROBE-TSV	1	tar.xz	entries	immediate	new_folder	filter_compute	1	0.000	0	0	214236	100000	0	ok
PROBE-TSV	1	tar.xz	entries	immediate	new_folder	mutate	1	61.347	0	0	214236	100000	0	ok
PROBE-TSV	1	tar.xz	entries	immediate	new_folder	name_index_advance	1	13.303	0	0	214236	100000	0	ok
PROBE-TSV	1	tar.xz	entries	immediate	new_folder	name_index_build	1	137.118	0	0	214236	100000	0	ok
PROBE-TSV	1	tar.xz	entries	immediate	new_folder	password_verification	1	0.211	0	0	214236	100000	0	ok
PROBE-TSV	1	tar.xz	entries	immediate	new_folder	plan_build	1	137.143	0	0	214236	100000	0	ok
PROBE-TSV	1	tar.xz	entries	immediate	new_folder	plan_validation	1	9.018	0	0	214236	100000	0	ok
PROBE-TSV	1	tar.xz	entries	immediate	new_folder	publish	1	0.755	0	0	214236	100000	0	ok
PROBE-TSV	1	tar.xz	entries	immediate	new_folder	reader_adoption	1	0.002	0	0	214236	100000	0	ok
PROBE-TSV	1	tar.xz	entries	immediate	new_folder	reload	1	185.809	0	0	214236	100000	0	ok
PROBE-TSV	1	tar.xz	entries	immediate	new_folder	total	1	1152.018	0	241664	214236	100000	0	ok
PROBE-TSV	1	tar.xz	entries	immediate	new_folder	tree_build	1	59.689	0	0	214236	100000	0	ok
PROBE-TSV	1	tar.xz	entries	immediate	new_folder	updater_open	1	241.659	0	0	214236	100000	0	ok
PROBE-TSV	1	tar.xz	entries	immediate	new_folder	verification_open	1	364.140	0	0	214236	100000	0	ok
PROBE-PROGRESS	tar.xz	entries	add_file	6	3	61.211	433.004
PROBE-TSV	1	tar.xz	entries	immediate	add_file	capability_probe	1	171.155	0	0	214244	100000	0	ok
PROBE-TSV	1	tar.xz	entries	immediate	add_file	commit	1	6.194	0	229376	214244	100000	0	ok
PROBE-TSV	1	tar.xz	entries	immediate	add_file	display	1	3.139	0	0	214244	100000	0	ok
PROBE-TSV	1	tar.xz	entries	immediate	add_file	entry_comparison	1	60.249	0	0	214244	100000	0	ok
PROBE-TSV	1	tar.xz	entries	immediate	add_file	filter_compute	1	0.000	0	0	214244	100000	0	ok
PROBE-TSV	1	tar.xz	entries	immediate	add_file	mutate	1	61.332	0	0	214244	100000	0	ok
PROBE-TSV	1	tar.xz	entries	immediate	add_file	name_index_advance	1	12.962	0	0	214244	100000	0	ok
PROBE-TSV	1	tar.xz	entries	immediate	add_file	name_index_build	1	135.919	0	0	214244	100000	0	ok
PROBE-TSV	1	tar.xz	entries	immediate	add_file	password_verification	1	0.201	0	0	214244	100000	0	ok
PROBE-TSV	1	tar.xz	entries	immediate	add_file	plan_build	3	0.081	0	0	214244	100000	0	ok
PROBE-TSV	1	tar.xz	entries	immediate	add_file	plan_validation	1	9.210	0	0	214244	100000	0	ok
PROBE-TSV	1	tar.xz	entries	immediate	add_file	publish	1	0.840	0	0	214244	100000	0	ok
PROBE-TSV	1	tar.xz	entries	immediate	add_file	reader_adoption	1	0.002	0	0	214244	100000	0	ok
PROBE-TSV	1	tar.xz	entries	immediate	add_file	reload	1	184.749	0	0	214244	100000	0	ok
PROBE-TSV	1	tar.xz	entries	immediate	add_file	total	1	1152.414	0	241664	214244	100000	0	ok
PROBE-TSV	1	tar.xz	entries	immediate	add_file	tree_build	1	60.382	0	0	214244	100000	0	ok
PROBE-TSV	1	tar.xz	entries	immediate	add_file	updater_open	1	241.272	0	0	214244	100000	0	ok
PROBE-TSV	1	tar.xz	entries	immediate	add_file	verification_open	1	366.855	0	0	214244	100000	0	ok
PROBE-PROGRESS	tar.xz	entries	replace_file	7	4	160.086	433.706
PROBE-TSV	1	tar.xz	entries	immediate	replace_file	capability_probe	1	173.008	0	0	213168	100000	0	ok
PROBE-TSV	1	tar.xz	entries	immediate	replace_file	commit	1	163.651	0	229376	213168	100000	0	ok
PROBE-TSV	1	tar.xz	entries	immediate	replace_file	display	1	2.930	0	0	213168	100000	0	ok
PROBE-TSV	1	tar.xz	entries	immediate	replace_file	entry_comparison	1	60.834	0	0	213168	100000	0	ok
PROBE-TSV	1	tar.xz	entries	immediate	replace_file	filter_compute	1	0.000	0	0	213168	100000	0	ok
PROBE-TSV	1	tar.xz	entries	immediate	replace_file	mutate	1	111.047	0	0	213168	100000	0	ok
PROBE-TSV	1	tar.xz	entries	immediate	replace_file	name_index_advance	1	13.974	0	0	213168	100000	0	ok
PROBE-TSV	1	tar.xz	entries	immediate	replace_file	name_index_build	1	137.984	0	0	213168	100000	0	ok
PROBE-TSV	1	tar.xz	entries	immediate	replace_file	password_verification	1	0.207	0	0	213168	100000	0	ok
PROBE-TSV	1	tar.xz	entries	immediate	replace_file	plan_build	4	2.346	0	0	213168	100000	0	ok
PROBE-TSV	1	tar.xz	entries	immediate	replace_file	plan_validation	1	9.175	0	0	213168	100000	0	ok
PROBE-TSV	1	tar.xz	entries	immediate	replace_file	publish	1	0.747	0	0	213168	100000	0	ok
PROBE-TSV	1	tar.xz	entries	immediate	replace_file	reader_adoption	1	0.002	0	0	213168	100000	0	ok
PROBE-TSV	1	tar.xz	entries	immediate	replace_file	reload	1	187.603	0	0	213168	100000	0	ok
PROBE-TSV	1	tar.xz	entries	immediate	replace_file	total	1	1371.957	0	241664	213168	100000	0	ok
PROBE-TSV	1	tar.xz	entries	immediate	replace_file	tree_build	1	59.445	0	0	213168	100000	0	ok
PROBE-TSV	1	tar.xz	entries	immediate	replace_file	updater_open	1	244.175	0	0	213168	100000	0	ok
PROBE-TSV	1	tar.xz	entries	immediate	replace_file	verification_open	1	366.505	0	0	213168	100000	0	ok
PROBE-TSV	1	tar.xz	entries	deferred	five_changes_reserve_rename	display	1	2.622	0	0	214148	100000	0	ok
PROBE-TSV	1	tar.xz	entries	deferred	five_changes_reserve_rename	filter_compute	1	0.001	0	0	214148	100000	0	ok
PROBE-TSV	1	tar.xz	entries	deferred	five_changes_reserve_rename	password_verification	1	0.564	0	0	214148	100000	0	ok
PROBE-TSV	1	tar.xz	entries	deferred	five_changes_reserve_rename	total	1	150.137	0	0	214148	100000	0	ok
PROBE-TSV	1	tar.xz	entries	deferred	five_changes_reserve_rename	tree_build	1	65.016	0	0	214148	100000	0	ok
PROBE-TSV	1	tar.xz	entries	deferred	five_changes_reserve_delete	display	1	2.781	0	0	214148	100000	0	ok
PROBE-TSV	1	tar.xz	entries	deferred	five_changes_reserve_delete	filter_compute	1	0.001	0	0	214148	100000	0	ok
PROBE-TSV	1	tar.xz	entries	deferred	five_changes_reserve_delete	password_verification	1	0.568	0	0	214148	100000	0	ok
PROBE-TSV	1	tar.xz	entries	deferred	five_changes_reserve_delete	total	1	152.604	0	0	214148	100000	0	ok
PROBE-TSV	1	tar.xz	entries	deferred	five_changes_reserve_delete	tree_build	1	63.973	0	0	214148	100000	0	ok
PROBE-TSV	1	tar.xz	entries	deferred	five_changes_reserve_new_folder	display	1	2.851	0	0	214148	100000	0	ok
PROBE-TSV	1	tar.xz	entries	deferred	five_changes_reserve_new_folder	filter_compute	1	0.001	0	0	214148	100000	0	ok
PROBE-TSV	1	tar.xz	entries	deferred	five_changes_reserve_new_folder	password_verification	1	0.555	0	0	214148	100000	0	ok
PROBE-TSV	1	tar.xz	entries	deferred	five_changes_reserve_new_folder	total	1	148.050	0	0	214148	100000	0	ok
PROBE-TSV	1	tar.xz	entries	deferred	five_changes_reserve_new_folder	tree_build	1	58.776	0	0	214148	100000	0	ok
PROBE-TSV	1	tar.xz	entries	deferred	five_changes_reserve_delete_folder	display	1	3.278	0	0	214148	100000	0	ok
PROBE-TSV	1	tar.xz	entries	deferred	five_changes_reserve_delete_folder	filter_compute	1	0.000	0	0	214148	100000	0	ok
PROBE-TSV	1	tar.xz	entries	deferred	five_changes_reserve_delete_folder	password_verification	1	0.572	0	0	214148	100000	0	ok
PROBE-TSV	1	tar.xz	entries	deferred	five_changes_reserve_delete_folder	total	1	159.794	0	0	214148	100000	0	ok
PROBE-TSV	1	tar.xz	entries	deferred	five_changes_reserve_delete_folder	tree_build	1	62.610	0	0	214148	100000	0	ok
PROBE-TSV	1	tar.xz	entries	deferred	five_changes_reserve_add	display	1	3.180	0	0	214148	100000	0	ok
PROBE-TSV	1	tar.xz	entries	deferred	five_changes_reserve_add	filter_compute	1	0.001	0	0	214148	100000	0	ok
PROBE-TSV	1	tar.xz	entries	deferred	five_changes_reserve_add	password_verification	1	0.575	0	0	214148	100000	0	ok
PROBE-TSV	1	tar.xz	entries	deferred	five_changes_reserve_add	plan_build	3	0.064	0	0	214148	100000	0	ok
PROBE-TSV	1	tar.xz	entries	deferred	five_changes_reserve_add	total	1	164.133	0	4096	214148	100000	0	ok
PROBE-TSV	1	tar.xz	entries	deferred	five_changes_reserve_add	tree_build	1	65.938	0	0	214148	100000	0	ok
PROBE-TSV	1	tar.xz	entries	deferred	save_five_changes	capability_probe	1	170.379	0	0	211020	100000	0	ok
PROBE-TSV	1	tar.xz	entries	deferred	save_five_changes	commit	1	128.395	0	225280	211020	100000	0	ok
PROBE-TSV	1	tar.xz	entries	deferred	save_five_changes	display	1	2.894	0	0	211020	100000	0	ok
PROBE-TSV	1	tar.xz	entries	deferred	save_five_changes	editing_install	1	0.007	0	0	211020	100000	0	ok
PROBE-TSV	1	tar.xz	entries	deferred	save_five_changes	editing_prepare	1	25.503	0	0	211020	100000	0	ok
PROBE-TSV	1	tar.xz	entries	deferred	save_five_changes	entry_comparison	1	60.491	0	0	211020	100000	0	ok
PROBE-TSV	1	tar.xz	entries	deferred	save_five_changes	filter_compute	2	0.002	0	0	211020	100000	0	ok
PROBE-TSV	1	tar.xz	entries	deferred	save_five_changes	name_index_advance	1	17.515	0	0	211020	100000	0	ok
PROBE-TSV	1	tar.xz	entries	deferred	save_five_changes	password_verification	1	0.575	0	0	211020	100000	0	ok
PROBE-TSV	1	tar.xz	entries	deferred	save_five_changes	publish	1	0.978	0	0	211020	100000	0	ok
PROBE-TSV	1	tar.xz	entries	deferred	save_five_changes	reader_adoption	1	0.003	0	0	211020	100000	0	ok
PROBE-TSV	1	tar.xz	entries	deferred	save_five_changes	reload	1	188.631	0	0	211020	100000	0	ok
PROBE-TSV	1	tar.xz	entries	deferred	save_five_changes	replay	1	118.551	4096	0	211020	100000	0	ok
PROBE-TSV	1	tar.xz	entries	deferred	save_five_changes	replay_plan	1	26.724	0	0	211020	100000	0	ok
PROBE-TSV	1	tar.xz	entries	deferred	save_five_changes	representability_differential	1	0.786	0	0	211020	100000	0	ok
PROBE-TSV	1	tar.xz	entries	deferred	save_five_changes	save_sheet	1	1571.433	4096	249856	211020	100000	0	ok
PROBE-TSV	1	tar.xz	entries	deferred	save_five_changes	total	1	1597.312	4096	249856	211020	100000	0	ok
PROBE-TSV	1	tar.xz	entries	deferred	save_five_changes	tree_build	1	61.669	0	0	211020	100000	0	ok
PROBE-TSV	1	tar.xz	entries	deferred	save_five_changes	updater_open	1	245.517	0	0	211020	100000	0	ok
PROBE-TSV	1	tar.xz	entries	deferred	save_five_changes	verification_open	1	370.414	0	0	211020	100000	0	ok
PROBE-TSV	1	tar.xz	entries	deferred	rename_only_reserve_rename	display	1	2.794	0	0	214148	100000	0	ok
PROBE-TSV	1	tar.xz	entries	deferred	rename_only_reserve_rename	filter_compute	1	0.001	0	0	214148	100000	0	ok
PROBE-TSV	1	tar.xz	entries	deferred	rename_only_reserve_rename	password_verification	1	0.568	0	0	214148	100000	0	ok
PROBE-TSV	1	tar.xz	entries	deferred	rename_only_reserve_rename	total	1	146.102	0	0	214148	100000	0	ok
PROBE-TSV	1	tar.xz	entries	deferred	rename_only_reserve_rename	tree_build	1	59.746	0	0	214148	100000	0	ok
PROBE-TSV	1	tar.xz	entries	deferred	save_rename_only	capability_probe	1	173.085	0	0	213080	100000	0	ok
PROBE-TSV	1	tar.xz	entries	deferred	save_rename_only	commit	1	164.559	0	229376	213080	100000	0	ok
PROBE-TSV	1	tar.xz	entries	deferred	save_rename_only	display	1	2.904	0	0	213080	100000	0	ok
PROBE-TSV	1	tar.xz	entries	deferred	save_rename_only	editing_install	1	0.009	0	0	213080	100000	0	ok
PROBE-TSV	1	tar.xz	entries	deferred	save_rename_only	editing_prepare	1	31.606	0	0	213080	100000	0	ok
PROBE-TSV	1	tar.xz	entries	deferred	save_rename_only	entry_comparison	1	59.947	0	0	213080	100000	0	ok
PROBE-TSV	1	tar.xz	entries	deferred	save_rename_only	filter_compute	2	0.001	0	0	213080	100000	0	ok
PROBE-TSV	1	tar.xz	entries	deferred	save_rename_only	name_index_advance	1	14.076	0	0	213080	100000	0	ok
PROBE-TSV	1	tar.xz	entries	deferred	save_rename_only	password_verification	1	0.580	0	0	213080	100000	0	ok
PROBE-TSV	1	tar.xz	entries	deferred	save_rename_only	publish	1	0.405	0	0	213080	100000	0	ok
PROBE-TSV	1	tar.xz	entries	deferred	save_rename_only	reader_adoption	1	0.003	0	0	213080	100000	0	ok
PROBE-TSV	1	tar.xz	entries	deferred	save_rename_only	reload	1	187.908	0	0	213080	100000	0	ok
PROBE-TSV	1	tar.xz	entries	deferred	save_rename_only	replay	1	60.412	0	0	213080	100000	0	ok
PROBE-TSV	1	tar.xz	entries	deferred	save_rename_only	replay_plan	1	21.218	0	0	213080	100000	0	ok
PROBE-TSV	1	tar.xz	entries	deferred	save_rename_only	representability_differential	1	0.024	0	0	213080	100000	0	ok
PROBE-TSV	1	tar.xz	entries	deferred	save_rename_only	save_sheet	1	1543.605	0	241664	213080	100000	0	ok
PROBE-TSV	1	tar.xz	entries	deferred	save_rename_only	total	1	1575.680	0	241664	213080	100000	0	ok
PROBE-TSV	1	tar.xz	entries	deferred	save_rename_only	tree_build	1	59.955	0	0	213080	100000	0	ok
PROBE-TSV	1	tar.xz	entries	deferred	save_rename_only	updater_open	1	243.600	0	0	213080	100000	0	ok
PROBE-TSV	1	tar.xz	entries	deferred	save_rename_only	verification_open	1	375.085	0	0	213080	100000	0	ok
PROBE-PROGRESS	tar.xz	payload	delete_start	35	33	1.316	36.581
PROBE-TSV	1	tar.xz	payload	immediate	delete_start	capability_probe	1	1.921	0	0	135726672	1064	256	ok
PROBE-TSV	1	tar.xz	payload	immediate	delete_start	commit	1	20.146	0	135741440	135726672	1064	256	ok
PROBE-TSV	1	tar.xz	payload	immediate	delete_start	display	1	1.101	0	0	135726672	1064	256	ok
PROBE-TSV	1	tar.xz	payload	immediate	delete_start	entry_comparison	1	0.652	0	0	135726672	1064	256	ok
PROBE-TSV	1	tar.xz	payload	immediate	delete_start	filter_compute	1	0.000	0	0	135726672	1064	256	ok
PROBE-TSV	1	tar.xz	payload	immediate	delete_start	mutate	1	0.626	0	0	135726672	1064	256	ok
PROBE-TSV	1	tar.xz	payload	immediate	delete_start	password_verification	1	0.032	0	0	135726672	1064	256	ok
PROBE-TSV	1	tar.xz	payload	immediate	delete_start	plan_build	1	0.012	0	0	135726672	1064	256	ok
PROBE-TSV	1	tar.xz	payload	immediate	delete_start	plan_validation	1	0.096	0	0	135726672	1064	256	ok
PROBE-TSV	1	tar.xz	payload	immediate	delete_start	publish	1	0.761	0	0	135726672	1064	256	ok
PROBE-TSV	1	tar.xz	payload	immediate	delete_start	reader_adoption	1	0.002	0	0	135726672	1064	256	ok
PROBE-TSV	1	tar.xz	payload	immediate	delete_start	reload	1	2.112	0	0	135726672	1064	256	ok
PROBE-TSV	1	tar.xz	payload	immediate	delete_start	total	1	119.000	0	135753728	135726672	1064	256	ok
PROBE-TSV	1	tar.xz	payload	immediate	delete_start	tree_build	1	0.573	0	0	135726672	1064	256	ok
PROBE-TSV	1	tar.xz	payload	immediate	delete_start	updater_open	1	2.614	0	0	135726672	1064	256	ok
PROBE-TSV	1	tar.xz	payload	immediate	delete_start	verification_open	1	34.680	0	0	135726672	1064	256	ok
PROBE-PROGRESS	tar.xz	payload	delete_end	36	34	37.764	38.149
PROBE-TSV	1	tar.xz	payload	immediate	delete_end	capability_probe	1	2.029	0	0	137187640	1064	256	ok
PROBE-TSV	1	tar.xz	payload	immediate	delete_end	commit	1	58.110	0	137199616	137187640	1064	256	ok
PROBE-TSV	1	tar.xz	payload	immediate	delete_end	display	1	1.251	0	0	137187640	1064	256	ok
PROBE-TSV	1	tar.xz	payload	immediate	delete_end	entry_comparison	1	0.681	0	0	137187640	1064	256	ok
PROBE-TSV	1	tar.xz	payload	immediate	delete_end	filter_compute	1	0.000	0	0	137187640	1064	256	ok
PROBE-TSV	1	tar.xz	payload	immediate	delete_end	mutate	1	0.626	0	0	137187640	1064	256	ok
PROBE-TSV	1	tar.xz	payload	immediate	delete_end	password_verification	1	0.029	0	0	137187640	1064	256	ok
PROBE-TSV	1	tar.xz	payload	immediate	delete_end	plan_build	1	0.011	0	0	137187640	1064	256	ok
PROBE-TSV	1	tar.xz	payload	immediate	delete_end	plan_validation	1	0.095	0	0	137187640	1064	256	ok
PROBE-TSV	1	tar.xz	payload	immediate	delete_end	publish	1	0.769	0	0	137187640	1064	256	ok
PROBE-TSV	1	tar.xz	payload	immediate	delete_end	reader_adoption	1	0.002	0	0	137187640	1064	256	ok
PROBE-TSV	1	tar.xz	payload	immediate	delete_end	reload	1	2.214	0	0	137187640	1064	256	ok
PROBE-TSV	1	tar.xz	payload	immediate	delete_end	total	1	106.627	0	137211904	137187640	1064	256	ok
PROBE-TSV	1	tar.xz	payload	immediate	delete_end	tree_build	1	0.583	0	0	137187640	1064	256	ok
PROBE-TSV	1	tar.xz	payload	immediate	delete_end	updater_open	1	2.684	0	0	137187640	1064	256	ok
PROBE-TSV	1	tar.xz	payload	immediate	delete_end	verification_open	1	36.202	0	0	137187640	1064	256	ok
PROBE-PROGRESS	tar.xz	payload	rename_same_length	36	34	1.490	37.141
PROBE-TSV	1	tar.xz	payload	immediate	rename_same_length	capability_probe	1	1.933	0	0	137187640	1064	256	ok
PROBE-TSV	1	tar.xz	payload	immediate	rename_same_length	commit	1	19.721	0	137199616	137187640	1064	256	ok
PROBE-TSV	1	tar.xz	payload	immediate	rename_same_length	display	1	1.203	0	0	137187640	1064	256	ok
PROBE-TSV	1	tar.xz	payload	immediate	rename_same_length	entry_comparison	1	0.623	0	0	137187640	1064	256	ok
PROBE-TSV	1	tar.xz	payload	immediate	rename_same_length	filter_compute	1	0.000	0	0	137187640	1064	256	ok
PROBE-TSV	1	tar.xz	payload	immediate	rename_same_length	mutate	1	0.650	0	0	137187640	1064	256	ok
PROBE-TSV	1	tar.xz	payload	immediate	rename_same_length	name_index_advance	1	0.144	0	0	137187640	1064	256	ok
PROBE-TSV	1	tar.xz	payload	immediate	rename_same_length	name_index_build	1	1.369	0	0	137187640	1064	256	ok
PROBE-TSV	1	tar.xz	payload	immediate	rename_same_length	password_verification	1	0.025	0	0	137187640	1064	256	ok
PROBE-TSV	1	tar.xz	payload	immediate	rename_same_length	plan_build	1	0.018	0	0	137187640	1064	256	ok
PROBE-TSV	1	tar.xz	payload	immediate	rename_same_length	plan_validation	1	0.105	0	0	137187640	1064	256	ok
PROBE-TSV	1	tar.xz	payload	immediate	rename_same_length	publish	1	0.736	0	0	137187640	1064	256	ok
PROBE-TSV	1	tar.xz	payload	immediate	rename_same_length	reader_adoption	1	0.002	0	0	137187640	1064	256	ok
PROBE-TSV	1	tar.xz	payload	immediate	rename_same_length	reload	1	2.283	0	0	137187640	1064	256	ok
PROBE-TSV	1	tar.xz	payload	immediate	rename_same_length	total	1	68.490	0	137211904	137187640	1064	256	ok
PROBE-TSV	1	tar.xz	payload	immediate	rename_same_length	tree_build	1	0.571	0	0	137187640	1064	256	ok
PROBE-TSV	1	tar.xz	payload	immediate	rename_same_length	updater_open	1	2.685	0	0	137187640	1064	256	ok
PROBE-TSV	1	tar.xz	payload	immediate	rename_same_length	verification_open	1	35.299	0	0	137187640	1064	256	ok
PROBE-PROGRESS	tar.xz	payload	rename_different_length	36	34	1.477	37.527
PROBE-TSV	1	tar.xz	payload	immediate	rename_different_length	capability_probe	1	1.964	0	0	137187660	1064	256	ok
PROBE-TSV	1	tar.xz	payload	immediate	rename_different_length	commit	1	20.587	0	137199616	137187660	1064	256	ok
PROBE-TSV	1	tar.xz	payload	immediate	rename_different_length	display	1	1.178	0	0	137187660	1064	256	ok
PROBE-TSV	1	tar.xz	payload	immediate	rename_different_length	entry_comparison	1	0.622	0	0	137187660	1064	256	ok
PROBE-TSV	1	tar.xz	payload	immediate	rename_different_length	filter_compute	1	0.000	0	0	137187660	1064	256	ok
PROBE-TSV	1	tar.xz	payload	immediate	rename_different_length	mutate	1	0.632	0	0	137187660	1064	256	ok
PROBE-TSV	1	tar.xz	payload	immediate	rename_different_length	name_index_advance	1	0.163	0	0	137187660	1064	256	ok
PROBE-TSV	1	tar.xz	payload	immediate	rename_different_length	name_index_build	1	1.413	0	0	137187660	1064	256	ok
PROBE-TSV	1	tar.xz	payload	immediate	rename_different_length	password_verification	1	0.026	0	0	137187660	1064	256	ok
PROBE-TSV	1	tar.xz	payload	immediate	rename_different_length	plan_build	1	0.017	0	0	137187660	1064	256	ok
PROBE-TSV	1	tar.xz	payload	immediate	rename_different_length	plan_validation	1	0.107	0	0	137187660	1064	256	ok
PROBE-TSV	1	tar.xz	payload	immediate	rename_different_length	publish	1	0.754	0	0	137187660	1064	256	ok
PROBE-TSV	1	tar.xz	payload	immediate	rename_different_length	reader_adoption	1	0.002	0	0	137187660	1064	256	ok
PROBE-TSV	1	tar.xz	payload	immediate	rename_different_length	reload	1	2.326	0	0	137187660	1064	256	ok
PROBE-TSV	1	tar.xz	payload	immediate	rename_different_length	total	1	69.864	0	137211904	137187660	1064	256	ok
PROBE-TSV	1	tar.xz	payload	immediate	rename_different_length	tree_build	1	0.563	0	0	137187660	1064	256	ok
PROBE-TSV	1	tar.xz	payload	immediate	rename_different_length	updater_open	1	2.655	0	0	137187660	1064	256	ok
PROBE-TSV	1	tar.xz	payload	immediate	rename_different_length	verification_open	1	35.600	0	0	137187660	1064	256	ok
PROBE-PROGRESS	tar.xz	payload	rename_folder	36	34	5.556	38.886
PROBE-TSV	1	tar.xz	payload	immediate	rename_folder	capability_probe	1	1.950	0	0	137188128	1064	256	ok
PROBE-TSV	1	tar.xz	payload	immediate	rename_folder	commit	1	26.479	0	137228288	137188128	1064	256	ok
PROBE-TSV	1	tar.xz	payload	immediate	rename_folder	display	1	1.168	0	0	137188128	1064	256	ok
PROBE-TSV	1	tar.xz	payload	immediate	rename_folder	entry_comparison	1	0.644	0	0	137188128	1064	256	ok
PROBE-TSV	1	tar.xz	payload	immediate	rename_folder	filter_compute	1	0.000	0	0	137188128	1064	256	ok
PROBE-TSV	1	tar.xz	payload	immediate	rename_folder	mutate	1	0.886	0	0	137188128	1064	256	ok
PROBE-TSV	1	tar.xz	payload	immediate	rename_folder	name_index_advance	1	0.407	0	0	137188128	1064	256	ok
PROBE-TSV	1	tar.xz	payload	immediate	rename_folder	name_index_build	1	1.454	0	0	137188128	1064	256	ok
PROBE-TSV	1	tar.xz	payload	immediate	rename_folder	password_verification	1	0.027	0	0	137188128	1064	256	ok
PROBE-TSV	1	tar.xz	payload	immediate	rename_folder	plan_build	1	0.344	0	0	137188128	1064	256	ok
PROBE-TSV	1	tar.xz	payload	immediate	rename_folder	plan_validation	1	0.245	0	0	137188128	1064	256	ok
PROBE-TSV	1	tar.xz	payload	immediate	rename_folder	publish	1	0.800	0	0	137188128	1064	256	ok
PROBE-TSV	1	tar.xz	payload	immediate	rename_folder	reader_adoption	1	0.002	0	0	137188128	1064	256	ok
PROBE-TSV	1	tar.xz	payload	immediate	rename_folder	reload	1	2.576	0	0	137188128	1064	256	ok
PROBE-TSV	1	tar.xz	payload	immediate	rename_folder	total	1	78.587	0	137240576	137188128	1064	256	ok
PROBE-TSV	1	tar.xz	payload	immediate	rename_folder	tree_build	1	0.567	0	0	137188128	1064	256	ok
PROBE-TSV	1	tar.xz	payload	immediate	rename_folder	updater_open	1	2.728	0	0	137188128	1064	256	ok
PROBE-TSV	1	tar.xz	payload	immediate	rename_folder	verification_open	1	36.909	0	0	137188128	1064	256	ok
PROBE-PROGRESS	tar.xz	payload	new_folder	36	34	1.482	37.097
PROBE-TSV	1	tar.xz	payload	immediate	new_folder	capability_probe	1	2.090	0	0	137187728	1064	256	ok
PROBE-TSV	1	tar.xz	payload	immediate	new_folder	commit	1	20.266	0	137195520	137187728	1064	256	ok
PROBE-TSV	1	tar.xz	payload	immediate	new_folder	display	1	1.248	0	0	137187728	1064	256	ok
PROBE-TSV	1	tar.xz	payload	immediate	new_folder	entry_comparison	1	0.698	0	0	137187728	1064	256	ok
PROBE-TSV	1	tar.xz	payload	immediate	new_folder	filter_compute	1	0.000	0	0	137187728	1064	256	ok
PROBE-TSV	1	tar.xz	payload	immediate	new_folder	mutate	1	0.751	0	0	137187728	1064	256	ok
PROBE-TSV	1	tar.xz	payload	immediate	new_folder	name_index_advance	1	0.148	0	0	137187728	1064	256	ok
PROBE-TSV	1	tar.xz	payload	immediate	new_folder	name_index_build	1	1.526	0	0	137187728	1064	256	ok
PROBE-TSV	1	tar.xz	payload	immediate	new_folder	password_verification	1	0.025	0	0	137187728	1064	256	ok
PROBE-TSV	1	tar.xz	payload	immediate	new_folder	plan_build	1	1.537	0	0	137187728	1064	256	ok
PROBE-TSV	1	tar.xz	payload	immediate	new_folder	plan_validation	1	0.094	0	0	137187728	1064	256	ok
PROBE-TSV	1	tar.xz	payload	immediate	new_folder	publish	1	0.716	0	0	137187728	1064	256	ok
PROBE-TSV	1	tar.xz	payload	immediate	new_folder	reader_adoption	1	0.002	0	0	137187728	1064	256	ok
PROBE-TSV	1	tar.xz	payload	immediate	new_folder	reload	1	2.437	0	0	137187728	1064	256	ok
PROBE-TSV	1	tar.xz	payload	immediate	new_folder	total	1	69.495	0	137207808	137187728	1064	256	ok
PROBE-TSV	1	tar.xz	payload	immediate	new_folder	tree_build	1	0.589	0	0	137187728	1064	256	ok
PROBE-TSV	1	tar.xz	payload	immediate	new_folder	updater_open	1	2.857	0	0	137187728	1064	256	ok
PROBE-TSV	1	tar.xz	payload	immediate	new_folder	verification_open	1	35.203	0	0	137187728	1064	256	ok
PROBE-PROGRESS	tar.xz	payload	add_file	38	35	1.466	37.330
PROBE-TSV	1	tar.xz	payload	immediate	add_file	capability_probe	1	2.023	0	0	137187732	1064	256	ok
PROBE-TSV	1	tar.xz	payload	immediate	add_file	commit	1	19.594	0	137195520	137187732	1064	256	ok
PROBE-TSV	1	tar.xz	payload	immediate	add_file	display	1	1.157	0	0	137187732	1064	256	ok
PROBE-TSV	1	tar.xz	payload	immediate	add_file	entry_comparison	1	0.694	0	0	137187732	1064	256	ok
PROBE-TSV	1	tar.xz	payload	immediate	add_file	filter_compute	1	0.000	0	0	137187732	1064	256	ok
PROBE-TSV	1	tar.xz	payload	immediate	add_file	mutate	1	0.814	0	0	137187732	1064	256	ok
PROBE-TSV	1	tar.xz	payload	immediate	add_file	name_index_advance	1	0.135	0	0	137187732	1064	256	ok
PROBE-TSV	1	tar.xz	payload	immediate	add_file	name_index_build	1	1.533	0	0	137187732	1064	256	ok
PROBE-TSV	1	tar.xz	payload	immediate	add_file	password_verification	1	0.031	0	0	137187732	1064	256	ok
PROBE-TSV	1	tar.xz	payload	immediate	add_file	plan_build	3	0.040	0	0	137187732	1064	256	ok
PROBE-TSV	1	tar.xz	payload	immediate	add_file	plan_validation	1	0.094	0	0	137187732	1064	256	ok
PROBE-TSV	1	tar.xz	payload	immediate	add_file	publish	1	0.745	0	0	137187732	1064	256	ok
PROBE-TSV	1	tar.xz	payload	immediate	add_file	reader_adoption	1	0.002	0	0	137187732	1064	256	ok
PROBE-TSV	1	tar.xz	payload	immediate	add_file	reload	1	2.375	0	0	137187732	1064	256	ok
PROBE-TSV	1	tar.xz	payload	immediate	add_file	total	1	69.149	0	137207808	137187732	1064	256	ok
PROBE-TSV	1	tar.xz	payload	immediate	add_file	tree_build	1	0.590	0	0	137187732	1064	256	ok
PROBE-TSV	1	tar.xz	payload	immediate	add_file	updater_open	1	2.850	0	0	137187732	1064	256	ok
PROBE-TSV	1	tar.xz	payload	immediate	add_file	verification_open	1	35.362	0	0	137187732	1064	256	ok
PROBE-PROGRESS	tar.xz	payload	replace_file	37	34	1.328	36.638
PROBE-TSV	1	tar.xz	payload	immediate	replace_file	capability_probe	1	2.104	0	0	135726768	1064	256	ok
PROBE-TSV	1	tar.xz	payload	immediate	replace_file	commit	1	19.678	0	135741440	135726768	1064	256	ok
PROBE-TSV	1	tar.xz	payload	immediate	replace_file	display	1	1.284	0	0	135726768	1064	256	ok
PROBE-TSV	1	tar.xz	payload	immediate	replace_file	entry_comparison	1	0.711	0	0	135726768	1064	256	ok
PROBE-TSV	1	tar.xz	payload	immediate	replace_file	filter_compute	1	0.000	0	0	135726768	1064	256	ok
PROBE-TSV	1	tar.xz	payload	immediate	replace_file	mutate	1	1.390	0	0	135726768	1064	256	ok
PROBE-TSV	1	tar.xz	payload	immediate	replace_file	name_index_advance	1	0.168	0	0	135726768	1064	256	ok
PROBE-TSV	1	tar.xz	payload	immediate	replace_file	name_index_build	1	1.497	0	0	135726768	1064	256	ok
PROBE-TSV	1	tar.xz	payload	immediate	replace_file	password_verification	1	0.037	0	0	135726768	1064	256	ok
PROBE-TSV	1	tar.xz	payload	immediate	replace_file	plan_build	4	0.079	0	0	135726768	1064	256	ok
PROBE-TSV	1	tar.xz	payload	immediate	replace_file	plan_validation	1	0.100	0	0	135726768	1064	256	ok
PROBE-TSV	1	tar.xz	payload	immediate	replace_file	publish	1	0.745	0	0	135726768	1064	256	ok
PROBE-TSV	1	tar.xz	payload	immediate	replace_file	reader_adoption	1	0.002	0	0	135726768	1064	256	ok
PROBE-TSV	1	tar.xz	payload	immediate	replace_file	reload	1	2.486	0	0	135726768	1064	256	ok
PROBE-TSV	1	tar.xz	payload	immediate	replace_file	total	1	69.504	0	135753728	135726768	1064	256	ok
PROBE-TSV	1	tar.xz	payload	immediate	replace_file	tree_build	1	0.611	0	0	135726768	1064	256	ok
PROBE-TSV	1	tar.xz	payload	immediate	replace_file	updater_open	1	2.840	0	0	135726768	1064	256	ok
PROBE-TSV	1	tar.xz	payload	immediate	replace_file	verification_open	1	34.644	0	0	135726768	1064	256	ok
PROBE-TSV	1	tar.xz	payload	deferred	five_changes_reserve_rename	display	1	1.120	0	0	137187640	1064	256	ok
PROBE-TSV	1	tar.xz	payload	deferred	five_changes_reserve_rename	filter_compute	1	0.000	0	0	137187640	1064	256	ok
PROBE-TSV	1	tar.xz	payload	deferred	five_changes_reserve_rename	password_verification	1	0.029	0	0	137187640	1064	256	ok
PROBE-TSV	1	tar.xz	payload	deferred	five_changes_reserve_rename	total	1	22.600	0	0	137187640	1064	256	ok
PROBE-TSV	1	tar.xz	payload	deferred	five_changes_reserve_rename	tree_build	1	0.568	0	0	137187640	1064	256	ok
PROBE-TSV	1	tar.xz	payload	deferred	five_changes_reserve_delete	display	1	0.975	0	0	137187640	1064	256	ok
PROBE-TSV	1	tar.xz	payload	deferred	five_changes_reserve_delete	filter_compute	1	0.000	0	0	137187640	1064	256	ok
PROBE-TSV	1	tar.xz	payload	deferred	five_changes_reserve_delete	password_verification	1	0.027	0	0	137187640	1064	256	ok
PROBE-TSV	1	tar.xz	payload	deferred	five_changes_reserve_delete	total	1	19.251	0	0	137187640	1064	256	ok
PROBE-TSV	1	tar.xz	payload	deferred	five_changes_reserve_delete	tree_build	1	0.570	0	0	137187640	1064	256	ok
PROBE-TSV	1	tar.xz	payload	deferred	five_changes_reserve_new_folder	display	1	0.959	0	0	137187640	1064	256	ok
PROBE-TSV	1	tar.xz	payload	deferred	five_changes_reserve_new_folder	filter_compute	1	0.000	0	0	137187640	1064	256	ok
PROBE-TSV	1	tar.xz	payload	deferred	five_changes_reserve_new_folder	password_verification	1	0.030	0	0	137187640	1064	256	ok
PROBE-TSV	1	tar.xz	payload	deferred	five_changes_reserve_new_folder	total	1	4.061	0	0	137187640	1064	256	ok
PROBE-TSV	1	tar.xz	payload	deferred	five_changes_reserve_new_folder	tree_build	1	0.571	0	0	137187640	1064	256	ok
PROBE-TSV	1	tar.xz	payload	deferred	five_changes_reserve_delete_folder	display	1	0.397	0	0	137187640	1064	256	ok
PROBE-TSV	1	tar.xz	payload	deferred	five_changes_reserve_delete_folder	filter_compute	1	0.000	0	0	137187640	1064	256	ok
PROBE-TSV	1	tar.xz	payload	deferred	five_changes_reserve_delete_folder	password_verification	1	0.023	0	0	137187640	1064	256	ok
PROBE-TSV	1	tar.xz	payload	deferred	five_changes_reserve_delete_folder	total	1	21.673	0	0	137187640	1064	256	ok
PROBE-TSV	1	tar.xz	payload	deferred	five_changes_reserve_delete_folder	tree_build	1	0.035	0	0	137187640	1064	256	ok
PROBE-TSV	1	tar.xz	payload	deferred	five_changes_reserve_add	display	1	0.980	0	0	137187640	1064	256	ok
PROBE-TSV	1	tar.xz	payload	deferred	five_changes_reserve_add	filter_compute	1	0.000	0	0	137187640	1064	256	ok
PROBE-TSV	1	tar.xz	payload	deferred	five_changes_reserve_add	password_verification	1	0.026	0	0	137187640	1064	256	ok
PROBE-TSV	1	tar.xz	payload	deferred	five_changes_reserve_add	plan_build	3	0.053	0	0	137187640	1064	256	ok
PROBE-TSV	1	tar.xz	payload	deferred	five_changes_reserve_add	total	1	7.087	0	4096	137187640	1064	256	ok
PROBE-TSV	1	tar.xz	payload	deferred	five_changes_reserve_add	tree_build	1	0.050	0	0	137187640	1064	256	ok
PROBE-TSV	1	tar.xz	payload	deferred	save_five_changes	capability_probe	1	0.316	0	0	137185468	1064	256	ok
PROBE-TSV	1	tar.xz	payload	deferred	save_five_changes	commit	1	19.746	0	137191424	137185468	1064	256	ok
PROBE-TSV	1	tar.xz	payload	deferred	save_five_changes	display	1	1.248	0	0	137185468	1064	256	ok
PROBE-TSV	1	tar.xz	payload	deferred	save_five_changes	editing_install	1	0.004	0	0	137185468	1064	256	ok
PROBE-TSV	1	tar.xz	payload	deferred	save_five_changes	editing_prepare	1	0.047	0	0	137185468	1064	256	ok
PROBE-TSV	1	tar.xz	payload	deferred	save_five_changes	entry_comparison	1	0.052	0	0	137185468	1064	256	ok
PROBE-TSV	1	tar.xz	payload	deferred	save_five_changes	filter_compute	2	0.000	0	0	137185468	1064	256	ok
PROBE-TSV	1	tar.xz	payload	deferred	save_five_changes	name_index_advance	1	0.762	0	0	137185468	1064	256	ok
PROBE-TSV	1	tar.xz	payload	deferred	save_five_changes	password_verification	1	0.022	0	0	137185468	1064	256	ok
PROBE-TSV	1	tar.xz	payload	deferred	save_five_changes	publish	1	0.976	0	0	137185468	1064	256	ok
PROBE-TSV	1	tar.xz	payload	deferred	save_five_changes	reader_adoption	1	0.002	0	0	137185468	1064	256	ok
PROBE-TSV	1	tar.xz	payload	deferred	save_five_changes	reload	1	2.019	0	0	137185468	1064	256	ok
PROBE-TSV	1	tar.xz	payload	deferred	save_five_changes	replay	1	2.268	4096	0	137185468	1064	256	ok
PROBE-TSV	1	tar.xz	payload	deferred	save_five_changes	replay_plan	1	1.562	0	0	137185468	1064	256	ok
PROBE-TSV	1	tar.xz	payload	deferred	save_five_changes	representability_differential	1	0.800	0	0	137185468	1064	256	ok
PROBE-TSV	1	tar.xz	payload	deferred	save_five_changes	save_sheet	1	106.367	4096	137216000	137185468	1064	256	ok
PROBE-TSV	1	tar.xz	payload	deferred	save_five_changes	total	1	106.521	4096	137216000	137185468	1064	256	ok
PROBE-TSV	1	tar.xz	payload	deferred	save_five_changes	tree_build	1	0.060	0	0	137185468	1064	256	ok
PROBE-TSV	1	tar.xz	payload	deferred	save_five_changes	updater_open	1	2.869	0	0	137185468	1064	256	ok
PROBE-TSV	1	tar.xz	payload	deferred	save_five_changes	verification_open	1	31.280	0	0	137185468	1064	256	ok
PROBE-TSV	1	tar.xz	payload	deferred	rename_only_reserve_rename	display	1	1.051	0	0	137187640	1064	256	ok
PROBE-TSV	1	tar.xz	payload	deferred	rename_only_reserve_rename	filter_compute	1	0.000	0	0	137187640	1064	256	ok
PROBE-TSV	1	tar.xz	payload	deferred	rename_only_reserve_rename	password_verification	1	0.026	0	0	137187640	1064	256	ok
PROBE-TSV	1	tar.xz	payload	deferred	rename_only_reserve_rename	total	1	23.640	0	0	137187640	1064	256	ok
PROBE-TSV	1	tar.xz	payload	deferred	rename_only_reserve_rename	tree_build	1	0.574	0	0	137187640	1064	256	ok
PROBE-TSV	1	tar.xz	payload	deferred	save_rename_only	capability_probe	1	2.066	0	0	137187648	1064	256	ok
PROBE-TSV	1	tar.xz	payload	deferred	save_rename_only	commit	1	21.123	0	137199616	137187648	1064	256	ok
PROBE-TSV	1	tar.xz	payload	deferred	save_rename_only	display	1	1.052	0	0	137187648	1064	256	ok
PROBE-TSV	1	tar.xz	payload	deferred	save_rename_only	editing_install	1	0.003	0	0	137187648	1064	256	ok
PROBE-TSV	1	tar.xz	payload	deferred	save_rename_only	editing_prepare	1	0.226	0	0	137187648	1064	256	ok
PROBE-TSV	1	tar.xz	payload	deferred	save_rename_only	entry_comparison	1	0.710	0	0	137187648	1064	256	ok
PROBE-TSV	1	tar.xz	payload	deferred	save_rename_only	filter_compute	2	0.001	0	0	137187648	1064	256	ok
PROBE-TSV	1	tar.xz	payload	deferred	save_rename_only	name_index_advance	1	0.115	0	0	137187648	1064	256	ok
PROBE-TSV	1	tar.xz	payload	deferred	save_rename_only	password_verification	1	0.027	0	0	137187648	1064	256	ok
PROBE-TSV	1	tar.xz	payload	deferred	save_rename_only	publish	1	0.359	0	0	137187648	1064	256	ok
PROBE-TSV	1	tar.xz	payload	deferred	save_rename_only	reader_adoption	1	0.002	0	0	137187648	1064	256	ok
PROBE-TSV	1	tar.xz	payload	deferred	save_rename_only	reload	1	3.174	0	0	137187648	1064	256	ok
PROBE-TSV	1	tar.xz	payload	deferred	save_rename_only	replay	1	0.659	0	0	137187648	1064	256	ok
PROBE-TSV	1	tar.xz	payload	deferred	save_rename_only	replay_plan	1	0.255	0	0	137187648	1064	256	ok
PROBE-TSV	1	tar.xz	payload	deferred	save_rename_only	representability_differential	1	0.016	0	0	137187648	1064	256	ok
PROBE-TSV	1	tar.xz	payload	deferred	save_rename_only	save_sheet	1	83.153	0	137211904	137187648	1064	256	ok
PROBE-TSV	1	tar.xz	payload	deferred	save_rename_only	total	1	83.482	0	137211904	137187648	1064	256	ok
PROBE-TSV	1	tar.xz	payload	deferred	save_rename_only	tree_build	1	0.609	0	0	137187648	1064	256	ok
PROBE-TSV	1	tar.xz	payload	deferred	save_rename_only	updater_open	1	2.876	0	0	137187648	1064	256	ok
PROBE-TSV	1	tar.xz	payload	deferred	save_rename_only	verification_open	1	35.771	0	0	137187648	1064	256	ok
PROBE-PROGRESS	7z	entries	delete_start	5	3	319.348	299.122
PROBE-TSV	1	7z	entries	immediate	delete_start	capability_probe	1	203.692	0	0	7000008	100000	0	ok
PROBE-TSV	1	7z	entries	immediate	delete_start	commit	1	416.539	516096	7020544	7000008	100000	0	ok
PROBE-TSV	1	7z	entries	immediate	delete_start	display	1	2.931	0	0	7000008	100000	0	ok
PROBE-TSV	1	7z	entries	immediate	delete_start	entry_comparison	1	60.407	0	0	7000008	100000	0	ok
PROBE-TSV	1	7z	entries	immediate	delete_start	filter_compute	1	0.000	0	0	7000008	100000	0	ok
PROBE-TSV	1	7z	entries	immediate	delete_start	mutate	1	63.020	0	0	7000008	100000	0	ok
PROBE-TSV	1	7z	entries	immediate	delete_start	password_verification	1	0.194	0	0	7000008	100000	0	ok
PROBE-TSV	1	7z	entries	immediate	delete_start	plan_build	1	0.014	0	0	7000008	100000	0	ok
PROBE-TSV	1	7z	entries	immediate	delete_start	plan_validation	1	13.697	0	0	7000008	100000	0	ok
PROBE-TSV	1	7z	entries	immediate	delete_start	publish	1	0.811	0	0	7000008	100000	0	ok
PROBE-TSV	1	7z	entries	immediate	delete_start	reader_adoption	1	0.015	0	0	7000008	100000	0	ok
PROBE-TSV	1	7z	entries	immediate	delete_start	reload	1	204.273	0	0	7000008	100000	0	ok
PROBE-TSV	1	7z	entries	immediate	delete_start	total	1	1504.716	7045120	7032832	7000008	100000	0	ok
PROBE-TSV	1	7z	entries	immediate	delete_start	tree_build	1	61.218	0	0	7000008	100000	0	ok
PROBE-TSV	1	7z	entries	immediate	delete_start	updater_open	1	421.257	6529024	0	7000008	100000	0	ok
PROBE-TSV	1	7z	entries	immediate	delete_start	verification_open	1	207.708	0	0	7000008	100000	0	ok
PROBE-PROGRESS	7z	entries	delete_end	5	3	252.985	294.797
PROBE-TSV	1	7z	entries	immediate	delete_end	capability_probe	1	204.914	0	0	7000008	100000	0	ok
PROBE-TSV	1	7z	entries	immediate	delete_end	commit	1	315.722	57344	6545408	7000008	100000	0	ok
PROBE-TSV	1	7z	entries	immediate	delete_end	display	1	2.987	0	0	7000008	100000	0	ok
PROBE-TSV	1	7z	entries	immediate	delete_end	entry_comparison	1	59.930	0	0	7000008	100000	0	ok
PROBE-TSV	1	7z	entries	immediate	delete_end	filter_compute	1	0.000	0	0	7000008	100000	0	ok
PROBE-TSV	1	7z	entries	immediate	delete_end	mutate	1	62.819	0	0	7000008	100000	0	ok
PROBE-TSV	1	7z	entries	immediate	delete_end	password_verification	1	0.220	0	0	7000008	100000	0	ok
PROBE-TSV	1	7z	entries	immediate	delete_end	plan_build	1	0.014	0	0	7000008	100000	0	ok
PROBE-TSV	1	7z	entries	immediate	delete_end	plan_validation	1	13.688	0	0	7000008	100000	0	ok
PROBE-TSV	1	7z	entries	immediate	delete_end	publish	1	0.777	0	0	7000008	100000	0	ok
PROBE-TSV	1	7z	entries	immediate	delete_end	reader_adoption	1	0.004	0	0	7000008	100000	0	ok
PROBE-TSV	1	7z	entries	immediate	delete_end	reload	1	205.446	0	0	7000008	100000	0	ok
PROBE-TSV	1	7z	entries	immediate	delete_end	total	1	1388.564	6586368	6557696	7000008	100000	0	ok
PROBE-TSV	1	7z	entries	immediate	delete_end	tree_build	1	61.045	0	0	7000008	100000	0	ok
PROBE-TSV	1	7z	entries	immediate	delete_end	updater_open	1	408.151	6529024	0	7000008	100000	0	ok
PROBE-TSV	1	7z	entries	immediate	delete_end	verification_open	1	204.608	0	0	7000008	100000	0	ok
PROBE-PROGRESS	7z	entries	rename_same_length	5	3	254.258	295.095
PROBE-TSV	1	7z	entries	immediate	rename_same_length	capability_probe	1	205.795	0	0	7000078	100000	0	ok
PROBE-TSV	1	7z	entries	immediate	rename_same_length	commit	1	316.948	49152	6545408	7000078	100000	0	ok
PROBE-TSV	1	7z	entries	immediate	rename_same_length	display	1	2.922	0	0	7000078	100000	0	ok
PROBE-TSV	1	7z	entries	immediate	rename_same_length	entry_comparison	1	60.283	0	0	7000078	100000	0	ok
PROBE-TSV	1	7z	entries	immediate	rename_same_length	filter_compute	1	0.000	0	0	7000078	100000	0	ok
PROBE-TSV	1	7z	entries	immediate	rename_same_length	mutate	1	62.376	0	0	7000078	100000	0	ok
PROBE-TSV	1	7z	entries	immediate	rename_same_length	name_index_advance	1	13.309	0	0	7000078	100000	0	ok
PROBE-TSV	1	7z	entries	immediate	rename_same_length	name_index_build	1	149.087	0	0	7000078	100000	0	ok
PROBE-TSV	1	7z	entries	immediate	rename_same_length	password_verification	1	0.203	0	0	7000078	100000	0	ok
PROBE-TSV	1	7z	entries	immediate	rename_same_length	plan_build	1	0.024	0	0	7000078	100000	0	ok
PROBE-TSV	1	7z	entries	immediate	rename_same_length	plan_validation	1	13.522	0	0	7000078	100000	0	ok
PROBE-TSV	1	7z	entries	immediate	rename_same_length	publish	1	0.749	0	0	7000078	100000	0	ok
PROBE-TSV	1	7z	entries	immediate	rename_same_length	reader_adoption	1	0.004	0	0	7000078	100000	0	ok
PROBE-TSV	1	7z	entries	immediate	rename_same_length	reload	1	219.933	0	0	7000078	100000	0	ok
PROBE-TSV	1	7z	entries	immediate	rename_same_length	total	1	1550.704	6578176	6557696	7000078	100000	0	ok
PROBE-TSV	1	7z	entries	immediate	rename_same_length	tree_build	1	60.820	0	0	7000078	100000	0	ok
PROBE-TSV	1	7z	entries	immediate	rename_same_length	updater_open	1	406.560	6529024	0	7000078	100000	0	ok
PROBE-TSV	1	7z	entries	immediate	rename_same_length	verification_open	1	204.921	0	0	7000078	100000	0	ok
PROBE-PROGRESS	7z	entries	rename_different_length	5	3	248.921	291.023
PROBE-TSV	1	7z	entries	immediate	rename_different_length	capability_probe	1	206.004	0	0	7000114	100000	0	ok
PROBE-TSV	1	7z	entries	immediate	rename_different_length	commit	1	311.455	49152	6545408	7000114	100000	0	ok
PROBE-TSV	1	7z	entries	immediate	rename_different_length	display	1	2.951	0	0	7000114	100000	0	ok
PROBE-TSV	1	7z	entries	immediate	rename_different_length	entry_comparison	1	59.291	0	0	7000114	100000	0	ok
PROBE-TSV	1	7z	entries	immediate	rename_different_length	filter_compute	1	0.000	0	0	7000114	100000	0	ok
PROBE-TSV	1	7z	entries	immediate	rename_different_length	mutate	1	62.550	0	0	7000114	100000	0	ok
PROBE-TSV	1	7z	entries	immediate	rename_different_length	name_index_advance	1	13.314	0	0	7000114	100000	0	ok
PROBE-TSV	1	7z	entries	immediate	rename_different_length	name_index_build	1	150.183	0	0	7000114	100000	0	ok
PROBE-TSV	1	7z	entries	immediate	rename_different_length	password_verification	1	0.228	0	0	7000114	100000	0	ok
PROBE-TSV	1	7z	entries	immediate	rename_different_length	plan_build	1	0.027	0	0	7000114	100000	0	ok
PROBE-TSV	1	7z	entries	immediate	rename_different_length	plan_validation	1	13.342	0	0	7000114	100000	0	ok
PROBE-TSV	1	7z	entries	immediate	rename_different_length	publish	1	0.810	0	0	7000114	100000	0	ok
PROBE-TSV	1	7z	entries	immediate	rename_different_length	reader_adoption	1	0.003	0	0	7000114	100000	0	ok
PROBE-TSV	1	7z	entries	immediate	rename_different_length	reload	1	220.141	0	0	7000114	100000	0	ok
PROBE-TSV	1	7z	entries	immediate	rename_different_length	total	1	1537.215	6578176	6557696	7000114	100000	0	ok
PROBE-TSV	1	7z	entries	immediate	rename_different_length	tree_build	1	60.734	0	0	7000114	100000	0	ok
PROBE-TSV	1	7z	entries	immediate	rename_different_length	updater_open	1	400.936	6529024	0	7000114	100000	0	ok
PROBE-TSV	1	7z	entries	immediate	rename_different_length	verification_open	1	202.699	0	0	7000114	100000	0	ok
PROBE-PROGRESS	7z	entries	rename_folder	5	3	258.854	291.255
PROBE-TSV	1	7z	entries	immediate	rename_folder	capability_probe	1	205.381	0	0	7020078	100000	0	ok
PROBE-TSV	1	7z	entries	immediate	rename_folder	commit	1	321.046	49152	6569984	7020078	100000	0	ok
PROBE-TSV	1	7z	entries	immediate	rename_folder	display	1	2.907	0	0	7020078	100000	0	ok
PROBE-TSV	1	7z	entries	immediate	rename_folder	entry_comparison	1	58.065	0	0	7020078	100000	0	ok
PROBE-TSV	1	7z	entries	immediate	rename_folder	filter_compute	1	0.000	0	0	7020078	100000	0	ok
PROBE-TSV	1	7z	entries	immediate	rename_folder	mutate	1	66.537	0	0	7020078	100000	0	ok
PROBE-TSV	1	7z	entries	immediate	rename_folder	name_index_advance	1	18.248	0	0	7020078	100000	0	ok
PROBE-TSV	1	7z	entries	immediate	rename_folder	name_index_build	1	157.923	0	0	7020078	100000	0	ok
PROBE-TSV	1	7z	entries	immediate	rename_folder	password_verification	1	0.202	0	0	7020078	100000	0	ok
PROBE-TSV	1	7z	entries	immediate	rename_folder	plan_build	1	5.827	0	0	7020078	100000	0	ok
PROBE-TSV	1	7z	entries	immediate	rename_folder	plan_validation	1	16.296	0	0	7020078	100000	0	ok
PROBE-TSV	1	7z	entries	immediate	rename_folder	publish	1	0.813	0	0	7020078	100000	0	ok
PROBE-TSV	1	7z	entries	immediate	rename_folder	reader_adoption	1	0.004	0	0	7020078	100000	0	ok
PROBE-TSV	1	7z	entries	immediate	rename_folder	reload	1	224.510	0	0	7020078	100000	0	ok
PROBE-TSV	1	7z	entries	immediate	rename_folder	total	1	1579.609	6578176	6582272	7020078	100000	0	ok
PROBE-TSV	1	7z	entries	immediate	rename_folder	tree_build	1	61.501	0	0	7020078	100000	0	ok
PROBE-TSV	1	7z	entries	immediate	rename_folder	updater_open	1	407.874	6529024	0	7020078	100000	0	ok
PROBE-TSV	1	7z	entries	immediate	rename_folder	verification_open	1	202.048	0	0	7020078	100000	0	ok
PROBE-PROGRESS	7z	entries	new_folder	5	3	252.523	291.937
PROBE-TSV	1	7z	entries	immediate	new_folder	capability_probe	1	205.144	0	0	7012616	100000	0	ok
PROBE-TSV	1	7z	entries	immediate	new_folder	commit	1	313.507	49152	6569984	7012616	100000	0	ok
PROBE-TSV	1	7z	entries	immediate	new_folder	display	1	3.026	0	0	7012616	100000	0	ok
PROBE-TSV	1	7z	entries	immediate	new_folder	entry_comparison	1	59.870	0	0	7012616	100000	0	ok
PROBE-TSV	1	7z	entries	immediate	new_folder	filter_compute	1	0.000	0	0	7012616	100000	0	ok
PROBE-TSV	1	7z	entries	immediate	new_folder	mutate	1	70.672	0	0	7012616	100000	0	ok
PROBE-TSV	1	7z	entries	immediate	new_folder	name_index_advance	1	12.750	0	0	7012616	100000	0	ok
PROBE-TSV	1	7z	entries	immediate	new_folder	name_index_build	1	149.613	0	0	7012616	100000	0	ok
PROBE-TSV	1	7z	entries	immediate	new_folder	password_verification	1	0.211	0	0	7012616	100000	0	ok
PROBE-TSV	1	7z	entries	immediate	new_folder	plan_build	1	149.639	0	0	7012616	100000	0	ok
PROBE-TSV	1	7z	entries	immediate	new_folder	plan_validation	1	13.432	0	0	7012616	100000	0	ok
PROBE-TSV	1	7z	entries	immediate	new_folder	publish	1	0.766	0	0	7012616	100000	0	ok
PROBE-TSV	1	7z	entries	immediate	new_folder	reader_adoption	1	0.004	0	0	7012616	100000	0	ok
PROBE-TSV	1	7z	entries	immediate	new_folder	reload	1	218.745	0	0	7012616	100000	0	ok
PROBE-TSV	1	7z	entries	immediate	new_folder	total	1	1547.092	6578176	6582272	7012616	100000	0	ok
PROBE-TSV	1	7z	entries	immediate	new_folder	tree_build	1	59.042	0	0	7012616	100000	0	ok
PROBE-TSV	1	7z	entries	immediate	new_folder	updater_open	1	403.631	6529024	0	7012616	100000	0	ok
PROBE-TSV	1	7z	entries	immediate	new_folder	verification_open	1	201.620	0	0	7012616	100000	0	ok
PROBE-PROGRESS	7z	entries	add_file	8	5	228.849	291.355
PROBE-TSV	1	7z	entries	immediate	add_file	capability_probe	1	206.490	0	0	7000126	100000	0	ok
PROBE-TSV	1	7z	entries	immediate	add_file	commit	1	314.249	32768	6545408	7000126	100000	0	ok
PROBE-TSV	1	7z	entries	immediate	add_file	display	1	3.074	0	0	7000126	100000	0	ok
PROBE-TSV	1	7z	entries	immediate	add_file	entry_comparison	1	59.505	0	0	7000126	100000	0	ok
PROBE-TSV	1	7z	entries	immediate	add_file	filter_compute	1	0.000	0	0	7000126	100000	0	ok
PROBE-TSV	1	7z	entries	immediate	add_file	mutate	1	70.832	0	0	7000126	100000	0	ok
PROBE-TSV	1	7z	entries	immediate	add_file	name_index_advance	1	12.846	0	0	7000126	100000	0	ok
PROBE-TSV	1	7z	entries	immediate	add_file	name_index_build	1	148.720	0	0	7000126	100000	0	ok
PROBE-TSV	1	7z	entries	immediate	add_file	password_verification	1	0.208	0	0	7000126	100000	0	ok
PROBE-TSV	1	7z	entries	immediate	add_file	plan_build	3	0.061	0	0	7000126	100000	0	ok
PROBE-TSV	1	7z	entries	immediate	add_file	plan_validation	1	13.789	0	0	7000126	100000	0	ok
PROBE-TSV	1	7z	entries	immediate	add_file	publish	1	0.844	0	0	7000126	100000	0	ok
PROBE-TSV	1	7z	entries	immediate	add_file	reader_adoption	1	0.004	0	0	7000126	100000	0	ok
PROBE-TSV	1	7z	entries	immediate	add_file	reload	1	220.154	0	0	7000126	100000	0	ok
PROBE-TSV	1	7z	entries	immediate	add_file	total	1	1550.061	6578176	6557696	7000126	100000	0	ok
PROBE-TSV	1	7z	entries	immediate	add_file	tree_build	1	60.367	0	0	7000126	100000	0	ok
PROBE-TSV	1	7z	entries	immediate	add_file	updater_open	1	403.980	6529024	0	7000126	100000	0	ok
PROBE-TSV	1	7z	entries	immediate	add_file	verification_open	1	203.013	0	0	7000126	100000	0	ok
PROBE-PROGRESS	7z	entries	replace_file	8	5	290.749	290.672
PROBE-TSV	1	7z	entries	immediate	replace_file	capability_probe	1	203.827	0	0	7000078	100000	0	ok
PROBE-TSV	1	7z	entries	immediate	replace_file	commit	1	408.251	491520	7020544	7000078	100000	0	ok
PROBE-TSV	1	7z	entries	immediate	replace_file	display	1	2.946	0	0	7000078	100000	0	ok
PROBE-TSV	1	7z	entries	immediate	replace_file	entry_comparison	1	57.777	0	0	7000078	100000	0	ok
PROBE-TSV	1	7z	entries	immediate	replace_file	filter_compute	1	0.000	0	0	7000078	100000	0	ok
PROBE-TSV	1	7z	entries	immediate	replace_file	mutate	1	121.716	0	0	7000078	100000	0	ok
PROBE-TSV	1	7z	entries	immediate	replace_file	name_index_advance	1	12.964	0	0	7000078	100000	0	ok
PROBE-TSV	1	7z	entries	immediate	replace_file	name_index_build	1	148.624	0	0	7000078	100000	0	ok
PROBE-TSV	1	7z	entries	immediate	replace_file	password_verification	1	0.196	0	0	7000078	100000	0	ok
PROBE-TSV	1	7z	entries	immediate	replace_file	plan_build	4	2.362	0	0	7000078	100000	0	ok
PROBE-TSV	1	7z	entries	immediate	replace_file	plan_validation	1	13.670	0	0	7000078	100000	0	ok
PROBE-TSV	1	7z	entries	immediate	replace_file	publish	1	0.776	0	0	7000078	100000	0	ok
PROBE-TSV	1	7z	entries	immediate	replace_file	reader_adoption	1	0.004	0	0	7000078	100000	0	ok
PROBE-TSV	1	7z	entries	immediate	replace_file	reload	1	217.651	0	0	7000078	100000	0	ok
PROBE-TSV	1	7z	entries	immediate	replace_file	total	1	1692.928	7036928	7032832	7000078	100000	0	ok
PROBE-TSV	1	7z	entries	immediate	replace_file	tree_build	1	59.252	0	0	7000078	100000	0	ok
PROBE-TSV	1	7z	entries	immediate	replace_file	updater_open	1	402.683	6529024	0	7000078	100000	0	ok
PROBE-TSV	1	7z	entries	immediate	replace_file	verification_open	1	202.654	0	0	7000078	100000	0	ok
PROBE-TSV	1	7z	entries	deferred	five_changes_reserve_rename	display	1	2.622	0	0	7000078	100000	0	ok
PROBE-TSV	1	7z	entries	deferred	five_changes_reserve_rename	filter_compute	1	0.000	0	0	7000078	100000	0	ok
PROBE-TSV	1	7z	entries	deferred	five_changes_reserve_rename	password_verification	1	0.560	0	0	7000078	100000	0	ok
PROBE-TSV	1	7z	entries	deferred	five_changes_reserve_rename	total	1	155.653	0	0	7000078	100000	0	ok
PROBE-TSV	1	7z	entries	deferred	five_changes_reserve_rename	tree_build	1	65.690	0	0	7000078	100000	0	ok
PROBE-TSV	1	7z	entries	deferred	five_changes_reserve_delete	display	1	2.579	0	0	7000078	100000	0	ok
PROBE-TSV	1	7z	entries	deferred	five_changes_reserve_delete	filter_compute	1	0.001	0	0	7000078	100000	0	ok
PROBE-TSV	1	7z	entries	deferred	five_changes_reserve_delete	password_verification	1	0.557	0	0	7000078	100000	0	ok
PROBE-TSV	1	7z	entries	deferred	five_changes_reserve_delete	total	1	155.625	0	0	7000078	100000	0	ok
PROBE-TSV	1	7z	entries	deferred	five_changes_reserve_delete	tree_build	1	63.568	0	0	7000078	100000	0	ok
PROBE-TSV	1	7z	entries	deferred	five_changes_reserve_new_folder	display	1	2.787	0	0	7000078	100000	0	ok
PROBE-TSV	1	7z	entries	deferred	five_changes_reserve_new_folder	filter_compute	1	0.001	0	0	7000078	100000	0	ok
PROBE-TSV	1	7z	entries	deferred	five_changes_reserve_new_folder	password_verification	1	0.556	0	0	7000078	100000	0	ok
PROBE-TSV	1	7z	entries	deferred	five_changes_reserve_new_folder	total	1	151.468	0	0	7000078	100000	0	ok
PROBE-TSV	1	7z	entries	deferred	five_changes_reserve_new_folder	tree_build	1	59.744	0	0	7000078	100000	0	ok
PROBE-TSV	1	7z	entries	deferred	five_changes_reserve_delete_folder	display	1	2.804	0	0	7000078	100000	0	ok
PROBE-TSV	1	7z	entries	deferred	five_changes_reserve_delete_folder	filter_compute	1	0.001	0	0	7000078	100000	0	ok
PROBE-TSV	1	7z	entries	deferred	five_changes_reserve_delete_folder	password_verification	1	0.584	0	0	7000078	100000	0	ok
PROBE-TSV	1	7z	entries	deferred	five_changes_reserve_delete_folder	total	1	157.780	0	0	7000078	100000	0	ok
PROBE-TSV	1	7z	entries	deferred	five_changes_reserve_delete_folder	tree_build	1	62.595	0	0	7000078	100000	0	ok
PROBE-TSV	1	7z	entries	deferred	five_changes_reserve_add	display	1	2.864	0	0	7000078	100000	0	ok
PROBE-TSV	1	7z	entries	deferred	five_changes_reserve_add	filter_compute	1	0.001	0	0	7000078	100000	0	ok
PROBE-TSV	1	7z	entries	deferred	five_changes_reserve_add	password_verification	1	0.562	0	0	7000078	100000	0	ok
PROBE-TSV	1	7z	entries	deferred	five_changes_reserve_add	plan_build	3	0.060	0	0	7000078	100000	0	ok
PROBE-TSV	1	7z	entries	deferred	five_changes_reserve_add	total	1	155.773	0	4096	7000078	100000	0	ok
PROBE-TSV	1	7z	entries	deferred	five_changes_reserve_add	tree_build	1	60.743	0	0	7000078	100000	0	ok
PROBE-TSV	1	7z	entries	deferred	save_five_changes	capability_probe	1	203.038	0	0	6942455	100000	0	ok
PROBE-TSV	1	7z	entries	deferred	save_five_changes	commit	1	423.535	524288	6963200	6942455	100000	0	ok
PROBE-TSV	1	7z	entries	deferred	save_five_changes	display	1	2.874	0	0	6942455	100000	0	ok
PROBE-TSV	1	7z	entries	deferred	save_five_changes	editing_install	1	0.009	0	0	6942455	100000	0	ok
PROBE-TSV	1	7z	entries	deferred	save_five_changes	editing_prepare	1	34.200	0	0	6942455	100000	0	ok
PROBE-TSV	1	7z	entries	deferred	save_five_changes	entry_comparison	1	58.639	0	0	6942455	100000	0	ok
PROBE-TSV	1	7z	entries	deferred	save_five_changes	filter_compute	2	0.001	0	0	6942455	100000	0	ok
PROBE-TSV	1	7z	entries	deferred	save_five_changes	name_index_advance	1	16.118	0	0	6942455	100000	0	ok
PROBE-TSV	1	7z	entries	deferred	save_five_changes	password_verification	1	0.567	0	0	6942455	100000	0	ok
PROBE-TSV	1	7z	entries	deferred	save_five_changes	publish	1	0.950	0	0	6942455	100000	0	ok
PROBE-TSV	1	7z	entries	deferred	save_five_changes	reader_adoption	1	0.004	0	0	6942455	100000	0	ok
PROBE-TSV	1	7z	entries	deferred	save_five_changes	reload	1	229.810	0	0	6942455	100000	0	ok
PROBE-TSV	1	7z	entries	deferred	save_five_changes	replay	1	128.273	4096	0	6942455	100000	0	ok
PROBE-TSV	1	7z	entries	deferred	save_five_changes	replay_plan	1	25.043	0	0	6942455	100000	0	ok
PROBE-TSV	1	7z	entries	deferred	save_five_changes	representability_differential	1	0.783	0	0	6942455	100000	0	ok
PROBE-TSV	1	7z	entries	deferred	save_five_changes	save_sheet	1	1916.806	7073792	6987776	6942455	100000	0	ok
PROBE-TSV	1	7z	entries	deferred	save_five_changes	total	1	1951.327	7073792	6987776	6942455	100000	0	ok
PROBE-TSV	1	7z	entries	deferred	save_five_changes	tree_build	1	61.673	0	0	6942455	100000	0	ok
PROBE-TSV	1	7z	entries	deferred	save_five_changes	updater_open	1	404.800	6529024	0	6942455	100000	0	ok
PROBE-TSV	1	7z	entries	deferred	save_five_changes	verification_open	1	208.673	0	0	6942455	100000	0	ok
PROBE-TSV	1	7z	entries	deferred	rename_only_reserve_rename	display	1	2.686	0	0	7000078	100000	0	ok
PROBE-TSV	1	7z	entries	deferred	rename_only_reserve_rename	filter_compute	1	0.001	0	0	7000078	100000	0	ok
PROBE-TSV	1	7z	entries	deferred	rename_only_reserve_rename	password_verification	1	0.538	0	0	7000078	100000	0	ok
PROBE-TSV	1	7z	entries	deferred	rename_only_reserve_rename	total	1	154.181	0	0	7000078	100000	0	ok
PROBE-TSV	1	7z	entries	deferred	rename_only_reserve_rename	tree_build	1	65.459	0	0	7000078	100000	0	ok
PROBE-TSV	1	7z	entries	deferred	save_rename_only	capability_probe	1	206.299	0	0	7000076	100000	0	ok
PROBE-TSV	1	7z	entries	deferred	save_rename_only	commit	1	321.108	57344	6545408	7000076	100000	0	ok
PROBE-TSV	1	7z	entries	deferred	save_rename_only	display	1	2.814	0	0	7000076	100000	0	ok
PROBE-TSV	1	7z	entries	deferred	save_rename_only	editing_install	1	0.010	0	0	7000076	100000	0	ok
PROBE-TSV	1	7z	entries	deferred	save_rename_only	editing_prepare	1	37.759	0	0	7000076	100000	0	ok
PROBE-TSV	1	7z	entries	deferred	save_rename_only	entry_comparison	1	58.325	0	0	7000076	100000	0	ok
PROBE-TSV	1	7z	entries	deferred	save_rename_only	filter_compute	2	0.001	0	0	7000076	100000	0	ok
PROBE-TSV	1	7z	entries	deferred	save_rename_only	name_index_advance	1	14.085	0	0	7000076	100000	0	ok
PROBE-TSV	1	7z	entries	deferred	save_rename_only	password_verification	1	0.556	0	0	7000076	100000	0	ok
PROBE-TSV	1	7z	entries	deferred	save_rename_only	publish	1	0.379	0	0	7000076	100000	0	ok
PROBE-TSV	1	7z	entries	deferred	save_rename_only	reader_adoption	1	0.004	0	0	7000076	100000	0	ok
PROBE-TSV	1	7z	entries	deferred	save_rename_only	reload	1	231.083	0	0	7000076	100000	0	ok
PROBE-TSV	1	7z	entries	deferred	save_rename_only	replay	1	64.133	0	0	7000076	100000	0	ok
PROBE-TSV	1	7z	entries	deferred	save_rename_only	replay_plan	1	23.496	0	0	7000076	100000	0	ok
PROBE-TSV	1	7z	entries	deferred	save_rename_only	representability_differential	1	0.024	0	0	7000076	100000	0	ok
PROBE-TSV	1	7z	entries	deferred	save_rename_only	save_sheet	1	1790.052	6586368	6557696	7000076	100000	0	ok
PROBE-TSV	1	7z	entries	deferred	save_rename_only	total	1	1828.259	6586368	6557696	7000076	100000	0	ok
PROBE-TSV	1	7z	entries	deferred	save_rename_only	tree_build	1	61.454	0	0	7000076	100000	0	ok
PROBE-TSV	1	7z	entries	deferred	save_rename_only	updater_open	1	416.277	6529024	0	7000076	100000	0	ok
PROBE-TSV	1	7z	entries	deferred	save_rename_only	verification_open	1	210.487	0	0	7000076	100000	0	ok
PROBE-PROGRESS	7z	payload	delete_start	76	74	6.210	5.135
PROBE-TSV	1	7z	payload	immediate	delete_start	capability_probe	1	2.174	0	0	135790639	1064	256	ok
PROBE-TSV	1	7z	payload	immediate	delete_start	commit	1	63.024	135741440	135823360	135790639	1064	256	ok
PROBE-TSV	1	7z	payload	immediate	delete_start	display	1	1.267	0	0	135790639	1064	256	ok
PROBE-TSV	1	7z	payload	immediate	delete_start	entry_comparison	1	0.615	0	0	135790639	1064	256	ok
PROBE-TSV	1	7z	payload	immediate	delete_start	filter_compute	1	0.000	0	0	135790639	1064	256	ok
PROBE-TSV	1	7z	payload	immediate	delete_start	mutate	1	0.658	0	0	135790639	1064	256	ok
PROBE-TSV	1	7z	payload	immediate	delete_start	password_verification	1	0.028	0	0	135790639	1064	256	ok
PROBE-TSV	1	7z	payload	immediate	delete_start	plan_build	1	0.014	0	0	135790639	1064	256	ok
PROBE-TSV	1	7z	payload	immediate	delete_start	plan_validation	1	0.109	0	0	135790639	1064	256	ok
PROBE-TSV	1	7z	payload	immediate	delete_start	publish	1	0.699	0	0	135790639	1064	256	ok
PROBE-TSV	1	7z	payload	immediate	delete_start	reader_adoption	1	0.002	0	0	135790639	1064	256	ok
PROBE-TSV	1	7z	payload	immediate	delete_start	reload	1	2.363	0	0	135790639	1064	256	ok
PROBE-TSV	1	7z	payload	immediate	delete_start	total	1	80.967	135843840	135835648	135790639	1064	256	ok
PROBE-TSV	1	7z	payload	immediate	delete_start	tree_build	1	0.582	0	0	135790639	1064	256	ok
PROBE-TSV	1	7z	payload	immediate	delete_start	updater_open	1	5.327	102400	0	135790639	1064	256	ok
PROBE-TSV	1	7z	payload	immediate	delete_start	verification_open	1	2.170	0	0	135790639	1064	256	ok
PROBE-PROGRESS	7z	payload	delete_end	4	2	3.837	4.142
PROBE-TSV	1	7z	payload	immediate	delete_end	capability_probe	1	2.286	0	0	137251506	1064	256	ok
PROBE-TSV	1	7z	payload	immediate	delete_end	commit	1	4.561	36864	118784	137251506	1064	256	ok
PROBE-TSV	1	7z	payload	immediate	delete_end	display	1	1.012	0	0	137251506	1064	256	ok
PROBE-TSV	1	7z	payload	immediate	delete_end	entry_comparison	1	0.631	0	0	137251506	1064	256	ok
PROBE-TSV	1	7z	payload	immediate	delete_end	filter_compute	1	0.000	0	0	137251506	1064	256	ok
PROBE-TSV	1	7z	payload	immediate	delete_end	mutate	1	0.638	0	0	137251506	1064	256	ok
PROBE-TSV	1	7z	payload	immediate	delete_end	password_verification	1	0.023	0	0	137251506	1064	256	ok
PROBE-TSV	1	7z	payload	immediate	delete_end	plan_build	1	0.012	0	0	137251506	1064	256	ok
PROBE-TSV	1	7z	payload	immediate	delete_end	plan_validation	1	0.107	0	0	137251506	1064	256	ok
PROBE-TSV	1	7z	payload	immediate	delete_end	publish	1	0.660	0	0	137251506	1064	256	ok
PROBE-TSV	1	7z	payload	immediate	delete_end	reader_adoption	1	0.003	0	0	137251506	1064	256	ok
PROBE-TSV	1	7z	payload	immediate	delete_end	reload	1	2.474	0	0	137251506	1064	256	ok
PROBE-TSV	1	7z	payload	immediate	delete_end	total	1	58.480	139264	131072	137251506	1064	256	ok
PROBE-TSV	1	7z	payload	immediate	delete_end	tree_build	1	0.637	0	0	137251506	1064	256	ok
PROBE-TSV	1	7z	payload	immediate	delete_end	updater_open	1	5.200	102400	0	137251506	1064	256	ok
PROBE-TSV	1	7z	payload	immediate	delete_end	verification_open	1	2.200	0	0	137251506	1064	256	ok
PROBE-PROGRESS	7z	payload	rename_same_length	4	2	3.555	4.131
PROBE-TSV	1	7z	payload	immediate	rename_same_length	capability_probe	1	2.237	0	0	137251576	1064	256	ok
PROBE-TSV	1	7z	payload	immediate	rename_same_length	commit	1	4.256	32768	118784	137251576	1064	256	ok
PROBE-TSV	1	7z	payload	immediate	rename_same_length	display	1	1.106	0	0	137251576	1064	256	ok
PROBE-TSV	1	7z	payload	immediate	rename_same_length	entry_comparison	1	0.632	0	0	137251576	1064	256	ok
PROBE-TSV	1	7z	payload	immediate	rename_same_length	filter_compute	1	0.000	0	0	137251576	1064	256	ok
PROBE-TSV	1	7z	payload	immediate	rename_same_length	mutate	1	0.662	0	0	137251576	1064	256	ok
PROBE-TSV	1	7z	payload	immediate	rename_same_length	name_index_advance	1	0.110	0	0	137251576	1064	256	ok
PROBE-TSV	1	7z	payload	immediate	rename_same_length	name_index_build	1	1.530	0	0	137251576	1064	256	ok
PROBE-TSV	1	7z	payload	immediate	rename_same_length	password_verification	1	0.026	0	0	137251576	1064	256	ok
PROBE-TSV	1	7z	payload	immediate	rename_same_length	plan_build	1	0.016	0	0	137251576	1064	256	ok
PROBE-TSV	1	7z	payload	immediate	rename_same_length	plan_validation	1	0.115	0	0	137251576	1064	256	ok
PROBE-TSV	1	7z	payload	immediate	rename_same_length	publish	1	0.682	0	0	137251576	1064	256	ok
PROBE-TSV	1	7z	payload	immediate	rename_same_length	reader_adoption	1	0.002	0	0	137251576	1064	256	ok
PROBE-TSV	1	7z	payload	immediate	rename_same_length	reload	1	2.536	0	0	137251576	1064	256	ok
PROBE-TSV	1	7z	payload	immediate	rename_same_length	total	1	22.010	135168	131072	137251576	1064	256	ok
PROBE-TSV	1	7z	payload	immediate	rename_same_length	tree_build	1	0.565	0	0	137251576	1064	256	ok
PROBE-TSV	1	7z	payload	immediate	rename_same_length	updater_open	1	5.041	102400	0	137251576	1064	256	ok
PROBE-TSV	1	7z	payload	immediate	rename_same_length	verification_open	1	2.178	0	0	137251576	1064	256	ok
PROBE-PROGRESS	7z	payload	rename_different_length	4	2	3.434	3.981
PROBE-TSV	1	7z	payload	immediate	rename_different_length	capability_probe	1	2.208	0	0	137251612	1064	256	ok
PROBE-TSV	1	7z	payload	immediate	rename_different_length	commit	1	4.153	32768	118784	137251612	1064	256	ok
PROBE-TSV	1	7z	payload	immediate	rename_different_length	display	1	1.118	0	0	137251612	1064	256	ok
PROBE-TSV	1	7z	payload	immediate	rename_different_length	entry_comparison	1	0.592	0	0	137251612	1064	256	ok
PROBE-TSV	1	7z	payload	immediate	rename_different_length	filter_compute	1	0.000	0	0	137251612	1064	256	ok
PROBE-TSV	1	7z	payload	immediate	rename_different_length	mutate	1	0.652	0	0	137251612	1064	256	ok
PROBE-TSV	1	7z	payload	immediate	rename_different_length	name_index_advance	1	0.117	0	0	137251612	1064	256	ok
PROBE-TSV	1	7z	payload	immediate	rename_different_length	name_index_build	1	1.552	0	0	137251612	1064	256	ok
PROBE-TSV	1	7z	payload	immediate	rename_different_length	password_verification	1	0.032	0	0	137251612	1064	256	ok
PROBE-TSV	1	7z	payload	immediate	rename_different_length	plan_build	1	0.019	0	0	137251612	1064	256	ok
PROBE-TSV	1	7z	payload	immediate	rename_different_length	plan_validation	1	0.111	0	0	137251612	1064	256	ok
PROBE-TSV	1	7z	payload	immediate	rename_different_length	publish	1	0.637	0	0	137251612	1064	256	ok
PROBE-TSV	1	7z	payload	immediate	rename_different_length	reader_adoption	1	0.002	0	0	137251612	1064	256	ok
PROBE-TSV	1	7z	payload	immediate	rename_different_length	reload	1	2.532	0	0	137251612	1064	256	ok
PROBE-TSV	1	7z	payload	immediate	rename_different_length	total	1	21.810	135168	131072	137251612	1064	256	ok
PROBE-TSV	1	7z	payload	immediate	rename_different_length	tree_build	1	0.577	0	0	137251612	1064	256	ok
PROBE-TSV	1	7z	payload	immediate	rename_different_length	updater_open	1	5.057	102400	0	137251612	1064	256	ok
PROBE-TSV	1	7z	payload	immediate	rename_different_length	verification_open	1	2.124	0	0	137251612	1064	256	ok
PROBE-PROGRESS	7z	payload	rename_folder	4	2	3.490	3.970
PROBE-TSV	1	7z	payload	immediate	rename_folder	capability_probe	1	2.219	0	0	137252472	1064	256	ok
PROBE-TSV	1	7z	payload	immediate	rename_folder	commit	1	4.227	32768	118784	137252472	1064	256	ok
PROBE-TSV	1	7z	payload	immediate	rename_folder	display	1	1.123	0	0	137252472	1064	256	ok
PROBE-TSV	1	7z	payload	immediate	rename_folder	entry_comparison	1	0.605	0	0	137252472	1064	256	ok
PROBE-TSV	1	7z	payload	immediate	rename_folder	filter_compute	1	0.000	0	0	137252472	1064	256	ok
PROBE-TSV	1	7z	payload	immediate	rename_folder	mutate	1	0.940	0	0	137252472	1064	256	ok
PROBE-TSV	1	7z	payload	immediate	rename_folder	name_index_advance	1	0.378	0	0	137252472	1064	256	ok
PROBE-TSV	1	7z	payload	immediate	rename_folder	name_index_build	1	1.640	0	0	137252472	1064	256	ok
PROBE-TSV	1	7z	payload	immediate	rename_folder	password_verification	1	0.027	0	0	137252472	1064	256	ok
PROBE-TSV	1	7z	payload	immediate	rename_folder	plan_build	1	0.361	0	0	137252472	1064	256	ok
PROBE-TSV	1	7z	payload	immediate	rename_folder	plan_validation	1	0.258	0	0	137252472	1064	256	ok
PROBE-TSV	1	7z	payload	immediate	rename_folder	publish	1	0.616	0	0	137252472	1064	256	ok
PROBE-TSV	1	7z	payload	immediate	rename_folder	reader_adoption	1	0.002	0	0	137252472	1064	256	ok
PROBE-TSV	1	7z	payload	immediate	rename_folder	reload	1	2.766	0	0	137252472	1064	256	ok
PROBE-TSV	1	7z	payload	immediate	rename_folder	total	1	22.903	135168	131072	137252472	1064	256	ok
PROBE-TSV	1	7z	payload	immediate	rename_folder	tree_build	1	0.591	0	0	137252472	1064	256	ok
PROBE-TSV	1	7z	payload	immediate	rename_folder	updater_open	1	5.003	102400	0	137252472	1064	256	ok
PROBE-TSV	1	7z	payload	immediate	rename_folder	verification_open	1	2.108	0	0	137252472	1064	256	ok
PROBE-PROGRESS	7z	payload	new_folder	4	2	3.380	3.999
PROBE-TSV	1	7z	payload	immediate	new_folder	capability_probe	1	2.132	0	0	137251747	1064	256	ok
PROBE-TSV	1	7z	payload	immediate	new_folder	commit	1	4.091	32768	118784	137251747	1064	256	ok
PROBE-TSV	1	7z	payload	immediate	new_folder	display	1	1.183	0	0	137251747	1064	256	ok
PROBE-TSV	1	7z	payload	immediate	new_folder	entry_comparison	1	0.619	0	0	137251747	1064	256	ok
PROBE-TSV	1	7z	payload	immediate	new_folder	filter_compute	1	0.000	0	0	137251747	1064	256	ok
PROBE-TSV	1	7z	payload	immediate	new_folder	mutate	1	0.862	0	0	137251747	1064	256	ok
PROBE-TSV	1	7z	payload	immediate	new_folder	name_index_advance	1	0.121	0	0	137251747	1064	256	ok
PROBE-TSV	1	7z	payload	immediate	new_folder	name_index_build	1	1.482	0	0	137251747	1064	256	ok
PROBE-TSV	1	7z	payload	immediate	new_folder	password_verification	1	0.024	0	0	137251747	1064	256	ok
PROBE-TSV	1	7z	payload	immediate	new_folder	plan_build	1	1.499	0	0	137251747	1064	256	ok
PROBE-TSV	1	7z	payload	immediate	new_folder	plan_validation	1	0.105	0	0	137251747	1064	256	ok
PROBE-TSV	1	7z	payload	immediate	new_folder	publish	1	0.617	0	0	137251747	1064	256	ok
PROBE-TSV	1	7z	payload	immediate	new_folder	reader_adoption	1	0.002	0	0	137251747	1064	256	ok
PROBE-TSV	1	7z	payload	immediate	new_folder	reload	1	2.436	0	0	137251747	1064	256	ok
PROBE-TSV	1	7z	payload	immediate	new_folder	total	1	21.638	135168	131072	137251747	1064	256	ok
PROBE-TSV	1	7z	payload	immediate	new_folder	tree_build	1	0.578	0	0	137251747	1064	256	ok
PROBE-TSV	1	7z	payload	immediate	new_folder	updater_open	1	4.918	102400	0	137251747	1064	256	ok
PROBE-TSV	1	7z	payload	immediate	new_folder	verification_open	1	2.144	0	0	137251747	1064	256	ok
PROBE-PROGRESS	7z	payload	add_file	6	3	3.225	4.026
PROBE-TSV	1	7z	payload	immediate	add_file	capability_probe	1	2.130	0	0	137251624	1064	256	ok
PROBE-TSV	1	7z	payload	immediate	add_file	commit	1	3.889	16384	118784	137251624	1064	256	ok
PROBE-TSV	1	7z	payload	immediate	add_file	display	1	1.177	0	0	137251624	1064	256	ok
PROBE-TSV	1	7z	payload	immediate	add_file	entry_comparison	1	0.615	0	0	137251624	1064	256	ok
PROBE-TSV	1	7z	payload	immediate	add_file	filter_compute	1	0.000	0	0	137251624	1064	256	ok
PROBE-TSV	1	7z	payload	immediate	add_file	mutate	1	0.941	0	0	137251624	1064	256	ok
PROBE-TSV	1	7z	payload	immediate	add_file	name_index_advance	1	0.113	0	0	137251624	1064	256	ok
PROBE-TSV	1	7z	payload	immediate	add_file	name_index_build	1	1.572	0	0	137251624	1064	256	ok
PROBE-TSV	1	7z	payload	immediate	add_file	password_verification	1	0.028	0	0	137251624	1064	256	ok
PROBE-TSV	1	7z	payload	immediate	add_file	plan_build	3	0.043	0	0	137251624	1064	256	ok
PROBE-TSV	1	7z	payload	immediate	add_file	plan_validation	1	0.102	0	0	137251624	1064	256	ok
PROBE-TSV	1	7z	payload	immediate	add_file	publish	1	0.643	0	0	137251624	1064	256	ok
PROBE-TSV	1	7z	payload	immediate	add_file	reader_adoption	1	0.002	0	0	137251624	1064	256	ok
PROBE-TSV	1	7z	payload	immediate	add_file	reload	1	2.434	0	0	137251624	1064	256	ok
PROBE-TSV	1	7z	payload	immediate	add_file	total	1	22.551	135168	131072	137251624	1064	256	ok
PROBE-TSV	1	7z	payload	immediate	add_file	tree_build	1	0.578	0	0	137251624	1064	256	ok
PROBE-TSV	1	7z	payload	immediate	add_file	updater_open	1	4.962	102400	0	137251624	1064	256	ok
PROBE-TSV	1	7z	payload	immediate	add_file	verification_open	1	2.149	0	0	137251624	1064	256	ok
PROBE-PROGRESS	7z	payload	replace_file	78	75	4.766	5.096
PROBE-TSV	1	7z	payload	immediate	replace_file	capability_probe	1	2.192	0	0	135790709	1064	256	ok
PROBE-TSV	1	7z	payload	immediate	replace_file	commit	1	64.385	135725056	135839744	135790709	1064	256	ok
PROBE-TSV	1	7z	payload	immediate	replace_file	display	1	1.156	0	0	135790709	1064	256	ok
PROBE-TSV	1	7z	payload	immediate	replace_file	entry_comparison	1	0.627	0	0	135790709	1064	256	ok
PROBE-TSV	1	7z	payload	immediate	replace_file	filter_compute	1	0.000	0	0	135790709	1064	256	ok
PROBE-TSV	1	7z	payload	immediate	replace_file	mutate	1	1.493	0	0	135790709	1064	256	ok
PROBE-TSV	1	7z	payload	immediate	replace_file	name_index_advance	1	0.129	0	0	135790709	1064	256	ok
PROBE-TSV	1	7z	payload	immediate	replace_file	name_index_build	1	1.514	0	0	135790709	1064	256	ok
PROBE-TSV	1	7z	payload	immediate	replace_file	password_verification	1	0.026	0	0	135790709	1064	256	ok
PROBE-TSV	1	7z	payload	immediate	replace_file	plan_build	4	0.076	0	0	135790709	1064	256	ok
PROBE-TSV	1	7z	payload	immediate	replace_file	plan_validation	1	0.099	0	0	135790709	1064	256	ok
PROBE-TSV	1	7z	payload	immediate	replace_file	publish	1	0.717	0	0	135790709	1064	256	ok
PROBE-TSV	1	7z	payload	immediate	replace_file	reader_adoption	1	0.002	0	0	135790709	1064	256	ok
PROBE-TSV	1	7z	payload	immediate	replace_file	reload	1	2.534	0	0	135790709	1064	256	ok
PROBE-TSV	1	7z	payload	immediate	replace_file	total	1	85.030	135843840	135852032	135790709	1064	256	ok
PROBE-TSV	1	7z	payload	immediate	replace_file	tree_build	1	0.557	0	0	135790709	1064	256	ok
PROBE-TSV	1	7z	payload	immediate	replace_file	updater_open	1	4.991	102400	0	135790709	1064	256	ok
PROBE-TSV	1	7z	payload	immediate	replace_file	verification_open	1	2.102	0	0	135790709	1064	256	ok
PROBE-TSV	1	7z	payload	deferred	five_changes_reserve_rename	display	1	1.058	0	0	137251576	1064	256	ok
PROBE-TSV	1	7z	payload	deferred	five_changes_reserve_rename	filter_compute	1	0.000	0	0	137251576	1064	256	ok
PROBE-TSV	1	7z	payload	deferred	five_changes_reserve_rename	password_verification	1	0.026	0	0	137251576	1064	256	ok
PROBE-TSV	1	7z	payload	deferred	five_changes_reserve_rename	total	1	6.577	0	0	137251576	1064	256	ok
PROBE-TSV	1	7z	payload	deferred	five_changes_reserve_rename	tree_build	1	0.643	0	0	137251576	1064	256	ok
PROBE-TSV	1	7z	payload	deferred	five_changes_reserve_delete	display	1	0.520	0	0	137251576	1064	256	ok
PROBE-TSV	1	7z	payload	deferred	five_changes_reserve_delete	filter_compute	1	0.000	0	0	137251576	1064	256	ok
PROBE-TSV	1	7z	payload	deferred	five_changes_reserve_delete	password_verification	1	0.022	0	0	137251576	1064	256	ok
PROBE-TSV	1	7z	payload	deferred	five_changes_reserve_delete	total	1	22.832	0	0	137251576	1064	256	ok
PROBE-TSV	1	7z	payload	deferred	five_changes_reserve_delete	tree_build	1	0.557	0	0	137251576	1064	256	ok
PROBE-TSV	1	7z	payload	deferred	five_changes_reserve_new_folder	display	1	0.922	0	0	137251576	1064	256	ok
PROBE-TSV	1	7z	payload	deferred	five_changes_reserve_new_folder	filter_compute	1	0.000	0	0	137251576	1064	256	ok
PROBE-TSV	1	7z	payload	deferred	five_changes_reserve_new_folder	password_verification	1	0.034	0	0	137251576	1064	256	ok
PROBE-TSV	1	7z	payload	deferred	five_changes_reserve_new_folder	total	1	24.082	0	0	137251576	1064	256	ok
PROBE-TSV	1	7z	payload	deferred	five_changes_reserve_new_folder	tree_build	1	0.540	0	0	137251576	1064	256	ok
PROBE-TSV	1	7z	payload	deferred	five_changes_reserve_delete_folder	display	1	1.242	0	0	137251576	1064	256	ok
PROBE-TSV	1	7z	payload	deferred	five_changes_reserve_delete_folder	filter_compute	1	0.000	0	0	137251576	1064	256	ok
PROBE-TSV	1	7z	payload	deferred	five_changes_reserve_delete_folder	password_verification	1	0.037	0	0	137251576	1064	256	ok
PROBE-TSV	1	7z	payload	deferred	five_changes_reserve_delete_folder	total	1	28.740	0	0	137251576	1064	256	ok
PROBE-TSV	1	7z	payload	deferred	five_changes_reserve_delete_folder	tree_build	1	0.042	0	0	137251576	1064	256	ok
PROBE-TSV	1	7z	payload	deferred	five_changes_reserve_add	display	1	0.911	0	0	137251576	1064	256	ok
PROBE-TSV	1	7z	payload	deferred	five_changes_reserve_add	filter_compute	1	0.000	0	0	137251576	1064	256	ok
PROBE-TSV	1	7z	payload	deferred	five_changes_reserve_add	password_verification	1	0.025	0	0	137251576	1064	256	ok
PROBE-TSV	1	7z	payload	deferred	five_changes_reserve_add	plan_build	3	0.055	0	0	137251576	1064	256	ok
PROBE-TSV	1	7z	payload	deferred	five_changes_reserve_add	total	1	25.999	0	4096	137251576	1064	256	ok
PROBE-TSV	1	7z	payload	deferred	five_changes_reserve_add	tree_build	1	0.045	0	0	137251576	1064	256	ok
PROBE-TSV	1	7z	payload	deferred	save_five_changes	capability_probe	1	0.225	0	0	137181653	1064	256	ok
PROBE-TSV	1	7z	payload	deferred	save_five_changes	commit	1	0.771	16384	49152	137181653	1064	256	ok
PROBE-TSV	1	7z	payload	deferred	save_five_changes	display	1	1.293	0	0	137181653	1064	256	ok
PROBE-TSV	1	7z	payload	deferred	save_five_changes	editing_install	1	0.006	0	0	137181653	1064	256	ok
PROBE-TSV	1	7z	payload	deferred	save_five_changes	editing_prepare	1	0.049	0	0	137181653	1064	256	ok
PROBE-TSV	1	7z	payload	deferred	save_five_changes	entry_comparison	1	0.044	0	0	137181653	1064	256	ok
PROBE-TSV	1	7z	payload	deferred	save_five_changes	filter_compute	2	0.001	0	0	137181653	1064	256	ok
PROBE-TSV	1	7z	payload	deferred	save_five_changes	name_index_advance	1	0.724	0	0	137181653	1064	256	ok
PROBE-TSV	1	7z	payload	deferred	save_five_changes	password_verification	1	0.021	0	0	137181653	1064	256	ok
PROBE-TSV	1	7z	payload	deferred	save_five_changes	publish	1	0.779	0	0	137181653	1064	256	ok
PROBE-TSV	1	7z	payload	deferred	save_five_changes	reader_adoption	1	0.002	0	0	137181653	1064	256	ok
PROBE-TSV	1	7z	payload	deferred	save_five_changes	reload	1	1.291	0	0	137181653	1064	256	ok
PROBE-TSV	1	7z	payload	deferred	save_five_changes	replay	1	2.247	4096	0	137181653	1064	256	ok
PROBE-TSV	1	7z	payload	deferred	save_five_changes	replay_plan	1	1.588	0	0	137181653	1064	256	ok
PROBE-TSV	1	7z	payload	deferred	save_five_changes	representability_differential	1	0.768	0	0	137181653	1064	256	ok
PROBE-TSV	1	7z	payload	deferred	save_five_changes	save_sheet	1	91.095	139264	73728	137181653	1064	256	ok
PROBE-TSV	1	7z	payload	deferred	save_five_changes	total	1	91.430	139264	73728	137181653	1064	256	ok
PROBE-TSV	1	7z	payload	deferred	save_five_changes	tree_build	1	0.044	0	0	137181653	1064	256	ok
PROBE-TSV	1	7z	payload	deferred	save_five_changes	updater_open	1	5.074	102400	0	137181653	1064	256	ok
PROBE-TSV	1	7z	payload	deferred	save_five_changes	verification_open	1	0.147	0	0	137181653	1064	256	ok
PROBE-TSV	1	7z	payload	deferred	rename_only_reserve_rename	display	1	1.042	0	0	137251576	1064	256	ok
PROBE-TSV	1	7z	payload	deferred	rename_only_reserve_rename	filter_compute	1	0.000	0	0	137251576	1064	256	ok
PROBE-TSV	1	7z	payload	deferred	rename_only_reserve_rename	password_verification	1	0.027	0	0	137251576	1064	256	ok
PROBE-TSV	1	7z	payload	deferred	rename_only_reserve_rename	total	1	23.615	0	0	137251576	1064	256	ok
PROBE-TSV	1	7z	payload	deferred	rename_only_reserve_rename	tree_build	1	0.565	0	0	137251576	1064	256	ok
PROBE-TSV	1	7z	payload	deferred	save_rename_only	capability_probe	1	2.194	0	0	137251574	1064	256	ok
PROBE-TSV	1	7z	payload	deferred	save_rename_only	commit	1	4.384	36864	118784	137251574	1064	256	ok
PROBE-TSV	1	7z	payload	deferred	save_rename_only	display	1	1.083	0	0	137251574	1064	256	ok
PROBE-TSV	1	7z	payload	deferred	save_rename_only	editing_install	1	0.005	0	0	137251574	1064	256	ok
PROBE-TSV	1	7z	payload	deferred	save_rename_only	editing_prepare	1	0.262	0	0	137251574	1064	256	ok
PROBE-TSV	1	7z	payload	deferred	save_rename_only	entry_comparison	1	0.614	0	0	137251574	1064	256	ok
PROBE-TSV	1	7z	payload	deferred	save_rename_only	filter_compute	2	0.000	0	0	137251574	1064	256	ok
PROBE-TSV	1	7z	payload	deferred	save_rename_only	name_index_advance	1	0.114	0	0	137251574	1064	256	ok
PROBE-TSV	1	7z	payload	deferred	save_rename_only	password_verification	1	0.030	0	0	137251574	1064	256	ok
PROBE-TSV	1	7z	payload	deferred	save_rename_only	publish	1	0.282	0	0	137251574	1064	256	ok
PROBE-TSV	1	7z	payload	deferred	save_rename_only	reader_adoption	1	0.002	0	0	137251574	1064	256	ok
PROBE-TSV	1	7z	payload	deferred	save_rename_only	reload	1	2.647	0	0	137251574	1064	256	ok
PROBE-TSV	1	7z	payload	deferred	save_rename_only	replay	1	0.637	0	0	137251574	1064	256	ok
PROBE-TSV	1	7z	payload	deferred	save_rename_only	replay_plan	1	0.268	0	0	137251574	1064	256	ok
PROBE-TSV	1	7z	payload	deferred	save_rename_only	representability_differential	1	0.017	0	0	137251574	1064	256	ok
PROBE-TSV	1	7z	payload	deferred	save_rename_only	save_sheet	1	70.392	139264	131072	137251574	1064	256	ok
PROBE-TSV	1	7z	payload	deferred	save_rename_only	total	1	70.966	139264	131072	137251574	1064	256	ok
PROBE-TSV	1	7z	payload	deferred	save_rename_only	tree_build	1	0.585	0	0	137251574	1064	256	ok
PROBE-TSV	1	7z	payload	deferred	save_rename_only	updater_open	1	5.223	102400	0	137251574	1064	256	ok
PROBE-TSV	1	7z	payload	deferred	save_rename_only	verification_open	1	2.107	0	0	137251574	1064	256	ok
PROBE-PROGRESS	lha	entries	delete_start	7	5	68.199	477.605
PROBE-TSV	1	lha	entries	immediate	delete_start	capability_probe	1	391.498	0	0	6999931	100000	0	ok
PROBE-TSV	1	lha	entries	immediate	delete_start	commit	1	7.610	4096	7000064	6999931	100000	0	ok
PROBE-TSV	1	lha	entries	immediate	delete_start	display	1	2.901	0	0	6999931	100000	0	ok
PROBE-TSV	1	lha	entries	immediate	delete_start	entry_comparison	1	64.967	0	0	6999931	100000	0	ok
PROBE-TSV	1	lha	entries	immediate	delete_start	filter_compute	1	0.000	0	0	6999931	100000	0	ok
PROBE-TSV	1	lha	entries	immediate	delete_start	mutate	1	68.169	0	0	6999931	100000	0	ok
PROBE-TSV	1	lha	entries	immediate	delete_start	password_verification	1	0.198	0	0	6999931	100000	0	ok
PROBE-TSV	1	lha	entries	immediate	delete_start	plan_build	1	0.012	0	0	6999931	100000	0	ok
PROBE-TSV	1	lha	entries	immediate	delete_start	plan_validation	1	19.083	0	0	6999931	100000	0	ok
PROBE-TSV	1	lha	entries	immediate	delete_start	publish	1	0.821	0	0	6999931	100000	0	ok
PROBE-TSV	1	lha	entries	immediate	delete_start	reader_adoption	1	0.002	0	0	6999931	100000	0	ok
PROBE-TSV	1	lha	entries	immediate	delete_start	reload	1	391.842	0	0	6999931	100000	0	ok
PROBE-TSV	1	lha	entries	immediate	delete_start	total	1	1970.525	7004160	7012352	6999931	100000	0	ok
PROBE-TSV	1	lha	entries	immediate	delete_start	tree_build	1	73.893	0	0	6999931	100000	0	ok
PROBE-TSV	1	lha	entries	immediate	delete_start	updater_open	1	907.157	7000064	0	6999931	100000	0	ok
PROBE-TSV	1	lha	entries	immediate	delete_start	verification_open	1	400.034	0	0	6999931	100000	0	ok
PROBE-PROGRESS	lha	entries	delete_end	4	2	67.641	483.924
PROBE-TSV	1	lha	entries	immediate	delete_end	capability_probe	1	393.359	0	0	6999931	100000	0	ok
PROBE-TSV	1	lha	entries	immediate	delete_end	commit	1	4.532	20480	4096	6999931	100000	0	ok
PROBE-TSV	1	lha	entries	immediate	delete_end	display	1	2.933	0	0	6999931	100000	0	ok
PROBE-TSV	1	lha	entries	immediate	delete_end	entry_comparison	1	63.598	0	0	6999931	100000	0	ok
PROBE-TSV	1	lha	entries	immediate	delete_end	filter_compute	1	0.000	0	0	6999931	100000	0	ok
PROBE-TSV	1	lha	entries	immediate	delete_end	mutate	1	67.601	0	0	6999931	100000	0	ok
PROBE-TSV	1	lha	entries	immediate	delete_end	password_verification	1	0.198	0	0	6999931	100000	0	ok
PROBE-TSV	1	lha	entries	immediate	delete_end	plan_build	1	0.013	0	0	6999931	100000	0	ok
PROBE-TSV	1	lha	entries	immediate	delete_end	plan_validation	1	18.823	0	0	6999931	100000	0	ok
PROBE-TSV	1	lha	entries	immediate	delete_end	publish	1	0.850	0	0	6999931	100000	0	ok
PROBE-TSV	1	lha	entries	immediate	delete_end	reader_adoption	1	0.002	0	0	6999931	100000	0	ok
PROBE-TSV	1	lha	entries	immediate	delete_end	reload	1	393.718	0	0	6999931	100000	0	ok
PROBE-TSV	1	lha	entries	immediate	delete_end	total	1	1972.485	14000128	16384	6999931	100000	0	ok
PROBE-TSV	1	lha	entries	immediate	delete_end	tree_build	1	74.746	0	0	6999931	100000	0	ok
PROBE-TSV	1	lha	entries	immediate	delete_end	updater_open	1	905.314	7000064	0	6999931	100000	0	ok
PROBE-TSV	1	lha	entries	immediate	delete_end	verification_open	1	407.161	6979584	0	6999931	100000	0	ok
PROBE-PROGRESS	lha	entries	rename_same_length	4	2	67.592	486.070
PROBE-TSV	1	lha	entries	immediate	rename_same_length	capability_probe	1	393.151	0	0	7000001	100000	0	ok
PROBE-TSV	1	lha	entries	immediate	rename_same_length	commit	1	4.022	20480	20480	7000001	100000	0	ok
PROBE-TSV	1	lha	entries	immediate	rename_same_length	display	1	2.816	0	0	7000001	100000	0	ok
PROBE-TSV	1	lha	entries	immediate	rename_same_length	entry_comparison	1	63.671	0	0	7000001	100000	0	ok
PROBE-TSV	1	lha	entries	immediate	rename_same_length	filter_compute	1	0.000	0	0	7000001	100000	0	ok
PROBE-TSV	1	lha	entries	immediate	rename_same_length	mutate	1	67.558	0	0	7000001	100000	0	ok
PROBE-TSV	1	lha	entries	immediate	rename_same_length	name_index_advance	1	18.340	0	0	7000001	100000	0	ok
PROBE-TSV	1	lha	entries	immediate	rename_same_length	name_index_build	1	161.239	0	0	7000001	100000	0	ok
PROBE-TSV	1	lha	entries	immediate	rename_same_length	password_verification	1	0.182	0	0	7000001	100000	0	ok
PROBE-TSV	1	lha	entries	immediate	rename_same_length	plan_build	1	0.027	0	0	7000001	100000	0	ok
PROBE-TSV	1	lha	entries	immediate	rename_same_length	plan_validation	1	18.935	0	0	7000001	100000	0	ok
PROBE-TSV	1	lha	entries	immediate	rename_same_length	publish	1	0.811	0	0	7000001	100000	0	ok
PROBE-TSV	1	lha	entries	immediate	rename_same_length	reader_adoption	1	0.002	0	0	7000001	100000	0	ok
PROBE-TSV	1	lha	entries	immediate	rename_same_length	reload	1	412.107	0	0	7000001	100000	0	ok
PROBE-TSV	1	lha	entries	immediate	rename_same_length	total	1	2150.569	14000128	32768	7000001	100000	0	ok
PROBE-TSV	1	lha	entries	immediate	rename_same_length	tree_build	1	72.953	0	0	7000001	100000	0	ok
PROBE-TSV	1	lha	entries	immediate	rename_same_length	updater_open	1	903.084	7000064	0	7000001	100000	0	ok
PROBE-TSV	1	lha	entries	immediate	rename_same_length	verification_open	1	409.463	6979584	0	7000001	100000	0	ok
PROBE-PROGRESS	lha	entries	rename_different_length	6	4	67.722	484.587
PROBE-TSV	1	lha	entries	immediate	rename_different_length	capability_probe	1	396.545	0	0	7000019	100000	0	ok
PROBE-TSV	1	lha	entries	immediate	rename_different_length	commit	1	6.942	0	7000064	7000019	100000	0	ok
PROBE-TSV	1	lha	entries	immediate	rename_different_length	display	1	2.928	0	0	7000019	100000	0	ok
PROBE-TSV	1	lha	entries	immediate	rename_different_length	entry_comparison	1	65.718	0	0	7000019	100000	0	ok
PROBE-TSV	1	lha	entries	immediate	rename_different_length	filter_compute	1	0.000	0	0	7000019	100000	0	ok
PROBE-TSV	1	lha	entries	immediate	rename_different_length	mutate	1	67.690	0	0	7000019	100000	0	ok
PROBE-TSV	1	lha	entries	immediate	rename_different_length	name_index_advance	1	18.247	0	0	7000019	100000	0	ok
PROBE-TSV	1	lha	entries	immediate	rename_different_length	name_index_build	1	156.692	0	0	7000019	100000	0	ok
PROBE-TSV	1	lha	entries	immediate	rename_different_length	password_verification	1	0.206	0	0	7000019	100000	0	ok
PROBE-TSV	1	lha	entries	immediate	rename_different_length	plan_build	1	0.024	0	0	7000019	100000	0	ok
PROBE-TSV	1	lha	entries	immediate	rename_different_length	plan_validation	1	18.707	0	0	7000019	100000	0	ok
PROBE-TSV	1	lha	entries	immediate	rename_different_length	publish	1	0.788	0	0	7000019	100000	0	ok
PROBE-TSV	1	lha	entries	immediate	rename_different_length	reader_adoption	1	0.002	0	0	7000019	100000	0	ok
PROBE-TSV	1	lha	entries	immediate	rename_different_length	reload	1	415.418	0	0	7000019	100000	0	ok
PROBE-TSV	1	lha	entries	immediate	rename_different_length	total	1	2148.941	7000064	7012352	7000019	100000	0	ok
PROBE-TSV	1	lha	entries	immediate	rename_different_length	tree_build	1	72.967	0	0	7000019	100000	0	ok
PROBE-TSV	1	lha	entries	immediate	rename_different_length	updater_open	1	900.884	7000064	0	7000019	100000	0	ok
PROBE-TSV	1	lha	entries	immediate	rename_different_length	verification_open	1	406.195	0	0	7000019	100000	0	ok
PROBE-PROGRESS	lha	entries	rename_folder	6	4	75.783	481.592
PROBE-TSV	1	lha	entries	immediate	rename_folder	capability_probe	1	390.136	0	0	7010001	100000	0	ok
PROBE-TSV	1	lha	entries	immediate	rename_folder	commit	1	11.867	0	7012352	7010001	100000	0	ok
PROBE-TSV	1	lha	entries	immediate	rename_folder	display	1	2.856	0	0	7010001	100000	0	ok
PROBE-TSV	1	lha	entries	immediate	rename_folder	entry_comparison	1	65.337	0	0	7010001	100000	0	ok
PROBE-TSV	1	lha	entries	immediate	rename_folder	filter_compute	1	0.000	0	0	7010001	100000	0	ok
PROBE-TSV	1	lha	entries	immediate	rename_folder	mutate	1	75.738	0	0	7010001	100000	0	ok
PROBE-TSV	1	lha	entries	immediate	rename_folder	name_index_advance	1	26.539	0	0	7010001	100000	0	ok
PROBE-TSV	1	lha	entries	immediate	rename_folder	name_index_build	1	159.954	0	0	7010001	100000	0	ok
PROBE-TSV	1	lha	entries	immediate	rename_folder	password_verification	1	0.213	0	0	7010001	100000	0	ok
PROBE-TSV	1	lha	entries	immediate	rename_folder	plan_build	1	5.689	0	0	7010001	100000	0	ok
PROBE-TSV	1	lha	entries	immediate	rename_folder	plan_validation	1	21.581	0	0	7010001	100000	0	ok
PROBE-TSV	1	lha	entries	immediate	rename_folder	publish	1	0.815	0	0	7010001	100000	0	ok
PROBE-TSV	1	lha	entries	immediate	rename_folder	reader_adoption	1	0.003	0	0	7010001	100000	0	ok
PROBE-TSV	1	lha	entries	immediate	rename_folder	reload	1	417.281	0	0	7010001	100000	0	ok
PROBE-TSV	1	lha	entries	immediate	rename_folder	total	1	2171.553	7000064	7024640	7010001	100000	0	ok
PROBE-TSV	1	lha	entries	immediate	rename_folder	tree_build	1	74.057	0	0	7010001	100000	0	ok
PROBE-TSV	1	lha	entries	immediate	rename_folder	updater_open	1	898.280	7000064	0	7010001	100000	0	ok
PROBE-TSV	1	lha	entries	immediate	rename_folder	verification_open	1	403.079	0	0	7010001	100000	0	ok
PROBE-PROGRESS	lha	entries	new_folder	4	2	72.489	487.233
PROBE-TSV	1	lha	entries	immediate	new_folder	capability_probe	1	390.617	0	0	7000060	100000	0	ok
PROBE-TSV	1	lha	entries	immediate	new_folder	commit	1	3.025	0	4096	7000060	100000	0	ok
PROBE-TSV	1	lha	entries	immediate	new_folder	display	1	3.050	0	0	7000060	100000	0	ok
PROBE-TSV	1	lha	entries	immediate	new_folder	entry_comparison	1	64.959	0	0	7000060	100000	0	ok
PROBE-TSV	1	lha	entries	immediate	new_folder	filter_compute	1	0.000	0	0	7000060	100000	0	ok
PROBE-TSV	1	lha	entries	immediate	new_folder	mutate	1	72.449	0	0	7000060	100000	0	ok
PROBE-TSV	1	lha	entries	immediate	new_folder	name_index_advance	1	18.026	0	0	7000060	100000	0	ok
PROBE-TSV	1	lha	entries	immediate	new_folder	name_index_build	1	156.672	0	0	7000060	100000	0	ok
PROBE-TSV	1	lha	entries	immediate	new_folder	password_verification	1	0.187	0	0	7000060	100000	0	ok
PROBE-TSV	1	lha	entries	immediate	new_folder	plan_build	1	156.696	0	0	7000060	100000	0	ok
PROBE-TSV	1	lha	entries	immediate	new_folder	plan_validation	1	18.869	0	0	7000060	100000	0	ok
PROBE-TSV	1	lha	entries	immediate	new_folder	publish	1	0.785	0	0	7000060	100000	0	ok
PROBE-TSV	1	lha	entries	immediate	new_folder	reader_adoption	1	0.002	0	0	7000060	100000	0	ok
PROBE-TSV	1	lha	entries	immediate	new_folder	reload	1	409.263	0	0	7000060	100000	0	ok
PROBE-TSV	1	lha	entries	immediate	new_folder	total	1	2140.054	14000128	16384	7000060	100000	0	ok
PROBE-TSV	1	lha	entries	immediate	new_folder	tree_build	1	72.685	0	0	7000060	100000	0	ok
PROBE-TSV	1	lha	entries	immediate	new_folder	updater_open	1	895.169	7000064	0	7000060	100000	0	ok
PROBE-TSV	1	lha	entries	immediate	new_folder	verification_open	1	409.644	6995968	0	7000060	100000	0	ok
PROBE-PROGRESS	lha	entries	add_file	6	3	71.326	500.662
PROBE-TSV	1	lha	entries	immediate	add_file	capability_probe	1	388.862	0	0	7000057	100000	0	ok
PROBE-TSV	1	lha	entries	immediate	add_file	commit	1	2.950	0	4096	7000057	100000	0	ok
PROBE-TSV	1	lha	entries	immediate	add_file	display	1	3.007	0	0	7000057	100000	0	ok
PROBE-TSV	1	lha	entries	immediate	add_file	entry_comparison	1	65.687	0	0	7000057	100000	0	ok
PROBE-TSV	1	lha	entries	immediate	add_file	filter_compute	1	0.000	0	0	7000057	100000	0	ok
PROBE-TSV	1	lha	entries	immediate	add_file	mutate	1	71.396	0	0	7000057	100000	0	ok
PROBE-TSV	1	lha	entries	immediate	add_file	name_index_advance	1	17.916	0	0	7000057	100000	0	ok
PROBE-TSV	1	lha	entries	immediate	add_file	name_index_build	1	157.675	0	0	7000057	100000	0	ok
PROBE-TSV	1	lha	entries	immediate	add_file	password_verification	1	0.186	0	0	7000057	100000	0	ok
PROBE-TSV	1	lha	entries	immediate	add_file	plan_build	3	0.080	0	0	7000057	100000	0	ok
PROBE-TSV	1	lha	entries	immediate	add_file	plan_validation	1	18.672	0	0	7000057	100000	0	ok
PROBE-TSV	1	lha	entries	immediate	add_file	publish	1	0.825	0	0	7000057	100000	0	ok
PROBE-TSV	1	lha	entries	immediate	add_file	reader_adoption	1	0.002	0	0	7000057	100000	0	ok
PROBE-TSV	1	lha	entries	immediate	add_file	reload	1	407.418	0	0	7000057	100000	0	ok
PROBE-TSV	1	lha	entries	immediate	add_file	total	1	2153.460	14000128	16384	7000057	100000	0	ok
PROBE-TSV	1	lha	entries	immediate	add_file	tree_build	1	72.686	0	0	7000057	100000	0	ok
PROBE-TSV	1	lha	entries	immediate	add_file	updater_open	1	896.102	7000064	0	7000057	100000	0	ok
PROBE-TSV	1	lha	entries	immediate	add_file	verification_open	1	422.434	6995968	0	7000057	100000	0	ok
PROBE-PROGRESS	lha	entries	replace_file	9	6	121.854	486.752
PROBE-TSV	1	lha	entries	immediate	replace_file	capability_probe	1	390.880	0	0	7000001	100000	0	ok
PROBE-TSV	1	lha	entries	immediate	replace_file	commit	1	7.057	0	7000064	7000001	100000	0	ok
PROBE-TSV	1	lha	entries	immediate	replace_file	display	1	2.903	0	0	7000001	100000	0	ok
PROBE-TSV	1	lha	entries	immediate	replace_file	entry_comparison	1	65.045	0	0	7000001	100000	0	ok
PROBE-TSV	1	lha	entries	immediate	replace_file	filter_compute	1	0.000	0	0	7000001	100000	0	ok
PROBE-TSV	1	lha	entries	immediate	replace_file	mutate	1	121.927	0	0	7000001	100000	0	ok
PROBE-TSV	1	lha	entries	immediate	replace_file	name_index_advance	1	18.307	0	0	7000001	100000	0	ok
PROBE-TSV	1	lha	entries	immediate	replace_file	name_index_build	1	160.210	0	0	7000001	100000	0	ok
PROBE-TSV	1	lha	entries	immediate	replace_file	password_verification	1	0.192	0	0	7000001	100000	0	ok
PROBE-TSV	1	lha	entries	immediate	replace_file	plan_build	4	2.328	0	0	7000001	100000	0	ok
PROBE-TSV	1	lha	entries	immediate	replace_file	plan_validation	1	18.522	0	0	7000001	100000	0	ok
PROBE-TSV	1	lha	entries	immediate	replace_file	publish	1	0.739	0	0	7000001	100000	0	ok
PROBE-TSV	1	lha	entries	immediate	replace_file	reader_adoption	1	0.002	0	0	7000001	100000	0	ok
PROBE-TSV	1	lha	entries	immediate	replace_file	reload	1	409.795	0	0	7000001	100000	0	ok
PROBE-TSV	1	lha	entries	immediate	replace_file	total	1	2207.415	7004160	7012352	7000001	100000	0	ok
PROBE-TSV	1	lha	entries	immediate	replace_file	tree_build	1	74.306	0	0	7000001	100000	0	ok
PROBE-TSV	1	lha	entries	immediate	replace_file	updater_open	1	900.733	7000064	0	7000001	100000	0	ok
PROBE-TSV	1	lha	entries	immediate	replace_file	verification_open	1	408.837	0	0	7000001	100000	0	ok
PROBE-TSV	1	lha	entries	deferred	five_changes_reserve_rename	display	1	2.743	0	0	7000001	100000	0	ok
PROBE-TSV	1	lha	entries	deferred	five_changes_reserve_rename	filter_compute	1	0.000	0	0	7000001	100000	0	ok
PROBE-TSV	1	lha	entries	deferred	five_changes_reserve_rename	password_verification	1	0.558	0	0	7000001	100000	0	ok
PROBE-TSV	1	lha	entries	deferred	five_changes_reserve_rename	total	1	182.180	0	0	7000001	100000	0	ok
PROBE-TSV	1	lha	entries	deferred	five_changes_reserve_rename	tree_build	1	76.227	0	0	7000001	100000	0	ok
PROBE-TSV	1	lha	entries	deferred	five_changes_reserve_delete	display	1	2.707	0	0	7000001	100000	0	ok
PROBE-TSV	1	lha	entries	deferred	five_changes_reserve_delete	filter_compute	1	0.001	0	0	7000001	100000	0	ok
PROBE-TSV	1	lha	entries	deferred	five_changes_reserve_delete	password_verification	1	0.561	0	0	7000001	100000	0	ok
PROBE-TSV	1	lha	entries	deferred	five_changes_reserve_delete	total	1	184.526	0	0	7000001	100000	0	ok
PROBE-TSV	1	lha	entries	deferred	five_changes_reserve_delete	tree_build	1	73.279	0	0	7000001	100000	0	ok
PROBE-TSV	1	lha	entries	deferred	five_changes_reserve_new_folder	display	1	2.774	0	0	7000001	100000	0	ok
PROBE-TSV	1	lha	entries	deferred	five_changes_reserve_new_folder	filter_compute	1	0.001	0	0	7000001	100000	0	ok
PROBE-TSV	1	lha	entries	deferred	five_changes_reserve_new_folder	password_verification	1	0.554	0	0	7000001	100000	0	ok
PROBE-TSV	1	lha	entries	deferred	five_changes_reserve_new_folder	total	1	182.722	0	0	7000001	100000	0	ok
PROBE-TSV	1	lha	entries	deferred	five_changes_reserve_new_folder	tree_build	1	72.401	0	0	7000001	100000	0	ok
PROBE-TSV	1	lha	entries	deferred	five_changes_reserve_delete_folder	display	1	2.898	0	0	7000001	100000	0	ok
PROBE-TSV	1	lha	entries	deferred	five_changes_reserve_delete_folder	filter_compute	1	0.001	0	0	7000001	100000	0	ok
PROBE-TSV	1	lha	entries	deferred	five_changes_reserve_delete_folder	password_verification	1	0.561	0	0	7000001	100000	0	ok
PROBE-TSV	1	lha	entries	deferred	five_changes_reserve_delete_folder	total	1	184.749	0	0	7000001	100000	0	ok
PROBE-TSV	1	lha	entries	deferred	five_changes_reserve_delete_folder	tree_build	1	70.503	0	0	7000001	100000	0	ok
PROBE-TSV	1	lha	entries	deferred	five_changes_reserve_add	display	1	2.866	0	0	7000001	100000	0	ok
PROBE-TSV	1	lha	entries	deferred	five_changes_reserve_add	filter_compute	1	0.000	0	0	7000001	100000	0	ok
PROBE-TSV	1	lha	entries	deferred	five_changes_reserve_add	password_verification	1	0.565	0	0	7000001	100000	0	ok
PROBE-TSV	1	lha	entries	deferred	five_changes_reserve_add	plan_build	3	0.053	0	0	7000001	100000	0	ok
PROBE-TSV	1	lha	entries	deferred	five_changes_reserve_add	total	1	185.616	0	4096	7000001	100000	0	ok
PROBE-TSV	1	lha	entries	deferred	five_changes_reserve_add	tree_build	1	72.352	0	0	7000001	100000	0	ok
PROBE-TSV	1	lha	entries	deferred	save_five_changes	capability_probe	1	388.751	0	0	6930039	100000	0	ok
PROBE-TSV	1	lha	entries	deferred	save_five_changes	commit	1	8.999	0	6930432	6930039	100000	0	ok
PROBE-TSV	1	lha	entries	deferred	save_five_changes	display	1	2.896	0	0	6930039	100000	0	ok
PROBE-TSV	1	lha	entries	deferred	save_five_changes	editing_install	1	0.006	0	0	6930039	100000	0	ok
PROBE-TSV	1	lha	entries	deferred	save_five_changes	editing_prepare	1	37.330	0	0	6930039	100000	0	ok
PROBE-TSV	1	lha	entries	deferred	save_five_changes	entry_comparison	1	63.226	0	0	6930039	100000	0	ok
PROBE-TSV	1	lha	entries	deferred	save_five_changes	filter_compute	2	0.001	0	0	6930039	100000	0	ok
PROBE-TSV	1	lha	entries	deferred	save_five_changes	name_index_advance	1	20.043	0	0	6930039	100000	0	ok
PROBE-TSV	1	lha	entries	deferred	save_five_changes	password_verification	1	0.560	0	0	6930039	100000	0	ok
PROBE-TSV	1	lha	entries	deferred	save_five_changes	publish	1	0.997	0	0	6930039	100000	0	ok
PROBE-TSV	1	lha	entries	deferred	save_five_changes	reader_adoption	1	0.003	0	0	6930039	100000	0	ok
PROBE-TSV	1	lha	entries	deferred	save_five_changes	reload	1	409.576	0	0	6930039	100000	0	ok
PROBE-TSV	1	lha	entries	deferred	save_five_changes	replay	1	128.404	4096	0	6930039	100000	0	ok
PROBE-TSV	1	lha	entries	deferred	save_five_changes	replay_plan	1	29.630	0	0	6930039	100000	0	ok
PROBE-TSV	1	lha	entries	deferred	save_five_changes	representability_differential	1	0.766	0	0	6930039	100000	0	ok
PROBE-TSV	1	lha	entries	deferred	save_five_changes	save_sheet	1	2423.591	7020544	6955008	6930039	100000	0	ok
PROBE-TSV	1	lha	entries	deferred	save_five_changes	total	1	2461.276	7020544	6955008	6930039	100000	0	ok
PROBE-TSV	1	lha	entries	deferred	save_five_changes	tree_build	1	72.863	0	0	6930039	100000	0	ok
PROBE-TSV	1	lha	entries	deferred	save_five_changes	updater_open	1	912.669	7000064	0	6930039	100000	0	ok
PROBE-TSV	1	lha	entries	deferred	save_five_changes	verification_open	1	403.019	0	0	6930039	100000	0	ok
PROBE-TSV	1	lha	entries	deferred	rename_only_reserve_rename	display	1	2.674	0	0	7000001	100000	0	ok
PROBE-TSV	1	lha	entries	deferred	rename_only_reserve_rename	filter_compute	1	0.001	0	0	7000001	100000	0	ok
PROBE-TSV	1	lha	entries	deferred	rename_only_reserve_rename	password_verification	1	0.561	0	0	7000001	100000	0	ok
PROBE-TSV	1	lha	entries	deferred	rename_only_reserve_rename	total	1	178.533	0	0	7000001	100000	0	ok
PROBE-TSV	1	lha	entries	deferred	rename_only_reserve_rename	tree_build	1	71.842	0	0	7000001	100000	0	ok
PROBE-TSV	1	lha	entries	deferred	save_rename_only	capability_probe	1	392.919	0	0	7000000	100000	0	ok
PROBE-TSV	1	lha	entries	deferred	save_rename_only	commit	1	7.265	4096	7000064	7000000	100000	0	ok
PROBE-TSV	1	lha	entries	deferred	save_rename_only	display	1	2.858	0	0	7000000	100000	0	ok
PROBE-TSV	1	lha	entries	deferred	save_rename_only	editing_install	1	0.007	0	0	7000000	100000	0	ok
PROBE-TSV	1	lha	entries	deferred	save_rename_only	editing_prepare	1	45.761	0	0	7000000	100000	0	ok
PROBE-TSV	1	lha	entries	deferred	save_rename_only	entry_comparison	1	64.887	0	0	7000000	100000	0	ok
PROBE-TSV	1	lha	entries	deferred	save_rename_only	filter_compute	2	0.001	0	0	7000000	100000	0	ok
PROBE-TSV	1	lha	entries	deferred	save_rename_only	name_index_advance	1	17.985	0	0	7000000	100000	0	ok
PROBE-TSV	1	lha	entries	deferred	save_rename_only	password_verification	1	0.579	0	0	7000000	100000	0	ok
PROBE-TSV	1	lha	entries	deferred	save_rename_only	publish	1	0.387	0	0	7000000	100000	0	ok
PROBE-TSV	1	lha	entries	deferred	save_rename_only	reader_adoption	1	0.003	0	0	7000000	100000	0	ok
PROBE-TSV	1	lha	entries	deferred	save_rename_only	reload	1	411.647	0	0	7000000	100000	0	ok
PROBE-TSV	1	lha	entries	deferred	save_rename_only	replay	1	67.628	0	0	7000000	100000	0	ok
PROBE-TSV	1	lha	entries	deferred	save_rename_only	replay_plan	1	31.204	0	0	7000000	100000	0	ok
PROBE-TSV	1	lha	entries	deferred	save_rename_only	representability_differential	1	0.045	0	0	7000000	100000	0	ok
PROBE-TSV	1	lha	entries	deferred	save_rename_only	save_sheet	1	2379.188	7004160	7012352	7000000	100000	0	ok
PROBE-TSV	1	lha	entries	deferred	save_rename_only	total	1	2425.399	7004160	7012352	7000000	100000	0	ok
PROBE-TSV	1	lha	entries	deferred	save_rename_only	tree_build	1	74.169	0	0	7000000	100000	0	ok
PROBE-TSV	1	lha	entries	deferred	save_rename_only	updater_open	1	909.200	7000064	0	7000000	100000	0	ok
PROBE-TSV	1	lha	entries	deferred	save_rename_only	verification_open	1	408.782	0	0	7000000	100000	0	ok
PROBE-PROGRESS	lha	payload	delete_start	84	82	4.086	8.017
PROBE-TSV	1	lha	payload	immediate	delete_start	capability_probe	1	4.306	0	0	168563277	1064	256	ok
PROBE-TSV	1	lha	payload	immediate	delete_start	commit	1	75.477	150962176	168574976	168563277	1064	256	ok
PROBE-TSV	1	lha	payload	immediate	delete_start	display	1	1.231	0	0	168563277	1064	256	ok
PROBE-TSV	1	lha	payload	immediate	delete_start	entry_comparison	1	0.623	0	0	168563277	1064	256	ok
PROBE-TSV	1	lha	payload	immediate	delete_start	filter_compute	1	0.000	0	0	168563277	1064	256	ok
PROBE-TSV	1	lha	payload	immediate	delete_start	mutate	1	0.692	0	0	168563277	1064	256	ok
PROBE-TSV	1	lha	payload	immediate	delete_start	password_verification	1	0.024	0	0	168563277	1064	256	ok
PROBE-TSV	1	lha	payload	immediate	delete_start	plan_build	1	0.011	0	0	168563277	1064	256	ok
PROBE-TSV	1	lha	payload	immediate	delete_start	plan_validation	1	0.161	0	0	168563277	1064	256	ok
PROBE-TSV	1	lha	payload	immediate	delete_start	publish	1	0.667	0	0	168563277	1064	256	ok
PROBE-TSV	1	lha	payload	immediate	delete_start	reader_adoption	1	0.002	0	0	168563277	1064	256	ok
PROBE-TSV	1	lha	payload	immediate	delete_start	reload	1	4.485	0	0	168563277	1064	256	ok
PROBE-TSV	1	lha	payload	immediate	delete_start	total	1	116.728	168853504	168587264	168563277	1064	256	ok
PROBE-TSV	1	lha	payload	immediate	delete_start	tree_build	1	0.570	0	0	168563277	1064	256	ok
PROBE-TSV	1	lha	payload	immediate	delete_start	updater_open	1	24.104	17891328	0	168563277	1064	256	ok
PROBE-TSV	1	lha	payload	immediate	delete_start	verification_open	1	5.229	0	0	168563277	1064	256	ok
PROBE-PROGRESS	lha	payload	delete_end	4	2	0.858	20.063
PROBE-TSV	1	lha	payload	immediate	delete_end	capability_probe	1	4.440	0	0	170720918	1064	256	ok
PROBE-TSV	1	lha	payload	immediate	delete_end	commit	1	0.916	32768	16384	170720918	1064	256	ok
PROBE-TSV	1	lha	payload	immediate	delete_end	display	1	1.048	0	0	170720918	1064	256	ok
PROBE-TSV	1	lha	payload	immediate	delete_end	entry_comparison	1	0.658	0	0	170720918	1064	256	ok
PROBE-TSV	1	lha	payload	immediate	delete_end	filter_compute	1	0.000	0	0	170720918	1064	256	ok
PROBE-TSV	1	lha	payload	immediate	delete_end	mutate	1	0.740	0	0	170720918	1064	256	ok
PROBE-TSV	1	lha	payload	immediate	delete_end	password_verification	1	0.023	0	0	170720918	1064	256	ok
PROBE-TSV	1	lha	payload	immediate	delete_end	plan_build	1	0.012	0	0	170720918	1064	256	ok
PROBE-TSV	1	lha	payload	immediate	delete_end	plan_validation	1	0.167	0	0	170720918	1064	256	ok
PROBE-TSV	1	lha	payload	immediate	delete_end	publish	1	0.681	0	0	170720918	1064	256	ok
PROBE-TSV	1	lha	payload	immediate	delete_end	reader_adoption	1	0.002	0	0	170720918	1064	256	ok
PROBE-TSV	1	lha	payload	immediate	delete_end	reload	1	4.636	0	0	170720918	1064	256	ok
PROBE-TSV	1	lha	payload	immediate	delete_end	total	1	66.579	35782656	28672	170720918	1064	256	ok
PROBE-TSV	1	lha	payload	immediate	delete_end	tree_build	1	0.636	0	0	170720918	1064	256	ok
PROBE-TSV	1	lha	payload	immediate	delete_end	updater_open	1	24.886	17891328	0	170720918	1064	256	ok
PROBE-TSV	1	lha	payload	immediate	delete_end	verification_open	1	18.227	17858560	0	170720918	1064	256	ok
PROBE-PROGRESS	lha	payload	rename_same_length	4	2	0.896	19.760
PROBE-TSV	1	lha	payload	immediate	rename_same_length	capability_probe	1	4.262	0	0	170720988	1064	256	ok
PROBE-TSV	1	lha	payload	immediate	rename_same_length	commit	1	0.956	32768	32768	170720988	1064	256	ok
PROBE-TSV	1	lha	payload	immediate	rename_same_length	display	1	1.224	0	0	170720988	1064	256	ok
PROBE-TSV	1	lha	payload	immediate	rename_same_length	entry_comparison	1	0.619	0	0	170720988	1064	256	ok
PROBE-TSV	1	lha	payload	immediate	rename_same_length	filter_compute	1	0.000	0	0	170720988	1064	256	ok
PROBE-TSV	1	lha	payload	immediate	rename_same_length	mutate	1	0.682	0	0	170720988	1064	256	ok
PROBE-TSV	1	lha	payload	immediate	rename_same_length	name_index_advance	1	0.163	0	0	170720988	1064	256	ok
PROBE-TSV	1	lha	payload	immediate	rename_same_length	name_index_build	1	1.596	0	0	170720988	1064	256	ok
PROBE-TSV	1	lha	payload	immediate	rename_same_length	password_verification	1	0.029	0	0	170720988	1064	256	ok
PROBE-TSV	1	lha	payload	immediate	rename_same_length	plan_build	1	0.019	0	0	170720988	1064	256	ok
PROBE-TSV	1	lha	payload	immediate	rename_same_length	plan_validation	1	0.130	0	0	170720988	1064	256	ok
PROBE-TSV	1	lha	payload	immediate	rename_same_length	publish	1	0.657	0	0	170720988	1064	256	ok
PROBE-TSV	1	lha	payload	immediate	rename_same_length	reader_adoption	1	0.002	0	0	170720988	1064	256	ok
PROBE-TSV	1	lha	payload	immediate	rename_same_length	reload	1	4.611	0	0	170720988	1064	256	ok
PROBE-TSV	1	lha	payload	immediate	rename_same_length	total	1	55.818	35782656	45056	170720988	1064	256	ok
PROBE-TSV	1	lha	payload	immediate	rename_same_length	tree_build	1	0.585	0	0	170720988	1064	256	ok
PROBE-TSV	1	lha	payload	immediate	rename_same_length	updater_open	1	23.990	17891328	0	170720988	1064	256	ok
PROBE-TSV	1	lha	payload	immediate	rename_same_length	verification_open	1	18.067	17858560	0	170720988	1064	256	ok
PROBE-PROGRESS	lha	payload	rename_different_length	84	82	3.932	8.039
PROBE-TSV	1	lha	payload	immediate	rename_different_length	capability_probe	1	4.359	0	0	170721006	1064	256	ok
PROBE-TSV	1	lha	payload	immediate	rename_different_length	commit	1	70.911	152829952	170721280	170721006	1064	256	ok
PROBE-TSV	1	lha	payload	immediate	rename_different_length	display	1	1.177	0	0	170721006	1064	256	ok
PROBE-TSV	1	lha	payload	immediate	rename_different_length	entry_comparison	1	0.625	0	0	170721006	1064	256	ok
PROBE-TSV	1	lha	payload	immediate	rename_different_length	filter_compute	1	0.000	0	0	170721006	1064	256	ok
PROBE-TSV	1	lha	payload	immediate	rename_different_length	mutate	1	0.674	0	0	170721006	1064	256	ok
PROBE-TSV	1	lha	payload	immediate	rename_different_length	name_index_advance	1	0.190	0	0	170721006	1064	256	ok
PROBE-TSV	1	lha	payload	immediate	rename_different_length	name_index_build	1	1.473	0	0	170721006	1064	256	ok
PROBE-TSV	1	lha	payload	immediate	rename_different_length	password_verification	1	0.035	0	0	170721006	1064	256	ok
PROBE-TSV	1	lha	payload	immediate	rename_different_length	plan_build	1	0.019	0	0	170721006	1064	256	ok
PROBE-TSV	1	lha	payload	immediate	rename_different_length	plan_validation	1	0.142	0	0	170721006	1064	256	ok
PROBE-TSV	1	lha	payload	immediate	rename_different_length	publish	1	0.696	0	0	170721006	1064	256	ok
PROBE-TSV	1	lha	payload	immediate	rename_different_length	reader_adoption	1	0.002	0	0	170721006	1064	256	ok
PROBE-TSV	1	lha	payload	immediate	rename_different_length	reload	1	4.784	0	0	170721006	1064	256	ok
PROBE-TSV	1	lha	payload	immediate	rename_different_length	total	1	113.562	170721280	170733568	170721006	1064	256	ok
PROBE-TSV	1	lha	payload	immediate	rename_different_length	tree_build	1	0.562	0	0	170721006	1064	256	ok
PROBE-TSV	1	lha	payload	immediate	rename_different_length	updater_open	1	23.698	17891328	0	170721006	1064	256	ok
PROBE-TSV	1	lha	payload	immediate	rename_different_length	verification_open	1	5.253	0	0	170721006	1064	256	ok
PROBE-PROGRESS	lha	payload	rename_folder	108	106	6.070	8.155
PROBE-TSV	1	lha	payload	immediate	rename_folder	capability_probe	1	4.304	0	0	170721436	1064	256	ok
PROBE-TSV	1	lha	payload	immediate	rename_folder	commit	1	81.633	152829952	170737664	170721436	1064	256	ok
PROBE-TSV	1	lha	payload	immediate	rename_folder	display	1	1.146	0	0	170721436	1064	256	ok
PROBE-TSV	1	lha	payload	immediate	rename_folder	entry_comparison	1	0.665	0	0	170721436	1064	256	ok
PROBE-TSV	1	lha	payload	immediate	rename_folder	filter_compute	1	0.000	0	0	170721436	1064	256	ok
PROBE-TSV	1	lha	payload	immediate	rename_folder	mutate	1	1.195	0	0	170721436	1064	256	ok
PROBE-TSV	1	lha	payload	immediate	rename_folder	name_index_advance	1	0.622	0	0	170721436	1064	256	ok
PROBE-TSV	1	lha	payload	immediate	rename_folder	name_index_build	1	1.468	0	0	170721436	1064	256	ok
PROBE-TSV	1	lha	payload	immediate	rename_folder	password_verification	1	0.023	0	0	170721436	1064	256	ok
PROBE-TSV	1	lha	payload	immediate	rename_folder	plan_build	1	0.341	0	0	170721436	1064	256	ok
PROBE-TSV	1	lha	payload	immediate	rename_folder	plan_validation	1	0.301	0	0	170721436	1064	256	ok
PROBE-TSV	1	lha	payload	immediate	rename_folder	publish	1	0.692	0	0	170721436	1064	256	ok
PROBE-TSV	1	lha	payload	immediate	rename_folder	reader_adoption	1	0.002	0	0	170721436	1064	256	ok
PROBE-TSV	1	lha	payload	immediate	rename_folder	reload	1	5.118	0	0	170721436	1064	256	ok
PROBE-TSV	1	lha	payload	immediate	rename_folder	total	1	125.766	170721280	170749952	170721436	1064	256	ok
PROBE-TSV	1	lha	payload	immediate	rename_folder	tree_build	1	0.563	0	0	170721436	1064	256	ok
PROBE-TSV	1	lha	payload	immediate	rename_folder	updater_open	1	23.899	17891328	0	170721436	1064	256	ok
PROBE-TSV	1	lha	payload	immediate	rename_folder	verification_open	1	5.267	0	0	170721436	1064	256	ok
PROBE-PROGRESS	lha	payload	new_folder	4	2	0.942	19.796
PROBE-TSV	1	lha	payload	immediate	new_folder	capability_probe	1	4.348	0	0	170721047	1064	256	ok
PROBE-TSV	1	lha	payload	immediate	new_folder	commit	1	0.358	0	16384	170721047	1064	256	ok
PROBE-TSV	1	lha	payload	immediate	new_folder	display	1	1.195	0	0	170721047	1064	256	ok
PROBE-TSV	1	lha	payload	immediate	new_folder	entry_comparison	1	0.681	0	0	170721047	1064	256	ok
PROBE-TSV	1	lha	payload	immediate	new_folder	filter_compute	1	0.000	0	0	170721047	1064	256	ok
PROBE-TSV	1	lha	payload	immediate	new_folder	mutate	1	0.921	0	0	170721047	1064	256	ok
PROBE-TSV	1	lha	payload	immediate	new_folder	name_index_advance	1	0.160	0	0	170721047	1064	256	ok
PROBE-TSV	1	lha	payload	immediate	new_folder	name_index_build	1	1.537	0	0	170721047	1064	256	ok
PROBE-TSV	1	lha	payload	immediate	new_folder	password_verification	1	0.028	0	0	170721047	1064	256	ok
PROBE-TSV	1	lha	payload	immediate	new_folder	plan_build	1	1.548	0	0	170721047	1064	256	ok
PROBE-TSV	1	lha	payload	immediate	new_folder	plan_validation	1	0.154	0	0	170721047	1064	256	ok
PROBE-TSV	1	lha	payload	immediate	new_folder	publish	1	0.687	0	0	170721047	1064	256	ok
PROBE-TSV	1	lha	payload	immediate	new_folder	reader_adoption	1	0.002	0	0	170721047	1064	256	ok
PROBE-TSV	1	lha	payload	immediate	new_folder	reload	1	4.700	0	0	170721047	1064	256	ok
PROBE-TSV	1	lha	payload	immediate	new_folder	total	1	55.821	35782656	28672	170721047	1064	256	ok
PROBE-TSV	1	lha	payload	immediate	new_folder	tree_build	1	0.574	0	0	170721047	1064	256	ok
PROBE-TSV	1	lha	payload	immediate	new_folder	updater_open	1	24.234	17891328	0	170721047	1064	256	ok
PROBE-TSV	1	lha	payload	immediate	new_folder	verification_open	1	17.994	17874944	0	170721047	1064	256	ok
PROBE-PROGRESS	lha	payload	add_file	6	3	0.988	19.808
PROBE-TSV	1	lha	payload	immediate	add_file	capability_probe	1	4.339	0	0	170721044	1064	256	ok
PROBE-TSV	1	lha	payload	immediate	add_file	commit	1	0.302	0	16384	170721044	1064	256	ok
PROBE-TSV	1	lha	payload	immediate	add_file	display	1	1.213	0	0	170721044	1064	256	ok
PROBE-TSV	1	lha	payload	immediate	add_file	entry_comparison	1	0.626	0	0	170721044	1064	256	ok
PROBE-TSV	1	lha	payload	immediate	add_file	filter_compute	1	0.000	0	0	170721044	1064	256	ok
PROBE-TSV	1	lha	payload	immediate	add_file	mutate	1	1.017	0	0	170721044	1064	256	ok
PROBE-TSV	1	lha	payload	immediate	add_file	name_index_advance	1	0.161	0	0	170721044	1064	256	ok
PROBE-TSV	1	lha	payload	immediate	add_file	name_index_build	1	1.633	0	0	170721044	1064	256	ok
PROBE-TSV	1	lha	payload	immediate	add_file	password_verification	1	0.030	0	0	170721044	1064	256	ok
PROBE-TSV	1	lha	payload	immediate	add_file	plan_build	3	0.041	0	0	170721044	1064	256	ok
PROBE-TSV	1	lha	payload	immediate	add_file	plan_validation	1	0.163	0	0	170721044	1064	256	ok
PROBE-TSV	1	lha	payload	immediate	add_file	publish	1	0.691	0	0	170721044	1064	256	ok
PROBE-TSV	1	lha	payload	immediate	add_file	reader_adoption	1	0.002	0	0	170721044	1064	256	ok
PROBE-TSV	1	lha	payload	immediate	add_file	reload	1	4.690	0	0	170721044	1064	256	ok
PROBE-TSV	1	lha	payload	immediate	add_file	total	1	57.164	35782656	28672	170721044	1064	256	ok
PROBE-TSV	1	lha	payload	immediate	add_file	tree_build	1	0.586	0	0	170721044	1064	256	ok
PROBE-TSV	1	lha	payload	immediate	add_file	updater_open	1	24.276	17891328	0	170721044	1064	256	ok
PROBE-TSV	1	lha	payload	immediate	add_file	verification_open	1	18.066	17874944	0	170721044	1064	256	ok
PROBE-PROGRESS	lha	payload	replace_file	86	83	4.431	7.957
PROBE-TSV	1	lha	payload	immediate	replace_file	capability_probe	1	4.183	0	0	168563347	1064	256	ok
PROBE-TSV	1	lha	payload	immediate	replace_file	commit	1	74.953	150945792	168591360	168563347	1064	256	ok
PROBE-TSV	1	lha	payload	immediate	replace_file	display	1	1.200	0	0	168563347	1064	256	ok
PROBE-TSV	1	lha	payload	immediate	replace_file	entry_comparison	1	0.644	0	0	168563347	1064	256	ok
PROBE-TSV	1	lha	payload	immediate	replace_file	filter_compute	1	0.000	0	0	168563347	1064	256	ok
PROBE-TSV	1	lha	payload	immediate	replace_file	mutate	1	1.543	0	0	168563347	1064	256	ok
PROBE-TSV	1	lha	payload	immediate	replace_file	name_index_advance	1	0.186	0	0	168563347	1064	256	ok
PROBE-TSV	1	lha	payload	immediate	replace_file	name_index_build	1	1.495	0	0	168563347	1064	256	ok
PROBE-TSV	1	lha	payload	immediate	replace_file	password_verification	1	0.030	0	0	168563347	1064	256	ok
PROBE-TSV	1	lha	payload	immediate	replace_file	plan_build	4	0.076	0	0	168563347	1064	256	ok
PROBE-TSV	1	lha	payload	immediate	replace_file	plan_validation	1	0.159	0	0	168563347	1064	256	ok
PROBE-TSV	1	lha	payload	immediate	replace_file	publish	1	0.694	0	0	168563347	1064	256	ok
PROBE-TSV	1	lha	payload	immediate	replace_file	reader_adoption	1	0.002	0	0	168563347	1064	256	ok
PROBE-TSV	1	lha	payload	immediate	replace_file	reload	1	4.589	0	0	168563347	1064	256	ok
PROBE-TSV	1	lha	payload	immediate	replace_file	total	1	119.301	168853504	168603648	168563347	1064	256	ok
PROBE-TSV	1	lha	payload	immediate	replace_file	tree_build	1	0.559	0	0	168563347	1064	256	ok
PROBE-TSV	1	lha	payload	immediate	replace_file	updater_open	1	24.132	17891328	0	168563347	1064	256	ok
PROBE-TSV	1	lha	payload	immediate	replace_file	verification_open	1	5.205	0	0	168563347	1064	256	ok
PROBE-TSV	1	lha	payload	deferred	five_changes_reserve_rename	display	1	1.051	0	0	170720988	1064	256	ok
PROBE-TSV	1	lha	payload	deferred	five_changes_reserve_rename	filter_compute	1	0.000	0	0	170720988	1064	256	ok
PROBE-TSV	1	lha	payload	deferred	five_changes_reserve_rename	password_verification	1	0.033	0	0	170720988	1064	256	ok
PROBE-TSV	1	lha	payload	deferred	five_changes_reserve_rename	total	1	26.343	0	0	170720988	1064	256	ok
PROBE-TSV	1	lha	payload	deferred	five_changes_reserve_rename	tree_build	1	0.595	0	0	170720988	1064	256	ok
PROBE-TSV	1	lha	payload	deferred	five_changes_reserve_delete	display	1	0.989	0	0	170720988	1064	256	ok
PROBE-TSV	1	lha	payload	deferred	five_changes_reserve_delete	filter_compute	1	0.000	0	0	170720988	1064	256	ok
PROBE-TSV	1	lha	payload	deferred	five_changes_reserve_delete	password_verification	1	0.029	0	0	170720988	1064	256	ok
PROBE-TSV	1	lha	payload	deferred	five_changes_reserve_delete	total	1	23.121	0	0	170720988	1064	256	ok
PROBE-TSV	1	lha	payload	deferred	five_changes_reserve_delete	tree_build	1	0.581	0	0	170720988	1064	256	ok
PROBE-TSV	1	lha	payload	deferred	five_changes_reserve_new_folder	display	1	0.967	0	0	170720988	1064	256	ok
PROBE-TSV	1	lha	payload	deferred	five_changes_reserve_new_folder	filter_compute	1	0.000	0	0	170720988	1064	256	ok
PROBE-TSV	1	lha	payload	deferred	five_changes_reserve_new_folder	password_verification	1	0.032	0	0	170720988	1064	256	ok
PROBE-TSV	1	lha	payload	deferred	five_changes_reserve_new_folder	total	1	26.771	0	0	170720988	1064	256	ok
PROBE-TSV	1	lha	payload	deferred	five_changes_reserve_new_folder	tree_build	1	0.581	0	0	170720988	1064	256	ok
PROBE-TSV	1	lha	payload	deferred	five_changes_reserve_delete_folder	display	1	1.164	0	0	170720988	1064	256	ok
PROBE-TSV	1	lha	payload	deferred	five_changes_reserve_delete_folder	filter_compute	1	0.000	0	0	170720988	1064	256	ok
PROBE-TSV	1	lha	payload	deferred	five_changes_reserve_delete_folder	password_verification	1	0.027	0	0	170720988	1064	256	ok
PROBE-TSV	1	lha	payload	deferred	five_changes_reserve_delete_folder	total	1	9.759	0	0	170720988	1064	256	ok
PROBE-TSV	1	lha	payload	deferred	five_changes_reserve_delete_folder	tree_build	1	0.045	0	0	170720988	1064	256	ok
PROBE-TSV	1	lha	payload	deferred	five_changes_reserve_add	display	1	0.978	0	0	170720988	1064	256	ok
PROBE-TSV	1	lha	payload	deferred	five_changes_reserve_add	filter_compute	1	0.000	0	0	170720988	1064	256	ok
PROBE-TSV	1	lha	payload	deferred	five_changes_reserve_add	password_verification	1	0.021	0	0	170720988	1064	256	ok
PROBE-TSV	1	lha	payload	deferred	five_changes_reserve_add	plan_build	3	0.064	0	0	170720988	1064	256	ok
PROBE-TSV	1	lha	payload	deferred	five_changes_reserve_add	total	1	47.818	0	4096	170720988	1064	256	ok
PROBE-TSV	1	lha	payload	deferred	five_changes_reserve_add	tree_build	1	0.056	0	0	170720988	1064	256	ok
PROBE-TSV	1	lha	payload	deferred	save_five_changes	capability_probe	1	0.334	0	0	170651097	1064	256	ok
PROBE-TSV	1	lha	payload	deferred	save_five_changes	commit	1	0.518	16384	12288	170651097	1064	256	ok
PROBE-TSV	1	lha	payload	deferred	save_five_changes	display	1	1.228	0	0	170651097	1064	256	ok
PROBE-TSV	1	lha	payload	deferred	save_five_changes	editing_install	1	0.006	0	0	170651097	1064	256	ok
PROBE-TSV	1	lha	payload	deferred	save_five_changes	editing_prepare	1	0.053	0	0	170651097	1064	256	ok
PROBE-TSV	1	lha	payload	deferred	save_five_changes	entry_comparison	1	0.045	0	0	170651097	1064	256	ok
PROBE-TSV	1	lha	payload	deferred	save_five_changes	filter_compute	2	0.000	0	0	170651097	1064	256	ok
PROBE-TSV	1	lha	payload	deferred	save_five_changes	name_index_advance	1	0.786	0	0	170651097	1064	256	ok
PROBE-TSV	1	lha	payload	deferred	save_five_changes	password_verification	1	0.026	0	0	170651097	1064	256	ok
PROBE-TSV	1	lha	payload	deferred	save_five_changes	publish	1	0.785	0	0	170651097	1064	256	ok
PROBE-TSV	1	lha	payload	deferred	save_five_changes	reader_adoption	1	0.001	0	0	170651097	1064	256	ok
PROBE-TSV	1	lha	payload	deferred	save_five_changes	reload	1	1.474	0	0	170651097	1064	256	ok
PROBE-TSV	1	lha	payload	deferred	save_five_changes	replay	1	2.405	4096	0	170651097	1064	256	ok
PROBE-TSV	1	lha	payload	deferred	save_five_changes	replay_plan	1	1.504	0	0	170651097	1064	256	ok
PROBE-TSV	1	lha	payload	deferred	save_five_changes	representability_differential	1	0.774	0	0	170651097	1064	256	ok
PROBE-TSV	1	lha	payload	deferred	save_five_changes	save_sheet	1	87.646	35721216	36864	170651097	1064	256	ok
PROBE-TSV	1	lha	payload	deferred	save_five_changes	total	1	87.988	35721216	36864	170651097	1064	256	ok
PROBE-TSV	1	lha	payload	deferred	save_five_changes	tree_build	1	0.047	0	0	170651097	1064	256	ok
PROBE-TSV	1	lha	payload	deferred	save_five_changes	updater_open	1	24.714	17891328	0	170651097	1064	256	ok
PROBE-TSV	1	lha	payload	deferred	save_five_changes	verification_open	1	13.867	17793024	0	170651097	1064	256	ok
PROBE-TSV	1	lha	payload	deferred	rename_only_reserve_rename	display	1	1.092	0	0	170720988	1064	256	ok
PROBE-TSV	1	lha	payload	deferred	rename_only_reserve_rename	filter_compute	1	0.000	0	0	170720988	1064	256	ok
PROBE-TSV	1	lha	payload	deferred	rename_only_reserve_rename	password_verification	1	0.033	0	0	170720988	1064	256	ok
PROBE-TSV	1	lha	payload	deferred	rename_only_reserve_rename	total	1	27.497	0	0	170720988	1064	256	ok
PROBE-TSV	1	lha	payload	deferred	rename_only_reserve_rename	tree_build	1	0.569	0	0	170720988	1064	256	ok
PROBE-TSV	1	lha	payload	deferred	save_rename_only	capability_probe	1	4.409	0	0	170720987	1064	256	ok
PROBE-TSV	1	lha	payload	deferred	save_rename_only	commit	1	73.879	152846336	170721280	170720987	1064	256	ok
PROBE-TSV	1	lha	payload	deferred	save_rename_only	display	1	0.985	0	0	170720987	1064	256	ok
PROBE-TSV	1	lha	payload	deferred	save_rename_only	editing_install	1	0.003	0	0	170720987	1064	256	ok
PROBE-TSV	1	lha	payload	deferred	save_rename_only	editing_prepare	1	0.210	0	0	170720987	1064	256	ok
PROBE-TSV	1	lha	payload	deferred	save_rename_only	entry_comparison	1	0.635	0	0	170720987	1064	256	ok
PROBE-TSV	1	lha	payload	deferred	save_rename_only	filter_compute	2	0.000	0	0	170720987	1064	256	ok
PROBE-TSV	1	lha	payload	deferred	save_rename_only	name_index_advance	1	0.130	0	0	170720987	1064	256	ok
PROBE-TSV	1	lha	payload	deferred	save_rename_only	password_verification	1	0.029	0	0	170720987	1064	256	ok
PROBE-TSV	1	lha	payload	deferred	save_rename_only	publish	1	0.301	0	0	170720987	1064	256	ok
PROBE-TSV	1	lha	payload	deferred	save_rename_only	reader_adoption	1	0.002	0	0	170720987	1064	256	ok
PROBE-TSV	1	lha	payload	deferred	save_rename_only	reload	1	4.906	0	0	170720987	1064	256	ok
PROBE-TSV	1	lha	payload	deferred	save_rename_only	replay	1	0.719	0	0	170720987	1064	256	ok
PROBE-TSV	1	lha	payload	deferred	save_rename_only	replay_plan	1	0.266	0	0	170720987	1064	256	ok
PROBE-TSV	1	lha	payload	deferred	save_rename_only	representability_differential	1	0.027	0	0	170720987	1064	256	ok
PROBE-TSV	1	lha	payload	deferred	save_rename_only	save_sheet	1	157.403	170737664	170733568	170720987	1064	256	ok
PROBE-TSV	1	lha	payload	deferred	save_rename_only	total	1	157.752	170737664	170733568	170720987	1064	256	ok
PROBE-TSV	1	lha	payload	deferred	save_rename_only	tree_build	1	0.640	0	0	170720987	1064	256	ok
PROBE-TSV	1	lha	payload	deferred	save_rename_only	updater_open	1	24.165	17891328	0	170720987	1064	256	ok
PROBE-TSV	1	lha	payload	deferred	save_rename_only	verification_open	1	5.270	0	0	170720987	1064	256	ok
PROBE-TSV-HEADER	version	format	fixture	mode	operation	stage	calls	duration_ms	read_bytes	written_bytes	output_bytes	entries	payload_mib	status
PROBE-TSV	1	zip	entries	immediate	open	total	1	462.515	0	0	14100098	100000	0	ok
PROBE-TSV	1	zip	payload	immediate	open	total	1	114.947	0	0	163003493	1064	256	ok
PROBE-TSV	1	tar	entries	immediate	open	total	1	930.995	4096	0	102410240	100000	0	ok
PROBE-TSV	1	tar	payload	immediate	open	total	1	115.158	0	0	269496320	1064	256	ok
PROBE-TSV	1	tar.gz	entries	immediate	open	total	1	847.305	0	100663296	1044860	100000	0	ok
PROBE-TSV	1	tar.gz	payload	immediate	open	total	1	456.400	0	268435456	162812011	1064	256	ok
PROBE-TSV	1	tar.bz2	entries	immediate	open	total	1	854.913	0	100663296	216388	100000	0	ok
PROBE-TSV	1	tar.bz2	payload	immediate	open	total	1	1008.467	0	268435456	143017651	1064	256	ok
PROBE-TSV	1	tar.xz	entries	immediate	open	total	1	906.849	0	100663296	214148	100000	0	ok
PROBE-TSV	1	tar.xz	payload	immediate	open	total	1	1916.692	0	268435456	137187640	1064	256	ok
PROBE-TSV	1	7z	entries	immediate	open	total	1	783.258	0	0	7000078	100000	0	ok
PROBE-TSV	1	7z	payload	immediate	open	total	1	107.698	0	0	137251576	1064	256	ok
PROBE-TSV	1	lha	entries	immediate	open	total	1	1167.703	0	0	7000001	100000	0	ok
PROBE-TSV	1	lha	payload	immediate	open	total	1	127.349	0	0	170720988	1064	256	ok
