PROBE-TSV-HEADER	version	format	fixture	mode	operation	stage	calls	duration_ms	read_bytes	written_bytes	output_bytes	entries	payload_mib	status
PROBE-TSV	1	zip	entries	fixture	build	fixture_build	1	1724.846	0	14106624	14100098	100000	0	ok
PROBE-TSV	1	zip	entries	direct	delete_start	commit	1	15.105	12288	14102528	14099957	100000	0	ok
PROBE-TSV	1	zip	entries	direct	delete_start	remove	1	0.025	0	0	14099957	100000	0	ok
PROBE-TSV	1	zip	entries	direct	delete_start	total	1	127.437	14114816	14102528	14099957	100000	0	ok
PROBE-TSV	1	zip	entries	direct	delete_start	updater_open	1	106.225	14102528	0	14099957	100000	0	ok
PROBE-TSV	1	zip	entries	direct	delete_end	commit	1	10.563	49152	7516160	14099957	100000	0	ok
PROBE-TSV	1	zip	entries	direct	delete_end	remove	1	0.008	0	0	14099957	100000	0	ok
PROBE-TSV	1	zip	entries	direct	delete_end	total	1	117.166	14151680	7516160	14099957	100000	0	ok
PROBE-TSV	1	zip	entries	direct	delete_end	updater_open	1	100.959	14102528	0	14099957	100000	0	ok
PROBE-TSV	1	zip	payload	fixture	build	fixture_build	1	1143.671	131072	163004416	163003493	1064	256	ok
PROBE-TSV	1	zip	payload	direct	delete_start	commit	1	57.396	158883840	161021952	161008071	1064	256	ok
PROBE-TSV	1	zip	payload	direct	delete_start	remove	1	0.003	0	0	161008071	1064	256	ok
PROBE-TSV	1	zip	payload	direct	delete_start	total	1	71.202	161062912	161021952	161008071	1064	256	ok
PROBE-TSV	1	zip	payload	direct	delete_start	updater_open	1	12.593	2179072	0	161008071	1064	256	ok
PROBE-TSV	1	zip	payload	direct	delete_end	commit	1	1.879	32768	81920	163003352	1064	256	ok
PROBE-TSV	1	zip	payload	direct	delete_end	remove	1	0.005	0	0	163003352	1064	256	ok
PROBE-TSV	1	zip	payload	direct	delete_end	total	1	42.804	2211840	81920	163003352	1064	256	ok
PROBE-TSV	1	zip	payload	direct	delete_end	updater_open	1	40.763	2179072	0	163003352	1064	256	ok
PROBE-TSV	1	tar	entries	fixture	build	fixture_build	1	1321.612	0	102416384	102410240	100000	0	ok
PROBE-TSV	1	tar	entries	direct	delete_start	commit	1	39.937	16384	102400000	102400000	100000	0	ok
PROBE-TSV	1	tar	entries	direct	delete_start	remove	1	53.397	0	0	102400000	100000	0	ok
PROBE-TSV	1	tar	entries	direct	delete_start	total	1	722.178	102428672	102400000	102400000	100000	0	ok
PROBE-TSV	1	tar	entries	direct	delete_start	updater_open	1	612.899	102412288	0	102400000	100000	0	ok
PROBE-TSV	1	tar	entries	direct	delete_end	commit	1	6.846	32768	16384	102400000	100000	0	ok
PROBE-TSV	1	tar	entries	direct	delete_end	remove	1	53.228	0	0	102400000	100000	0	ok
PROBE-TSV	1	tar	entries	direct	delete_end	total	1	690.277	102445056	16384	102400000	100000	0	ok
PROBE-TSV	1	tar	entries	direct	delete_end	updater_open	1	616.711	102412288	0	102400000	100000	0	ok
PROBE-TSV	1	tar	payload	fixture	build	fixture_build	1	353.332	0	269496320	269496320	1064	256	ok
PROBE-TSV	1	tar	payload	direct	delete_start	commit	1	121.673	263045120	265322496	265308160	1064	256	ok
PROBE-TSV	1	tar	payload	direct	delete_start	remove	1	0.536	0	0	265308160	1064	256	ok
PROBE-TSV	1	tar	payload	direct	delete_start	total	1	138.791	265351168	265322496	265308160	1064	256	ok
PROBE-TSV	1	tar	payload	direct	delete_start	updater_open	1	14.605	2306048	0	265308160	1064	256	ok
PROBE-TSV	1	tar	payload	direct	delete_end	commit	1	0.725	28672	12288	269496320	1064	256	ok
PROBE-TSV	1	tar	payload	direct	delete_end	remove	1	0.577	0	0	269496320	1064	256	ok
PROBE-TSV	1	tar	payload	direct	delete_end	total	1	17.163	2334720	12288	269496320	1064	256	ok
PROBE-TSV	1	tar	payload	direct	delete_end	updater_open	1	15.645	2306048	0	269496320	1064	256	ok
PROBE-TSV	1	tar.gz	entries	fixture	build	fixture_build	1	608.907	0	1048576	1044904	100000	0	ok
PROBE-TSV	1	tar.gz	entries	direct	delete_start	commit	1	9.235	0	1052672	1044880	100000	0	ok
PROBE-TSV	1	tar.gz	entries	direct	delete_start	remove	1	54.506	0	0	1044880	100000	0	ok
PROBE-TSV	1	tar.gz	entries	direct	delete_start	total	1	317.121	0	1052672	1044880	100000	0	ok
PROBE-TSV	1	tar.gz	entries	direct	delete_start	updater_open	1	248.477	0	0	1044880	100000	0	ok
PROBE-TSV	1	tar.gz	entries	direct	delete_end	commit	1	8.104	0	1052672	1044878	100000	0	ok
PROBE-TSV	1	tar.gz	entries	direct	delete_end	remove	1	52.333	0	0	1044878	100000	0	ok
PROBE-TSV	1	tar.gz	entries	direct	delete_end	total	1	317.909	0	1052672	1044878	100000	0	ok
PROBE-TSV	1	tar.gz	entries	direct	delete_end	updater_open	1	252.561	0	0	1044878	100000	0	ok
PROBE-TSV	1	tar.gz	payload	fixture	build	fixture_build	1	1215.917	8192	162824192	162811926	1064	256	ok
PROBE-TSV	1	tar.gz	payload	direct	delete_start	commit	1	63.727	4096	160833536	160817759	1064	256	ok
PROBE-TSV	1	tar.gz	payload	direct	delete_start	remove	1	0.557	0	0	160817759	1064	256	ok
PROBE-TSV	1	tar.gz	payload	direct	delete_start	total	1	67.350	4096	160833536	160817759	1064	256	ok
PROBE-TSV	1	tar.gz	payload	direct	delete_start	updater_open	1	2.877	0	0	160817759	1064	256	ok
PROBE-TSV	1	tar.gz	payload	direct	delete_end	commit	1	26.981	0	162824192	162811916	1064	256	ok
PROBE-TSV	1	tar.gz	payload	direct	delete_end	remove	1	0.571	0	0	162811916	1064	256	ok
PROBE-TSV	1	tar.gz	payload	direct	delete_end	total	1	30.598	0	162824192	162811916	1064	256	ok
PROBE-TSV	1	tar.gz	payload	direct	delete_end	updater_open	1	2.847	0	0	162811916	1064	256	ok
PROBE-TSV	1	tar.bz2	entries	fixture	build	fixture_build	1	625.950	0	217088	216033	100000	0	ok
PROBE-TSV	1	tar.bz2	entries	direct	delete_start	commit	1	44.942	0	221184	215989	100000	0	ok
PROBE-TSV	1	tar.bz2	entries	direct	delete_start	remove	1	52.772	0	0	215989	100000	0	ok
PROBE-TSV	1	tar.bz2	entries	direct	delete_start	total	1	354.368	0	221184	215989	100000	0	ok
PROBE-TSV	1	tar.bz2	entries	direct	delete_start	updater_open	1	251.842	0	0	215989	100000	0	ok
PROBE-TSV	1	tar.bz2	entries	direct	delete_end	commit	1	34.170	0	221184	216050	100000	0	ok
PROBE-TSV	1	tar.bz2	entries	direct	delete_end	remove	1	52.356	0	0	216050	100000	0	ok
PROBE-TSV	1	tar.bz2	entries	direct	delete_end	total	1	339.300	0	221184	216050	100000	0	ok
PROBE-TSV	1	tar.bz2	entries	direct	delete_end	updater_open	1	247.917	0	0	216050	100000	0	ok
PROBE-TSV	1	tar.bz2	payload	fixture	build	fixture_build	1	1891.488	0	143032320	143017241	1064	256	ok
PROBE-TSV	1	tar.bz2	payload	direct	delete_start	commit	1	21.548	0	141455360	141441409	1064	256	ok
PROBE-TSV	1	tar.bz2	payload	direct	delete_start	remove	1	0.571	0	0	141441409	1064	256	ok
PROBE-TSV	1	tar.bz2	payload	direct	delete_start	total	1	25.109	0	141455360	141441409	1064	256	ok
PROBE-TSV	1	tar.bz2	payload	direct	delete_start	updater_open	1	2.776	0	0	141441409	1064	256	ok
PROBE-TSV	1	tar.bz2	payload	direct	delete_end	commit	1	27.103	0	143028224	143017260	1064	256	ok
PROBE-TSV	1	tar.bz2	payload	direct	delete_end	remove	1	0.524	0	0	143017260	1064	256	ok
PROBE-TSV	1	tar.bz2	payload	direct	delete_end	total	1	30.558	0	143028224	143017260	1064	256	ok
PROBE-TSV	1	tar.bz2	payload	direct	delete_end	updater_open	1	2.738	0	0	143017260	1064	256	ok
PROBE-TSV	1	tar.xz	entries	fixture	build	fixture_build	1	726.843	0	212992	212632	100000	0	ok
PROBE-TSV	1	tar.xz	entries	direct	delete_start	commit	1	165.189	0	217088	212480	100000	0	ok
PROBE-TSV	1	tar.xz	entries	direct	delete_start	remove	1	52.463	0	0	212480	100000	0	ok
PROBE-TSV	1	tar.xz	entries	direct	delete_start	total	1	472.128	0	217088	212480	100000	0	ok
PROBE-TSV	1	tar.xz	entries	direct	delete_start	updater_open	1	249.569	0	0	212480	100000	0	ok
PROBE-TSV	1	tar.xz	entries	direct	delete_end	commit	1	72.742	0	217088	212596	100000	0	ok
PROBE-TSV	1	tar.xz	entries	direct	delete_end	remove	1	52.265	0	0	212596	100000	0	ok
PROBE-TSV	1	tar.xz	entries	direct	delete_end	total	1	376.905	0	217088	212596	100000	0	ok
PROBE-TSV	1	tar.xz	entries	direct	delete_end	updater_open	1	247.059	0	0	212596	100000	0	ok
PROBE-TSV	1	tar.xz	payload	fixture	build	fixture_build	1	11843.453	0	135725056	137187464	1064	256	ok
PROBE-TSV	1	tar.xz	payload	direct	delete_start	commit	1	19.917	0	135741440	135726496	1064	256	ok
PROBE-TSV	1	tar.xz	payload	direct	delete_start	remove	1	0.564	0	0	135726496	1064	256	ok
PROBE-TSV	1	tar.xz	payload	direct	delete_start	total	1	23.623	0	135741440	135726496	1064	256	ok
PROBE-TSV	1	tar.xz	payload	direct	delete_start	updater_open	1	2.948	0	0	135726496	1064	256	ok
PROBE-TSV	1	tar.xz	payload	direct	delete_end	commit	1	59.253	0	137199616	137187468	1064	256	ok
PROBE-TSV	1	tar.xz	payload	direct	delete_end	remove	1	0.559	0	0	137187468	1064	256	ok
PROBE-TSV	1	tar.xz	payload	direct	delete_end	total	1	62.892	0	137199616	137187468	1064	256	ok
PROBE-TSV	1	tar.xz	payload	direct	delete_end	updater_open	1	2.865	0	0	137187468	1064	256	ok
PROBE-TSV	1	7z	entries	fixture	build	fixture_build	1	3624.686	0	7028736	7000078	100000	0	ok
PROBE-TSV	1	7z	entries	direct	delete_start	commit	1	438.310	520192	7020544	7000008	100000	0	ok
PROBE-TSV	1	7z	entries	direct	delete_start	remove	1	50.057	0	0	7000008	100000	0	ok
PROBE-TSV	1	7z	entries	direct	delete_start	total	1	952.999	7049216	7020544	7000008	100000	0	ok
PROBE-TSV	1	7z	entries	direct	delete_start	updater_open	1	431.427	6529024	0	7000008	100000	0	ok
PROBE-TSV	1	7z	entries	direct	delete_end	commit	1	330.133	57344	6545408	7000008	100000	0	ok
PROBE-TSV	1	7z	entries	direct	delete_end	remove	1	51.525	0	0	7000008	100000	0	ok
PROBE-TSV	1	7z	entries	direct	delete_end	total	1	829.408	6586368	6545408	7000008	100000	0	ok
PROBE-TSV	1	7z	entries	direct	delete_end	updater_open	1	420.486	6529024	0	7000008	100000	0	ok
PROBE-TSV	1	7z	payload	fixture	build	fixture_build	1	11895.099	0	129236992	137251576	1064	256	ok
PROBE-TSV	1	7z	payload	direct	delete_start	commit	1	65.735	135741440	135823360	135790639	1064	256	ok
PROBE-TSV	1	7z	payload	direct	delete_start	remove	1	0.520	0	0	135790639	1064	256	ok
PROBE-TSV	1	7z	payload	direct	delete_start	total	1	72.469	135843840	135823360	135790639	1064	256	ok
PROBE-TSV	1	7z	payload	direct	delete_start	updater_open	1	4.871	102400	0	135790639	1064	256	ok
PROBE-TSV	1	7z	payload	direct	delete_end	commit	1	4.694	36864	118784	137251506	1064	256	ok
PROBE-TSV	1	7z	payload	direct	delete_end	remove	1	0.556	0	0	137251506	1064	256	ok
PROBE-TSV	1	7z	payload	direct	delete_end	total	1	11.182	139264	118784	137251506	1064	256	ok
PROBE-TSV	1	7z	payload	direct	delete_end	updater_open	1	5.452	102400	0	137251506	1064	256	ok
PROBE-TSV	1	lha	entries	fixture	build	fixture_build	1	1498.434	0	7012352	7000001	100000	0	ok
PROBE-TSV	1	lha	entries	direct	delete_start	commit	1	7.110	4096	7000064	6999931	100000	0	ok
PROBE-TSV	1	lha	entries	direct	delete_start	remove	1	51.721	0	0	6999931	100000	0	ok
PROBE-TSV	1	lha	entries	direct	delete_start	total	1	1019.083	7004160	7000064	6999931	100000	0	ok
PROBE-TSV	1	lha	entries	direct	delete_start	updater_open	1	931.447	7000064	0	6999931	100000	0	ok
PROBE-TSV	1	lha	entries	direct	delete_end	commit	1	4.498	20480	4096	6999931	100000	0	ok
PROBE-TSV	1	lha	entries	direct	delete_end	remove	1	49.809	0	0	6999931	100000	0	ok
PROBE-TSV	1	lha	entries	direct	delete_end	total	1	994.569	7020544	4096	6999931	100000	0	ok
PROBE-TSV	1	lha	entries	direct	delete_end	updater_open	1	927.874	7000064	0	6999931	100000	0	ok
PROBE-TSV	1	lha	payload	fixture	build	fixture_build	1	2106.965	0	342360064	170720988	1064	256	ok
PROBE-TSV	1	lha	payload	direct	delete_start	commit	1	80.710	150966272	168574976	168563277	1064	256	ok
PROBE-TSV	1	lha	payload	direct	delete_start	remove	1	0.553	0	0	168563277	1064	256	ok
PROBE-TSV	1	lha	payload	direct	delete_start	total	1	111.262	168857600	168574976	168563277	1064	256	ok
PROBE-TSV	1	lha	payload	direct	delete_start	updater_open	1	28.676	17891328	0	168563277	1064	256	ok
PROBE-TSV	1	lha	payload	direct	delete_end	commit	1	0.933	32768	16384	170720918	1064	256	ok
PROBE-TSV	1	lha	payload	direct	delete_end	remove	1	0.542	0	0	170720918	1064	256	ok
PROBE-TSV	1	lha	payload	direct	delete_end	total	1	26.180	17924096	16384	170720918	1064	256	ok
PROBE-TSV	1	lha	payload	direct	delete_end	updater_open	1	24.428	17891328	0	170720918	1064	256	ok
PROBE-TSV-HEADER	version	format	fixture	mode	operation	stage	calls	duration_ms	read_bytes	written_bytes	output_bytes	entries	payload_mib	status
PROBE-PROGRESS	zip	entries	delete_start	7	5	10.966	161.446
PROBE-TSV	1	zip	entries	immediate	delete_start	capability_probe	1	3.016	0	0	14099957	100000	0	ok
PROBE-TSV	1	zip	entries	immediate	delete_start	commit	1	14.573	12288	14102528	14099957	100000	0	ok
PROBE-TSV	1	zip	entries	immediate	delete_start	display	1	3.301	0	0	14099957	100000	0	ok
PROBE-TSV	1	zip	entries	immediate	delete_start	entry_comparison	1	77.284	0	0	14099957	100000	0	ok
PROBE-TSV	1	zip	entries	immediate	delete_start	filter_compute	1	0.000	0	0	14099957	100000	0	ok
PROBE-TSV	1	zip	entries	immediate	delete_start	mutate	1	10.934	0	0	14099957	100000	0	ok
PROBE-TSV	1	zip	entries	immediate	delete_start	output_probe	1	2.758	0	0	14099957	100000	0	ok
PROBE-TSV	1	zip	entries	immediate	delete_start	password_verification	1	0.194	0	0	14099957	100000	0	ok
PROBE-TSV	1	zip	entries	immediate	delete_start	plan_build	1	0.029	0	0	14099957	100000	0	ok
PROBE-TSV	1	zip	entries	immediate	delete_start	plan_validation	1	10.891	0	0	14099957	100000	0	ok
PROBE-TSV	1	zip	entries	immediate	delete_start	publish	1	1.152	0	0	14099957	100000	0	ok
PROBE-TSV	1	zip	entries	immediate	delete_start	reader_adoption	1	0.003	0	0	14099957	100000	0	ok
PROBE-TSV	1	zip	entries	immediate	delete_start	reload	1	3.466	0	0	14099957	100000	0	ok
PROBE-TSV	1	zip	entries	immediate	delete_start	total	1	376.410	14114816	14114816	14099957	100000	0	ok
PROBE-TSV	1	zip	entries	immediate	delete_start	tree_build	1	57.427	0	0	14099957	100000	0	ok
PROBE-TSV	1	zip	entries	immediate	delete_start	updater_open	1	105.266	14102528	0	14099957	100000	0	ok
PROBE-TSV	1	zip	entries	immediate	delete_start	verification_open	1	73.345	0	0	14099957	100000	0	ok
PROBE-PROGRESS	zip	entries	delete_end	5	3	10.155	160.383
PROBE-TSV	1	zip	entries	immediate	delete_end	capability_probe	1	2.931	0	0	14099957	100000	0	ok
PROBE-TSV	1	zip	entries	immediate	delete_end	commit	1	10.876	45056	7516160	14099957	100000	0	ok
PROBE-TSV	1	zip	entries	immediate	delete_end	display	1	3.063	0	0	14099957	100000	0	ok
PROBE-TSV	1	zip	entries	immediate	delete_end	entry_comparison	1	75.296	0	0	14099957	100000	0	ok
PROBE-TSV	1	zip	entries	immediate	delete_end	filter_compute	1	0.001	0	0	14099957	100000	0	ok
PROBE-TSV	1	zip	entries	immediate	delete_end	mutate	1	10.127	0	0	14099957	100000	0	ok
PROBE-TSV	1	zip	entries	immediate	delete_end	output_probe	1	2.605	0	0	14099957	100000	0	ok
PROBE-TSV	1	zip	entries	immediate	delete_end	password_verification	1	0.202	0	0	14099957	100000	0	ok
PROBE-TSV	1	zip	entries	immediate	delete_end	plan_build	1	0.015	0	0	14099957	100000	0	ok
PROBE-TSV	1	zip	entries	immediate	delete_end	plan_validation	1	10.102	0	0	14099957	100000	0	ok
PROBE-TSV	1	zip	entries	immediate	delete_end	publish	1	0.859	0	0	14099957	100000	0	ok
PROBE-TSV	1	zip	entries	immediate	delete_end	reader_adoption	1	0.003	0	0	14099957	100000	0	ok
PROBE-TSV	1	zip	entries	immediate	delete_end	reload	1	3.282	0	0	14099957	100000	0	ok
PROBE-TSV	1	zip	entries	immediate	delete_end	total	1	363.642	20733952	7528448	14099957	100000	0	ok
PROBE-TSV	1	zip	entries	immediate	delete_end	tree_build	1	54.560	0	0	14099957	100000	0	ok
PROBE-TSV	1	zip	entries	immediate	delete_end	updater_open	1	101.725	14102528	0	14099957	100000	0	ok
PROBE-TSV	1	zip	entries	immediate	delete_end	verification_open	1	74.672	6586368	0	14099957	100000	0	ok
PROBE-PROGRESS	zip	entries	rename_same_length	4	2	12.255	164.355
PROBE-TSV	1	zip	entries	immediate	rename_same_length	capability_probe	1	2.932	0	0	14100098	100000	0	ok
PROBE-TSV	1	zip	entries	immediate	rename_same_length	commit	1	6.987	32768	32768	14100098	100000	0	ok
PROBE-TSV	1	zip	entries	immediate	rename_same_length	display	1	2.883	0	0	14100098	100000	0	ok
PROBE-TSV	1	zip	entries	immediate	rename_same_length	entry_comparison	1	76.576	0	0	14100098	100000	0	ok
PROBE-TSV	1	zip	entries	immediate	rename_same_length	filter_compute	1	0.000	0	0	14100098	100000	0	ok
PROBE-TSV	1	zip	entries	immediate	rename_same_length	mutate	1	12.222	0	0	14100098	100000	0	ok
PROBE-TSV	1	zip	entries	immediate	rename_same_length	name_index_advance	1	10.002	0	0	14100098	100000	0	ok
PROBE-TSV	1	zip	entries	immediate	rename_same_length	name_index_build	1	147.856	0	0	14100098	100000	0	ok
PROBE-TSV	1	zip	entries	immediate	rename_same_length	output_probe	1	2.618	0	0	14100098	100000	0	ok
PROBE-TSV	1	zip	entries	immediate	rename_same_length	password_verification	1	0.209	0	0	14100098	100000	0	ok
PROBE-TSV	1	zip	entries	immediate	rename_same_length	plan_build	1	0.073	0	0	14100098	100000	0	ok
PROBE-TSV	1	zip	entries	immediate	rename_same_length	plan_validation	1	9.824	0	0	14100098	100000	0	ok
PROBE-TSV	1	zip	entries	immediate	rename_same_length	publish	1	0.847	0	0	14100098	100000	0	ok
PROBE-TSV	1	zip	entries	immediate	rename_same_length	reader_adoption	1	0.003	0	0	14100098	100000	0	ok
PROBE-TSV	1	zip	entries	immediate	rename_same_length	reload	1	13.552	0	0	14100098	100000	0	ok
PROBE-TSV	1	zip	entries	immediate	rename_same_length	total	1	522.276	28205056	45056	14100098	100000	0	ok
PROBE-TSV	1	zip	entries	immediate	rename_same_length	tree_build	1	53.778	0	0	14100098	100000	0	ok
PROBE-TSV	1	zip	entries	immediate	rename_same_length	updater_open	1	101.720	14102528	0	14100098	100000	0	ok
PROBE-TSV	1	zip	entries	immediate	rename_same_length	verification_open	1	77.583	14069760	0	14100098	100000	0	ok
PROBE-PROGRESS	zip	entries	rename_different_length	7	5	12.387	162.953
PROBE-TSV	1	zip	entries	immediate	rename_different_length	capability_probe	1	2.913	0	0	14100134	100000	0	ok
PROBE-TSV	1	zip	entries	immediate	rename_different_length	commit	1	12.742	0	14102528	14100134	100000	0	ok
PROBE-TSV	1	zip	entries	immediate	rename_different_length	display	1	3.110	0	0	14100134	100000	0	ok
PROBE-TSV	1	zip	entries	immediate	rename_different_length	entry_comparison	1	78.048	0	0	14100134	100000	0	ok
PROBE-TSV	1	zip	entries	immediate	rename_different_length	filter_compute	1	0.000	0	0	14100134	100000	0	ok
PROBE-TSV	1	zip	entries	immediate	rename_different_length	mutate	1	12.356	0	0	14100134	100000	0	ok
PROBE-TSV	1	zip	entries	immediate	rename_different_length	name_index_advance	1	10.184	0	0	14100134	100000	0	ok
PROBE-TSV	1	zip	entries	immediate	rename_different_length	name_index_build	1	151.756	0	0	14100134	100000	0	ok
PROBE-TSV	1	zip	entries	immediate	rename_different_length	output_probe	1	2.589	0	0	14100134	100000	0	ok
PROBE-TSV	1	zip	entries	immediate	rename_different_length	password_verification	1	0.200	0	0	14100134	100000	0	ok
PROBE-TSV	1	zip	entries	immediate	rename_different_length	plan_build	1	0.039	0	0	14100134	100000	0	ok
PROBE-TSV	1	zip	entries	immediate	rename_different_length	plan_validation	1	10.096	0	0	14100134	100000	0	ok
PROBE-TSV	1	zip	entries	immediate	rename_different_length	publish	1	0.862	0	0	14100134	100000	0	ok
PROBE-TSV	1	zip	entries	immediate	rename_different_length	reader_adoption	1	0.003	0	0	14100134	100000	0	ok
PROBE-TSV	1	zip	entries	immediate	rename_different_length	reload	1	13.717	0	0	14100134	100000	0	ok
PROBE-TSV	1	zip	entries	immediate	rename_different_length	total	1	535.024	14102528	14114816	14100134	100000	0	ok
PROBE-TSV	1	zip	entries	immediate	rename_different_length	tree_build	1	53.735	0	0	14100134	100000	0	ok
PROBE-TSV	1	zip	entries	immediate	rename_different_length	updater_open	1	103.213	14102528	0	14100134	100000	0	ok
PROBE-TSV	1	zip	entries	immediate	rename_different_length	verification_open	1	74.657	0	0	14100134	100000	0	ok
PROBE-PROGRESS	zip	entries	rename_folder	7	5	71.856	159.991
PROBE-TSV	1	zip	entries	immediate	rename_folder	capability_probe	1	2.940	0	0	14120098	100000	0	ok
PROBE-TSV	1	zip	entries	immediate	rename_folder	commit	1	14.656	0	14123008	14120098	100000	0	ok
PROBE-TSV	1	zip	entries	immediate	rename_folder	display	1	2.734	0	0	14120098	100000	0	ok
PROBE-TSV	1	zip	entries	immediate	rename_folder	entry_comparison	1	75.646	0	0	14120098	100000	0	ok
PROBE-TSV	1	zip	entries	immediate	rename_folder	filter_compute	1	0.000	0	0	14120098	100000	0	ok
PROBE-TSV	1	zip	entries	immediate	rename_folder	mutate	1	71.819	0	0	14120098	100000	0	ok
PROBE-TSV	1	zip	entries	immediate	rename_folder	name_index_advance	1	17.238	0	0	14120098	100000	0	ok
PROBE-TSV	1	zip	entries	immediate	rename_folder	name_index_build	1	152.740	0	0	14120098	100000	0	ok
PROBE-TSV	1	zip	entries	immediate	rename_folder	output_probe	1	2.599	0	0	14120098	100000	0	ok
PROBE-TSV	1	zip	entries	immediate	rename_folder	password_verification	1	0.196	0	0	14120098	100000	0	ok
PROBE-TSV	1	zip	entries	immediate	rename_folder	plan_build	1	6.001	0	0	14120098	100000	0	ok
PROBE-TSV	1	zip	entries	immediate	rename_folder	plan_validation	1	13.468	0	0	14120098	100000	0	ok
PROBE-TSV	1	zip	entries	immediate	rename_folder	publish	1	0.840	0	0	14120098	100000	0	ok
PROBE-TSV	1	zip	entries	immediate	rename_folder	reader_adoption	1	0.003	0	0	14120098	100000	0	ok
PROBE-TSV	1	zip	entries	immediate	rename_folder	reload	1	20.760	0	0	14120098	100000	0	ok
PROBE-TSV	1	zip	entries	immediate	rename_folder	total	1	612.013	14102528	14135296	14120098	100000	0	ok
PROBE-TSV	1	zip	entries	immediate	rename_folder	tree_build	1	55.325	0	0	14120098	100000	0	ok
PROBE-TSV	1	zip	entries	immediate	rename_folder	updater_open	1	102.600	14102528	0	14120098	100000	0	ok
PROBE-TSV	1	zip	entries	immediate	rename_folder	verification_open	1	73.464	0	0	14120098	100000	0	ok
PROBE-PROGRESS	zip	entries	new_folder	5	3	13.219	164.087
PROBE-TSV	1	zip	entries	immediate	new_folder	capability_probe	1	2.928	0	0	14100216	100000	0	ok
PROBE-TSV	1	zip	entries	immediate	new_folder	commit	1	12.332	28672	7516160	14100216	100000	0	ok
PROBE-TSV	1	zip	entries	immediate	new_folder	display	1	3.067	0	0	14100216	100000	0	ok
PROBE-TSV	1	zip	entries	immediate	new_folder	entry_comparison	1	76.289	0	0	14100216	100000	0	ok
PROBE-TSV	1	zip	entries	immediate	new_folder	filter_compute	1	0.000	0	0	14100216	100000	0	ok
PROBE-TSV	1	zip	entries	immediate	new_folder	mutate	1	13.177	16384	0	14100216	100000	0	ok
PROBE-TSV	1	zip	entries	immediate	new_folder	name_index_advance	1	10.147	0	0	14100216	100000	0	ok
PROBE-TSV	1	zip	entries	immediate	new_folder	name_index_build	1	152.628	0	0	14100216	100000	0	ok
PROBE-TSV	1	zip	entries	immediate	new_folder	output_probe	1	2.576	0	0	14100216	100000	0	ok
PROBE-TSV	1	zip	entries	immediate	new_folder	password_verification	1	0.208	0	0	14100216	100000	0	ok
PROBE-TSV	1	zip	entries	immediate	new_folder	plan_build	1	152.652	0	0	14100216	100000	0	ok
PROBE-TSV	1	zip	entries	immediate	new_folder	plan_validation	1	10.566	0	0	14100216	100000	0	ok
PROBE-TSV	1	zip	entries	immediate	new_folder	publish	1	0.748	0	0	14100216	100000	0	ok
PROBE-TSV	1	zip	entries	immediate	new_folder	reader_adoption	1	0.003	0	0	14100216	100000	0	ok
PROBE-TSV	1	zip	entries	immediate	new_folder	reload	1	13.704	0	0	14100216	100000	0	ok
PROBE-TSV	1	zip	entries	immediate	new_folder	total	1	535.811	20733952	7528448	14100216	100000	0	ok
PROBE-TSV	1	zip	entries	immediate	new_folder	tree_build	1	54.812	0	0	14100216	100000	0	ok
PROBE-TSV	1	zip	entries	immediate	new_folder	updater_open	1	101.899	14102528	0	14100216	100000	0	ok
PROBE-TSV	1	zip	entries	immediate	new_folder	verification_open	1	77.741	6586368	0	14100216	100000	0	ok
PROBE-PROGRESS	zip	entries	add_file	7	4	10.562	161.356
PROBE-TSV	1	zip	entries	immediate	add_file	capability_probe	1	2.994	0	0	14100217	100000	0	ok
PROBE-TSV	1	zip	entries	immediate	add_file	commit	1	12.744	28672	7516160	14100217	100000	0	ok
PROBE-TSV	1	zip	entries	immediate	add_file	display	1	3.071	0	0	14100217	100000	0	ok
PROBE-TSV	1	zip	entries	immediate	add_file	entry_comparison	1	75.564	0	0	14100217	100000	0	ok
PROBE-TSV	1	zip	entries	immediate	add_file	filter_compute	1	0.000	0	0	14100217	100000	0	ok
PROBE-TSV	1	zip	entries	immediate	add_file	mutate	1	12.601	0	0	14100217	100000	0	ok
PROBE-TSV	1	zip	entries	immediate	add_file	name_index_advance	1	9.229	0	0	14100217	100000	0	ok
PROBE-TSV	1	zip	entries	immediate	add_file	name_index_build	1	154.300	0	0	14100217	100000	0	ok
PROBE-TSV	1	zip	entries	immediate	add_file	output_probe	1	2.674	0	0	14100217	100000	0	ok
PROBE-TSV	1	zip	entries	immediate	add_file	password_verification	1	0.230	0	0	14100217	100000	0	ok
PROBE-TSV	1	zip	entries	immediate	add_file	plan_build	3	0.142	0	0	14100217	100000	0	ok
PROBE-TSV	1	zip	entries	immediate	add_file	plan_validation	1	10.070	0	0	14100217	100000	0	ok
PROBE-TSV	1	zip	entries	immediate	add_file	publish	1	0.875	0	0	14100217	100000	0	ok
PROBE-TSV	1	zip	entries	immediate	add_file	reader_adoption	1	0.003	0	0	14100217	100000	0	ok
PROBE-TSV	1	zip	entries	immediate	add_file	reload	1	12.869	0	0	14100217	100000	0	ok
PROBE-TSV	1	zip	entries	immediate	add_file	total	1	532.689	20733952	7528448	14100217	100000	0	ok
PROBE-TSV	1	zip	entries	immediate	add_file	tree_build	1	54.028	0	0	14100217	100000	0	ok
PROBE-TSV	1	zip	entries	immediate	add_file	updater_open	1	102.088	14102528	0	14100217	100000	0	ok
PROBE-TSV	1	zip	entries	immediate	add_file	verification_open	1	75.759	6586368	0	14100217	100000	0	ok
PROBE-PROGRESS	zip	entries	replace_file	8	5	12.194	162.999
PROBE-TSV	1	zip	entries	immediate	replace_file	capability_probe	1	2.984	0	0	14100098	100000	0	ok
PROBE-TSV	1	zip	entries	immediate	replace_file	commit	1	14.243	16384	14102528	14100098	100000	0	ok
PROBE-TSV	1	zip	entries	immediate	replace_file	display	1	2.927	0	0	14100098	100000	0	ok
PROBE-TSV	1	zip	entries	immediate	replace_file	entry_comparison	1	77.859	0	0	14100098	100000	0	ok
PROBE-TSV	1	zip	entries	immediate	replace_file	filter_compute	1	0.000	0	0	14100098	100000	0	ok
PROBE-TSV	1	zip	entries	immediate	replace_file	mutate	1	14.334	0	0	14100098	100000	0	ok
PROBE-TSV	1	zip	entries	immediate	replace_file	name_index_advance	1	9.913	0	0	14100098	100000	0	ok
PROBE-TSV	1	zip	entries	immediate	replace_file	name_index_build	1	152.967	0	0	14100098	100000	0	ok
PROBE-TSV	1	zip	entries	immediate	replace_file	output_probe	1	2.636	0	0	14100098	100000	0	ok
PROBE-TSV	1	zip	entries	immediate	replace_file	password_verification	1	0.226	0	0	14100098	100000	0	ok
PROBE-TSV	1	zip	entries	immediate	replace_file	plan_build	4	2.516	0	0	14100098	100000	0	ok
PROBE-TSV	1	zip	entries	immediate	replace_file	plan_validation	1	10.760	0	0	14100098	100000	0	ok
PROBE-TSV	1	zip	entries	immediate	replace_file	publish	1	0.896	0	0	14100098	100000	0	ok
PROBE-TSV	1	zip	entries	immediate	replace_file	reader_adoption	1	0.005	0	0	14100098	100000	0	ok
PROBE-TSV	1	zip	entries	immediate	replace_file	reload	1	13.548	0	0	14100098	100000	0	ok
PROBE-TSV	1	zip	entries	immediate	replace_file	total	1	540.390	14135296	14114816	14100098	100000	0	ok
PROBE-TSV	1	zip	entries	immediate	replace_file	tree_build	1	54.207	0	0	14100098	100000	0	ok
PROBE-TSV	1	zip	entries	immediate	replace_file	updater_open	1	102.200	14102528	0	14100098	100000	0	ok
PROBE-TSV	1	zip	entries	immediate	replace_file	verification_open	1	74.742	0	0	14100098	100000	0	ok
PROBE-TSV	1	zip	entries	deferred	five_changes_reserve_rename	display	1	2.977	0	0	14100098	100000	0	ok
PROBE-TSV	1	zip	entries	deferred	five_changes_reserve_rename	filter_compute	1	0.001	0	0	14100098	100000	0	ok
PROBE-TSV	1	zip	entries	deferred	five_changes_reserve_rename	password_verification	1	0.571	0	0	14100098	100000	0	ok
PROBE-TSV	1	zip	entries	deferred	five_changes_reserve_rename	total	1	129.238	65536	0	14100098	100000	0	ok
PROBE-TSV	1	zip	entries	deferred	five_changes_reserve_rename	tree_build	1	58.273	0	0	14100098	100000	0	ok
PROBE-TSV	1	zip	entries	deferred	five_changes_reserve_delete	display	1	2.955	0	0	14100098	100000	0	ok
PROBE-TSV	1	zip	entries	deferred	five_changes_reserve_delete	filter_compute	1	0.001	0	0	14100098	100000	0	ok
PROBE-TSV	1	zip	entries	deferred	five_changes_reserve_delete	password_verification	1	0.557	0	0	14100098	100000	0	ok
PROBE-TSV	1	zip	entries	deferred	five_changes_reserve_delete	total	1	129.244	0	0	14100098	100000	0	ok
PROBE-TSV	1	zip	entries	deferred	five_changes_reserve_delete	tree_build	1	55.311	0	0	14100098	100000	0	ok
PROBE-TSV	1	zip	entries	deferred	five_changes_reserve_new_folder	display	1	2.978	0	0	14100098	100000	0	ok
PROBE-TSV	1	zip	entries	deferred	five_changes_reserve_new_folder	filter_compute	1	0.001	0	0	14100098	100000	0	ok
PROBE-TSV	1	zip	entries	deferred	five_changes_reserve_new_folder	password_verification	1	0.582	0	0	14100098	100000	0	ok
PROBE-TSV	1	zip	entries	deferred	five_changes_reserve_new_folder	total	1	99.578	0	0	14100098	100000	0	ok
PROBE-TSV	1	zip	entries	deferred	five_changes_reserve_new_folder	tree_build	1	54.804	0	0	14100098	100000	0	ok
PROBE-TSV	1	zip	entries	deferred	five_changes_reserve_delete_folder	display	1	2.868	0	0	14100098	100000	0	ok
PROBE-TSV	1	zip	entries	deferred	five_changes_reserve_delete_folder	filter_compute	1	0.001	0	0	14100098	100000	0	ok
PROBE-TSV	1	zip	entries	deferred	five_changes_reserve_delete_folder	password_verification	1	0.578	0	0	14100098	100000	0	ok
PROBE-TSV	1	zip	entries	deferred	five_changes_reserve_delete_folder	total	1	161.459	0	0	14100098	100000	0	ok
PROBE-TSV	1	zip	entries	deferred	five_changes_reserve_delete_folder	tree_build	1	54.951	0	0	14100098	100000	0	ok
PROBE-TSV	1	zip	entries	deferred	five_changes_reserve_add	display	1	3.054	0	0	14100098	100000	0	ok
PROBE-TSV	1	zip	entries	deferred	five_changes_reserve_add	filter_compute	1	0.001	0	0	14100098	100000	0	ok
PROBE-TSV	1	zip	entries	deferred	five_changes_reserve_add	password_verification	1	0.582	0	0	14100098	100000	0	ok
PROBE-TSV	1	zip	entries	deferred	five_changes_reserve_add	plan_build	3	0.070	0	0	14100098	100000	0	ok
PROBE-TSV	1	zip	entries	deferred	five_changes_reserve_add	total	1	130.436	0	4096	14100098	100000	0	ok
PROBE-TSV	1	zip	entries	deferred	five_changes_reserve_add	tree_build	1	53.545	0	0	14100098	100000	0	ok
PROBE-TSV	1	zip	entries	deferred	save_five_changes	capability_probe	1	2.925	0	0	13959180	100000	0	ok
PROBE-TSV	1	zip	entries	deferred	save_five_changes	commit	1	17.492	45056	13975552	13959180	100000	0	ok
PROBE-TSV	1	zip	entries	deferred	save_five_changes	display	1	3.048	0	0	13959180	100000	0	ok
PROBE-TSV	1	zip	entries	deferred	save_five_changes	editing_install	1	0.005	0	0	13959180	100000	0	ok
PROBE-TSV	1	zip	entries	deferred	save_five_changes	editing_prepare	1	18.440	0	0	13959180	100000	0	ok
PROBE-TSV	1	zip	entries	deferred	save_five_changes	entry_comparison	1	76.733	0	0	13959180	100000	0	ok
PROBE-TSV	1	zip	entries	deferred	save_five_changes	filter_compute	2	0.001	0	0	13959180	100000	0	ok
PROBE-TSV	1	zip	entries	deferred	save_five_changes	name_index_advance	1	12.192	0	0	13959180	100000	0	ok
PROBE-TSV	1	zip	entries	deferred	save_five_changes	output_probe	1	2.577	0	0	13959180	100000	0	ok
PROBE-TSV	1	zip	entries	deferred	save_five_changes	password_verification	1	0.567	0	0	13959180	100000	0	ok
PROBE-TSV	1	zip	entries	deferred	save_five_changes	publish	1	1.024	0	0	13959180	100000	0	ok
PROBE-TSV	1	zip	entries	deferred	save_five_changes	reader_adoption	1	0.003	0	0	13959180	100000	0	ok
PROBE-TSV	1	zip	entries	deferred	save_five_changes	reload	1	15.774	0	0	13959180	100000	0	ok
PROBE-TSV	1	zip	entries	deferred	save_five_changes	replay	1	20.094	20480	0	13959180	100000	0	ok
PROBE-TSV	1	zip	entries	deferred	save_five_changes	replay_plan	1	19.340	0	0	13959180	100000	0	ok
PROBE-TSV	1	zip	entries	deferred	save_five_changes	representability_differential	1	0.809	0	0	13959180	100000	0	ok
PROBE-TSV	1	zip	entries	deferred	save_five_changes	save_sheet	1	467.470	14200832	14000128	13959180	100000	0	ok
PROBE-TSV	1	zip	entries	deferred	save_five_changes	total	1	486.300	14200832	14000128	13959180	100000	0	ok
PROBE-TSV	1	zip	entries	deferred	save_five_changes	tree_build	1	53.061	0	0	13959180	100000	0	ok
PROBE-TSV	1	zip	entries	deferred	save_five_changes	updater_open	1	102.805	14102528	0	13959180	100000	0	ok
PROBE-TSV	1	zip	entries	deferred	save_five_changes	verification_open	1	74.429	0	0	13959180	100000	0	ok
PROBE-TSV	1	zip	entries	deferred	rename_only_reserve_rename	display	1	2.769	0	0	14100098	100000	0	ok
PROBE-TSV	1	zip	entries	deferred	rename_only_reserve_rename	filter_compute	1	0.001	0	0	14100098	100000	0	ok
PROBE-TSV	1	zip	entries	deferred	rename_only_reserve_rename	password_verification	1	0.603	0	0	14100098	100000	0	ok
PROBE-TSV	1	zip	entries	deferred	rename_only_reserve_rename	total	1	184.235	0	0	14100098	100000	0	ok
PROBE-TSV	1	zip	entries	deferred	rename_only_reserve_rename	tree_build	1	55.373	0	0	14100098	100000	0	ok
PROBE-TSV	1	zip	entries	deferred	save_rename_only	capability_probe	1	2.920	0	0	14100096	100000	0	ok
PROBE-TSV	1	zip	entries	deferred	save_rename_only	commit	1	13.615	12288	14102528	14100096	100000	0	ok
PROBE-TSV	1	zip	entries	deferred	save_rename_only	display	1	2.923	0	0	14100096	100000	0	ok
PROBE-TSV	1	zip	entries	deferred	save_rename_only	editing_install	1	0.005	0	0	14100096	100000	0	ok
PROBE-TSV	1	zip	entries	deferred	save_rename_only	editing_prepare	1	17.682	0	0	14100096	100000	0	ok
PROBE-TSV	1	zip	entries	deferred	save_rename_only	entry_comparison	1	75.400	0	0	14100096	100000	0	ok
PROBE-TSV	1	zip	entries	deferred	save_rename_only	filter_compute	2	0.001	0	0	14100096	100000	0	ok
PROBE-TSV	1	zip	entries	deferred	save_rename_only	name_index_advance	1	10.036	0	0	14100096	100000	0	ok
PROBE-TSV	1	zip	entries	deferred	save_rename_only	output_probe	1	2.724	0	0	14100096	100000	0	ok
PROBE-TSV	1	zip	entries	deferred	save_rename_only	password_verification	1	0.555	0	0	14100096	100000	0	ok
PROBE-TSV	1	zip	entries	deferred	save_rename_only	publish	1	0.405	0	0	14100096	100000	0	ok
PROBE-TSV	1	zip	entries	deferred	save_rename_only	reader_adoption	1	0.003	0	0	14100096	100000	0	ok
PROBE-TSV	1	zip	entries	deferred	save_rename_only	reload	1	13.599	0	0	14100096	100000	0	ok
PROBE-TSV	1	zip	entries	deferred	save_rename_only	replay	1	11.996	0	0	14100096	100000	0	ok
PROBE-TSV	1	zip	entries	deferred	save_rename_only	replay_plan	1	16.215	0	0	14100096	100000	0	ok
PROBE-TSV	1	zip	entries	deferred	save_rename_only	representability_differential	1	0.023	0	0	14100096	100000	0	ok
PROBE-TSV	1	zip	entries	deferred	save_rename_only	save_sheet	1	445.810	14114816	14114816	14100096	100000	0	ok
PROBE-TSV	1	zip	entries	deferred	save_rename_only	total	1	463.767	14114816	14114816	14100096	100000	0	ok
PROBE-TSV	1	zip	entries	deferred	save_rename_only	tree_build	1	54.188	0	0	14100096	100000	0	ok
PROBE-TSV	1	zip	entries	deferred	save_rename_only	updater_open	1	100.986	14102528	0	14100096	100000	0	ok
PROBE-TSV	1	zip	entries	deferred	save_rename_only	verification_open	1	74.386	0	0	14100096	100000	0	ok
PROBE-PROGRESS	zip	payload	delete_start	42	40	5.288	6.799
PROBE-TSV	1	zip	payload	immediate	delete_start	capability_probe	1	2.531	0	0	161008071	1064	256	ok
PROBE-TSV	1	zip	payload	immediate	delete_start	commit	1	51.508	158875648	161021952	161008071	1064	256	ok
PROBE-TSV	1	zip	payload	immediate	delete_start	display	1	1.424	0	0	161008071	1064	256	ok
PROBE-TSV	1	zip	payload	immediate	delete_start	entry_comparison	1	0.808	0	0	161008071	1064	256	ok
PROBE-TSV	1	zip	payload	immediate	delete_start	filter_compute	1	0.000	0	0	161008071	1064	256	ok
PROBE-TSV	1	zip	payload	immediate	delete_start	mutate	1	0.149	0	0	161008071	1064	256	ok
PROBE-TSV	1	zip	payload	immediate	delete_start	output_probe	1	2.561	0	0	161008071	1064	256	ok
PROBE-TSV	1	zip	payload	immediate	delete_start	password_verification	1	0.033	0	0	161008071	1064	256	ok
PROBE-TSV	1	zip	payload	immediate	delete_start	plan_build	1	0.012	0	0	161008071	1064	256	ok
PROBE-TSV	1	zip	payload	immediate	delete_start	plan_validation	1	0.132	0	0	161008071	1064	256	ok
PROBE-TSV	1	zip	payload	immediate	delete_start	publish	1	0.786	0	0	161008071	1064	256	ok
PROBE-TSV	1	zip	payload	immediate	delete_start	reader_adoption	1	0.003	0	0	161008071	1064	256	ok
PROBE-TSV	1	zip	payload	immediate	delete_start	reload	1	2.768	0	0	161008071	1064	256	ok
PROBE-TSV	1	zip	payload	immediate	delete_start	total	1	77.192	161054720	161034240	161008071	1064	256	ok
PROBE-TSV	1	zip	payload	immediate	delete_start	tree_build	1	0.555	0	0	161008071	1064	256	ok
PROBE-TSV	1	zip	payload	immediate	delete_start	updater_open	1	11.864	2179072	0	161008071	1064	256	ok
PROBE-TSV	1	zip	payload	immediate	delete_start	verification_open	1	1.066	0	0	161008071	1064	256	ok
PROBE-PROGRESS	zip	payload	delete_end	4	2	0.540	12.685
PROBE-TSV	1	zip	payload	immediate	delete_end	capability_probe	1	2.562	0	0	163003352	1064	256	ok
PROBE-TSV	1	zip	payload	immediate	delete_end	commit	1	0.893	32768	81920	163003352	1064	256	ok
PROBE-TSV	1	zip	payload	immediate	delete_end	display	1	1.247	0	0	163003352	1064	256	ok
PROBE-TSV	1	zip	payload	immediate	delete_end	entry_comparison	1	0.754	0	0	163003352	1064	256	ok
PROBE-TSV	1	zip	payload	immediate	delete_end	filter_compute	1	0.000	0	0	163003352	1064	256	ok
PROBE-TSV	1	zip	payload	immediate	delete_end	mutate	1	0.127	0	0	163003352	1064	256	ok
PROBE-TSV	1	zip	payload	immediate	delete_end	output_probe	1	2.835	983040	0	163003352	1064	256	ok
PROBE-TSV	1	zip	payload	immediate	delete_end	password_verification	1	0.031	0	0	163003352	1064	256	ok
PROBE-TSV	1	zip	payload	immediate	delete_end	plan_build	1	0.012	0	0	163003352	1064	256	ok
PROBE-TSV	1	zip	payload	immediate	delete_end	plan_validation	1	0.113	0	0	163003352	1064	256	ok
PROBE-TSV	1	zip	payload	immediate	delete_end	publish	1	0.778	0	0	163003352	1064	256	ok
PROBE-TSV	1	zip	payload	immediate	delete_end	reader_adoption	1	0.002	0	0	163003352	1064	256	ok
PROBE-TSV	1	zip	payload	immediate	delete_end	reload	1	2.776	0	0	163003352	1064	256	ok
PROBE-TSV	1	zip	payload	immediate	delete_end	total	1	32.178	4308992	94208	163003352	1064	256	ok
PROBE-TSV	1	zip	payload	immediate	delete_end	tree_build	1	0.544	0	0	163003352	1064	256	ok
PROBE-TSV	1	zip	payload	immediate	delete_end	updater_open	1	11.667	2179072	0	163003352	1064	256	ok
PROBE-TSV	1	zip	payload	immediate	delete_end	verification_open	1	7.930	1114112	0	163003352	1064	256	ok
PROBE-PROGRESS	zip	payload	rename_same_length	4	2	0.746	13.122
PROBE-TSV	1	zip	payload	immediate	rename_same_length	capability_probe	1	2.478	0	0	163003493	1064	256	ok
PROBE-TSV	1	zip	payload	immediate	rename_same_length	commit	1	0.952	32768	32768	163003493	1064	256	ok
PROBE-TSV	1	zip	payload	immediate	rename_same_length	display	1	1.274	0	0	163003493	1064	256	ok
PROBE-TSV	1	zip	payload	immediate	rename_same_length	entry_comparison	1	0.733	0	0	163003493	1064	256	ok
PROBE-TSV	1	zip	payload	immediate	rename_same_length	filter_compute	1	0.000	0	0	163003493	1064	256	ok
PROBE-TSV	1	zip	payload	immediate	rename_same_length	mutate	1	0.725	0	0	163003493	1064	256	ok
PROBE-TSV	1	zip	payload	immediate	rename_same_length	name_index_advance	1	0.134	0	0	163003493	1064	256	ok
PROBE-TSV	1	zip	payload	immediate	rename_same_length	name_index_build	1	1.737	0	0	163003493	1064	256	ok
PROBE-TSV	1	zip	payload	immediate	rename_same_length	output_probe	1	3.019	983040	0	163003493	1064	256	ok
PROBE-TSV	1	zip	payload	immediate	rename_same_length	password_verification	1	0.025	0	0	163003493	1064	256	ok
PROBE-TSV	1	zip	payload	immediate	rename_same_length	plan_build	1	0.018	0	0	163003493	1064	256	ok
PROBE-TSV	1	zip	payload	immediate	rename_same_length	plan_validation	1	0.123	0	0	163003493	1064	256	ok
PROBE-TSV	1	zip	payload	immediate	rename_same_length	publish	1	0.758	0	0	163003493	1064	256	ok
PROBE-TSV	1	zip	payload	immediate	rename_same_length	reader_adoption	1	0.002	0	0	163003493	1064	256	ok
PROBE-TSV	1	zip	payload	immediate	rename_same_length	reload	1	2.876	0	0	163003493	1064	256	ok
PROBE-TSV	1	zip	payload	immediate	rename_same_length	total	1	35.229	4358144	45056	163003493	1064	256	ok
PROBE-TSV	1	zip	payload	immediate	rename_same_length	tree_build	1	0.616	0	0	163003493	1064	256	ok
PROBE-TSV	1	zip	payload	immediate	rename_same_length	updater_open	1	11.770	2179072	0	163003493	1064	256	ok
PROBE-TSV	1	zip	payload	immediate	rename_same_length	verification_open	1	8.153	1163264	0	163003493	1064	256	ok
PROBE-PROGRESS	zip	payload	rename_different_length	42	40	2.817	6.596
PROBE-TSV	1	zip	payload	immediate	rename_different_length	capability_probe	1	2.481	0	0	163003529	1064	256	ok
PROBE-TSV	1	zip	payload	immediate	rename_different_length	commit	1	49.227	160825344	163004416	163003529	1064	256	ok
PROBE-TSV	1	zip	payload	immediate	rename_different_length	display	1	1.265	0	0	163003529	1064	256	ok
PROBE-TSV	1	zip	payload	immediate	rename_different_length	entry_comparison	1	0.737	0	0	163003529	1064	256	ok
PROBE-TSV	1	zip	payload	immediate	rename_different_length	filter_compute	1	0.000	0	0	163003529	1064	256	ok
PROBE-TSV	1	zip	payload	immediate	rename_different_length	mutate	1	0.884	0	0	163003529	1064	256	ok
PROBE-TSV	1	zip	payload	immediate	rename_different_length	name_index_advance	1	0.136	0	0	163003529	1064	256	ok
PROBE-TSV	1	zip	payload	immediate	rename_different_length	name_index_build	1	1.657	0	0	163003529	1064	256	ok
PROBE-TSV	1	zip	payload	immediate	rename_different_length	output_probe	1	2.533	0	0	163003529	1064	256	ok
PROBE-TSV	1	zip	payload	immediate	rename_different_length	password_verification	1	0.033	0	0	163003529	1064	256	ok
PROBE-TSV	1	zip	payload	immediate	rename_different_length	plan_build	1	0.018	0	0	163003529	1064	256	ok
PROBE-TSV	1	zip	payload	immediate	rename_different_length	plan_validation	1	0.319	0	0	163003529	1064	256	ok
PROBE-TSV	1	zip	payload	immediate	rename_different_length	publish	1	0.780	0	0	163003529	1064	256	ok
PROBE-TSV	1	zip	payload	immediate	rename_different_length	reader_adoption	1	0.002	0	0	163003529	1064	256	ok
PROBE-TSV	1	zip	payload	immediate	rename_different_length	reload	1	2.849	0	0	163003529	1064	256	ok
PROBE-TSV	1	zip	payload	immediate	rename_different_length	total	1	76.874	163004416	163016704	163003529	1064	256	ok
PROBE-TSV	1	zip	payload	immediate	rename_different_length	tree_build	1	0.574	0	0	163003529	1064	256	ok
PROBE-TSV	1	zip	payload	immediate	rename_different_length	updater_open	1	11.564	2179072	0	163003529	1064	256	ok
PROBE-TSV	1	zip	payload	immediate	rename_different_length	verification_open	1	0.978	0	0	163003529	1064	256	ok
PROBE-PROGRESS	zip	payload	rename_folder	42	40	4.600	6.424
PROBE-TSV	1	zip	payload	immediate	rename_folder	capability_probe	1	2.479	0	0	163004389	1064	256	ok
PROBE-TSV	1	zip	payload	immediate	rename_folder	commit	1	53.283	160825344	163004416	163004389	1064	256	ok
PROBE-TSV	1	zip	payload	immediate	rename_folder	display	1	1.373	0	0	163004389	1064	256	ok
PROBE-TSV	1	zip	payload	immediate	rename_folder	entry_comparison	1	0.727	0	0	163004389	1064	256	ok
PROBE-TSV	1	zip	payload	immediate	rename_folder	filter_compute	1	0.000	0	0	163004389	1064	256	ok
PROBE-TSV	1	zip	payload	immediate	rename_folder	mutate	1	1.005	0	0	163004389	1064	256	ok
PROBE-TSV	1	zip	payload	immediate	rename_folder	name_index_advance	1	0.407	0	0	163004389	1064	256	ok
PROBE-TSV	1	zip	payload	immediate	rename_folder	name_index_build	1	1.667	0	0	163004389	1064	256	ok
PROBE-TSV	1	zip	payload	immediate	rename_folder	output_probe	1	2.440	0	0	163004389	1064	256	ok
PROBE-TSV	1	zip	payload	immediate	rename_folder	password_verification	1	0.030	0	0	163004389	1064	256	ok
PROBE-TSV	1	zip	payload	immediate	rename_folder	plan_build	1	0.374	0	0	163004389	1064	256	ok
PROBE-TSV	1	zip	payload	immediate	rename_folder	plan_validation	1	0.286	0	0	163004389	1064	256	ok
PROBE-TSV	1	zip	payload	immediate	rename_folder	publish	1	0.691	0	0	163004389	1064	256	ok
PROBE-TSV	1	zip	payload	immediate	rename_folder	reader_adoption	1	0.002	0	0	163004389	1064	256	ok
PROBE-TSV	1	zip	payload	immediate	rename_folder	reload	1	3.109	0	0	163004389	1064	256	ok
PROBE-TSV	1	zip	payload	immediate	rename_folder	total	1	81.679	163004416	163016704	163004389	1064	256	ok
PROBE-TSV	1	zip	payload	immediate	rename_folder	tree_build	1	0.556	0	0	163004389	1064	256	ok
PROBE-TSV	1	zip	payload	immediate	rename_folder	updater_open	1	11.469	2179072	0	163004389	1064	256	ok
PROBE-TSV	1	zip	payload	immediate	rename_folder	verification_open	1	0.992	0	0	163004389	1064	256	ok
PROBE-PROGRESS	zip	payload	new_folder	4	2	1.193	12.540
PROBE-TSV	1	zip	payload	immediate	new_folder	capability_probe	1	2.581	0	0	163003611	1064	256	ok
PROBE-TSV	1	zip	payload	immediate	new_folder	commit	1	0.348	0	81920	163003611	1064	256	ok
PROBE-TSV	1	zip	payload	immediate	new_folder	display	1	1.222	0	0	163003611	1064	256	ok
PROBE-TSV	1	zip	payload	immediate	new_folder	entry_comparison	1	0.743	0	0	163003611	1064	256	ok
PROBE-TSV	1	zip	payload	immediate	new_folder	filter_compute	1	0.000	0	0	163003611	1064	256	ok
PROBE-TSV	1	zip	payload	immediate	new_folder	mutate	1	1.170	16384	0	163003611	1064	256	ok
PROBE-TSV	1	zip	payload	immediate	new_folder	name_index_advance	1	0.120	0	0	163003611	1064	256	ok
PROBE-TSV	1	zip	payload	immediate	new_folder	name_index_build	1	1.671	0	0	163003611	1064	256	ok
PROBE-TSV	1	zip	payload	immediate	new_folder	output_probe	1	2.766	983040	0	163003611	1064	256	ok
PROBE-TSV	1	zip	payload	immediate	new_folder	password_verification	1	0.026	0	0	163003611	1064	256	ok
PROBE-TSV	1	zip	payload	immediate	new_folder	plan_build	1	1.681	0	0	163003611	1064	256	ok
PROBE-TSV	1	zip	payload	immediate	new_folder	plan_validation	1	0.104	0	0	163003611	1064	256	ok
PROBE-TSV	1	zip	payload	immediate	new_folder	publish	1	0.715	0	0	163003611	1064	256	ok
PROBE-TSV	1	zip	payload	immediate	new_folder	reader_adoption	1	0.002	0	0	163003611	1064	256	ok
PROBE-TSV	1	zip	payload	immediate	new_folder	reload	1	2.962	0	0	163003611	1064	256	ok
PROBE-TSV	1	zip	payload	immediate	new_folder	total	1	33.980	4292608	94208	163003611	1064	256	ok
PROBE-TSV	1	zip	payload	immediate	new_folder	tree_build	1	0.554	0	0	163003611	1064	256	ok
PROBE-TSV	1	zip	payload	immediate	new_folder	updater_open	1	11.458	2179072	0	163003611	1064	256	ok
PROBE-TSV	1	zip	payload	immediate	new_folder	verification_open	1	7.919	1114112	0	163003611	1064	256	ok
PROBE-PROGRESS	zip	payload	add_file	6	3	1.108	12.524
PROBE-TSV	1	zip	payload	immediate	add_file	capability_probe	1	2.512	0	0	163003612	1064	256	ok
PROBE-TSV	1	zip	payload	immediate	add_file	commit	1	0.367	0	81920	163003612	1064	256	ok
PROBE-TSV	1	zip	payload	immediate	add_file	display	1	1.266	0	0	163003612	1064	256	ok
PROBE-TSV	1	zip	payload	immediate	add_file	entry_comparison	1	0.738	0	0	163003612	1064	256	ok
PROBE-TSV	1	zip	payload	immediate	add_file	filter_compute	1	0.000	0	0	163003612	1064	256	ok
PROBE-TSV	1	zip	payload	immediate	add_file	mutate	1	1.151	0	0	163003612	1064	256	ok
PROBE-TSV	1	zip	payload	immediate	add_file	name_index_advance	1	0.118	0	0	163003612	1064	256	ok
PROBE-TSV	1	zip	payload	immediate	add_file	name_index_build	1	1.759	0	0	163003612	1064	256	ok
PROBE-TSV	1	zip	payload	immediate	add_file	output_probe	1	2.757	983040	0	163003612	1064	256	ok
PROBE-TSV	1	zip	payload	immediate	add_file	password_verification	1	0.033	0	0	163003612	1064	256	ok
PROBE-TSV	1	zip	payload	immediate	add_file	plan_build	3	0.048	0	0	163003612	1064	256	ok
PROBE-TSV	1	zip	payload	immediate	add_file	plan_validation	1	0.268	0	0	163003612	1064	256	ok
PROBE-TSV	1	zip	payload	immediate	add_file	publish	1	0.708	0	0	163003612	1064	256	ok
PROBE-TSV	1	zip	payload	immediate	add_file	reader_adoption	1	0.002	0	0	163003612	1064	256	ok
PROBE-TSV	1	zip	payload	immediate	add_file	reload	1	2.867	0	0	163003612	1064	256	ok
PROBE-TSV	1	zip	payload	immediate	add_file	total	1	34.724	4292608	94208	163003612	1064	256	ok
PROBE-TSV	1	zip	payload	immediate	add_file	tree_build	1	0.552	0	0	163003612	1064	256	ok
PROBE-TSV	1	zip	payload	immediate	add_file	updater_open	1	11.640	2179072	0	163003612	1064	256	ok
PROBE-TSV	1	zip	payload	immediate	add_file	verification_open	1	7.890	1114112	0	163003612	1064	256	ok
PROBE-PROGRESS	zip	payload	replace_file	44	41	5.554	6.363
PROBE-TSV	1	zip	payload	immediate	replace_file	capability_probe	1	2.526	0	0	161008212	1064	256	ok
PROBE-TSV	1	zip	payload	immediate	replace_file	commit	1	62.294	158875648	161038336	161008212	1064	256	ok
PROBE-TSV	1	zip	payload	immediate	replace_file	display	1	1.257	0	0	161008212	1064	256	ok
PROBE-TSV	1	zip	payload	immediate	replace_file	entry_comparison	1	0.723	0	0	161008212	1064	256	ok
PROBE-TSV	1	zip	payload	immediate	replace_file	filter_compute	1	0.000	0	0	161008212	1064	256	ok
PROBE-TSV	1	zip	payload	immediate	replace_file	mutate	1	1.064	0	0	161008212	1064	256	ok
PROBE-TSV	1	zip	payload	immediate	replace_file	name_index_advance	1	0.138	0	0	161008212	1064	256	ok
PROBE-TSV	1	zip	payload	immediate	replace_file	name_index_build	1	1.637	0	0	161008212	1064	256	ok
PROBE-TSV	1	zip	payload	immediate	replace_file	output_probe	1	2.416	0	0	161008212	1064	256	ok
PROBE-TSV	1	zip	payload	immediate	replace_file	password_verification	1	0.034	0	0	161008212	1064	256	ok
PROBE-TSV	1	zip	payload	immediate	replace_file	plan_build	4	0.079	0	0	161008212	1064	256	ok
PROBE-TSV	1	zip	payload	immediate	replace_file	plan_validation	1	0.108	0	0	161008212	1064	256	ok
PROBE-TSV	1	zip	payload	immediate	replace_file	publish	1	0.740	0	0	161008212	1064	256	ok
PROBE-TSV	1	zip	payload	immediate	replace_file	reader_adoption	1	0.002	0	0	161008212	1064	256	ok
PROBE-TSV	1	zip	payload	immediate	replace_file	reload	1	2.925	0	0	161008212	1064	256	ok
PROBE-TSV	1	zip	payload	immediate	replace_file	total	1	90.263	161071104	161050624	161008212	1064	256	ok
PROBE-TSV	1	zip	payload	immediate	replace_file	tree_build	1	0.532	0	0	161008212	1064	256	ok
PROBE-TSV	1	zip	payload	immediate	replace_file	updater_open	1	11.536	2179072	0	161008212	1064	256	ok
PROBE-TSV	1	zip	payload	immediate	replace_file	verification_open	1	0.947	0	0	161008212	1064	256	ok
PROBE-TSV	1	zip	payload	deferred	five_changes_reserve_rename	display	1	1.101	0	0	163003493	1064	256	ok
PROBE-TSV	1	zip	payload	deferred	five_changes_reserve_rename	filter_compute	1	0.000	0	0	163003493	1064	256	ok
PROBE-TSV	1	zip	payload	deferred	five_changes_reserve_rename	password_verification	1	0.030	0	0	163003493	1064	256	ok
PROBE-TSV	1	zip	payload	deferred	five_changes_reserve_rename	total	1	16.475	0	0	163003493	1064	256	ok
PROBE-TSV	1	zip	payload	deferred	five_changes_reserve_rename	tree_build	1	0.546	0	0	163003493	1064	256	ok
PROBE-TSV	1	zip	payload	deferred	five_changes_reserve_delete	display	1	1.014	0	0	163003493	1064	256	ok
PROBE-TSV	1	zip	payload	deferred	five_changes_reserve_delete	filter_compute	1	0.000	0	0	163003493	1064	256	ok
PROBE-TSV	1	zip	payload	deferred	five_changes_reserve_delete	password_verification	1	0.032	0	0	163003493	1064	256	ok
PROBE-TSV	1	zip	payload	deferred	five_changes_reserve_delete	total	1	15.040	0	0	163003493	1064	256	ok
PROBE-TSV	1	zip	payload	deferred	five_changes_reserve_delete	tree_build	1	0.547	0	0	163003493	1064	256	ok
PROBE-TSV	1	zip	payload	deferred	five_changes_reserve_new_folder	display	1	1.290	0	0	163003493	1064	256	ok
PROBE-TSV	1	zip	payload	deferred	five_changes_reserve_new_folder	filter_compute	1	0.000	0	0	163003493	1064	256	ok
PROBE-TSV	1	zip	payload	deferred	five_changes_reserve_new_folder	password_verification	1	0.028	0	0	163003493	1064	256	ok
PROBE-TSV	1	zip	payload	deferred	five_changes_reserve_new_folder	total	1	18.879	0	0	163003493	1064	256	ok
PROBE-TSV	1	zip	payload	deferred	five_changes_reserve_new_folder	tree_build	1	0.563	0	0	163003493	1064	256	ok
PROBE-TSV	1	zip	payload	deferred	five_changes_reserve_delete_folder	display	1	1.417	0	0	163003493	1064	256	ok
PROBE-TSV	1	zip	payload	deferred	five_changes_reserve_delete_folder	filter_compute	1	0.000	0	0	163003493	1064	256	ok
PROBE-TSV	1	zip	payload	deferred	five_changes_reserve_delete_folder	password_verification	1	0.030	0	0	163003493	1064	256	ok
PROBE-TSV	1	zip	payload	deferred	five_changes_reserve_delete_folder	total	1	20.306	0	0	163003493	1064	256	ok
PROBE-TSV	1	zip	payload	deferred	five_changes_reserve_delete_folder	tree_build	1	0.043	0	0	163003493	1064	256	ok
PROBE-TSV	1	zip	payload	deferred	five_changes_reserve_add	display	1	1.000	0	0	163003493	1064	256	ok
PROBE-TSV	1	zip	payload	deferred	five_changes_reserve_add	filter_compute	1	0.000	0	0	163003493	1064	256	ok
PROBE-TSV	1	zip	payload	deferred	five_changes_reserve_add	password_verification	1	0.028	0	0	163003493	1064	256	ok
PROBE-TSV	1	zip	payload	deferred	five_changes_reserve_add	plan_build	3	0.046	0	0	163003493	1064	256	ok
PROBE-TSV	1	zip	payload	deferred	five_changes_reserve_add	total	1	17.528	0	4096	163003493	1064	256	ok
PROBE-TSV	1	zip	payload	deferred	five_changes_reserve_add	tree_build	1	0.040	0	0	163003493	1064	256	ok
PROBE-TSV	1	zip	payload	deferred	save_five_changes	capability_probe	1	2.558	0	0	162862718	1064	256	ok
PROBE-TSV	1	zip	payload	deferred	save_five_changes	commit	1	0.274	0	16384	162862718	1064	256	ok
PROBE-TSV	1	zip	payload	deferred	save_five_changes	display	1	1.289	0	0	162862718	1064	256	ok
PROBE-TSV	1	zip	payload	deferred	save_five_changes	editing_install	1	0.005	0	0	162862718	1064	256	ok
PROBE-TSV	1	zip	payload	deferred	save_five_changes	editing_prepare	1	0.053	0	0	162862718	1064	256	ok
PROBE-TSV	1	zip	payload	deferred	save_five_changes	entry_comparison	1	0.055	0	0	162862718	1064	256	ok
PROBE-TSV	1	zip	payload	deferred	save_five_changes	filter_compute	2	0.001	0	0	162862718	1064	256	ok
PROBE-TSV	1	zip	payload	deferred	save_five_changes	name_index_advance	1	0.779	0	0	162862718	1064	256	ok
PROBE-TSV	1	zip	payload	deferred	save_five_changes	output_probe	1	2.742	1048576	0	162862718	1064	256	ok
PROBE-TSV	1	zip	payload	deferred	save_five_changes	password_verification	1	0.027	0	0	162862718	1064	256	ok
PROBE-TSV	1	zip	payload	deferred	save_five_changes	publish	1	0.846	0	0	162862718	1064	256	ok
PROBE-TSV	1	zip	payload	deferred	save_five_changes	reader_adoption	1	0.002	0	0	162862718	1064	256	ok
PROBE-TSV	1	zip	payload	deferred	save_five_changes	reload	1	3.623	0	0	162862718	1064	256	ok
PROBE-TSV	1	zip	payload	deferred	save_five_changes	replay	1	1.576	20480	0	162862718	1064	256	ok
PROBE-TSV	1	zip	payload	deferred	save_five_changes	replay_plan	1	1.685	0	0	162862718	1064	256	ok
PROBE-TSV	1	zip	payload	deferred	save_five_changes	representability_differential	1	0.845	0	0	162862718	1064	256	ok
PROBE-TSV	1	zip	payload	deferred	save_five_changes	save_sheet	1	62.239	4362240	40960	162862718	1064	256	ok
PROBE-TSV	1	zip	payload	deferred	save_five_changes	total	1	62.614	4362240	40960	162862718	1064	256	ok
PROBE-TSV	1	zip	payload	deferred	save_five_changes	tree_build	1	0.044	0	0	162862718	1064	256	ok
PROBE-TSV	1	zip	payload	deferred	save_five_changes	updater_open	1	11.653	2179072	0	162862718	1064	256	ok
PROBE-TSV	1	zip	payload	deferred	save_five_changes	verification_open	1	6.997	1114112	0	162862718	1064	256	ok
PROBE-TSV	1	zip	payload	deferred	rename_only_reserve_rename	display	1	1.023	0	0	163003493	1064	256	ok
PROBE-TSV	1	zip	payload	deferred	rename_only_reserve_rename	filter_compute	1	0.000	0	0	163003493	1064	256	ok
PROBE-TSV	1	zip	payload	deferred	rename_only_reserve_rename	password_verification	1	0.036	0	0	163003493	1064	256	ok
PROBE-TSV	1	zip	payload	deferred	rename_only_reserve_rename	total	1	60.745	0	0	163003493	1064	256	ok
PROBE-TSV	1	zip	payload	deferred	rename_only_reserve_rename	tree_build	1	0.533	0	0	163003493	1064	256	ok
PROBE-TSV	1	zip	payload	deferred	save_rename_only	capability_probe	1	2.486	0	0	163003491	1064	256	ok
PROBE-TSV	1	zip	payload	deferred	save_rename_only	commit	1	52.432	160841728	163004416	163003491	1064	256	ok
PROBE-TSV	1	zip	payload	deferred	save_rename_only	display	1	1.126	0	0	163003491	1064	256	ok
PROBE-TSV	1	zip	payload	deferred	save_rename_only	editing_install	1	0.004	0	0	163003491	1064	256	ok
PROBE-TSV	1	zip	payload	deferred	save_rename_only	editing_prepare	1	0.237	0	0	163003491	1064	256	ok
PROBE-TSV	1	zip	payload	deferred	save_rename_only	entry_comparison	1	0.750	0	0	163003491	1064	256	ok
PROBE-TSV	1	zip	payload	deferred	save_rename_only	filter_compute	2	0.001	0	0	163003491	1064	256	ok
PROBE-TSV	1	zip	payload	deferred	save_rename_only	name_index_advance	1	0.125	0	0	163003491	1064	256	ok
PROBE-TSV	1	zip	payload	deferred	save_rename_only	output_probe	1	2.452	0	0	163003491	1064	256	ok
PROBE-TSV	1	zip	payload	deferred	save_rename_only	password_verification	1	0.030	0	0	163003491	1064	256	ok
PROBE-TSV	1	zip	payload	deferred	save_rename_only	publish	1	0.321	0	0	163003491	1064	256	ok
PROBE-TSV	1	zip	payload	deferred	save_rename_only	reader_adoption	1	0.002	0	0	163003491	1064	256	ok
PROBE-TSV	1	zip	payload	deferred	save_rename_only	reload	1	2.857	0	0	163003491	1064	256	ok
PROBE-TSV	1	zip	payload	deferred	save_rename_only	replay	1	0.727	0	0	163003491	1064	256	ok
PROBE-TSV	1	zip	payload	deferred	save_rename_only	replay_plan	1	0.218	0	0	163003491	1064	256	ok
PROBE-TSV	1	zip	payload	deferred	save_rename_only	representability_differential	1	0.018	0	0	163003491	1064	256	ok
PROBE-TSV	1	zip	payload	deferred	save_rename_only	save_sheet	1	102.538	163020800	163016704	163003491	1064	256	ok
PROBE-TSV	1	zip	payload	deferred	save_rename_only	total	1	102.989	163020800	163016704	163003491	1064	256	ok
PROBE-TSV	1	zip	payload	deferred	save_rename_only	tree_build	1	0.562	0	0	163003491	1064	256	ok
PROBE-TSV	1	zip	payload	deferred	save_rename_only	updater_open	1	11.707	2179072	0	163003491	1064	256	ok
PROBE-TSV	1	zip	payload	deferred	save_rename_only	verification_open	1	1.113	0	0	163003491	1064	256	ok
PROBE-PROGRESS	tar	entries	delete_start	52	50	62.823	440.491
PROBE-TSV	1	tar	entries	immediate	delete_start	capability_probe	1	176.884	0	0	102400000	100000	0	ok
PROBE-TSV	1	tar	entries	immediate	delete_start	commit	1	41.531	16384	102400000	102400000	100000	0	ok
PROBE-TSV	1	tar	entries	immediate	delete_start	display	1	2.868	0	0	102400000	100000	0	ok
PROBE-TSV	1	tar	entries	immediate	delete_start	entry_comparison	1	58.332	0	0	102400000	100000	0	ok
PROBE-TSV	1	tar	entries	immediate	delete_start	filter_compute	1	0.000	0	0	102400000	100000	0	ok
PROBE-TSV	1	tar	entries	immediate	delete_start	mutate	1	62.774	0	0	102400000	100000	0	ok
PROBE-TSV	1	tar	entries	immediate	delete_start	password_verification	1	0.194	0	0	102400000	100000	0	ok
PROBE-TSV	1	tar	entries	immediate	delete_start	plan_build	1	0.013	0	0	102400000	100000	0	ok
PROBE-TSV	1	tar	entries	immediate	delete_start	plan_validation	1	10.473	0	0	102400000	100000	0	ok
PROBE-TSV	1	tar	entries	immediate	delete_start	publish	1	0.840	0	0	102400000	100000	0	ok
PROBE-TSV	1	tar	entries	immediate	delete_start	reader_adoption	1	0.003	0	0	102400000	100000	0	ok
PROBE-TSV	1	tar	entries	immediate	delete_start	reload	1	177.318	0	0	102400000	100000	0	ok
PROBE-TSV	1	tar	entries	immediate	delete_start	total	1	1420.216	102428672	102412288	102400000	100000	0	ok
PROBE-TSV	1	tar	entries	immediate	delete_start	tree_build	1	59.173	0	0	102400000	100000	0	ok
PROBE-TSV	1	tar	entries	immediate	delete_start	updater_open	1	611.555	102412288	0	102400000	100000	0	ok
PROBE-TSV	1	tar	entries	immediate	delete_start	verification_open	1	366.666	0	0	102400000	100000	0	ok
PROBE-PROGRESS	tar	entries	delete_end	4	2	61.488	432.001
PROBE-TSV	1	tar	entries	immediate	delete_end	capability_probe	1	176.402	0	0	102400000	100000	0	ok
PROBE-TSV	1	tar	entries	immediate	delete_end	commit	1	6.331	32768	16384	102400000	100000	0	ok
PROBE-TSV	1	tar	entries	immediate	delete_end	display	1	2.858	0	0	102400000	100000	0	ok
PROBE-TSV	1	tar	entries	immediate	delete_end	entry_comparison	1	57.229	0	0	102400000	100000	0	ok
PROBE-TSV	1	tar	entries	immediate	delete_end	filter_compute	1	0.000	0	0	102400000	100000	0	ok
PROBE-TSV	1	tar	entries	immediate	delete_end	mutate	1	61.445	0	0	102400000	100000	0	ok
PROBE-TSV	1	tar	entries	immediate	delete_end	password_verification	1	0.192	0	0	102400000	100000	0	ok
PROBE-TSV	1	tar	entries	immediate	delete_end	plan_build	1	0.017	0	0	102400000	100000	0	ok
PROBE-TSV	1	tar	entries	immediate	delete_end	plan_validation	1	10.489	0	0	102400000	100000	0	ok
PROBE-TSV	1	tar	entries	immediate	delete_end	publish	1	0.899	0	0	102400000	100000	0	ok
PROBE-TSV	1	tar	entries	immediate	delete_end	reader_adoption	1	0.003	0	0	102400000	100000	0	ok
PROBE-TSV	1	tar	entries	immediate	delete_end	reload	1	176.807	0	0	102400000	100000	0	ok
PROBE-TSV	1	tar	entries	immediate	delete_end	total	1	1366.907	204812288	28672	102400000	100000	0	ok
PROBE-TSV	1	tar	entries	immediate	delete_end	tree_build	1	59.497	0	0	102400000	100000	0	ok
PROBE-TSV	1	tar	entries	immediate	delete_end	updater_open	1	603.369	102412288	0	102400000	100000	0	ok
PROBE-TSV	1	tar	entries	immediate	delete_end	verification_open	1	359.730	102367232	0	102400000	100000	0	ok
PROBE-PROGRESS	tar	entries	rename_same_length	4	2	64.046	432.711
PROBE-TSV	1	tar	entries	immediate	rename_same_length	capability_probe	1	174.866	0	0	102410240	100000	0	ok
PROBE-TSV	1	tar	entries	immediate	rename_same_length	commit	1	6.739	16384	28672	102410240	100000	0	ok
PROBE-TSV	1	tar	entries	immediate	rename_same_length	display	1	2.983	0	0	102410240	100000	0	ok
PROBE-TSV	1	tar	entries	immediate	rename_same_length	entry_comparison	1	57.758	0	0	102410240	100000	0	ok
PROBE-TSV	1	tar	entries	immediate	rename_same_length	filter_compute	1	0.000	0	0	102410240	100000	0	ok
PROBE-TSV	1	tar	entries	immediate	rename_same_length	mutate	1	64.003	0	0	102410240	100000	0	ok
PROBE-TSV	1	tar	entries	immediate	rename_same_length	name_index_advance	1	10.885	0	0	102410240	100000	0	ok
PROBE-TSV	1	tar	entries	immediate	rename_same_length	name_index_build	1	137.563	0	0	102410240	100000	0	ok
PROBE-TSV	1	tar	entries	immediate	rename_same_length	password_verification	1	0.217	0	0	102410240	100000	0	ok
PROBE-TSV	1	tar	entries	immediate	rename_same_length	plan_build	1	0.026	0	0	102410240	100000	0	ok
PROBE-TSV	1	tar	entries	immediate	rename_same_length	plan_validation	1	10.649	0	0	102410240	100000	0	ok
PROBE-TSV	1	tar	entries	immediate	rename_same_length	publish	1	0.777	0	0	102410240	100000	0	ok
PROBE-TSV	1	tar	entries	immediate	rename_same_length	reader_adoption	1	0.003	0	0	102410240	100000	0	ok
PROBE-TSV	1	tar	entries	immediate	rename_same_length	reload	1	186.480	0	0	102410240	100000	0	ok
PROBE-TSV	1	tar	entries	immediate	rename_same_length	total	1	1525.811	204812288	40960	102410240	100000	0	ok
PROBE-TSV	1	tar	entries	immediate	rename_same_length	tree_build	1	58.577	0	0	102410240	100000	0	ok
PROBE-TSV	1	tar	entries	immediate	rename_same_length	updater_open	1	612.110	102412288	0	102410240	100000	0	ok
PROBE-TSV	1	tar	entries	immediate	rename_same_length	verification_open	1	359.961	102383616	0	102410240	100000	0	ok
PROBE-PROGRESS	tar	entries	rename_different_length	4	2	64.090	434.358
PROBE-TSV	1	tar	entries	immediate	rename_different_length	capability_probe	1	176.364	0	0	102410240	100000	0	ok
PROBE-TSV	1	tar	entries	immediate	rename_different_length	commit	1	6.489	16384	28672	102410240	100000	0	ok
PROBE-TSV	1	tar	entries	immediate	rename_different_length	display	1	3.054	0	0	102410240	100000	0	ok
PROBE-TSV	1	tar	entries	immediate	rename_different_length	entry_comparison	1	58.569	0	0	102410240	100000	0	ok
PROBE-TSV	1	tar	entries	immediate	rename_different_length	filter_compute	1	0.000	0	0	102410240	100000	0	ok
PROBE-TSV	1	tar	entries	immediate	rename_different_length	mutate	1	64.050	0	0	102410240	100000	0	ok
PROBE-TSV	1	tar	entries	immediate	rename_different_length	name_index_advance	1	10.897	0	0	102410240	100000	0	ok
PROBE-TSV	1	tar	entries	immediate	rename_different_length	name_index_build	1	136.973	0	0	102410240	100000	0	ok
PROBE-TSV	1	tar	entries	immediate	rename_different_length	password_verification	1	0.188	0	0	102410240	100000	0	ok
PROBE-TSV	1	tar	entries	immediate	rename_different_length	plan_build	1	0.027	0	0	102410240	100000	0	ok
PROBE-TSV	1	tar	entries	immediate	rename_different_length	plan_validation	1	11.402	0	0	102410240	100000	0	ok
PROBE-TSV	1	tar	entries	immediate	rename_different_length	publish	1	0.804	0	0	102410240	100000	0	ok
PROBE-TSV	1	tar	entries	immediate	rename_different_length	reader_adoption	1	0.003	0	0	102410240	100000	0	ok
PROBE-TSV	1	tar	entries	immediate	rename_different_length	reload	1	187.968	0	0	102410240	100000	0	ok
PROBE-TSV	1	tar	entries	immediate	rename_different_length	total	1	1522.958	204812288	40960	102410240	100000	0	ok
PROBE-TSV	1	tar	entries	immediate	rename_different_length	tree_build	1	61.494	0	0	102410240	100000	0	ok
PROBE-TSV	1	tar	entries	immediate	rename_different_length	updater_open	1	603.426	102412288	0	102410240	100000	0	ok
PROBE-TSV	1	tar	entries	immediate	rename_different_length	verification_open	1	360.851	102383616	0	102410240	100000	0	ok
PROBE-PROGRESS	tar	entries	rename_folder	4	2	67.175	456.431
PROBE-TSV	1	tar	entries	immediate	rename_folder	capability_probe	1	188.045	0	0	102410240	100000	0	ok
PROBE-TSV	1	tar	entries	immediate	rename_folder	commit	1	21.807	1032192	1044480	102410240	100000	0	ok
PROBE-TSV	1	tar	entries	immediate	rename_folder	display	1	2.950	0	0	102410240	100000	0	ok
PROBE-TSV	1	tar	entries	immediate	rename_folder	entry_comparison	1	59.261	0	0	102410240	100000	0	ok
PROBE-TSV	1	tar	entries	immediate	rename_folder	filter_compute	1	0.000	0	0	102410240	100000	0	ok
PROBE-TSV	1	tar	entries	immediate	rename_folder	mutate	1	67.134	0	0	102410240	100000	0	ok
PROBE-TSV	1	tar	entries	immediate	rename_folder	name_index_advance	1	17.571	0	0	102410240	100000	0	ok
PROBE-TSV	1	tar	entries	immediate	rename_folder	name_index_build	1	137.886	0	0	102410240	100000	0	ok
PROBE-TSV	1	tar	entries	immediate	rename_folder	password_verification	1	0.247	0	0	102410240	100000	0	ok
PROBE-TSV	1	tar	entries	immediate	rename_folder	plan_build	1	5.601	0	0	102410240	100000	0	ok
PROBE-TSV	1	tar	entries	immediate	rename_folder	plan_validation	1	13.958	0	0	102410240	100000	0	ok
PROBE-TSV	1	tar	entries	immediate	rename_folder	publish	1	0.894	0	0	102410240	100000	0	ok
PROBE-TSV	1	tar	entries	immediate	rename_folder	reader_adoption	1	0.003	0	0	102410240	100000	0	ok
PROBE-TSV	1	tar	entries	immediate	rename_folder	reload	1	206.361	0	0	102410240	100000	0	ok
PROBE-TSV	1	tar	entries	immediate	rename_folder	total	1	1599.858	204812288	1056768	102410240	100000	0	ok
PROBE-TSV	1	tar	entries	immediate	rename_folder	tree_build	1	68.506	0	0	102410240	100000	0	ok
PROBE-TSV	1	tar	entries	immediate	rename_folder	updater_open	1	604.301	102412288	0	102410240	100000	0	ok
PROBE-TSV	1	tar	entries	immediate	rename_folder	verification_open	1	381.942	101367808	0	102410240	100000	0	ok
PROBE-PROGRESS	tar	entries	new_folder	4	2	72.981	431.006
PROBE-TSV	1	tar	entries	immediate	new_folder	capability_probe	1	177.354	0	0	102410240	100000	0	ok
PROBE-TSV	1	tar	entries	immediate	new_folder	commit	1	4.870	16384	12288	102410240	100000	0	ok
PROBE-TSV	1	tar	entries	immediate	new_folder	display	1	3.049	0	0	102410240	100000	0	ok
PROBE-TSV	1	tar	entries	immediate	new_folder	entry_comparison	1	57.544	0	0	102410240	100000	0	ok
PROBE-TSV	1	tar	entries	immediate	new_folder	filter_compute	1	0.000	0	0	102410240	100000	0	ok
PROBE-TSV	1	tar	entries	immediate	new_folder	mutate	1	72.936	12288	0	102410240	100000	0	ok
PROBE-TSV	1	tar	entries	immediate	new_folder	name_index_advance	1	10.788	0	0	102410240	100000	0	ok
PROBE-TSV	1	tar	entries	immediate	new_folder	name_index_build	1	139.270	0	0	102410240	100000	0	ok
PROBE-TSV	1	tar	entries	immediate	new_folder	password_verification	1	0.251	0	0	102410240	100000	0	ok
PROBE-TSV	1	tar	entries	immediate	new_folder	plan_build	1	139.295	0	0	102410240	100000	0	ok
PROBE-TSV	1	tar	entries	immediate	new_folder	plan_validation	1	11.531	0	0	102410240	100000	0	ok
PROBE-TSV	1	tar	entries	immediate	new_folder	publish	1	0.879	0	0	102410240	100000	0	ok
PROBE-TSV	1	tar	entries	immediate	new_folder	reader_adoption	1	0.003	0	0	102410240	100000	0	ok
PROBE-TSV	1	tar	entries	immediate	new_folder	reload	1	188.906	0	0	102410240	100000	0	ok
PROBE-TSV	1	tar	entries	immediate	new_folder	total	1	1534.213	204824576	24576	102410240	100000	0	ok
PROBE-TSV	1	tar	entries	immediate	new_folder	tree_build	1	60.287	0	0	102410240	100000	0	ok
PROBE-TSV	1	tar	entries	immediate	new_folder	updater_open	1	607.359	102412288	0	102410240	100000	0	ok
PROBE-TSV	1	tar	entries	immediate	new_folder	verification_open	1	358.700	102383616	0	102410240	100000	0	ok
PROBE-PROGRESS	tar	entries	add_file	6	3	74.540	436.823
PROBE-TSV	1	tar	entries	immediate	add_file	capability_probe	1	179.081	0	0	102410240	100000	0	ok
PROBE-TSV	1	tar	entries	immediate	add_file	commit	1	5.103	16384	12288	102410240	100000	0	ok
PROBE-TSV	1	tar	entries	immediate	add_file	display	1	3.089	0	0	102410240	100000	0	ok
PROBE-TSV	1	tar	entries	immediate	add_file	entry_comparison	1	59.063	0	0	102410240	100000	0	ok
PROBE-TSV	1	tar	entries	immediate	add_file	filter_compute	1	0.000	0	0	102410240	100000	0	ok
PROBE-TSV	1	tar	entries	immediate	add_file	mutate	1	75.535	12288	0	102410240	100000	0	ok
PROBE-TSV	1	tar	entries	immediate	add_file	name_index_advance	1	11.154	0	0	102410240	100000	0	ok
PROBE-TSV	1	tar	entries	immediate	add_file	name_index_build	1	138.206	0	0	102410240	100000	0	ok
PROBE-TSV	1	tar	entries	immediate	add_file	password_verification	1	0.199	0	0	102410240	100000	0	ok
PROBE-TSV	1	tar	entries	immediate	add_file	plan_build	3	0.088	0	0	102410240	100000	0	ok
PROBE-TSV	1	tar	entries	immediate	add_file	plan_validation	1	11.681	0	0	102410240	100000	0	ok
PROBE-TSV	1	tar	entries	immediate	add_file	publish	1	0.857	0	0	102410240	100000	0	ok
PROBE-TSV	1	tar	entries	immediate	add_file	reader_adoption	1	0.002	0	0	102410240	100000	0	ok
PROBE-TSV	1	tar	entries	immediate	add_file	reload	1	190.889	0	0	102410240	100000	0	ok
PROBE-TSV	1	tar	entries	immediate	add_file	total	1	1541.585	204824576	24576	102410240	100000	0	ok
PROBE-TSV	1	tar	entries	immediate	add_file	tree_build	1	60.516	0	0	102410240	100000	0	ok
PROBE-TSV	1	tar	entries	immediate	add_file	updater_open	1	604.670	102412288	0	102410240	100000	0	ok
PROBE-TSV	1	tar	entries	immediate	add_file	verification_open	1	362.779	102383616	0	102410240	100000	0	ok
PROBE-PROGRESS	tar	entries	replace_file	54	51	131.540	434.953
PROBE-TSV	1	tar	entries	immediate	replace_file	capability_probe	1	179.072	0	0	102410240	100000	0	ok
PROBE-TSV	1	tar	entries	immediate	replace_file	commit	1	36.641	0	102428672	102410240	100000	0	ok
PROBE-TSV	1	tar	entries	immediate	replace_file	display	1	3.098	0	0	102410240	100000	0	ok
PROBE-TSV	1	tar	entries	immediate	replace_file	entry_comparison	1	58.907	0	0	102410240	100000	0	ok
PROBE-TSV	1	tar	entries	immediate	replace_file	filter_compute	1	0.000	0	0	102410240	100000	0	ok
PROBE-TSV	1	tar	entries	immediate	replace_file	mutate	1	132.545	16384	0	102410240	100000	0	ok
PROBE-TSV	1	tar	entries	immediate	replace_file	name_index_advance	1	11.722	0	0	102410240	100000	0	ok
PROBE-TSV	1	tar	entries	immediate	replace_file	name_index_build	1	136.119	0	0	102410240	100000	0	ok
PROBE-TSV	1	tar	entries	immediate	replace_file	password_verification	1	0.198	0	0	102410240	100000	0	ok
PROBE-TSV	1	tar	entries	immediate	replace_file	plan_build	4	2.424	0	0	102410240	100000	0	ok
PROBE-TSV	1	tar	entries	immediate	replace_file	plan_validation	1	11.831	0	0	102410240	100000	0	ok
PROBE-TSV	1	tar	entries	immediate	replace_file	publish	1	0.863	0	0	102410240	100000	0	ok
PROBE-TSV	1	tar	entries	immediate	replace_file	reader_adoption	1	0.003	0	0	102410240	100000	0	ok
PROBE-TSV	1	tar	entries	immediate	replace_file	reload	1	191.445	0	0	102410240	100000	0	ok
PROBE-TSV	1	tar	entries	immediate	replace_file	total	1	1634.830	102428672	102440960	102410240	100000	0	ok
PROBE-TSV	1	tar	entries	immediate	replace_file	tree_build	1	60.827	0	0	102410240	100000	0	ok
PROBE-TSV	1	tar	entries	immediate	replace_file	updater_open	1	609.829	102412288	0	102410240	100000	0	ok
PROBE-TSV	1	tar	entries	immediate	replace_file	verification_open	1	359.954	0	0	102410240	100000	0	ok
PROBE-TSV	1	tar	entries	deferred	five_changes_reserve_rename	display	1	2.884	0	0	102410240	100000	0	ok
PROBE-TSV	1	tar	entries	deferred	five_changes_reserve_rename	filter_compute	1	0.000	0	0	102410240	100000	0	ok
PROBE-TSV	1	tar	entries	deferred	five_changes_reserve_rename	password_verification	1	0.570	0	0	102410240	100000	0	ok
PROBE-TSV	1	tar	entries	deferred	five_changes_reserve_rename	total	1	140.015	0	0	102410240	100000	0	ok
PROBE-TSV	1	tar	entries	deferred	five_changes_reserve_rename	tree_build	1	64.174	0	0	102410240	100000	0	ok
PROBE-TSV	1	tar	entries	deferred	five_changes_reserve_delete	display	1	3.037	0	0	102410240	100000	0	ok
PROBE-TSV	1	tar	entries	deferred	five_changes_reserve_delete	filter_compute	1	0.001	0	0	102410240	100000	0	ok
PROBE-TSV	1	tar	entries	deferred	five_changes_reserve_delete	password_verification	1	0.562	0	0	102410240	100000	0	ok
PROBE-TSV	1	tar	entries	deferred	five_changes_reserve_delete	total	1	146.606	0	0	102410240	100000	0	ok
PROBE-TSV	1	tar	entries	deferred	five_changes_reserve_delete	tree_build	1	61.546	0	0	102410240	100000	0	ok
PROBE-TSV	1	tar	entries	deferred	five_changes_reserve_new_folder	display	1	2.855	0	0	102410240	100000	0	ok
PROBE-TSV	1	tar	entries	deferred	five_changes_reserve_new_folder	filter_compute	1	0.001	0	0	102410240	100000	0	ok
PROBE-TSV	1	tar	entries	deferred	five_changes_reserve_new_folder	password_verification	1	0.542	0	0	102410240	100000	0	ok
PROBE-TSV	1	tar	entries	deferred	five_changes_reserve_new_folder	total	1	115.772	0	0	102410240	100000	0	ok
PROBE-TSV	1	tar	entries	deferred	five_changes_reserve_new_folder	tree_build	1	60.639	0	0	102410240	100000	0	ok
PROBE-TSV	1	tar	entries	deferred	five_changes_reserve_delete_folder	display	1	2.863	0	0	102410240	100000	0	ok
PROBE-TSV	1	tar	entries	deferred	five_changes_reserve_delete_folder	filter_compute	1	0.001	0	0	102410240	100000	0	ok
PROBE-TSV	1	tar	entries	deferred	five_changes_reserve_delete_folder	password_verification	1	0.576	0	0	102410240	100000	0	ok
PROBE-TSV	1	tar	entries	deferred	five_changes_reserve_delete_folder	total	1	177.534	0	0	102410240	100000	0	ok
PROBE-TSV	1	tar	entries	deferred	five_changes_reserve_delete_folder	tree_build	1	61.542	0	0	102410240	100000	0	ok
PROBE-TSV	1	tar	entries	deferred	five_changes_reserve_add	display	1	3.204	0	0	102410240	100000	0	ok
PROBE-TSV	1	tar	entries	deferred	five_changes_reserve_add	filter_compute	1	0.001	0	0	102410240	100000	0	ok
PROBE-TSV	1	tar	entries	deferred	five_changes_reserve_add	password_verification	1	0.594	0	0	102410240	100000	0	ok
PROBE-TSV	1	tar	entries	deferred	five_changes_reserve_add	plan_build	3	0.059	0	0	102410240	100000	0	ok
PROBE-TSV	1	tar	entries	deferred	five_changes_reserve_add	total	1	148.015	0	4096	102410240	100000	0	ok
PROBE-TSV	1	tar	entries	deferred	five_changes_reserve_add	tree_build	1	61.767	0	0	102410240	100000	0	ok
PROBE-TSV	1	tar	entries	deferred	save_five_changes	capability_probe	1	180.101	0	0	101386240	100000	0	ok
PROBE-TSV	1	tar	entries	deferred	save_five_changes	commit	1	69.256	425984	101416960	101386240	100000	0	ok
PROBE-TSV	1	tar	entries	deferred	save_five_changes	display	1	2.685	0	0	101386240	100000	0	ok
PROBE-TSV	1	tar	entries	deferred	save_five_changes	editing_install	1	0.022	0	0	101386240	100000	0	ok
PROBE-TSV	1	tar	entries	deferred	save_five_changes	editing_prepare	1	27.984	0	0	101386240	100000	0	ok
PROBE-TSV	1	tar	entries	deferred	save_five_changes	entry_comparison	1	62.866	0	0	101386240	100000	0	ok
PROBE-TSV	1	tar	entries	deferred	save_five_changes	filter_compute	2	0.001	0	0	101386240	100000	0	ok
PROBE-TSV	1	tar	entries	deferred	save_five_changes	name_index_advance	1	15.608	0	0	101386240	100000	0	ok
PROBE-TSV	1	tar	entries	deferred	save_five_changes	password_verification	1	0.600	0	0	101386240	100000	0	ok
PROBE-TSV	1	tar	entries	deferred	save_five_changes	publish	1	1.012	0	0	101386240	100000	0	ok
PROBE-TSV	1	tar	entries	deferred	save_five_changes	reader_adoption	1	0.003	0	0	101386240	100000	0	ok
PROBE-TSV	1	tar	entries	deferred	save_five_changes	reload	1	197.287	0	0	101386240	100000	0	ok
PROBE-TSV	1	tar	entries	deferred	save_five_changes	replay	1	157.596	20480	0	101386240	100000	0	ok
PROBE-TSV	1	tar	entries	deferred	save_five_changes	replay_plan	1	23.560	0	0	101386240	100000	0	ok
PROBE-TSV	1	tar	entries	deferred	save_five_changes	representability_differential	1	0.793	0	0	101386240	100000	0	ok
PROBE-TSV	1	tar	entries	deferred	save_five_changes	save_sheet	1	1924.388	102858752	101441536	101386240	100000	0	ok
PROBE-TSV	1	tar	entries	deferred	save_five_changes	total	1	1952.731	102858752	101441536	101386240	100000	0	ok
PROBE-TSV	1	tar	entries	deferred	save_five_changes	tree_build	1	66.339	0	0	101386240	100000	0	ok
PROBE-TSV	1	tar	entries	deferred	save_five_changes	updater_open	1	613.588	102412288	0	101386240	100000	0	ok
PROBE-TSV	1	tar	entries	deferred	save_five_changes	verification_open	1	374.149	0	0	101386240	100000	0	ok
PROBE-TSV	1	tar	entries	deferred	rename_only_reserve_rename	display	1	2.937	0	0	102410240	100000	0	ok
PROBE-TSV	1	tar	entries	deferred	rename_only_reserve_rename	filter_compute	1	0.001	0	0	102410240	100000	0	ok
PROBE-TSV	1	tar	entries	deferred	rename_only_reserve_rename	password_verification	1	0.548	0	0	102410240	100000	0	ok
PROBE-TSV	1	tar	entries	deferred	rename_only_reserve_rename	total	1	139.617	0	0	102410240	100000	0	ok
PROBE-TSV	1	tar	entries	deferred	rename_only_reserve_rename	tree_build	1	60.397	0	0	102410240	100000	0	ok
PROBE-TSV	1	tar	entries	deferred	save_rename_only	capability_probe	1	182.070	0	0	102410240	100000	0	ok
PROBE-TSV	1	tar	entries	deferred	save_rename_only	commit	1	6.442	16384	28672	102410240	100000	0	ok
PROBE-TSV	1	tar	entries	deferred	save_rename_only	display	1	3.062	0	0	102410240	100000	0	ok
PROBE-TSV	1	tar	entries	deferred	save_rename_only	editing_install	1	0.006	0	0	102410240	100000	0	ok
PROBE-TSV	1	tar	entries	deferred	save_rename_only	editing_prepare	1	23.801	0	0	102410240	100000	0	ok
PROBE-TSV	1	tar	entries	deferred	save_rename_only	entry_comparison	1	61.449	0	0	102410240	100000	0	ok
PROBE-TSV	1	tar	entries	deferred	save_rename_only	filter_compute	2	0.001	0	0	102410240	100000	0	ok
PROBE-TSV	1	tar	entries	deferred	save_rename_only	name_index_advance	1	15.900	0	0	102410240	100000	0	ok
PROBE-TSV	1	tar	entries	deferred	save_rename_only	password_verification	1	0.574	0	0	102410240	100000	0	ok
PROBE-TSV	1	tar	entries	deferred	save_rename_only	publish	1	0.416	0	0	102410240	100000	0	ok
PROBE-TSV	1	tar	entries	deferred	save_rename_only	reader_adoption	1	0.003	0	0	102410240	100000	0	ok
PROBE-TSV	1	tar	entries	deferred	save_rename_only	reload	1	199.451	0	0	102410240	100000	0	ok
PROBE-TSV	1	tar	entries	deferred	save_rename_only	replay	1	69.590	0	0	102410240	100000	0	ok
PROBE-TSV	1	tar	entries	deferred	save_rename_only	replay_plan	1	18.972	0	0	102410240	100000	0	ok
PROBE-TSV	1	tar	entries	deferred	save_rename_only	representability_differential	1	0.026	0	0	102410240	100000	0	ok
PROBE-TSV	1	tar	entries	deferred	save_rename_only	save_sheet	1	1767.947	204812288	40960	102410240	100000	0	ok
PROBE-TSV	1	tar	entries	deferred	save_rename_only	total	1	1792.050	204812288	40960	102410240	100000	0	ok
PROBE-TSV	1	tar	entries	deferred	save_rename_only	tree_build	1	65.164	0	0	102410240	100000	0	ok
PROBE-TSV	1	tar	entries	deferred	save_rename_only	updater_open	1	612.952	102412288	0	102410240	100000	0	ok
PROBE-TSV	1	tar	entries	deferred	save_rename_only	verification_open	1	371.475	102383616	0	102410240	100000	0	ok
PROBE-PROGRESS	tar	payload	delete_start	130	128	7.804	7.335
PROBE-TSV	1	tar	payload	immediate	delete_start	capability_probe	1	1.945	0	0	265308160	1064	256	ok
PROBE-TSV	1	tar	payload	immediate	delete_start	commit	1	113.748	263045120	265322496	265308160	1064	256	ok
PROBE-TSV	1	tar	payload	immediate	delete_start	display	1	1.285	0	0	265308160	1064	256	ok
PROBE-TSV	1	tar	payload	immediate	delete_start	entry_comparison	1	0.612	0	0	265308160	1064	256	ok
PROBE-TSV	1	tar	payload	immediate	delete_start	filter_compute	1	0.000	0	0	265308160	1064	256	ok
PROBE-TSV	1	tar	payload	immediate	delete_start	mutate	1	0.692	0	0	265308160	1064	256	ok
PROBE-TSV	1	tar	payload	immediate	delete_start	password_verification	1	0.025	0	0	265308160	1064	256	ok
PROBE-TSV	1	tar	payload	immediate	delete_start	plan_build	1	0.010	0	0	265308160	1064	256	ok
PROBE-TSV	1	tar	payload	immediate	delete_start	plan_validation	1	0.141	0	0	265308160	1064	256	ok
PROBE-TSV	1	tar	payload	immediate	delete_start	publish	1	0.705	0	0	265308160	1064	256	ok
PROBE-TSV	1	tar	payload	immediate	delete_start	reader_adoption	1	0.002	0	0	265308160	1064	256	ok
PROBE-TSV	1	tar	payload	immediate	delete_start	reload	1	2.147	0	0	265308160	1064	256	ok
PROBE-TSV	1	tar	payload	immediate	delete_start	total	1	142.265	265351168	265334784	265308160	1064	256	ok
PROBE-TSV	1	tar	payload	immediate	delete_start	tree_build	1	0.565	0	0	265308160	1064	256	ok
PROBE-TSV	1	tar	payload	immediate	delete_start	updater_open	1	14.286	2306048	0	265308160	1064	256	ok
PROBE-TSV	1	tar	payload	immediate	delete_start	verification_open	1	3.831	0	0	265308160	1064	256	ok
PROBE-PROGRESS	tar	payload	delete_end	4	2	0.706	12.825
PROBE-TSV	1	tar	payload	immediate	delete_end	capability_probe	1	1.986	0	0	269496320	1064	256	ok
PROBE-TSV	1	tar	payload	immediate	delete_end	commit	1	0.777	28672	12288	269496320	1064	256	ok
PROBE-TSV	1	tar	payload	immediate	delete_end	display	1	1.213	0	0	269496320	1064	256	ok
PROBE-TSV	1	tar	payload	immediate	delete_end	entry_comparison	1	0.633	0	0	269496320	1064	256	ok
PROBE-TSV	1	tar	payload	immediate	delete_end	filter_compute	1	0.000	0	0	269496320	1064	256	ok
PROBE-TSV	1	tar	payload	immediate	delete_end	mutate	1	0.661	0	0	269496320	1064	256	ok
PROBE-TSV	1	tar	payload	immediate	delete_end	password_verification	1	0.027	0	0	269496320	1064	256	ok
PROBE-TSV	1	tar	payload	immediate	delete_end	plan_build	1	0.010	0	0	269496320	1064	256	ok
PROBE-TSV	1	tar	payload	immediate	delete_end	plan_validation	1	0.117	0	0	269496320	1064	256	ok
PROBE-TSV	1	tar	payload	immediate	delete_end	publish	1	0.711	0	0	269496320	1064	256	ok
PROBE-TSV	1	tar	payload	immediate	delete_end	reader_adoption	1	0.002	0	0	269496320	1064	256	ok
PROBE-TSV	1	tar	payload	immediate	delete_end	reload	1	2.191	0	0	269496320	1064	256	ok
PROBE-TSV	1	tar	payload	immediate	delete_end	total	1	35.063	4612096	24576	269496320	1064	256	ok
PROBE-TSV	1	tar	payload	immediate	delete_end	tree_build	1	0.577	0	0	269496320	1064	256	ok
PROBE-TSV	1	tar	payload	immediate	delete_end	updater_open	1	14.724	2306048	0	269496320	1064	256	ok
PROBE-TSV	1	tar	payload	immediate	delete_end	verification_open	1	11.123	2277376	0	269496320	1064	256	ok
PROBE-PROGRESS	tar	payload	rename_same_length	4	2	0.724	13.046
PROBE-TSV	1	tar	payload	immediate	rename_same_length	capability_probe	1	2.090	0	0	269496320	1064	256	ok
PROBE-TSV	1	tar	payload	immediate	rename_same_length	commit	1	0.814	28672	28672	269496320	1064	256	ok
PROBE-TSV	1	tar	payload	immediate	rename_same_length	display	1	1.322	0	0	269496320	1064	256	ok
PROBE-TSV	1	tar	payload	immediate	rename_same_length	entry_comparison	1	0.657	0	0	269496320	1064	256	ok
PROBE-TSV	1	tar	payload	immediate	rename_same_length	filter_compute	1	0.000	0	0	269496320	1064	256	ok
PROBE-TSV	1	tar	payload	immediate	rename_same_length	mutate	1	0.702	0	0	269496320	1064	256	ok
PROBE-TSV	1	tar	payload	immediate	rename_same_length	name_index_advance	1	0.136	0	0	269496320	1064	256	ok
PROBE-TSV	1	tar	payload	immediate	rename_same_length	name_index_build	1	1.504	0	0	269496320	1064	256	ok
PROBE-TSV	1	tar	payload	immediate	rename_same_length	password_verification	1	0.029	0	0	269496320	1064	256	ok
PROBE-TSV	1	tar	payload	immediate	rename_same_length	plan_build	1	0.020	0	0	269496320	1064	256	ok
PROBE-TSV	1	tar	payload	immediate	rename_same_length	plan_validation	1	0.157	0	0	269496320	1064	256	ok
PROBE-TSV	1	tar	payload	immediate	rename_same_length	publish	1	0.751	0	0	269496320	1064	256	ok
PROBE-TSV	1	tar	payload	immediate	rename_same_length	reader_adoption	1	0.002	0	0	269496320	1064	256	ok
PROBE-TSV	1	tar	payload	immediate	rename_same_length	reload	1	2.447	0	0	269496320	1064	256	ok
PROBE-TSV	1	tar	payload	immediate	rename_same_length	total	1	38.127	4612096	40960	269496320	1064	256	ok
PROBE-TSV	1	tar	payload	immediate	rename_same_length	tree_build	1	0.586	0	0	269496320	1064	256	ok
PROBE-TSV	1	tar	payload	immediate	rename_same_length	updater_open	1	14.777	2306048	0	269496320	1064	256	ok
PROBE-TSV	1	tar	payload	immediate	rename_same_length	verification_open	1	11.256	2277376	0	269496320	1064	256	ok
PROBE-PROGRESS	tar	payload	rename_different_length	4	2	0.803	12.975
PROBE-TSV	1	tar	payload	immediate	rename_different_length	capability_probe	1	1.966	0	0	269496320	1064	256	ok
PROBE-TSV	1	tar	payload	immediate	rename_different_length	commit	1	0.911	28672	28672	269496320	1064	256	ok
PROBE-TSV	1	tar	payload	immediate	rename_different_length	display	1	1.218	0	0	269496320	1064	256	ok
PROBE-TSV	1	tar	payload	immediate	rename_different_length	entry_comparison	1	0.645	0	0	269496320	1064	256	ok
PROBE-TSV	1	tar	payload	immediate	rename_different_length	filter_compute	1	0.000	0	0	269496320	1064	256	ok
PROBE-TSV	1	tar	payload	immediate	rename_different_length	mutate	1	0.688	0	0	269496320	1064	256	ok
PROBE-TSV	1	tar	payload	immediate	rename_different_length	name_index_advance	1	0.134	0	0	269496320	1064	256	ok
PROBE-TSV	1	tar	payload	immediate	rename_different_length	name_index_build	1	1.486	0	0	269496320	1064	256	ok
PROBE-TSV	1	tar	payload	immediate	rename_different_length	password_verification	1	0.027	0	0	269496320	1064	256	ok
PROBE-TSV	1	tar	payload	immediate	rename_different_length	plan_build	1	0.018	0	0	269496320	1064	256	ok
PROBE-TSV	1	tar	payload	immediate	rename_different_length	plan_validation	1	0.131	0	0	269496320	1064	256	ok
PROBE-TSV	1	tar	payload	immediate	rename_different_length	publish	1	0.708	0	0	269496320	1064	256	ok
PROBE-TSV	1	tar	payload	immediate	rename_different_length	reader_adoption	1	0.001	0	0	269496320	1064	256	ok
PROBE-TSV	1	tar	payload	immediate	rename_different_length	reload	1	2.295	0	0	269496320	1064	256	ok
PROBE-TSV	1	tar	payload	immediate	rename_different_length	total	1	36.762	4612096	40960	269496320	1064	256	ok
PROBE-TSV	1	tar	payload	immediate	rename_different_length	tree_build	1	0.586	0	0	269496320	1064	256	ok
PROBE-TSV	1	tar	payload	immediate	rename_different_length	updater_open	1	14.482	2306048	0	269496320	1064	256	ok
PROBE-TSV	1	tar	payload	immediate	rename_different_length	verification_open	1	11.238	2277376	0	269496320	1064	256	ok
PROBE-PROGRESS	tar	payload	rename_folder	4	2	10.143	7.293
PROBE-TSV	1	tar	payload	immediate	rename_folder	capability_probe	1	2.043	0	0	269496320	1064	256	ok
PROBE-TSV	1	tar	payload	immediate	rename_folder	commit	1	10.465	1060864	1060864	269496320	1064	256	ok
PROBE-TSV	1	tar	payload	immediate	rename_folder	display	1	1.178	0	0	269496320	1064	256	ok
PROBE-TSV	1	tar	payload	immediate	rename_folder	entry_comparison	1	0.672	0	0	269496320	1064	256	ok
PROBE-TSV	1	tar	payload	immediate	rename_folder	filter_compute	1	0.000	0	0	269496320	1064	256	ok
PROBE-TSV	1	tar	payload	immediate	rename_folder	mutate	1	0.941	0	0	269496320	1064	256	ok
PROBE-TSV	1	tar	payload	immediate	rename_folder	name_index_advance	1	0.399	0	0	269496320	1064	256	ok
PROBE-TSV	1	tar	payload	immediate	rename_folder	name_index_build	1	1.473	0	0	269496320	1064	256	ok
PROBE-TSV	1	tar	payload	immediate	rename_folder	password_verification	1	0.040	0	0	269496320	1064	256	ok
PROBE-TSV	1	tar	payload	immediate	rename_folder	plan_build	1	0.344	0	0	269496320	1064	256	ok
PROBE-TSV	1	tar	payload	immediate	rename_folder	plan_validation	1	0.281	0	0	269496320	1064	256	ok
PROBE-TSV	1	tar	payload	immediate	rename_folder	publish	1	0.637	0	0	269496320	1064	256	ok
PROBE-TSV	1	tar	payload	immediate	rename_folder	reader_adoption	1	0.002	0	0	269496320	1064	256	ok
PROBE-TSV	1	tar	payload	immediate	rename_folder	reload	1	2.654	0	0	269496320	1064	256	ok
PROBE-TSV	1	tar	payload	immediate	rename_folder	total	1	41.294	4612096	1073152	269496320	1064	256	ok
PROBE-TSV	1	tar	payload	immediate	rename_folder	tree_build	1	0.569	0	0	269496320	1064	256	ok
PROBE-TSV	1	tar	payload	immediate	rename_folder	updater_open	1	14.228	2306048	0	269496320	1064	256	ok
PROBE-TSV	1	tar	payload	immediate	rename_folder	verification_open	1	5.603	1245184	0	269496320	1064	256	ok
PROBE-PROGRESS	tar	payload	new_folder	4	2	1.076	12.328
PROBE-TSV	1	tar	payload	immediate	new_folder	capability_probe	1	2.015	0	0	269496320	1064	256	ok
PROBE-TSV	1	tar	payload	immediate	new_folder	commit	1	0.411	16384	12288	269496320	1064	256	ok
PROBE-TSV	1	tar	payload	immediate	new_folder	display	1	1.203	0	0	269496320	1064	256	ok
PROBE-TSV	1	tar	payload	immediate	new_folder	entry_comparison	1	0.636	0	0	269496320	1064	256	ok
PROBE-TSV	1	tar	payload	immediate	new_folder	filter_compute	1	0.000	0	0	269496320	1064	256	ok
PROBE-TSV	1	tar	payload	immediate	new_folder	mutate	1	1.056	12288	0	269496320	1064	256	ok
PROBE-TSV	1	tar	payload	immediate	new_folder	name_index_advance	1	0.115	0	0	269496320	1064	256	ok
PROBE-TSV	1	tar	payload	immediate	new_folder	name_index_build	1	1.432	0	0	269496320	1064	256	ok
PROBE-TSV	1	tar	payload	immediate	new_folder	password_verification	1	0.025	0	0	269496320	1064	256	ok
PROBE-TSV	1	tar	payload	immediate	new_folder	plan_build	1	1.442	0	0	269496320	1064	256	ok
PROBE-TSV	1	tar	payload	immediate	new_folder	plan_validation	1	0.105	0	0	269496320	1064	256	ok
PROBE-TSV	1	tar	payload	immediate	new_folder	publish	1	0.653	0	0	269496320	1064	256	ok
PROBE-TSV	1	tar	payload	immediate	new_folder	reader_adoption	1	0.002	0	0	269496320	1064	256	ok
PROBE-TSV	1	tar	payload	immediate	new_folder	reload	1	2.345	0	0	269496320	1064	256	ok
PROBE-TSV	1	tar	payload	immediate	new_folder	total	1	35.682	4612096	24576	269496320	1064	256	ok
PROBE-TSV	1	tar	payload	immediate	new_folder	tree_build	1	0.594	0	0	269496320	1064	256	ok
PROBE-TSV	1	tar	payload	immediate	new_folder	updater_open	1	14.246	2306048	0	269496320	1064	256	ok
PROBE-TSV	1	tar	payload	immediate	new_folder	verification_open	1	10.706	2277376	0	269496320	1064	256	ok
PROBE-PROGRESS	tar	payload	add_file	6	3	0.966	12.869
PROBE-TSV	1	tar	payload	immediate	add_file	capability_probe	1	2.008	0	0	269496320	1064	256	ok
PROBE-TSV	1	tar	payload	immediate	add_file	commit	1	0.413	16384	12288	269496320	1064	256	ok
PROBE-TSV	1	tar	payload	immediate	add_file	display	1	1.104	0	0	269496320	1064	256	ok
PROBE-TSV	1	tar	payload	immediate	add_file	entry_comparison	1	0.629	0	0	269496320	1064	256	ok
PROBE-TSV	1	tar	payload	immediate	add_file	filter_compute	1	0.000	0	0	269496320	1064	256	ok
PROBE-TSV	1	tar	payload	immediate	add_file	mutate	1	1.155	12288	0	269496320	1064	256	ok
PROBE-TSV	1	tar	payload	immediate	add_file	name_index_advance	1	0.125	0	0	269496320	1064	256	ok
PROBE-TSV	1	tar	payload	immediate	add_file	name_index_build	1	1.462	0	0	269496320	1064	256	ok
PROBE-TSV	1	tar	payload	immediate	add_file	password_verification	1	0.023	0	0	269496320	1064	256	ok
PROBE-TSV	1	tar	payload	immediate	add_file	plan_build	3	0.039	0	0	269496320	1064	256	ok
PROBE-TSV	1	tar	payload	immediate	add_file	plan_validation	1	0.122	0	0	269496320	1064	256	ok
PROBE-TSV	1	tar	payload	immediate	add_file	publish	1	0.759	0	0	269496320	1064	256	ok
PROBE-TSV	1	tar	payload	immediate	add_file	reader_adoption	1	0.002	0	0	269496320	1064	256	ok
PROBE-TSV	1	tar	payload	immediate	add_file	reload	1	2.360	0	0	269496320	1064	256	ok
PROBE-TSV	1	tar	payload	immediate	add_file	total	1	50.425	4612096	24576	269496320	1064	256	ok
PROBE-TSV	1	tar	payload	immediate	add_file	tree_build	1	0.594	0	0	269496320	1064	256	ok
PROBE-TSV	1	tar	payload	immediate	add_file	updater_open	1	13.629	2306048	0	269496320	1064	256	ok
PROBE-TSV	1	tar	payload	immediate	add_file	verification_open	1	11.115	2277376	0	269496320	1064	256	ok
PROBE-PROGRESS	tar	payload	replace_file	132	129	5.816	7.030
PROBE-TSV	1	tar	payload	immediate	replace_file	capability_probe	1	1.948	0	0	265308160	1064	256	ok
PROBE-TSV	1	tar	payload	immediate	replace_file	commit	1	116.618	263028736	265338880	265308160	1064	256	ok
PROBE-TSV	1	tar	payload	immediate	replace_file	display	1	1.227	0	0	265308160	1064	256	ok
PROBE-TSV	1	tar	payload	immediate	replace_file	entry_comparison	1	0.619	0	0	265308160	1064	256	ok
PROBE-TSV	1	tar	payload	immediate	replace_file	filter_compute	1	0.000	0	0	265308160	1064	256	ok
PROBE-TSV	1	tar	payload	immediate	replace_file	mutate	1	1.652	16384	0	265308160	1064	256	ok
PROBE-TSV	1	tar	payload	immediate	replace_file	name_index_advance	1	0.147	0	0	265308160	1064	256	ok
PROBE-TSV	1	tar	payload	immediate	replace_file	name_index_build	1	1.447	0	0	265308160	1064	256	ok
PROBE-TSV	1	tar	payload	immediate	replace_file	password_verification	1	0.027	0	0	265308160	1064	256	ok
PROBE-TSV	1	tar	payload	immediate	replace_file	plan_build	4	0.083	0	0	265308160	1064	256	ok
PROBE-TSV	1	tar	payload	immediate	replace_file	plan_validation	1	0.124	0	0	265308160	1064	256	ok
PROBE-TSV	1	tar	payload	immediate	replace_file	publish	1	0.667	0	0	265308160	1064	256	ok
PROBE-TSV	1	tar	payload	immediate	replace_file	reader_adoption	1	0.002	0	0	265308160	1064	256	ok
PROBE-TSV	1	tar	payload	immediate	replace_file	reload	1	2.312	0	0	265308160	1064	256	ok
PROBE-TSV	1	tar	payload	immediate	replace_file	total	1	147.808	265351168	265351168	265308160	1064	256	ok
PROBE-TSV	1	tar	payload	immediate	replace_file	tree_build	1	0.581	0	0	265308160	1064	256	ok
PROBE-TSV	1	tar	payload	immediate	replace_file	updater_open	1	14.522	2306048	0	265308160	1064	256	ok
PROBE-TSV	1	tar	payload	immediate	replace_file	verification_open	1	3.692	0	0	265308160	1064	256	ok
PROBE-TSV	1	tar	payload	deferred	five_changes_reserve_rename	display	1	1.151	0	0	269496320	1064	256	ok
PROBE-TSV	1	tar	payload	deferred	five_changes_reserve_rename	filter_compute	1	0.000	0	0	269496320	1064	256	ok
PROBE-TSV	1	tar	payload	deferred	five_changes_reserve_rename	password_verification	1	0.032	0	0	269496320	1064	256	ok
PROBE-TSV	1	tar	payload	deferred	five_changes_reserve_rename	total	1	5.770	0	0	269496320	1064	256	ok
PROBE-TSV	1	tar	payload	deferred	five_changes_reserve_rename	tree_build	1	0.626	0	0	269496320	1064	256	ok
PROBE-TSV	1	tar	payload	deferred	five_changes_reserve_delete	display	1	0.456	0	0	269496320	1064	256	ok
PROBE-TSV	1	tar	payload	deferred	five_changes_reserve_delete	filter_compute	1	0.000	0	0	269496320	1064	256	ok
PROBE-TSV	1	tar	payload	deferred	five_changes_reserve_delete	password_verification	1	0.027	0	0	269496320	1064	256	ok
PROBE-TSV	1	tar	payload	deferred	five_changes_reserve_delete	total	1	2.766	0	0	269496320	1064	256	ok
PROBE-TSV	1	tar	payload	deferred	five_changes_reserve_delete	tree_build	1	0.596	0	0	269496320	1064	256	ok
PROBE-TSV	1	tar	payload	deferred	five_changes_reserve_new_folder	display	1	1.028	0	0	269496320	1064	256	ok
PROBE-TSV	1	tar	payload	deferred	five_changes_reserve_new_folder	filter_compute	1	0.000	0	0	269496320	1064	256	ok
PROBE-TSV	1	tar	payload	deferred	five_changes_reserve_new_folder	password_verification	1	0.028	0	0	269496320	1064	256	ok
PROBE-TSV	1	tar	payload	deferred	five_changes_reserve_new_folder	total	1	32.516	0	0	269496320	1064	256	ok
PROBE-TSV	1	tar	payload	deferred	five_changes_reserve_new_folder	tree_build	1	0.571	0	0	269496320	1064	256	ok
PROBE-TSV	1	tar	payload	deferred	five_changes_reserve_delete_folder	display	1	1.132	0	0	269496320	1064	256	ok
PROBE-TSV	1	tar	payload	deferred	five_changes_reserve_delete_folder	filter_compute	1	0.000	0	0	269496320	1064	256	ok
PROBE-TSV	1	tar	payload	deferred	five_changes_reserve_delete_folder	password_verification	1	0.034	0	0	269496320	1064	256	ok
PROBE-TSV	1	tar	payload	deferred	five_changes_reserve_delete_folder	total	1	19.404	0	0	269496320	1064	256	ok
PROBE-TSV	1	tar	payload	deferred	five_changes_reserve_delete_folder	tree_build	1	0.042	0	0	269496320	1064	256	ok
PROBE-TSV	1	tar	payload	deferred	five_changes_reserve_add	display	1	1.012	0	0	269496320	1064	256	ok
PROBE-TSV	1	tar	payload	deferred	five_changes_reserve_add	filter_compute	1	0.000	0	0	269496320	1064	256	ok
PROBE-TSV	1	tar	payload	deferred	five_changes_reserve_add	password_verification	1	0.028	0	0	269496320	1064	256	ok
PROBE-TSV	1	tar	payload	deferred	five_changes_reserve_add	plan_build	3	0.052	0	0	269496320	1064	256	ok
PROBE-TSV	1	tar	payload	deferred	five_changes_reserve_add	total	1	19.413	0	4096	269496320	1064	256	ok
PROBE-TSV	1	tar	payload	deferred	five_changes_reserve_add	tree_build	1	0.045	0	0	269496320	1064	256	ok
PROBE-TSV	1	tar	payload	deferred	save_five_changes	capability_probe	1	0.278	0	0	268472320	1064	256	ok
PROBE-TSV	1	tar	payload	deferred	save_five_changes	commit	1	0.490	16384	4096	268472320	1064	256	ok
PROBE-TSV	1	tar	payload	deferred	save_five_changes	display	1	1.500	0	0	268472320	1064	256	ok
PROBE-TSV	1	tar	payload	deferred	save_five_changes	editing_install	1	0.004	0	0	268472320	1064	256	ok
PROBE-TSV	1	tar	payload	deferred	save_five_changes	editing_prepare	1	15.956	0	0	268472320	1064	256	ok
PROBE-TSV	1	tar	payload	deferred	save_five_changes	entry_comparison	1	0.054	0	0	268472320	1064	256	ok
PROBE-TSV	1	tar	payload	deferred	save_five_changes	filter_compute	2	0.000	0	0	268472320	1064	256	ok
PROBE-TSV	1	tar	payload	deferred	save_five_changes	name_index_advance	1	1.037	0	0	268472320	1064	256	ok
PROBE-TSV	1	tar	payload	deferred	save_five_changes	password_verification	1	0.028	0	0	268472320	1064	256	ok
PROBE-TSV	1	tar	payload	deferred	save_five_changes	publish	1	1.059	0	0	268472320	1064	256	ok
PROBE-TSV	1	tar	payload	deferred	save_five_changes	reader_adoption	1	0.002	0	0	268472320	1064	256	ok
PROBE-TSV	1	tar	payload	deferred	save_five_changes	reload	1	1.553	0	0	268472320	1064	256	ok
PROBE-TSV	1	tar	payload	deferred	save_five_changes	replay	1	2.349	20480	0	268472320	1064	256	ok
PROBE-TSV	1	tar	payload	deferred	save_five_changes	replay_plan	1	1.901	0	0	268472320	1064	256	ok
PROBE-TSV	1	tar	payload	deferred	save_five_changes	representability_differential	1	0.796	0	0	268472320	1064	256	ok
PROBE-TSV	1	tar	payload	deferred	save_five_changes	save_sheet	1	52.332	3604480	28672	268472320	1064	256	ok
PROBE-TSV	1	tar	payload	deferred	save_five_changes	total	1	68.547	3604480	28672	268472320	1064	256	ok
PROBE-TSV	1	tar	payload	deferred	save_five_changes	tree_build	1	0.046	0	0	268472320	1064	256	ok
PROBE-TSV	1	tar	payload	deferred	save_five_changes	updater_open	1	14.971	2306048	0	268472320	1064	256	ok
PROBE-TSV	1	tar	payload	deferred	save_five_changes	verification_open	1	7.248	1261568	0	268472320	1064	256	ok
PROBE-TSV	1	tar	payload	deferred	rename_only_reserve_rename	display	1	1.058	0	0	269496320	1064	256	ok
PROBE-TSV	1	tar	payload	deferred	rename_only_reserve_rename	filter_compute	1	0.000	0	0	269496320	1064	256	ok
PROBE-TSV	1	tar	payload	deferred	rename_only_reserve_rename	password_verification	1	0.034	0	0	269496320	1064	256	ok
PROBE-TSV	1	tar	payload	deferred	rename_only_reserve_rename	total	1	5.418	0	0	269496320	1064	256	ok
PROBE-TSV	1	tar	payload	deferred	rename_only_reserve_rename	tree_build	1	0.633	0	0	269496320	1064	256	ok
PROBE-TSV	1	tar	payload	deferred	save_rename_only	capability_probe	1	2.108	0	0	269496320	1064	256	ok
PROBE-TSV	1	tar	payload	deferred	save_rename_only	commit	1	0.966	28672	28672	269496320	1064	256	ok
PROBE-TSV	1	tar	payload	deferred	save_rename_only	display	1	1.228	0	0	269496320	1064	256	ok
PROBE-TSV	1	tar	payload	deferred	save_rename_only	editing_install	1	0.004	0	0	269496320	1064	256	ok
PROBE-TSV	1	tar	payload	deferred	save_rename_only	editing_prepare	1	0.310	0	0	269496320	1064	256	ok
PROBE-TSV	1	tar	payload	deferred	save_rename_only	entry_comparison	1	0.663	0	0	269496320	1064	256	ok
PROBE-TSV	1	tar	payload	deferred	save_rename_only	filter_compute	2	0.001	0	0	269496320	1064	256	ok
PROBE-TSV	1	tar	payload	deferred	save_rename_only	name_index_advance	1	0.147	0	0	269496320	1064	256	ok
PROBE-TSV	1	tar	payload	deferred	save_rename_only	password_verification	1	0.032	0	0	269496320	1064	256	ok
PROBE-TSV	1	tar	payload	deferred	save_rename_only	publish	1	0.321	0	0	269496320	1064	256	ok
PROBE-TSV	1	tar	payload	deferred	save_rename_only	reader_adoption	1	0.002	0	0	269496320	1064	256	ok
PROBE-TSV	1	tar	payload	deferred	save_rename_only	reload	1	2.579	0	0	269496320	1064	256	ok
PROBE-TSV	1	tar	payload	deferred	save_rename_only	replay	1	0.746	0	0	269496320	1064	256	ok
PROBE-TSV	1	tar	payload	deferred	save_rename_only	replay_plan	1	0.290	0	0	269496320	1064	256	ok
PROBE-TSV	1	tar	payload	deferred	save_rename_only	representability_differential	1	0.019	0	0	269496320	1064	256	ok
PROBE-TSV	1	tar	payload	deferred	save_rename_only	save_sheet	1	80.600	4612096	40960	269496320	1064	256	ok
PROBE-TSV	1	tar	payload	deferred	save_rename_only	total	1	81.145	4612096	40960	269496320	1064	256	ok
PROBE-TSV	1	tar	payload	deferred	save_rename_only	tree_build	1	0.619	0	0	269496320	1064	256	ok
PROBE-TSV	1	tar	payload	deferred	save_rename_only	updater_open	1	14.734	2306048	0	269496320	1064	256	ok
PROBE-TSV	1	tar	payload	deferred	save_rename_only	verification_open	1	11.070	2277376	0	269496320	1064	256	ok
PROBE-PROGRESS	tar.gz	entries	delete_start	4	2	60.384	435.460
PROBE-TSV	1	tar.gz	entries	immediate	delete_start	capability_probe	1	176.944	0	0	1044880	100000	0	ok
PROBE-TSV	1	tar.gz	entries	immediate	delete_start	commit	1	9.446	0	1052672	1044880	100000	0	ok
PROBE-TSV	1	tar.gz	entries	immediate	delete_start	display	1	3.136	0	0	1044880	100000	0	ok
PROBE-TSV	1	tar.gz	entries	immediate	delete_start	entry_comparison	1	59.103	0	0	1044880	100000	0	ok
PROBE-TSV	1	tar.gz	entries	immediate	delete_start	filter_compute	1	0.000	0	0	1044880	100000	0	ok
PROBE-TSV	1	tar.gz	entries	immediate	delete_start	mutate	1	60.333	0	0	1044880	100000	0	ok
PROBE-TSV	1	tar.gz	entries	immediate	delete_start	password_verification	1	0.190	0	0	1044880	100000	0	ok
PROBE-TSV	1	tar.gz	entries	immediate	delete_start	plan_build	1	0.013	0	0	1044880	100000	0	ok
PROBE-TSV	1	tar.gz	entries	immediate	delete_start	plan_validation	1	10.465	0	0	1044880	100000	0	ok
PROBE-TSV	1	tar.gz	entries	immediate	delete_start	publish	1	0.839	0	0	1044880	100000	0	ok
PROBE-TSV	1	tar.gz	entries	immediate	delete_start	reader_adoption	1	0.002	0	0	1044880	100000	0	ok
PROBE-TSV	1	tar.gz	entries	immediate	delete_start	reload	1	177.368	0	0	1044880	100000	0	ok
PROBE-TSV	1	tar.gz	entries	immediate	delete_start	total	1	1021.304	0	1064960	1044880	100000	0	ok
PROBE-TSV	1	tar.gz	entries	immediate	delete_start	tree_build	1	60.922	0	0	1044880	100000	0	ok
PROBE-TSV	1	tar.gz	entries	immediate	delete_start	updater_open	1	248.556	0	0	1044880	100000	0	ok
PROBE-TSV	1	tar.gz	entries	immediate	delete_start	verification_open	1	370.038	0	0	1044880	100000	0	ok
PROBE-PROGRESS	tar.gz	entries	delete_end	4	2	60.863	444.928
PROBE-TSV	1	tar.gz	entries	immediate	delete_end	capability_probe	1	176.075	0	0	1044878	100000	0	ok
PROBE-TSV	1	tar.gz	entries	immediate	delete_end	commit	1	8.156	0	1052672	1044878	100000	0	ok
PROBE-TSV	1	tar.gz	entries	immediate	delete_end	display	1	3.054	0	0	1044878	100000	0	ok
PROBE-TSV	1	tar.gz	entries	immediate	delete_end	entry_comparison	1	59.386	0	0	1044878	100000	0	ok
PROBE-TSV	1	tar.gz	entries	immediate	delete_end	filter_compute	1	0.000	0	0	1044878	100000	0	ok
PROBE-TSV	1	tar.gz	entries	immediate	delete_end	mutate	1	60.820	0	0	1044878	100000	0	ok
PROBE-TSV	1	tar.gz	entries	immediate	delete_end	password_verification	1	0.195	0	0	1044878	100000	0	ok
PROBE-TSV	1	tar.gz	entries	immediate	delete_end	plan_build	1	0.015	0	0	1044878	100000	0	ok
PROBE-TSV	1	tar.gz	entries	immediate	delete_end	plan_validation	1	10.121	0	0	1044878	100000	0	ok
PROBE-TSV	1	tar.gz	entries	immediate	delete_end	publish	1	0.872	0	0	1044878	100000	0	ok
PROBE-TSV	1	tar.gz	entries	immediate	delete_end	reader_adoption	1	0.002	0	0	1044878	100000	0	ok
PROBE-TSV	1	tar.gz	entries	immediate	delete_end	reload	1	176.451	0	0	1044878	100000	0	ok
PROBE-TSV	1	tar.gz	entries	immediate	delete_end	total	1	1028.978	0	1064960	1044878	100000	0	ok
PROBE-TSV	1	tar.gz	entries	immediate	delete_end	tree_build	1	59.374	0	0	1044878	100000	0	ok
PROBE-TSV	1	tar.gz	entries	immediate	delete_end	updater_open	1	249.596	0	0	1044878	100000	0	ok
PROBE-TSV	1	tar.gz	entries	immediate	delete_end	verification_open	1	378.161	0	0	1044878	100000	0	ok
PROBE-PROGRESS	tar.gz	entries	rename_same_length	4	2	60.291	433.011
PROBE-TSV	1	tar.gz	entries	immediate	rename_same_length	capability_probe	1	177.159	0	0	1044910	100000	0	ok
PROBE-TSV	1	tar.gz	entries	immediate	rename_same_length	commit	1	10.552	0	1060864	1044910	100000	0	ok
PROBE-TSV	1	tar.gz	entries	immediate	rename_same_length	display	1	3.007	0	0	1044910	100000	0	ok
PROBE-TSV	1	tar.gz	entries	immediate	rename_same_length	entry_comparison	1	59.356	0	0	1044910	100000	0	ok
PROBE-TSV	1	tar.gz	entries	immediate	rename_same_length	filter_compute	1	0.000	0	0	1044910	100000	0	ok
PROBE-TSV	1	tar.gz	entries	immediate	rename_same_length	mutate	1	60.251	0	0	1044910	100000	0	ok
PROBE-TSV	1	tar.gz	entries	immediate	rename_same_length	name_index_advance	1	12.821	0	0	1044910	100000	0	ok
PROBE-TSV	1	tar.gz	entries	immediate	rename_same_length	name_index_build	1	139.986	0	0	1044910	100000	0	ok
PROBE-TSV	1	tar.gz	entries	immediate	rename_same_length	password_verification	1	0.202	0	0	1044910	100000	0	ok
PROBE-TSV	1	tar.gz	entries	immediate	rename_same_length	plan_build	1	0.031	0	0	1044910	100000	0	ok
PROBE-TSV	1	tar.gz	entries	immediate	rename_same_length	plan_validation	1	9.350	0	0	1044910	100000	0	ok
PROBE-TSV	1	tar.gz	entries	immediate	rename_same_length	publish	1	0.897	0	0	1044910	100000	0	ok
PROBE-TSV	1	tar.gz	entries	immediate	rename_same_length	reader_adoption	1	0.002	0	0	1044910	100000	0	ok
PROBE-TSV	1	tar.gz	entries	immediate	rename_same_length	reload	1	190.661	0	0	1044910	100000	0	ok
PROBE-TSV	1	tar.gz	entries	immediate	rename_same_length	total	1	1171.297	0	1073152	1044910	100000	0	ok
PROBE-TSV	1	tar.gz	entries	immediate	rename_same_length	tree_build	1	60.255	0	0	1044910	100000	0	ok
PROBE-TSV	1	tar.gz	entries	immediate	rename_same_length	updater_open	1	246.307	0	0	1044910	100000	0	ok
PROBE-TSV	1	tar.gz	entries	immediate	rename_same_length	verification_open	1	366.611	0	0	1044910	100000	0	ok
PROBE-PROGRESS	tar.gz	entries	rename_different_length	4	2	61.034	435.863
PROBE-TSV	1	tar.gz	entries	immediate	rename_different_length	capability_probe	1	175.996	0	0	1044951	100000	0	ok
PROBE-TSV	1	tar.gz	entries	immediate	rename_different_length	commit	1	10.993	0	1060864	1044951	100000	0	ok
PROBE-TSV	1	tar.gz	entries	immediate	rename_different_length	display	1	3.147	0	0	1044951	100000	0	ok
PROBE-TSV	1	tar.gz	entries	immediate	rename_different_length	entry_comparison	1	60.336	0	0	1044951	100000	0	ok
PROBE-TSV	1	tar.gz	entries	immediate	rename_different_length	filter_compute	1	0.000	0	0	1044951	100000	0	ok
PROBE-TSV	1	tar.gz	entries	immediate	rename_different_length	mutate	1	60.985	0	0	1044951	100000	0	ok
PROBE-TSV	1	tar.gz	entries	immediate	rename_different_length	name_index_advance	1	12.848	0	0	1044951	100000	0	ok
PROBE-TSV	1	tar.gz	entries	immediate	rename_different_length	name_index_build	1	139.797	0	0	1044951	100000	0	ok
PROBE-TSV	1	tar.gz	entries	immediate	rename_different_length	password_verification	1	0.199	0	0	1044951	100000	0	ok
PROBE-TSV	1	tar.gz	entries	immediate	rename_different_length	plan_build	1	0.027	0	0	1044951	100000	0	ok
PROBE-TSV	1	tar.gz	entries	immediate	rename_different_length	plan_validation	1	10.278	0	0	1044951	100000	0	ok
PROBE-TSV	1	tar.gz	entries	immediate	rename_different_length	publish	1	0.853	0	0	1044951	100000	0	ok
PROBE-TSV	1	tar.gz	entries	immediate	rename_different_length	reader_adoption	1	0.002	0	0	1044951	100000	0	ok
PROBE-TSV	1	tar.gz	entries	immediate	rename_different_length	reload	1	189.649	0	0	1044951	100000	0	ok
PROBE-TSV	1	tar.gz	entries	immediate	rename_different_length	total	1	1181.678	0	1073152	1044951	100000	0	ok
PROBE-TSV	1	tar.gz	entries	immediate	rename_different_length	tree_build	1	62.787	0	0	1044951	100000	0	ok
PROBE-TSV	1	tar.gz	entries	immediate	rename_different_length	updater_open	1	251.512	0	0	1044951	100000	0	ok
PROBE-TSV	1	tar.gz	entries	immediate	rename_different_length	verification_open	1	369.224	0	0	1044951	100000	0	ok
PROBE-PROGRESS	tar.gz	entries	rename_folder	4	2	65.030	439.433
PROBE-TSV	1	tar.gz	entries	immediate	rename_folder	capability_probe	1	177.773	0	0	1044956	100000	0	ok
PROBE-TSV	1	tar.gz	entries	immediate	rename_folder	commit	1	22.493	0	1572864	1044956	100000	0	ok
PROBE-TSV	1	tar.gz	entries	immediate	rename_folder	display	1	2.753	0	0	1044956	100000	0	ok
PROBE-TSV	1	tar.gz	entries	immediate	rename_folder	entry_comparison	1	59.042	0	0	1044956	100000	0	ok
PROBE-TSV	1	tar.gz	entries	immediate	rename_folder	filter_compute	1	0.000	0	0	1044956	100000	0	ok
PROBE-TSV	1	tar.gz	entries	immediate	rename_folder	mutate	1	64.984	0	0	1044956	100000	0	ok
PROBE-TSV	1	tar.gz	entries	immediate	rename_folder	name_index_advance	1	17.670	0	0	1044956	100000	0	ok
PROBE-TSV	1	tar.gz	entries	immediate	rename_folder	name_index_build	1	141.016	0	0	1044956	100000	0	ok
PROBE-TSV	1	tar.gz	entries	immediate	rename_folder	password_verification	1	0.236	0	0	1044956	100000	0	ok
PROBE-TSV	1	tar.gz	entries	immediate	rename_folder	plan_build	1	5.813	0	0	1044956	100000	0	ok
PROBE-TSV	1	tar.gz	entries	immediate	rename_folder	plan_validation	1	12.451	0	0	1044956	100000	0	ok
PROBE-TSV	1	tar.gz	entries	immediate	rename_folder	publish	1	0.838	0	0	1044956	100000	0	ok
PROBE-TSV	1	tar.gz	entries	immediate	rename_folder	reader_adoption	1	0.002	0	0	1044956	100000	0	ok
PROBE-TSV	1	tar.gz	entries	immediate	rename_folder	reload	1	196.161	0	0	1044956	100000	0	ok
PROBE-TSV	1	tar.gz	entries	immediate	rename_folder	total	1	1211.237	0	1585152	1044956	100000	0	ok
PROBE-TSV	1	tar.gz	entries	immediate	rename_folder	tree_build	1	59.845	0	0	1044956	100000	0	ok
PROBE-TSV	1	tar.gz	entries	immediate	rename_folder	updater_open	1	249.213	0	0	1044956	100000	0	ok
PROBE-TSV	1	tar.gz	entries	immediate	rename_folder	verification_open	1	373.836	0	0	1044956	100000	0	ok
PROBE-PROGRESS	tar.gz	entries	new_folder	4	2	65.800	436.176
PROBE-TSV	1	tar.gz	entries	immediate	new_folder	capability_probe	1	176.019	0	0	1044954	100000	0	ok
PROBE-TSV	1	tar.gz	entries	immediate	new_folder	commit	1	7.872	0	1060864	1044954	100000	0	ok
PROBE-TSV	1	tar.gz	entries	immediate	new_folder	display	1	3.001	0	0	1044954	100000	0	ok
PROBE-TSV	1	tar.gz	entries	immediate	new_folder	entry_comparison	1	60.111	0	0	1044954	100000	0	ok
PROBE-TSV	1	tar.gz	entries	immediate	new_folder	filter_compute	1	0.000	0	0	1044954	100000	0	ok
PROBE-TSV	1	tar.gz	entries	immediate	new_folder	mutate	1	65.756	0	0	1044954	100000	0	ok
PROBE-TSV	1	tar.gz	entries	immediate	new_folder	name_index_advance	1	11.829	0	0	1044954	100000	0	ok
PROBE-TSV	1	tar.gz	entries	immediate	new_folder	name_index_build	1	138.689	0	0	1044954	100000	0	ok
PROBE-TSV	1	tar.gz	entries	immediate	new_folder	password_verification	1	0.185	0	0	1044954	100000	0	ok
PROBE-TSV	1	tar.gz	entries	immediate	new_folder	plan_build	1	138.712	0	0	1044954	100000	0	ok
PROBE-TSV	1	tar.gz	entries	immediate	new_folder	plan_validation	1	9.167	0	0	1044954	100000	0	ok
PROBE-TSV	1	tar.gz	entries	immediate	new_folder	publish	1	0.844	0	0	1044954	100000	0	ok
PROBE-TSV	1	tar.gz	entries	immediate	new_folder	reader_adoption	1	0.003	0	0	1044954	100000	0	ok
PROBE-TSV	1	tar.gz	entries	immediate	new_folder	reload	1	188.529	0	0	1044954	100000	0	ok
PROBE-TSV	1	tar.gz	entries	immediate	new_folder	total	1	1175.553	0	1073152	1044954	100000	0	ok
PROBE-TSV	1	tar.gz	entries	immediate	new_folder	tree_build	1	62.937	0	0	1044954	100000	0	ok
PROBE-TSV	1	tar.gz	entries	immediate	new_folder	updater_open	1	246.208	0	0	1044954	100000	0	ok
PROBE-TSV	1	tar.gz	entries	immediate	new_folder	verification_open	1	369.726	0	0	1044954	100000	0	ok
PROBE-PROGRESS	tar.gz	entries	add_file	6	3	64.037	431.858
PROBE-TSV	1	tar.gz	entries	immediate	add_file	capability_probe	1	178.055	0	0	1044938	100000	0	ok
PROBE-TSV	1	tar.gz	entries	immediate	add_file	commit	1	6.342	0	1060864	1044938	100000	0	ok
PROBE-TSV	1	tar.gz	entries	immediate	add_file	display	1	3.038	0	0	1044938	100000	0	ok
PROBE-TSV	1	tar.gz	entries	immediate	add_file	entry_comparison	1	59.675	0	0	1044938	100000	0	ok
PROBE-TSV	1	tar.gz	entries	immediate	add_file	filter_compute	1	0.000	0	0	1044938	100000	0	ok
PROBE-TSV	1	tar.gz	entries	immediate	add_file	mutate	1	64.181	0	0	1044938	100000	0	ok
PROBE-TSV	1	tar.gz	entries	immediate	add_file	name_index_advance	1	11.917	0	0	1044938	100000	0	ok
PROBE-TSV	1	tar.gz	entries	immediate	add_file	name_index_build	1	139.070	0	0	1044938	100000	0	ok
PROBE-TSV	1	tar.gz	entries	immediate	add_file	password_verification	1	0.200	0	0	1044938	100000	0	ok
PROBE-TSV	1	tar.gz	entries	immediate	add_file	plan_build	3	0.084	0	0	1044938	100000	0	ok
PROBE-TSV	1	tar.gz	entries	immediate	add_file	plan_validation	1	9.495	0	0	1044938	100000	0	ok
PROBE-TSV	1	tar.gz	entries	immediate	add_file	publish	1	0.873	0	0	1044938	100000	0	ok
PROBE-TSV	1	tar.gz	entries	immediate	add_file	reader_adoption	1	0.003	0	0	1044938	100000	0	ok
PROBE-TSV	1	tar.gz	entries	immediate	add_file	reload	1	190.642	0	0	1044938	100000	0	ok
PROBE-TSV	1	tar.gz	entries	immediate	add_file	total	1	1169.150	0	1073152	1044938	100000	0	ok
PROBE-TSV	1	tar.gz	entries	immediate	add_file	tree_build	1	58.283	0	0	1044938	100000	0	ok
PROBE-TSV	1	tar.gz	entries	immediate	add_file	updater_open	1	248.903	0	0	1044938	100000	0	ok
PROBE-TSV	1	tar.gz	entries	immediate	add_file	verification_open	1	366.305	0	0	1044938	100000	0	ok
PROBE-PROGRESS	tar.gz	entries	replace_file	6	3	116.770	435.815
PROBE-TSV	1	tar.gz	entries	immediate	replace_file	capability_probe	1	177.155	0	0	1044934	100000	0	ok
PROBE-TSV	1	tar.gz	entries	immediate	replace_file	commit	1	9.332	0	1060864	1044934	100000	0	ok
PROBE-TSV	1	tar.gz	entries	immediate	replace_file	display	1	2.936	0	0	1044934	100000	0	ok
PROBE-TSV	1	tar.gz	entries	immediate	replace_file	entry_comparison	1	59.788	4096	0	1044934	100000	0	ok
PROBE-TSV	1	tar.gz	entries	immediate	replace_file	filter_compute	1	0.000	0	0	1044934	100000	0	ok
PROBE-TSV	1	tar.gz	entries	immediate	replace_file	mutate	1	116.904	0	0	1044934	100000	0	ok
PROBE-TSV	1	tar.gz	entries	immediate	replace_file	name_index_advance	1	12.554	0	0	1044934	100000	0	ok
PROBE-TSV	1	tar.gz	entries	immediate	replace_file	name_index_build	1	140.140	0	0	1044934	100000	0	ok
PROBE-TSV	1	tar.gz	entries	immediate	replace_file	password_verification	1	0.242	0	0	1044934	100000	0	ok
PROBE-TSV	1	tar.gz	entries	immediate	replace_file	plan_build	4	2.447	0	0	1044934	100000	0	ok
PROBE-TSV	1	tar.gz	entries	immediate	replace_file	plan_validation	1	9.810	0	0	1044934	100000	0	ok
PROBE-TSV	1	tar.gz	entries	immediate	replace_file	publish	1	0.806	0	0	1044934	100000	0	ok
PROBE-TSV	1	tar.gz	entries	immediate	replace_file	reader_adoption	1	0.002	0	0	1044934	100000	0	ok
PROBE-TSV	1	tar.gz	entries	immediate	replace_file	reload	1	190.423	0	0	1044934	100000	0	ok
PROBE-TSV	1	tar.gz	entries	immediate	replace_file	total	1	1235.642	4096	1073152	1044934	100000	0	ok
PROBE-TSV	1	tar.gz	entries	immediate	replace_file	tree_build	1	61.058	0	0	1044934	100000	0	ok
PROBE-TSV	1	tar.gz	entries	immediate	replace_file	updater_open	1	249.599	0	0	1044934	100000	0	ok
PROBE-TSV	1	tar.gz	entries	immediate	replace_file	verification_open	1	369.507	0	0	1044934	100000	0	ok
PROBE-TSV	1	tar.gz	entries	deferred	five_changes_reserve_rename	display	1	2.730	0	0	1044904	100000	0	ok
PROBE-TSV	1	tar.gz	entries	deferred	five_changes_reserve_rename	filter_compute	1	0.001	0	0	1044904	100000	0	ok
PROBE-TSV	1	tar.gz	entries	deferred	five_changes_reserve_rename	password_verification	1	0.561	0	0	1044904	100000	0	ok
PROBE-TSV	1	tar.gz	entries	deferred	five_changes_reserve_rename	total	1	148.678	0	0	1044904	100000	0	ok
PROBE-TSV	1	tar.gz	entries	deferred	five_changes_reserve_rename	tree_build	1	67.531	0	0	1044904	100000	0	ok
PROBE-TSV	1	tar.gz	entries	deferred	five_changes_reserve_delete	display	1	2.837	0	0	1044904	100000	0	ok
PROBE-TSV	1	tar.gz	entries	deferred	five_changes_reserve_delete	filter_compute	1	0.001	0	0	1044904	100000	0	ok
PROBE-TSV	1	tar.gz	entries	deferred	five_changes_reserve_delete	password_verification	1	0.571	0	0	1044904	100000	0	ok
PROBE-TSV	1	tar.gz	entries	deferred	five_changes_reserve_delete	total	1	151.201	0	0	1044904	100000	0	ok
PROBE-TSV	1	tar.gz	entries	deferred	five_changes_reserve_delete	tree_build	1	65.005	0	0	1044904	100000	0	ok
PROBE-TSV	1	tar.gz	entries	deferred	five_changes_reserve_new_folder	display	1	2.781	0	0	1044904	100000	0	ok
PROBE-TSV	1	tar.gz	entries	deferred	five_changes_reserve_new_folder	filter_compute	1	0.000	0	0	1044904	100000	0	ok
PROBE-TSV	1	tar.gz	entries	deferred	five_changes_reserve_new_folder	password_verification	1	0.563	0	0	1044904	100000	0	ok
PROBE-TSV	1	tar.gz	entries	deferred	five_changes_reserve_new_folder	total	1	149.970	0	0	1044904	100000	0	ok
PROBE-TSV	1	tar.gz	entries	deferred	five_changes_reserve_new_folder	tree_build	1	62.617	0	0	1044904	100000	0	ok
PROBE-TSV	1	tar.gz	entries	deferred	five_changes_reserve_delete_folder	display	1	2.987	0	0	1044904	100000	0	ok
PROBE-TSV	1	tar.gz	entries	deferred	five_changes_reserve_delete_folder	filter_compute	1	0.001	0	0	1044904	100000	0	ok
PROBE-TSV	1	tar.gz	entries	deferred	five_changes_reserve_delete_folder	password_verification	1	0.566	0	0	1044904	100000	0	ok
PROBE-TSV	1	tar.gz	entries	deferred	five_changes_reserve_delete_folder	total	1	155.763	0	0	1044904	100000	0	ok
PROBE-TSV	1	tar.gz	entries	deferred	five_changes_reserve_delete_folder	tree_build	1	64.387	0	0	1044904	100000	0	ok
PROBE-TSV	1	tar.gz	entries	deferred	five_changes_reserve_add	display	1	3.298	0	0	1044904	100000	0	ok
PROBE-TSV	1	tar.gz	entries	deferred	five_changes_reserve_add	filter_compute	1	0.000	0	0	1044904	100000	0	ok
PROBE-TSV	1	tar.gz	entries	deferred	five_changes_reserve_add	password_verification	1	0.556	0	0	1044904	100000	0	ok
PROBE-TSV	1	tar.gz	entries	deferred	five_changes_reserve_add	plan_build	3	0.067	0	0	1044904	100000	0	ok
PROBE-TSV	1	tar.gz	entries	deferred	five_changes_reserve_add	total	1	153.424	0	4096	1044904	100000	0	ok
PROBE-TSV	1	tar.gz	entries	deferred	five_changes_reserve_add	tree_build	1	63.944	0	0	1044904	100000	0	ok
PROBE-TSV	1	tar.gz	entries	deferred	save_five_changes	capability_probe	1	180.951	0	0	1034559	100000	0	ok
PROBE-TSV	1	tar.gz	entries	deferred	save_five_changes	commit	1	11.874	0	1048576	1034559	100000	0	ok
PROBE-TSV	1	tar.gz	entries	deferred	save_five_changes	display	1	2.937	0	0	1034559	100000	0	ok
PROBE-TSV	1	tar.gz	entries	deferred	save_five_changes	editing_install	1	0.006	0	0	1034559	100000	0	ok
PROBE-TSV	1	tar.gz	entries	deferred	save_five_changes	editing_prepare	1	26.427	0	0	1034559	100000	0	ok
PROBE-TSV	1	tar.gz	entries	deferred	save_five_changes	entry_comparison	1	62.972	0	0	1034559	100000	0	ok
PROBE-TSV	1	tar.gz	entries	deferred	save_five_changes	filter_compute	2	0.001	0	0	1034559	100000	0	ok
PROBE-TSV	1	tar.gz	entries	deferred	save_five_changes	name_index_advance	1	15.903	0	0	1034559	100000	0	ok
PROBE-TSV	1	tar.gz	entries	deferred	save_five_changes	password_verification	1	0.573	0	0	1034559	100000	0	ok
PROBE-TSV	1	tar.gz	entries	deferred	save_five_changes	publish	1	1.069	0	0	1034559	100000	0	ok
PROBE-TSV	1	tar.gz	entries	deferred	save_five_changes	reader_adoption	1	0.003	0	0	1034559	100000	0	ok
PROBE-TSV	1	tar.gz	entries	deferred	save_five_changes	reload	1	197.633	0	0	1034559	100000	0	ok
PROBE-TSV	1	tar.gz	entries	deferred	save_five_changes	replay	1	129.147	4096	0	1034559	100000	0	ok
PROBE-TSV	1	tar.gz	entries	deferred	save_five_changes	replay_plan	1	24.201	0	0	1034559	100000	0	ok
PROBE-TSV	1	tar.gz	entries	deferred	save_five_changes	representability_differential	1	0.805	0	0	1034559	100000	0	ok
PROBE-TSV	1	tar.gz	entries	deferred	save_five_changes	save_sheet	1	1496.697	4096	1073152	1034559	100000	0	ok
PROBE-TSV	1	tar.gz	entries	deferred	save_five_changes	total	1	1523.450	4096	1073152	1034559	100000	0	ok
PROBE-TSV	1	tar.gz	entries	deferred	save_five_changes	tree_build	1	65.876	0	0	1034559	100000	0	ok
PROBE-TSV	1	tar.gz	entries	deferred	save_five_changes	updater_open	1	254.542	0	0	1034559	100000	0	ok
PROBE-TSV	1	tar.gz	entries	deferred	save_five_changes	verification_open	1	383.055	0	0	1034559	100000	0	ok
PROBE-TSV	1	tar.gz	entries	deferred	rename_only_reserve_rename	display	1	2.867	0	0	1044904	100000	0	ok
PROBE-TSV	1	tar.gz	entries	deferred	rename_only_reserve_rename	filter_compute	1	0.001	0	0	1044904	100000	0	ok
PROBE-TSV	1	tar.gz	entries	deferred	rename_only_reserve_rename	password_verification	1	0.580	0	0	1044904	100000	0	ok
PROBE-TSV	1	tar.gz	entries	deferred	rename_only_reserve_rename	total	1	147.873	0	0	1044904	100000	0	ok
PROBE-TSV	1	tar.gz	entries	deferred	rename_only_reserve_rename	tree_build	1	64.458	0	0	1044904	100000	0	ok
PROBE-TSV	1	tar.gz	entries	deferred	save_rename_only	capability_probe	1	180.772	0	0	1044926	100000	0	ok
PROBE-TSV	1	tar.gz	entries	deferred	save_rename_only	commit	1	10.095	0	1060864	1044926	100000	0	ok
PROBE-TSV	1	tar.gz	entries	deferred	save_rename_only	display	1	2.801	0	0	1044926	100000	0	ok
PROBE-TSV	1	tar.gz	entries	deferred	save_rename_only	editing_install	1	0.006	0	0	1044926	100000	0	ok
PROBE-TSV	1	tar.gz	entries	deferred	save_rename_only	editing_prepare	1	24.740	0	0	1044926	100000	0	ok
PROBE-TSV	1	tar.gz	entries	deferred	save_rename_only	entry_comparison	1	62.163	0	0	1044926	100000	0	ok
PROBE-TSV	1	tar.gz	entries	deferred	save_rename_only	filter_compute	2	0.001	0	0	1044926	100000	0	ok
PROBE-TSV	1	tar.gz	entries	deferred	save_rename_only	name_index_advance	1	13.501	0	0	1044926	100000	0	ok
PROBE-TSV	1	tar.gz	entries	deferred	save_rename_only	password_verification	1	0.569	0	0	1044926	100000	0	ok
PROBE-TSV	1	tar.gz	entries	deferred	save_rename_only	publish	1	0.405	0	0	1044926	100000	0	ok
PROBE-TSV	1	tar.gz	entries	deferred	save_rename_only	reader_adoption	1	0.003	0	0	1044926	100000	0	ok
PROBE-TSV	1	tar.gz	entries	deferred	save_rename_only	reload	1	194.996	0	0	1044926	100000	0	ok
PROBE-TSV	1	tar.gz	entries	deferred	save_rename_only	replay	1	62.845	0	0	1044926	100000	0	ok
PROBE-TSV	1	tar.gz	entries	deferred	save_rename_only	replay_plan	1	23.334	0	0	1044926	100000	0	ok
PROBE-TSV	1	tar.gz	entries	deferred	save_rename_only	representability_differential	1	0.026	0	0	1044926	100000	0	ok
PROBE-TSV	1	tar.gz	entries	deferred	save_rename_only	save_sheet	1	1423.608	0	1073152	1044926	100000	0	ok
PROBE-TSV	1	tar.gz	entries	deferred	save_rename_only	total	1	1448.682	0	1073152	1044926	100000	0	ok
PROBE-TSV	1	tar.gz	entries	deferred	save_rename_only	tree_build	1	68.169	0	0	1044926	100000	0	ok
PROBE-TSV	1	tar.gz	entries	deferred	save_rename_only	updater_open	1	254.225	0	0	1044926	100000	0	ok
PROBE-TSV	1	tar.gz	entries	deferred	save_rename_only	verification_open	1	387.110	0	0	1044926	100000	0	ok
PROBE-PROGRESS	tar.gz	payload	delete_start	41	39	35.784	43.725
PROBE-TSV	1	tar.gz	payload	immediate	delete_start	capability_probe	1	2.094	0	0	160817759	1064	256	ok
PROBE-TSV	1	tar.gz	payload	immediate	delete_start	commit	1	64.331	4096	160833536	160817759	1064	256	ok
PROBE-TSV	1	tar.gz	payload	immediate	delete_start	display	1	1.351	0	0	160817759	1064	256	ok
PROBE-TSV	1	tar.gz	payload	immediate	delete_start	entry_comparison	1	0.678	0	0	160817759	1064	256	ok
PROBE-TSV	1	tar.gz	payload	immediate	delete_start	filter_compute	1	0.000	0	0	160817759	1064	256	ok
PROBE-TSV	1	tar.gz	payload	immediate	delete_start	mutate	1	0.688	0	0	160817759	1064	256	ok
PROBE-TSV	1	tar.gz	payload	immediate	delete_start	password_verification	1	0.029	0	0	160817759	1064	256	ok
PROBE-TSV	1	tar.gz	payload	immediate	delete_start	plan_build	1	0.012	0	0	160817759	1064	256	ok
PROBE-TSV	1	tar.gz	payload	immediate	delete_start	plan_validation	1	0.105	0	0	160817759	1064	256	ok
PROBE-TSV	1	tar.gz	payload	immediate	delete_start	publish	1	0.778	0	0	160817759	1064	256	ok
PROBE-TSV	1	tar.gz	payload	immediate	delete_start	reader_adoption	1	0.002	0	0	160817759	1064	256	ok
PROBE-TSV	1	tar.gz	payload	immediate	delete_start	reload	1	2.280	0	0	160817759	1064	256	ok
PROBE-TSV	1	tar.gz	payload	immediate	delete_start	total	1	119.307	4096	160845824	160817759	1064	256	ok
PROBE-TSV	1	tar.gz	payload	immediate	delete_start	tree_build	1	0.581	0	0	160817759	1064	256	ok
PROBE-TSV	1	tar.gz	payload	immediate	delete_start	updater_open	1	3.057	0	0	160817759	1064	256	ok
PROBE-TSV	1	tar.gz	payload	immediate	delete_start	verification_open	1	41.690	0	0	160817759	1064	256	ok
PROBE-PROGRESS	tar.gz	payload	delete_end	41	39	2.463	42.956
PROBE-TSV	1	tar.gz	payload	immediate	delete_end	capability_probe	1	2.087	0	0	162811916	1064	256	ok
PROBE-TSV	1	tar.gz	payload	immediate	delete_end	commit	1	26.689	0	162824192	162811916	1064	256	ok
PROBE-TSV	1	tar.gz	payload	immediate	delete_end	display	1	1.206	0	0	162811916	1064	256	ok
PROBE-TSV	1	tar.gz	payload	immediate	delete_end	entry_comparison	1	0.642	0	0	162811916	1064	256	ok
PROBE-TSV	1	tar.gz	payload	immediate	delete_end	filter_compute	1	0.000	0	0	162811916	1064	256	ok
PROBE-TSV	1	tar.gz	payload	immediate	delete_end	mutate	1	0.643	0	0	162811916	1064	256	ok
PROBE-TSV	1	tar.gz	payload	immediate	delete_end	password_verification	1	0.025	0	0	162811916	1064	256	ok
PROBE-TSV	1	tar.gz	payload	immediate	delete_end	plan_build	1	0.010	0	0	162811916	1064	256	ok
PROBE-TSV	1	tar.gz	payload	immediate	delete_end	plan_validation	1	0.100	0	0	162811916	1064	256	ok
PROBE-TSV	1	tar.gz	payload	immediate	delete_end	publish	1	0.821	0	0	162811916	1064	256	ok
PROBE-TSV	1	tar.gz	payload	immediate	delete_end	reader_adoption	1	0.002	0	0	162811916	1064	256	ok
PROBE-TSV	1	tar.gz	payload	immediate	delete_end	reload	1	2.314	0	0	162811916	1064	256	ok
PROBE-TSV	1	tar.gz	payload	immediate	delete_end	total	1	80.556	0	162836480	162811916	1064	256	ok
PROBE-TSV	1	tar.gz	payload	immediate	delete_end	tree_build	1	0.570	0	0	162811916	1064	256	ok
PROBE-TSV	1	tar.gz	payload	immediate	delete_end	updater_open	1	2.803	0	0	162811916	1064	256	ok
PROBE-TSV	1	tar.gz	payload	immediate	delete_end	verification_open	1	40.898	0	0	162811916	1064	256	ok
PROBE-PROGRESS	tar.gz	payload	rename_same_length	41	39	35.062	44.476
PROBE-TSV	1	tar.gz	payload	immediate	rename_same_length	capability_probe	1	2.036	0	0	162811926	1064	256	ok
PROBE-TSV	1	tar.gz	payload	immediate	rename_same_length	commit	1	61.253	0	162824192	162811926	1064	256	ok
PROBE-TSV	1	tar.gz	payload	immediate	rename_same_length	display	1	1.203	0	0	162811926	1064	256	ok
PROBE-TSV	1	tar.gz	payload	immediate	rename_same_length	entry_comparison	1	0.653	0	0	162811926	1064	256	ok
PROBE-TSV	1	tar.gz	payload	immediate	rename_same_length	filter_compute	1	0.000	0	0	162811926	1064	256	ok
PROBE-TSV	1	tar.gz	payload	immediate	rename_same_length	mutate	1	0.673	0	0	162811926	1064	256	ok
PROBE-TSV	1	tar.gz	payload	immediate	rename_same_length	name_index_advance	1	0.134	0	0	162811926	1064	256	ok
PROBE-TSV	1	tar.gz	payload	immediate	rename_same_length	name_index_build	1	1.458	0	0	162811926	1064	256	ok
PROBE-TSV	1	tar.gz	payload	immediate	rename_same_length	password_verification	1	0.026	0	0	162811926	1064	256	ok
PROBE-TSV	1	tar.gz	payload	immediate	rename_same_length	plan_build	1	0.018	0	0	162811926	1064	256	ok
PROBE-TSV	1	tar.gz	payload	immediate	rename_same_length	plan_validation	1	0.111	0	0	162811926	1064	256	ok
PROBE-TSV	1	tar.gz	payload	immediate	rename_same_length	publish	1	0.794	0	0	162811926	1064	256	ok
PROBE-TSV	1	tar.gz	payload	immediate	rename_same_length	reader_adoption	1	0.002	0	0	162811926	1064	256	ok
PROBE-TSV	1	tar.gz	payload	immediate	rename_same_length	reload	1	2.398	0	0	162811926	1064	256	ok
PROBE-TSV	1	tar.gz	payload	immediate	rename_same_length	total	1	118.207	0	162836480	162811926	1064	256	ok
PROBE-TSV	1	tar.gz	payload	immediate	rename_same_length	tree_build	1	0.579	0	0	162811926	1064	256	ok
PROBE-TSV	1	tar.gz	payload	immediate	rename_same_length	updater_open	1	2.847	0	0	162811926	1064	256	ok
PROBE-TSV	1	tar.gz	payload	immediate	rename_same_length	verification_open	1	42.428	0	0	162811926	1064	256	ok
PROBE-PROGRESS	tar.gz	payload	rename_different_length	41	39	41.829	46.414
PROBE-TSV	1	tar.gz	payload	immediate	rename_different_length	capability_probe	1	1.982	0	0	162811943	1064	256	ok
PROBE-TSV	1	tar.gz	payload	immediate	rename_different_length	commit	1	70.307	0	162824192	162811943	1064	256	ok
PROBE-TSV	1	tar.gz	payload	immediate	rename_different_length	display	1	1.298	0	0	162811943	1064	256	ok
PROBE-TSV	1	tar.gz	payload	immediate	rename_different_length	entry_comparison	1	0.902	0	0	162811943	1064	256	ok
PROBE-TSV	1	tar.gz	payload	immediate	rename_different_length	filter_compute	1	0.000	0	0	162811943	1064	256	ok
PROBE-TSV	1	tar.gz	payload	immediate	rename_different_length	mutate	1	0.639	0	0	162811943	1064	256	ok
PROBE-TSV	1	tar.gz	payload	immediate	rename_different_length	name_index_advance	1	0.140	0	0	162811943	1064	256	ok
PROBE-TSV	1	tar.gz	payload	immediate	rename_different_length	name_index_build	1	1.479	0	0	162811943	1064	256	ok
PROBE-TSV	1	tar.gz	payload	immediate	rename_different_length	password_verification	1	0.030	0	0	162811943	1064	256	ok
PROBE-TSV	1	tar.gz	payload	immediate	rename_different_length	plan_build	1	0.019	0	0	162811943	1064	256	ok
PROBE-TSV	1	tar.gz	payload	immediate	rename_different_length	plan_validation	1	0.103	0	0	162811943	1064	256	ok
PROBE-TSV	1	tar.gz	payload	immediate	rename_different_length	publish	1	0.777	0	0	162811943	1064	256	ok
PROBE-TSV	1	tar.gz	payload	immediate	rename_different_length	reader_adoption	1	0.002	0	0	162811943	1064	256	ok
PROBE-TSV	1	tar.gz	payload	immediate	rename_different_length	reload	1	2.367	0	0	162811943	1064	256	ok
PROBE-TSV	1	tar.gz	payload	immediate	rename_different_length	total	1	130.478	0	162836480	162811943	1064	256	ok
PROBE-TSV	1	tar.gz	payload	immediate	rename_different_length	tree_build	1	0.886	0	0	162811943	1064	256	ok
PROBE-TSV	1	tar.gz	payload	immediate	rename_different_length	updater_open	1	2.666	0	0	162811943	1064	256	ok
PROBE-TSV	1	tar.gz	payload	immediate	rename_different_length	verification_open	1	44.113	0	0	162811943	1064	256	ok
PROBE-PROGRESS	tar.gz	payload	rename_folder	53	51	489.216	124.606
PROBE-TSV	1	tar.gz	payload	immediate	rename_folder	capability_probe	1	2.075	0	0	162812222	1064	256	ok
PROBE-TSV	1	tar.gz	payload	immediate	rename_folder	commit	1	927.416	0	162852864	162812222	1064	256	ok
PROBE-TSV	1	tar.gz	payload	immediate	rename_folder	display	1	1.430	0	0	162812222	1064	256	ok
PROBE-TSV	1	tar.gz	payload	immediate	rename_folder	entry_comparison	1	0.687	0	0	162812222	1064	256	ok
PROBE-TSV	1	tar.gz	payload	immediate	rename_folder	filter_compute	1	0.000	0	0	162812222	1064	256	ok
PROBE-TSV	1	tar.gz	payload	immediate	rename_folder	mutate	1	0.927	0	0	162812222	1064	256	ok
PROBE-TSV	1	tar.gz	payload	immediate	rename_folder	name_index_advance	1	0.398	0	0	162812222	1064	256	ok
PROBE-TSV	1	tar.gz	payload	immediate	rename_folder	name_index_build	1	1.732	0	0	162812222	1064	256	ok
PROBE-TSV	1	tar.gz	payload	immediate	rename_folder	password_verification	1	0.036	0	0	162812222	1064	256	ok
PROBE-TSV	1	tar.gz	payload	immediate	rename_folder	plan_build	1	0.381	0	0	162812222	1064	256	ok
PROBE-TSV	1	tar.gz	payload	immediate	rename_folder	plan_validation	1	0.248	0	0	162812222	1064	256	ok
PROBE-TSV	1	tar.gz	payload	immediate	rename_folder	publish	1	0.806	0	0	162812222	1064	256	ok
PROBE-TSV	1	tar.gz	payload	immediate	rename_folder	reader_adoption	1	0.002	0	0	162812222	1064	256	ok
PROBE-TSV	1	tar.gz	payload	immediate	rename_folder	reload	1	2.657	0	0	162812222	1064	256	ok
PROBE-TSV	1	tar.gz	payload	immediate	rename_folder	total	1	1066.729	0	229974016	162812222	1064	256	ok
PROBE-TSV	1	tar.gz	payload	immediate	rename_folder	tree_build	1	0.586	0	0	162812222	1064	256	ok
PROBE-TSV	1	tar.gz	payload	immediate	rename_folder	updater_open	1	2.851	0	0	162812222	1064	256	ok
PROBE-TSV	1	tar.gz	payload	immediate	rename_folder	verification_open	1	122.294	0	67108864	162812222	1064	256	ok
PROBE-PROGRESS	tar.gz	payload	new_folder	41	39	1.487	43.000
PROBE-TSV	1	tar.gz	payload	immediate	new_folder	capability_probe	1	2.189	0	0	162811975	1064	256	ok
PROBE-TSV	1	tar.gz	payload	immediate	new_folder	commit	1	24.441	0	162820096	162811975	1064	256	ok
PROBE-TSV	1	tar.gz	payload	immediate	new_folder	display	1	1.277	0	0	162811975	1064	256	ok
PROBE-TSV	1	tar.gz	payload	immediate	new_folder	entry_comparison	1	0.684	0	0	162811975	1064	256	ok
PROBE-TSV	1	tar.gz	payload	immediate	new_folder	filter_compute	1	0.000	0	0	162811975	1064	256	ok
PROBE-TSV	1	tar.gz	payload	immediate	new_folder	mutate	1	0.803	0	0	162811975	1064	256	ok
PROBE-TSV	1	tar.gz	payload	immediate	new_folder	name_index_advance	1	0.115	0	0	162811975	1064	256	ok
PROBE-TSV	1	tar.gz	payload	immediate	new_folder	name_index_build	1	1.459	0	0	162811975	1064	256	ok
PROBE-TSV	1	tar.gz	payload	immediate	new_folder	password_verification	1	0.027	0	0	162811975	1064	256	ok
PROBE-TSV	1	tar.gz	payload	immediate	new_folder	plan_build	1	1.480	0	0	162811975	1064	256	ok
PROBE-TSV	1	tar.gz	payload	immediate	new_folder	plan_validation	1	0.096	0	0	162811975	1064	256	ok
PROBE-TSV	1	tar.gz	payload	immediate	new_folder	publish	1	0.868	0	0	162811975	1064	256	ok
PROBE-TSV	1	tar.gz	payload	immediate	new_folder	reader_adoption	1	0.002	0	0	162811975	1064	256	ok
PROBE-TSV	1	tar.gz	payload	immediate	new_folder	reload	1	2.534	0	0	162811975	1064	256	ok
PROBE-TSV	1	tar.gz	payload	immediate	new_folder	total	1	80.347	0	162832384	162811975	1064	256	ok
PROBE-TSV	1	tar.gz	payload	immediate	new_folder	tree_build	1	0.603	0	0	162811975	1064	256	ok
PROBE-TSV	1	tar.gz	payload	immediate	new_folder	updater_open	1	2.844	0	0	162811975	1064	256	ok
PROBE-TSV	1	tar.gz	payload	immediate	new_folder	verification_open	1	40.899	0	0	162811975	1064	256	ok
PROBE-PROGRESS	tar.gz	payload	add_file	43	40	1.477	42.126
PROBE-TSV	1	tar.gz	payload	immediate	add_file	capability_probe	1	2.034	0	0	162811964	1064	256	ok
PROBE-TSV	1	tar.gz	payload	immediate	add_file	commit	1	23.816	0	162820096	162811964	1064	256	ok
PROBE-TSV	1	tar.gz	payload	immediate	add_file	display	1	1.259	0	0	162811964	1064	256	ok
PROBE-TSV	1	tar.gz	payload	immediate	add_file	entry_comparison	1	0.634	0	0	162811964	1064	256	ok
PROBE-TSV	1	tar.gz	payload	immediate	add_file	filter_compute	1	0.000	0	0	162811964	1064	256	ok
PROBE-TSV	1	tar.gz	payload	immediate	add_file	mutate	1	0.816	0	0	162811964	1064	256	ok
PROBE-TSV	1	tar.gz	payload	immediate	add_file	name_index_advance	1	0.112	0	0	162811964	1064	256	ok
PROBE-TSV	1	tar.gz	payload	immediate	add_file	name_index_build	1	1.496	0	0	162811964	1064	256	ok
PROBE-TSV	1	tar.gz	payload	immediate	add_file	password_verification	1	0.027	0	0	162811964	1064	256	ok
PROBE-TSV	1	tar.gz	payload	immediate	add_file	plan_build	3	0.040	0	0	162811964	1064	256	ok
PROBE-TSV	1	tar.gz	payload	immediate	add_file	plan_validation	1	0.096	0	0	162811964	1064	256	ok
PROBE-TSV	1	tar.gz	payload	immediate	add_file	publish	1	0.793	0	0	162811964	1064	256	ok
PROBE-TSV	1	tar.gz	payload	immediate	add_file	reader_adoption	1	0.002	0	0	162811964	1064	256	ok
PROBE-TSV	1	tar.gz	payload	immediate	add_file	reload	1	2.363	0	0	162811964	1064	256	ok
PROBE-TSV	1	tar.gz	payload	immediate	add_file	total	1	78.637	0	162832384	162811964	1064	256	ok
PROBE-TSV	1	tar.gz	payload	immediate	add_file	tree_build	1	0.587	0	0	162811964	1064	256	ok
PROBE-TSV	1	tar.gz	payload	immediate	add_file	updater_open	1	2.793	0	0	162811964	1064	256	ok
PROBE-TSV	1	tar.gz	payload	immediate	add_file	verification_open	1	40.158	0	0	162811964	1064	256	ok
PROBE-PROGRESS	tar.gz	payload	replace_file	43	40	34.631	43.551
PROBE-TSV	1	tar.gz	payload	immediate	replace_file	capability_probe	1	2.197	0	0	160817800	1064	256	ok
PROBE-TSV	1	tar.gz	payload	immediate	replace_file	commit	1	59.833	0	160833536	160817800	1064	256	ok
PROBE-TSV	1	tar.gz	payload	immediate	replace_file	display	1	1.315	0	0	160817800	1064	256	ok
PROBE-TSV	1	tar.gz	payload	immediate	replace_file	entry_comparison	1	0.608	0	0	160817800	1064	256	ok
PROBE-TSV	1	tar.gz	payload	immediate	replace_file	filter_compute	1	0.000	0	0	160817800	1064	256	ok
PROBE-TSV	1	tar.gz	payload	immediate	replace_file	mutate	1	1.439	0	0	160817800	1064	256	ok
PROBE-TSV	1	tar.gz	payload	immediate	replace_file	name_index_advance	1	0.165	0	0	160817800	1064	256	ok
PROBE-TSV	1	tar.gz	payload	immediate	replace_file	name_index_build	1	1.362	0	0	160817800	1064	256	ok
PROBE-TSV	1	tar.gz	payload	immediate	replace_file	password_verification	1	0.025	0	0	160817800	1064	256	ok
PROBE-TSV	1	tar.gz	payload	immediate	replace_file	plan_build	4	0.080	0	0	160817800	1064	256	ok
PROBE-TSV	1	tar.gz	payload	immediate	replace_file	plan_validation	1	0.094	0	0	160817800	1064	256	ok
PROBE-TSV	1	tar.gz	payload	immediate	replace_file	publish	1	0.877	0	0	160817800	1064	256	ok
PROBE-TSV	1	tar.gz	payload	immediate	replace_file	reader_adoption	1	0.002	0	0	160817800	1064	256	ok
PROBE-TSV	1	tar.gz	payload	immediate	replace_file	reload	1	2.605	0	0	160817800	1064	256	ok
PROBE-TSV	1	tar.gz	payload	immediate	replace_file	total	1	117.894	0	160845824	160817800	1064	256	ok
PROBE-TSV	1	tar.gz	payload	immediate	replace_file	tree_build	1	0.700	0	0	160817800	1064	256	ok
PROBE-TSV	1	tar.gz	payload	immediate	replace_file	updater_open	1	2.888	0	0	160817800	1064	256	ok
PROBE-TSV	1	tar.gz	payload	immediate	replace_file	verification_open	1	41.496	0	0	160817800	1064	256	ok
PROBE-TSV	1	tar.gz	payload	deferred	five_changes_reserve_rename	display	1	1.224	0	0	162811926	1064	256	ok
PROBE-TSV	1	tar.gz	payload	deferred	five_changes_reserve_rename	filter_compute	1	0.000	0	0	162811926	1064	256	ok
PROBE-TSV	1	tar.gz	payload	deferred	five_changes_reserve_rename	password_verification	1	0.027	0	0	162811926	1064	256	ok
PROBE-TSV	1	tar.gz	payload	deferred	five_changes_reserve_rename	total	1	5.865	0	0	162811926	1064	256	ok
PROBE-TSV	1	tar.gz	payload	deferred	five_changes_reserve_rename	tree_build	1	0.598	0	0	162811926	1064	256	ok
PROBE-TSV	1	tar.gz	payload	deferred	five_changes_reserve_delete	display	1	1.011	0	0	162811926	1064	256	ok
PROBE-TSV	1	tar.gz	payload	deferred	five_changes_reserve_delete	filter_compute	1	0.000	0	0	162811926	1064	256	ok
PROBE-TSV	1	tar.gz	payload	deferred	five_changes_reserve_delete	password_verification	1	0.030	0	0	162811926	1064	256	ok
PROBE-TSV	1	tar.gz	payload	deferred	five_changes_reserve_delete	total	1	20.901	0	0	162811926	1064	256	ok
PROBE-TSV	1	tar.gz	payload	deferred	five_changes_reserve_delete	tree_build	1	0.584	0	0	162811926	1064	256	ok
PROBE-TSV	1	tar.gz	payload	deferred	five_changes_reserve_new_folder	display	1	0.498	0	0	162811926	1064	256	ok
PROBE-TSV	1	tar.gz	payload	deferred	five_changes_reserve_new_folder	filter_compute	1	0.000	0	0	162811926	1064	256	ok
PROBE-TSV	1	tar.gz	payload	deferred	five_changes_reserve_new_folder	password_verification	1	0.024	0	0	162811926	1064	256	ok
PROBE-TSV	1	tar.gz	payload	deferred	five_changes_reserve_new_folder	total	1	2.738	0	0	162811926	1064	256	ok
PROBE-TSV	1	tar.gz	payload	deferred	five_changes_reserve_new_folder	tree_build	1	0.546	0	0	162811926	1064	256	ok
PROBE-TSV	1	tar.gz	payload	deferred	five_changes_reserve_delete_folder	display	1	1.181	0	0	162811926	1064	256	ok
PROBE-TSV	1	tar.gz	payload	deferred	five_changes_reserve_delete_folder	filter_compute	1	0.000	0	0	162811926	1064	256	ok
PROBE-TSV	1	tar.gz	payload	deferred	five_changes_reserve_delete_folder	password_verification	1	0.028	0	0	162811926	1064	256	ok
PROBE-TSV	1	tar.gz	payload	deferred	five_changes_reserve_delete_folder	total	1	39.207	0	0	162811926	1064	256	ok
PROBE-TSV	1	tar.gz	payload	deferred	five_changes_reserve_delete_folder	tree_build	1	0.046	0	0	162811926	1064	256	ok
PROBE-TSV	1	tar.gz	payload	deferred	five_changes_reserve_add	display	1	1.007	0	0	162811926	1064	256	ok
PROBE-TSV	1	tar.gz	payload	deferred	five_changes_reserve_add	filter_compute	1	0.000	0	0	162811926	1064	256	ok
PROBE-TSV	1	tar.gz	payload	deferred	five_changes_reserve_add	password_verification	1	0.027	0	0	162811926	1064	256	ok
PROBE-TSV	1	tar.gz	payload	deferred	five_changes_reserve_add	plan_build	3	0.059	0	0	162811926	1064	256	ok
PROBE-TSV	1	tar.gz	payload	deferred	five_changes_reserve_add	total	1	24.631	0	4096	162811926	1064	256	ok
PROBE-TSV	1	tar.gz	payload	deferred	five_changes_reserve_add	tree_build	1	0.050	0	0	162811926	1064	256	ok
PROBE-TSV	1	tar.gz	payload	deferred	save_five_changes	capability_probe	1	0.283	0	0	162801507	1064	256	ok
PROBE-TSV	1	tar.gz	payload	deferred	save_five_changes	commit	1	23.895	0	162807808	162801507	1064	256	ok
PROBE-TSV	1	tar.gz	payload	deferred	save_five_changes	display	1	1.343	0	0	162801507	1064	256	ok
PROBE-TSV	1	tar.gz	payload	deferred	save_five_changes	editing_install	1	0.005	0	0	162801507	1064	256	ok
PROBE-TSV	1	tar.gz	payload	deferred	save_five_changes	editing_prepare	1	0.061	0	0	162801507	1064	256	ok
PROBE-TSV	1	tar.gz	payload	deferred	save_five_changes	entry_comparison	1	0.043	0	0	162801507	1064	256	ok
PROBE-TSV	1	tar.gz	payload	deferred	save_five_changes	filter_compute	2	0.001	0	0	162801507	1064	256	ok
PROBE-TSV	1	tar.gz	payload	deferred	save_five_changes	name_index_advance	1	0.776	0	0	162801507	1064	256	ok
PROBE-TSV	1	tar.gz	payload	deferred	save_five_changes	password_verification	1	0.022	0	0	162801507	1064	256	ok
PROBE-TSV	1	tar.gz	payload	deferred	save_five_changes	publish	1	0.899	0	0	162801507	1064	256	ok
PROBE-TSV	1	tar.gz	payload	deferred	save_five_changes	reader_adoption	1	0.002	0	0	162801507	1064	256	ok
PROBE-TSV	1	tar.gz	payload	deferred	save_five_changes	reload	1	2.541	0	0	162801507	1064	256	ok
PROBE-TSV	1	tar.gz	payload	deferred	save_five_changes	replay	1	2.126	4096	0	162801507	1064	256	ok
PROBE-TSV	1	tar.gz	payload	deferred	save_five_changes	replay_plan	1	1.552	0	0	162801507	1064	256	ok
PROBE-TSV	1	tar.gz	payload	deferred	save_five_changes	representability_differential	1	0.771	0	0	162801507	1064	256	ok
PROBE-TSV	1	tar.gz	payload	deferred	save_five_changes	save_sheet	1	115.152	4096	162832384	162801507	1064	256	ok
PROBE-TSV	1	tar.gz	payload	deferred	save_five_changes	total	1	115.623	4096	162832384	162801507	1064	256	ok
PROBE-TSV	1	tar.gz	payload	deferred	save_five_changes	tree_build	1	0.047	0	0	162801507	1064	256	ok
PROBE-TSV	1	tar.gz	payload	deferred	save_five_changes	updater_open	1	2.769	0	0	162801507	1064	256	ok
PROBE-TSV	1	tar.gz	payload	deferred	save_five_changes	verification_open	1	37.265	0	0	162801507	1064	256	ok
PROBE-TSV	1	tar.gz	payload	deferred	rename_only_reserve_rename	display	1	0.417	0	0	162811926	1064	256	ok
PROBE-TSV	1	tar.gz	payload	deferred	rename_only_reserve_rename	filter_compute	1	0.000	0	0	162811926	1064	256	ok
PROBE-TSV	1	tar.gz	payload	deferred	rename_only_reserve_rename	password_verification	1	0.027	0	0	162811926	1064	256	ok
PROBE-TSV	1	tar.gz	payload	deferred	rename_only_reserve_rename	total	1	50.034	0	0	162811926	1064	256	ok
PROBE-TSV	1	tar.gz	payload	deferred	rename_only_reserve_rename	tree_build	1	0.571	0	0	162811926	1064	256	ok
PROBE-TSV	1	tar.gz	payload	deferred	save_rename_only	capability_probe	1	2.176	0	0	162811931	1064	256	ok
PROBE-TSV	1	tar.gz	payload	deferred	save_rename_only	commit	1	60.864	0	162824192	162811931	1064	256	ok
PROBE-TSV	1	tar.gz	payload	deferred	save_rename_only	display	1	1.261	0	0	162811931	1064	256	ok
PROBE-TSV	1	tar.gz	payload	deferred	save_rename_only	editing_install	1	0.005	0	0	162811931	1064	256	ok
PROBE-TSV	1	tar.gz	payload	deferred	save_rename_only	editing_prepare	1	0.255	0	0	162811931	1064	256	ok
PROBE-TSV	1	tar.gz	payload	deferred	save_rename_only	entry_comparison	1	0.672	0	0	162811931	1064	256	ok
PROBE-TSV	1	tar.gz	payload	deferred	save_rename_only	filter_compute	2	0.000	0	0	162811931	1064	256	ok
PROBE-TSV	1	tar.gz	payload	deferred	save_rename_only	name_index_advance	1	0.126	0	0	162811931	1064	256	ok
PROBE-TSV	1	tar.gz	payload	deferred	save_rename_only	password_verification	1	0.028	0	0	162811931	1064	256	ok
PROBE-TSV	1	tar.gz	payload	deferred	save_rename_only	publish	1	0.389	0	0	162811931	1064	256	ok
PROBE-TSV	1	tar.gz	payload	deferred	save_rename_only	reader_adoption	1	0.002	0	0	162811931	1064	256	ok
PROBE-TSV	1	tar.gz	payload	deferred	save_rename_only	reload	1	3.667	0	0	162811931	1064	256	ok
PROBE-TSV	1	tar.gz	payload	deferred	save_rename_only	replay	1	0.692	0	0	162811931	1064	256	ok
PROBE-TSV	1	tar.gz	payload	deferred	save_rename_only	replay_plan	1	0.235	0	0	162811931	1064	256	ok
PROBE-TSV	1	tar.gz	payload	deferred	save_rename_only	representability_differential	1	0.017	0	0	162811931	1064	256	ok
PROBE-TSV	1	tar.gz	payload	deferred	save_rename_only	save_sheet	1	150.573	0	162836480	162811931	1064	256	ok
PROBE-TSV	1	tar.gz	payload	deferred	save_rename_only	total	1	151.208	0	162836480	162811931	1064	256	ok
PROBE-TSV	1	tar.gz	payload	deferred	save_rename_only	tree_build	1	0.581	0	0	162811931	1064	256	ok
PROBE-TSV	1	tar.gz	payload	deferred	save_rename_only	updater_open	1	2.819	0	0	162811931	1064	256	ok
PROBE-TSV	1	tar.gz	payload	deferred	save_rename_only	verification_open	1	43.176	0	0	162811931	1064	256	ok
PROBE-PROGRESS	tar.bz2	entries	delete_start	5	3	59.543	426.439
PROBE-TSV	1	tar.bz2	entries	immediate	delete_start	capability_probe	1	177.354	0	0	215989	100000	0	ok
PROBE-TSV	1	tar.bz2	entries	immediate	delete_start	commit	1	45.018	0	221184	215989	100000	0	ok
PROBE-TSV	1	tar.bz2	entries	immediate	delete_start	display	1	2.939	0	0	215989	100000	0	ok
PROBE-TSV	1	tar.bz2	entries	immediate	delete_start	entry_comparison	1	59.688	0	0	215989	100000	0	ok
PROBE-TSV	1	tar.bz2	entries	immediate	delete_start	filter_compute	1	0.000	0	0	215989	100000	0	ok
PROBE-TSV	1	tar.bz2	entries	immediate	delete_start	mutate	1	59.496	0	0	215989	100000	0	ok
PROBE-TSV	1	tar.bz2	entries	immediate	delete_start	password_verification	1	0.184	0	0	215989	100000	0	ok
PROBE-TSV	1	tar.bz2	entries	immediate	delete_start	plan_build	1	0.014	0	0	215989	100000	0	ok
PROBE-TSV	1	tar.bz2	entries	immediate	delete_start	plan_validation	1	9.993	0	0	215989	100000	0	ok
PROBE-TSV	1	tar.bz2	entries	immediate	delete_start	publish	1	0.861	0	0	215989	100000	0	ok
PROBE-TSV	1	tar.bz2	entries	immediate	delete_start	reader_adoption	1	0.002	0	0	215989	100000	0	ok
PROBE-TSV	1	tar.bz2	entries	immediate	delete_start	reload	1	177.777	0	0	215989	100000	0	ok
PROBE-TSV	1	tar.bz2	entries	immediate	delete_start	total	1	1049.137	0	233472	215989	100000	0	ok
PROBE-TSV	1	tar.bz2	entries	immediate	delete_start	tree_build	1	61.252	0	0	215989	100000	0	ok
PROBE-TSV	1	tar.bz2	entries	immediate	delete_start	updater_open	1	245.989	0	0	215989	100000	0	ok
PROBE-TSV	1	tar.bz2	entries	immediate	delete_start	verification_open	1	360.470	0	0	215989	100000	0	ok
PROBE-PROGRESS	tar.bz2	entries	delete_end	4	2	59.595	429.179
PROBE-TSV	1	tar.bz2	entries	immediate	delete_end	capability_probe	1	178.547	0	0	216050	100000	0	ok
PROBE-TSV	1	tar.bz2	entries	immediate	delete_end	commit	1	34.133	0	221184	216050	100000	0	ok
PROBE-TSV	1	tar.bz2	entries	immediate	delete_end	display	1	2.969	0	0	216050	100000	0	ok
PROBE-TSV	1	tar.bz2	entries	immediate	delete_end	entry_comparison	1	59.229	0	0	216050	100000	0	ok
PROBE-TSV	1	tar.bz2	entries	immediate	delete_end	filter_compute	1	0.000	0	0	216050	100000	0	ok
PROBE-TSV	1	tar.bz2	entries	immediate	delete_end	mutate	1	59.553	0	0	216050	100000	0	ok
PROBE-TSV	1	tar.bz2	entries	immediate	delete_end	password_verification	1	0.219	0	0	216050	100000	0	ok
PROBE-TSV	1	tar.bz2	entries	immediate	delete_end	plan_build	1	0.014	0	0	216050	100000	0	ok
PROBE-TSV	1	tar.bz2	entries	immediate	delete_end	plan_validation	1	9.299	0	0	216050	100000	0	ok
PROBE-TSV	1	tar.bz2	entries	immediate	delete_end	publish	1	0.889	0	0	216050	100000	0	ok
PROBE-TSV	1	tar.bz2	entries	immediate	delete_end	reader_adoption	1	0.002	0	0	216050	100000	0	ok
PROBE-TSV	1	tar.bz2	entries	immediate	delete_end	reload	1	178.932	0	0	216050	100000	0	ok
PROBE-TSV	1	tar.bz2	entries	immediate	delete_end	total	1	1046.057	0	233472	216050	100000	0	ok
PROBE-TSV	1	tar.bz2	entries	immediate	delete_end	tree_build	1	60.332	0	0	216050	100000	0	ok
PROBE-TSV	1	tar.bz2	entries	immediate	delete_end	updater_open	1	252.711	0	0	216050	100000	0	ok
PROBE-TSV	1	tar.bz2	entries	immediate	delete_end	verification_open	1	363.660	0	0	216050	100000	0	ok
PROBE-PROGRESS	tar.bz2	entries	rename_same_length	5	3	60.321	427.593
PROBE-TSV	1	tar.bz2	entries	immediate	rename_same_length	capability_probe	1	176.492	0	0	216025	100000	0	ok
PROBE-TSV	1	tar.bz2	entries	immediate	rename_same_length	commit	1	44.857	0	229376	216025	100000	0	ok
PROBE-TSV	1	tar.bz2	entries	immediate	rename_same_length	display	1	3.046	0	0	216025	100000	0	ok
PROBE-TSV	1	tar.bz2	entries	immediate	rename_same_length	entry_comparison	1	60.018	0	0	216025	100000	0	ok
PROBE-TSV	1	tar.bz2	entries	immediate	rename_same_length	filter_compute	1	0.000	0	0	216025	100000	0	ok
PROBE-TSV	1	tar.bz2	entries	immediate	rename_same_length	mutate	1	60.277	0	0	216025	100000	0	ok
PROBE-TSV	1	tar.bz2	entries	immediate	rename_same_length	name_index_advance	1	13.082	0	0	216025	100000	0	ok
PROBE-TSV	1	tar.bz2	entries	immediate	rename_same_length	name_index_build	1	139.830	0	0	216025	100000	0	ok
PROBE-TSV	1	tar.bz2	entries	immediate	rename_same_length	password_verification	1	0.206	0	0	216025	100000	0	ok
PROBE-TSV	1	tar.bz2	entries	immediate	rename_same_length	plan_build	1	0.024	0	0	216025	100000	0	ok
PROBE-TSV	1	tar.bz2	entries	immediate	rename_same_length	plan_validation	1	9.882	0	0	216025	100000	0	ok
PROBE-TSV	1	tar.bz2	entries	immediate	rename_same_length	publish	1	0.869	0	0	216025	100000	0	ok
PROBE-TSV	1	tar.bz2	entries	immediate	rename_same_length	reader_adoption	1	0.002	0	0	216025	100000	0	ok
PROBE-TSV	1	tar.bz2	entries	immediate	rename_same_length	reload	1	190.212	0	0	216025	100000	0	ok
PROBE-TSV	1	tar.bz2	entries	immediate	rename_same_length	total	1	1206.254	0	241664	216025	100000	0	ok
PROBE-TSV	1	tar.bz2	entries	immediate	rename_same_length	tree_build	1	60.261	0	0	216025	100000	0	ok
PROBE-TSV	1	tar.bz2	entries	immediate	rename_same_length	updater_open	1	252.128	0	0	216025	100000	0	ok
PROBE-TSV	1	tar.bz2	entries	immediate	rename_same_length	verification_open	1	360.804	0	0	216025	100000	0	ok
PROBE-PROGRESS	tar.bz2	entries	rename_different_length	5	3	58.736	422.756
PROBE-TSV	1	tar.bz2	entries	immediate	rename_different_length	capability_probe	1	172.586	0	0	216151	100000	0	ok
PROBE-TSV	1	tar.bz2	entries	immediate	rename_different_length	commit	1	44.659	0	229376	216151	100000	0	ok
PROBE-TSV	1	tar.bz2	entries	immediate	rename_different_length	display	1	2.933	0	0	216151	100000	0	ok
PROBE-TSV	1	tar.bz2	entries	immediate	rename_different_length	entry_comparison	1	59.667	0	0	216151	100000	0	ok
PROBE-TSV	1	tar.bz2	entries	immediate	rename_different_length	filter_compute	1	0.000	0	0	216151	100000	0	ok
PROBE-TSV	1	tar.bz2	entries	immediate	rename_different_length	mutate	1	58.695	0	0	216151	100000	0	ok
PROBE-TSV	1	tar.bz2	entries	immediate	rename_different_length	name_index_advance	1	12.882	0	0	216151	100000	0	ok
PROBE-TSV	1	tar.bz2	entries	immediate	rename_different_length	name_index_build	1	138.328	0	0	216151	100000	0	ok
PROBE-TSV	1	tar.bz2	entries	immediate	rename_different_length	password_verification	1	0.199	0	0	216151	100000	0	ok
PROBE-TSV	1	tar.bz2	entries	immediate	rename_different_length	plan_build	1	0.035	0	0	216151	100000	0	ok
PROBE-TSV	1	tar.bz2	entries	immediate	rename_different_length	plan_validation	1	8.987	0	0	216151	100000	0	ok
PROBE-TSV	1	tar.bz2	entries	immediate	rename_different_length	publish	1	0.826	0	0	216151	100000	0	ok
PROBE-TSV	1	tar.bz2	entries	immediate	rename_different_length	reader_adoption	1	0.002	0	0	216151	100000	0	ok
PROBE-TSV	1	tar.bz2	entries	immediate	rename_different_length	reload	1	186.146	0	0	216151	100000	0	ok
PROBE-TSV	1	tar.bz2	entries	immediate	rename_different_length	total	1	1189.040	0	241664	216151	100000	0	ok
PROBE-TSV	1	tar.bz2	entries	immediate	rename_different_length	tree_build	1	62.413	0	0	216151	100000	0	ok
PROBE-TSV	1	tar.bz2	entries	immediate	rename_different_length	updater_open	1	246.236	0	0	216151	100000	0	ok
PROBE-TSV	1	tar.bz2	entries	immediate	rename_different_length	verification_open	1	356.640	0	0	216151	100000	0	ok
PROBE-PROGRESS	tar.bz2	entries	rename_folder	5	3	64.992	423.336
PROBE-TSV	1	tar.bz2	entries	immediate	rename_folder	capability_probe	1	177.472	0	0	216512	100000	0	ok
PROBE-TSV	1	tar.bz2	entries	immediate	rename_folder	commit	1	57.034	0	741376	216512	100000	0	ok
PROBE-TSV	1	tar.bz2	entries	immediate	rename_folder	display	1	2.792	0	0	216512	100000	0	ok
PROBE-TSV	1	tar.bz2	entries	immediate	rename_folder	entry_comparison	1	59.572	0	0	216512	100000	0	ok
PROBE-TSV	1	tar.bz2	entries	immediate	rename_folder	filter_compute	1	0.000	0	0	216512	100000	0	ok
PROBE-TSV	1	tar.bz2	entries	immediate	rename_folder	mutate	1	64.949	0	0	216512	100000	0	ok
PROBE-TSV	1	tar.bz2	entries	immediate	rename_folder	name_index_advance	1	17.913	0	0	216512	100000	0	ok
PROBE-TSV	1	tar.bz2	entries	immediate	rename_folder	name_index_build	1	142.033	0	0	216512	100000	0	ok
PROBE-TSV	1	tar.bz2	entries	immediate	rename_folder	password_verification	1	0.239	0	0	216512	100000	0	ok
PROBE-TSV	1	tar.bz2	entries	immediate	rename_folder	plan_build	1	5.807	0	0	216512	100000	0	ok
PROBE-TSV	1	tar.bz2	entries	immediate	rename_folder	plan_validation	1	11.617	0	0	216512	100000	0	ok
PROBE-TSV	1	tar.bz2	entries	immediate	rename_folder	publish	1	0.860	0	0	216512	100000	0	ok
PROBE-TSV	1	tar.bz2	entries	immediate	rename_folder	reader_adoption	1	0.002	0	0	216512	100000	0	ok
PROBE-TSV	1	tar.bz2	entries	immediate	rename_folder	reload	1	196.066	0	0	216512	100000	0	ok
PROBE-TSV	1	tar.bz2	entries	immediate	rename_folder	total	1	1231.052	0	753664	216512	100000	0	ok
PROBE-TSV	1	tar.bz2	entries	immediate	rename_folder	tree_build	1	59.836	0	0	216512	100000	0	ok
PROBE-TSV	1	tar.bz2	entries	immediate	rename_folder	updater_open	1	248.052	0	0	216512	100000	0	ok
PROBE-TSV	1	tar.bz2	entries	immediate	rename_folder	verification_open	1	357.046	0	0	216512	100000	0	ok
PROBE-PROGRESS	tar.bz2	entries	new_folder	4	2	70.422	422.321
PROBE-TSV	1	tar.bz2	entries	immediate	new_folder	capability_probe	1	177.695	0	0	216131	100000	0	ok
PROBE-TSV	1	tar.bz2	entries	immediate	new_folder	commit	1	8.003	0	229376	216131	100000	0	ok
PROBE-TSV	1	tar.bz2	entries	immediate	new_folder	display	1	3.006	0	0	216131	100000	0	ok
PROBE-TSV	1	tar.bz2	entries	immediate	new_folder	entry_comparison	1	60.557	0	0	216131	100000	0	ok
PROBE-TSV	1	tar.bz2	entries	immediate	new_folder	filter_compute	1	0.000	0	0	216131	100000	0	ok
PROBE-TSV	1	tar.bz2	entries	immediate	new_folder	mutate	1	70.376	0	0	216131	100000	0	ok
PROBE-TSV	1	tar.bz2	entries	immediate	new_folder	name_index_advance	1	12.282	0	0	216131	100000	0	ok
PROBE-TSV	1	tar.bz2	entries	immediate	new_folder	name_index_build	1	140.613	0	0	216131	100000	0	ok
PROBE-TSV	1	tar.bz2	entries	immediate	new_folder	password_verification	1	0.206	0	0	216131	100000	0	ok
PROBE-TSV	1	tar.bz2	entries	immediate	new_folder	plan_build	1	140.638	0	0	216131	100000	0	ok
PROBE-TSV	1	tar.bz2	entries	immediate	new_folder	plan_validation	1	11.087	0	0	216131	100000	0	ok
PROBE-TSV	1	tar.bz2	entries	immediate	new_folder	publish	1	0.781	0	0	216131	100000	0	ok
PROBE-TSV	1	tar.bz2	entries	immediate	new_folder	reader_adoption	1	0.005	0	0	216131	100000	0	ok
PROBE-TSV	1	tar.bz2	entries	immediate	new_folder	reload	1	190.637	0	0	216131	100000	0	ok
PROBE-TSV	1	tar.bz2	entries	immediate	new_folder	total	1	1166.762	0	241664	216131	100000	0	ok
PROBE-TSV	1	tar.bz2	entries	immediate	new_folder	tree_build	1	59.466	0	0	216131	100000	0	ok
PROBE-TSV	1	tar.bz2	entries	immediate	new_folder	updater_open	1	246.302	0	0	216131	100000	0	ok
PROBE-TSV	1	tar.bz2	entries	immediate	new_folder	verification_open	1	355.715	0	0	216131	100000	0	ok
PROBE-PROGRESS	tar.bz2	entries	add_file	6	3	64.251	419.557
PROBE-TSV	1	tar.bz2	entries	immediate	add_file	capability_probe	1	173.290	0	0	216136	100000	0	ok
PROBE-TSV	1	tar.bz2	entries	immediate	add_file	commit	1	6.298	0	229376	216136	100000	0	ok
PROBE-TSV	1	tar.bz2	entries	immediate	add_file	display	1	2.983	0	0	216136	100000	0	ok
PROBE-TSV	1	tar.bz2	entries	immediate	add_file	entry_comparison	1	60.264	0	0	216136	100000	0	ok
PROBE-TSV	1	tar.bz2	entries	immediate	add_file	filter_compute	1	0.000	0	0	216136	100000	0	ok
PROBE-TSV	1	tar.bz2	entries	immediate	add_file	mutate	1	64.378	0	0	216136	100000	0	ok
PROBE-TSV	1	tar.bz2	entries	immediate	add_file	name_index_advance	1	12.251	0	0	216136	100000	0	ok
PROBE-TSV	1	tar.bz2	entries	immediate	add_file	name_index_build	1	138.135	0	0	216136	100000	0	ok
PROBE-TSV	1	tar.bz2	entries	immediate	add_file	password_verification	1	0.212	0	0	216136	100000	0	ok
PROBE-TSV	1	tar.bz2	entries	immediate	add_file	plan_build	3	0.086	0	0	216136	100000	0	ok
PROBE-TSV	1	tar.bz2	entries	immediate	add_file	plan_validation	1	10.550	0	0	216136	100000	0	ok
PROBE-TSV	1	tar.bz2	entries	immediate	add_file	publish	1	0.840	0	0	216136	100000	0	ok
PROBE-TSV	1	tar.bz2	entries	immediate	add_file	reader_adoption	1	0.002	0	0	216136	100000	0	ok
PROBE-TSV	1	tar.bz2	entries	immediate	add_file	reload	1	186.176	0	0	216136	100000	0	ok
PROBE-TSV	1	tar.bz2	entries	immediate	add_file	total	1	1152.430	0	241664	216136	100000	0	ok
PROBE-TSV	1	tar.bz2	entries	immediate	add_file	tree_build	1	59.663	0	0	216136	100000	0	ok
PROBE-TSV	1	tar.bz2	entries	immediate	add_file	updater_open	1	249.116	0	0	216136	100000	0	ok
PROBE-TSV	1	tar.bz2	entries	immediate	add_file	verification_open	1	353.250	0	0	216136	100000	0	ok
PROBE-PROGRESS	tar.bz2	entries	replace_file	7	4	114.476	432.698
PROBE-TSV	1	tar.bz2	entries	immediate	replace_file	capability_probe	1	179.790	0	0	216102	100000	0	ok
PROBE-TSV	1	tar.bz2	entries	immediate	replace_file	commit	1	45.652	0	229376	216102	100000	0	ok
PROBE-TSV	1	tar.bz2	entries	immediate	replace_file	display	1	2.765	0	0	216102	100000	0	ok
PROBE-TSV	1	tar.bz2	entries	immediate	replace_file	entry_comparison	1	61.329	0	0	216102	100000	0	ok
PROBE-TSV	1	tar.bz2	entries	immediate	replace_file	filter_compute	1	0.000	0	0	216102	100000	0	ok
PROBE-TSV	1	tar.bz2	entries	immediate	replace_file	mutate	1	114.589	0	0	216102	100000	0	ok
PROBE-TSV	1	tar.bz2	entries	immediate	replace_file	name_index_advance	1	12.971	0	0	216102	100000	0	ok
PROBE-TSV	1	tar.bz2	entries	immediate	replace_file	name_index_build	1	141.362	0	0	216102	100000	0	ok
PROBE-TSV	1	tar.bz2	entries	immediate	replace_file	password_verification	1	0.196	0	0	216102	100000	0	ok
PROBE-TSV	1	tar.bz2	entries	immediate	replace_file	plan_build	4	2.369	0	0	216102	100000	0	ok
PROBE-TSV	1	tar.bz2	entries	immediate	replace_file	plan_validation	1	9.643	0	0	216102	100000	0	ok
PROBE-TSV	1	tar.bz2	entries	immediate	replace_file	publish	1	0.770	0	0	216102	100000	0	ok
PROBE-TSV	1	tar.bz2	entries	immediate	replace_file	reader_adoption	1	0.003	0	0	216102	100000	0	ok
PROBE-TSV	1	tar.bz2	entries	immediate	replace_file	reload	1	193.438	0	0	216102	100000	0	ok
PROBE-TSV	1	tar.bz2	entries	immediate	replace_file	total	1	1273.716	0	241664	216102	100000	0	ok
PROBE-TSV	1	tar.bz2	entries	immediate	replace_file	tree_build	1	62.938	0	0	216102	100000	0	ok
PROBE-TSV	1	tar.bz2	entries	immediate	replace_file	updater_open	1	249.283	0	0	216102	100000	0	ok
PROBE-TSV	1	tar.bz2	entries	immediate	replace_file	verification_open	1	364.994	0	0	216102	100000	0	ok
PROBE-TSV	1	tar.bz2	entries	deferred	five_changes_reserve_rename	display	1	3.189	0	0	216033	100000	0	ok
PROBE-TSV	1	tar.bz2	entries	deferred	five_changes_reserve_rename	filter_compute	1	0.001	0	0	216033	100000	0	ok
PROBE-TSV	1	tar.bz2	entries	deferred	five_changes_reserve_rename	password_verification	1	0.668	0	0	216033	100000	0	ok
PROBE-TSV	1	tar.bz2	entries	deferred	five_changes_reserve_rename	total	1	161.952	0	0	216033	100000	0	ok
PROBE-TSV	1	tar.bz2	entries	deferred	five_changes_reserve_rename	tree_build	1	72.309	0	0	216033	100000	0	ok
PROBE-TSV	1	tar.bz2	entries	deferred	five_changes_reserve_delete	display	1	3.119	0	0	216033	100000	0	ok
PROBE-TSV	1	tar.bz2	entries	deferred	five_changes_reserve_delete	filter_compute	1	0.001	0	0	216033	100000	0	ok
PROBE-TSV	1	tar.bz2	entries	deferred	five_changes_reserve_delete	password_verification	1	0.571	0	0	216033	100000	0	ok
PROBE-TSV	1	tar.bz2	entries	deferred	five_changes_reserve_delete	total	1	166.104	0	0	216033	100000	0	ok
PROBE-TSV	1	tar.bz2	entries	deferred	five_changes_reserve_delete	tree_build	1	68.066	0	0	216033	100000	0	ok
PROBE-TSV	1	tar.bz2	entries	deferred	five_changes_reserve_new_folder	display	1	2.935	0	0	216033	100000	0	ok
PROBE-TSV	1	tar.bz2	entries	deferred	five_changes_reserve_new_folder	filter_compute	1	0.001	0	0	216033	100000	0	ok
PROBE-TSV	1	tar.bz2	entries	deferred	five_changes_reserve_new_folder	password_verification	1	0.561	0	0	216033	100000	0	ok
PROBE-TSV	1	tar.bz2	entries	deferred	five_changes_reserve_new_folder	total	1	161.021	0	0	216033	100000	0	ok
PROBE-TSV	1	tar.bz2	entries	deferred	five_changes_reserve_new_folder	tree_build	1	65.676	0	0	216033	100000	0	ok
PROBE-TSV	1	tar.bz2	entries	deferred	five_changes_reserve_delete_folder	display	1	2.789	0	0	216033	100000	0	ok
PROBE-TSV	1	tar.bz2	entries	deferred	five_changes_reserve_delete_folder	filter_compute	1	0.000	0	0	216033	100000	0	ok
PROBE-TSV	1	tar.bz2	entries	deferred	five_changes_reserve_delete_folder	password_verification	1	0.571	0	0	216033	100000	0	ok
PROBE-TSV	1	tar.bz2	entries	deferred	five_changes_reserve_delete_folder	total	1	165.576	0	0	216033	100000	0	ok
PROBE-TSV	1	tar.bz2	entries	deferred	five_changes_reserve_delete_folder	tree_build	1	66.808	0	0	216033	100000	0	ok
PROBE-TSV	1	tar.bz2	entries	deferred	five_changes_reserve_add	display	1	3.156	0	0	216033	100000	0	ok
PROBE-TSV	1	tar.bz2	entries	deferred	five_changes_reserve_add	filter_compute	1	0.001	0	0	216033	100000	0	ok
PROBE-TSV	1	tar.bz2	entries	deferred	five_changes_reserve_add	password_verification	1	0.556	0	0	216033	100000	0	ok
PROBE-TSV	1	tar.bz2	entries	deferred	five_changes_reserve_add	plan_build	3	0.068	0	0	216033	100000	0	ok
PROBE-TSV	1	tar.bz2	entries	deferred	five_changes_reserve_add	total	1	160.219	0	4096	216033	100000	0	ok
PROBE-TSV	1	tar.bz2	entries	deferred	five_changes_reserve_add	tree_build	1	64.802	0	0	216033	100000	0	ok
PROBE-TSV	1	tar.bz2	entries	deferred	save_five_changes	capability_probe	1	179.718	0	0	214537	100000	0	ok
PROBE-TSV	1	tar.bz2	entries	deferred	save_five_changes	commit	1	40.028	0	229376	214537	100000	0	ok
PROBE-TSV	1	tar.bz2	entries	deferred	save_five_changes	display	1	3.186	0	0	214537	100000	0	ok
PROBE-TSV	1	tar.bz2	entries	deferred	save_five_changes	editing_install	1	0.008	0	0	214537	100000	0	ok
PROBE-TSV	1	tar.bz2	entries	deferred	save_five_changes	editing_prepare	1	24.690	0	0	214537	100000	0	ok
PROBE-TSV	1	tar.bz2	entries	deferred	save_five_changes	entry_comparison	1	63.266	0	0	214537	100000	0	ok
PROBE-TSV	1	tar.bz2	entries	deferred	save_five_changes	filter_compute	2	0.001	0	0	214537	100000	0	ok
PROBE-TSV	1	tar.bz2	entries	deferred	save_five_changes	name_index_advance	1	16.714	0	0	214537	100000	0	ok
PROBE-TSV	1	tar.bz2	entries	deferred	save_five_changes	password_verification	1	0.556	0	0	214537	100000	0	ok
PROBE-TSV	1	tar.bz2	entries	deferred	save_five_changes	publish	1	1.025	0	0	214537	100000	0	ok
PROBE-TSV	1	tar.bz2	entries	deferred	save_five_changes	reader_adoption	1	0.004	0	0	214537	100000	0	ok
PROBE-TSV	1	tar.bz2	entries	deferred	save_five_changes	reload	1	197.198	0	0	214537	100000	0	ok
PROBE-TSV	1	tar.bz2	entries	deferred	save_five_changes	replay	1	131.142	4096	0	214537	100000	0	ok
PROBE-TSV	1	tar.bz2	entries	deferred	save_five_changes	replay_plan	1	25.637	0	0	214537	100000	0	ok
PROBE-TSV	1	tar.bz2	entries	deferred	save_five_changes	representability_differential	1	0.810	0	0	214537	100000	0	ok
PROBE-TSV	1	tar.bz2	entries	deferred	save_five_changes	save_sheet	1	1529.271	4096	253952	214537	100000	0	ok
PROBE-TSV	1	tar.bz2	entries	deferred	save_five_changes	total	1	1554.334	4096	253952	214537	100000	0	ok
PROBE-TSV	1	tar.bz2	entries	deferred	save_five_changes	tree_build	1	68.553	0	0	214537	100000	0	ok
PROBE-TSV	1	tar.bz2	entries	deferred	save_five_changes	updater_open	1	252.713	0	0	214537	100000	0	ok
PROBE-TSV	1	tar.bz2	entries	deferred	save_five_changes	verification_open	1	378.698	0	0	214537	100000	0	ok
PROBE-TSV	1	tar.bz2	entries	deferred	rename_only_reserve_rename	display	1	2.852	0	0	216033	100000	0	ok
PROBE-TSV	1	tar.bz2	entries	deferred	rename_only_reserve_rename	filter_compute	1	0.001	0	0	216033	100000	0	ok
PROBE-TSV	1	tar.bz2	entries	deferred	rename_only_reserve_rename	password_verification	1	0.577	0	0	216033	100000	0	ok
PROBE-TSV	1	tar.bz2	entries	deferred	rename_only_reserve_rename	total	1	151.418	0	0	216033	100000	0	ok
PROBE-TSV	1	tar.bz2	entries	deferred	rename_only_reserve_rename	tree_build	1	63.426	0	0	216033	100000	0	ok
PROBE-TSV	1	tar.bz2	entries	deferred	save_rename_only	capability_probe	1	184.244	0	0	216040	100000	0	ok
PROBE-TSV	1	tar.bz2	entries	deferred	save_rename_only	commit	1	45.750	0	229376	216040	100000	0	ok
PROBE-TSV	1	tar.bz2	entries	deferred	save_rename_only	display	1	2.873	0	0	216040	100000	0	ok
PROBE-TSV	1	tar.bz2	entries	deferred	save_rename_only	editing_install	1	0.006	0	0	216040	100000	0	ok
PROBE-TSV	1	tar.bz2	entries	deferred	save_rename_only	editing_prepare	1	26.544	0	0	216040	100000	0	ok
PROBE-TSV	1	tar.bz2	entries	deferred	save_rename_only	entry_comparison	1	65.310	0	0	216040	100000	0	ok
PROBE-TSV	1	tar.bz2	entries	deferred	save_rename_only	filter_compute	2	0.001	0	0	216040	100000	0	ok
PROBE-TSV	1	tar.bz2	entries	deferred	save_rename_only	name_index_advance	1	14.220	0	0	216040	100000	0	ok
PROBE-TSV	1	tar.bz2	entries	deferred	save_rename_only	password_verification	1	0.573	0	0	216040	100000	0	ok
PROBE-TSV	1	tar.bz2	entries	deferred	save_rename_only	publish	1	0.401	0	0	216040	100000	0	ok
PROBE-TSV	1	tar.bz2	entries	deferred	save_rename_only	reader_adoption	1	0.003	0	0	216040	100000	0	ok
PROBE-TSV	1	tar.bz2	entries	deferred	save_rename_only	reload	1	199.222	0	0	216040	100000	0	ok
PROBE-TSV	1	tar.bz2	entries	deferred	save_rename_only	replay	1	61.646	0	0	216040	100000	0	ok
PROBE-TSV	1	tar.bz2	entries	deferred	save_rename_only	replay_plan	1	22.949	0	0	216040	100000	0	ok
PROBE-TSV	1	tar.bz2	entries	deferred	save_rename_only	representability_differential	1	0.025	0	0	216040	100000	0	ok
PROBE-TSV	1	tar.bz2	entries	deferred	save_rename_only	save_sheet	1	1447.364	0	241664	216040	100000	0	ok
PROBE-TSV	1	tar.bz2	entries	deferred	save_rename_only	total	1	1474.262	0	241664	216040	100000	0	ok
PROBE-TSV	1	tar.bz2	entries	deferred	save_rename_only	tree_build	1	70.037	0	0	216040	100000	0	ok
PROBE-TSV	1	tar.bz2	entries	deferred	save_rename_only	updater_open	1	252.521	0	0	216040	100000	0	ok
PROBE-TSV	1	tar.bz2	entries	deferred	save_rename_only	verification_open	1	379.687	0	0	216040	100000	0	ok
PROBE-PROGRESS	tar.bz2	payload	delete_start	35	33	1.394	17.201
PROBE-TSV	1	tar.bz2	payload	immediate	delete_start	capability_probe	1	2.037	0	0	141441409	1064	256	ok
PROBE-TSV	1	tar.bz2	payload	immediate	delete_start	commit	1	21.706	0	141455360	141441409	1064	256	ok
PROBE-TSV	1	tar.bz2	payload	immediate	delete_start	display	1	1.234	0	0	141441409	1064	256	ok
PROBE-TSV	1	tar.bz2	payload	immediate	delete_start	entry_comparison	1	0.631	0	0	141441409	1064	256	ok
PROBE-TSV	1	tar.bz2	payload	immediate	delete_start	filter_compute	1	0.000	0	0	141441409	1064	256	ok
PROBE-TSV	1	tar.bz2	payload	immediate	delete_start	mutate	1	0.658	0	0	141441409	1064	256	ok
PROBE-TSV	1	tar.bz2	payload	immediate	delete_start	password_verification	1	0.032	0	0	141441409	1064	256	ok
PROBE-TSV	1	tar.bz2	payload	immediate	delete_start	plan_build	1	0.012	0	0	141441409	1064	256	ok
PROBE-TSV	1	tar.bz2	payload	immediate	delete_start	plan_validation	1	0.101	0	0	141441409	1064	256	ok
PROBE-TSV	1	tar.bz2	payload	immediate	delete_start	publish	1	0.791	0	0	141441409	1064	256	ok
PROBE-TSV	1	tar.bz2	payload	immediate	delete_start	reader_adoption	1	0.002	0	0	141441409	1064	256	ok
PROBE-TSV	1	tar.bz2	payload	immediate	delete_start	reload	1	2.241	0	0	141441409	1064	256	ok
PROBE-TSV	1	tar.bz2	payload	immediate	delete_start	total	1	50.856	0	141467648	141441409	1064	256	ok
PROBE-TSV	1	tar.bz2	payload	immediate	delete_start	tree_build	1	0.583	0	0	141441409	1064	256	ok
PROBE-TSV	1	tar.bz2	payload	immediate	delete_start	updater_open	1	2.935	0	0	141441409	1064	256	ok
PROBE-TSV	1	tar.bz2	payload	immediate	delete_start	verification_open	1	15.221	0	0	141441409	1064	256	ok
PROBE-PROGRESS	tar.bz2	payload	delete_end	36	34	5.557	17.462
PROBE-TSV	1	tar.bz2	payload	immediate	delete_end	capability_probe	1	2.090	0	0	143017260	1064	256	ok
PROBE-TSV	1	tar.bz2	payload	immediate	delete_end	commit	1	27.199	0	143028224	143017260	1064	256	ok
PROBE-TSV	1	tar.bz2	payload	immediate	delete_end	display	1	1.275	0	0	143017260	1064	256	ok
PROBE-TSV	1	tar.bz2	payload	immediate	delete_end	entry_comparison	1	0.653	0	0	143017260	1064	256	ok
PROBE-TSV	1	tar.bz2	payload	immediate	delete_end	filter_compute	1	0.000	0	0	143017260	1064	256	ok
PROBE-TSV	1	tar.bz2	payload	immediate	delete_end	mutate	1	0.654	0	0	143017260	1064	256	ok
PROBE-TSV	1	tar.bz2	payload	immediate	delete_end	password_verification	1	0.029	0	0	143017260	1064	256	ok
PROBE-TSV	1	tar.bz2	payload	immediate	delete_end	plan_build	1	0.015	0	0	143017260	1064	256	ok
PROBE-TSV	1	tar.bz2	payload	immediate	delete_end	plan_validation	1	0.099	0	0	143017260	1064	256	ok
PROBE-TSV	1	tar.bz2	payload	immediate	delete_end	publish	1	0.821	0	0	143017260	1064	256	ok
PROBE-TSV	1	tar.bz2	payload	immediate	delete_end	reader_adoption	1	0.002	0	0	143017260	1064	256	ok
PROBE-TSV	1	tar.bz2	payload	immediate	delete_end	reload	1	2.295	0	0	143017260	1064	256	ok
PROBE-TSV	1	tar.bz2	payload	immediate	delete_end	total	1	55.732	0	143040512	143017260	1064	256	ok
PROBE-TSV	1	tar.bz2	payload	immediate	delete_end	tree_build	1	0.588	0	0	143017260	1064	256	ok
PROBE-TSV	1	tar.bz2	payload	immediate	delete_end	updater_open	1	2.852	0	0	143017260	1064	256	ok
PROBE-TSV	1	tar.bz2	payload	immediate	delete_end	verification_open	1	15.460	0	0	143017260	1064	256	ok
PROBE-PROGRESS	tar.bz2	payload	rename_same_length	36	34	204.323	109.173
PROBE-TSV	1	tar.bz2	payload	immediate	rename_same_length	capability_probe	1	2.008	0	0	143017179	1064	256	ok
PROBE-TSV	1	tar.bz2	payload	immediate	rename_same_length	commit	1	317.374	0	143028224	143017179	1064	256	ok
PROBE-TSV	1	tar.bz2	payload	immediate	rename_same_length	display	1	1.234	0	0	143017179	1064	256	ok
PROBE-TSV	1	tar.bz2	payload	immediate	rename_same_length	entry_comparison	1	0.638	0	0	143017179	1064	256	ok
PROBE-TSV	1	tar.bz2	payload	immediate	rename_same_length	filter_compute	1	0.000	0	0	143017179	1064	256	ok
PROBE-TSV	1	tar.bz2	payload	immediate	rename_same_length	mutate	1	0.752	0	0	143017179	1064	256	ok
PROBE-TSV	1	tar.bz2	payload	immediate	rename_same_length	name_index_advance	1	0.140	0	0	143017179	1064	256	ok
PROBE-TSV	1	tar.bz2	payload	immediate	rename_same_length	name_index_build	1	1.431	0	0	143017179	1064	256	ok
PROBE-TSV	1	tar.bz2	payload	immediate	rename_same_length	password_verification	1	0.033	0	0	143017179	1064	256	ok
PROBE-TSV	1	tar.bz2	payload	immediate	rename_same_length	plan_build	1	0.018	0	0	143017179	1064	256	ok
PROBE-TSV	1	tar.bz2	payload	immediate	rename_same_length	plan_validation	1	0.203	0	0	143017179	1064	256	ok
PROBE-TSV	1	tar.bz2	payload	immediate	rename_same_length	publish	1	0.871	0	0	143017179	1064	256	ok
PROBE-TSV	1	tar.bz2	payload	immediate	rename_same_length	reader_adoption	1	0.002	0	0	143017179	1064	256	ok
PROBE-TSV	1	tar.bz2	payload	immediate	rename_same_length	reload	1	2.346	0	0	143017179	1064	256	ok
PROBE-TSV	1	tar.bz2	payload	immediate	rename_same_length	total	1	439.317	0	143040512	143017179	1064	256	ok
PROBE-TSV	1	tar.bz2	payload	immediate	rename_same_length	tree_build	1	0.584	0	0	143017179	1064	256	ok
PROBE-TSV	1	tar.bz2	payload	immediate	rename_same_length	updater_open	1	2.973	0	0	143017179	1064	256	ok
PROBE-TSV	1	tar.bz2	payload	immediate	rename_same_length	verification_open	1	106.807	0	0	143017179	1064	256	ok
PROBE-PROGRESS	tar.bz2	payload	rename_different_length	36	34	203.961	110.420
PROBE-TSV	1	tar.bz2	payload	immediate	rename_different_length	capability_probe	1	2.001	0	0	143017498	1064	256	ok
PROBE-TSV	1	tar.bz2	payload	immediate	rename_different_length	commit	1	317.881	0	143028224	143017498	1064	256	ok
PROBE-TSV	1	tar.bz2	payload	immediate	rename_different_length	display	1	1.182	0	0	143017498	1064	256	ok
PROBE-TSV	1	tar.bz2	payload	immediate	rename_different_length	entry_comparison	1	0.622	0	0	143017498	1064	256	ok
PROBE-TSV	1	tar.bz2	payload	immediate	rename_different_length	filter_compute	1	0.000	0	0	143017498	1064	256	ok
PROBE-TSV	1	tar.bz2	payload	immediate	rename_different_length	mutate	1	0.796	0	0	143017498	1064	256	ok
PROBE-TSV	1	tar.bz2	payload	immediate	rename_different_length	name_index_advance	1	0.137	0	0	143017498	1064	256	ok
PROBE-TSV	1	tar.bz2	payload	immediate	rename_different_length	name_index_build	1	1.523	0	0	143017498	1064	256	ok
PROBE-TSV	1	tar.bz2	payload	immediate	rename_different_length	password_verification	1	0.030	0	0	143017498	1064	256	ok
PROBE-TSV	1	tar.bz2	payload	immediate	rename_different_length	plan_build	1	0.020	0	0	143017498	1064	256	ok
PROBE-TSV	1	tar.bz2	payload	immediate	rename_different_length	plan_validation	1	0.253	0	0	143017498	1064	256	ok
PROBE-TSV	1	tar.bz2	payload	immediate	rename_different_length	publish	1	0.839	0	0	143017498	1064	256	ok
PROBE-TSV	1	tar.bz2	payload	immediate	rename_different_length	reader_adoption	1	0.002	0	0	143017498	1064	256	ok
PROBE-TSV	1	tar.bz2	payload	immediate	rename_different_length	reload	1	2.364	0	0	143017498	1064	256	ok
PROBE-TSV	1	tar.bz2	payload	immediate	rename_different_length	total	1	441.334	0	143040512	143017498	1064	256	ok
PROBE-TSV	1	tar.bz2	payload	immediate	rename_different_length	tree_build	1	0.579	0	0	143017498	1064	256	ok
PROBE-TSV	1	tar.bz2	payload	immediate	rename_different_length	updater_open	1	2.988	0	0	143017498	1064	256	ok
PROBE-TSV	1	tar.bz2	payload	immediate	rename_different_length	verification_open	1	108.026	0	0	143017498	1064	256	ok
PROBE-PROGRESS	tar.bz2	payload	rename_folder	100	98	1815.794	6535.294
PROBE-TSV	1	tar.bz2	payload	immediate	rename_folder	capability_probe	1	2.117	0	0	143026033	1064	256	ok
PROBE-TSV	1	tar.bz2	payload	immediate	rename_folder	commit	1	3507.225	0	143065088	143026033	1064	256	ok
PROBE-TSV	1	tar.bz2	payload	immediate	rename_folder	display	1	1.281	0	0	143026033	1064	256	ok
PROBE-TSV	1	tar.bz2	payload	immediate	rename_folder	entry_comparison	1	0.636	0	0	143026033	1064	256	ok
PROBE-TSV	1	tar.bz2	payload	immediate	rename_folder	filter_compute	1	0.000	0	0	143026033	1064	256	ok
PROBE-TSV	1	tar.bz2	payload	immediate	rename_folder	mutate	1	0.964	0	0	143026033	1064	256	ok
PROBE-TSV	1	tar.bz2	payload	immediate	rename_folder	name_index_advance	1	0.395	0	0	143026033	1064	256	ok
PROBE-TSV	1	tar.bz2	payload	immediate	rename_folder	name_index_build	1	1.517	0	0	143026033	1064	256	ok
PROBE-TSV	1	tar.bz2	payload	immediate	rename_folder	password_verification	1	0.034	0	0	143026033	1064	256	ok
PROBE-TSV	1	tar.bz2	payload	immediate	rename_folder	plan_build	1	0.384	0	0	143026033	1064	256	ok
PROBE-TSV	1	tar.bz2	payload	immediate	rename_folder	plan_validation	1	0.273	0	0	143026033	1064	256	ok
PROBE-TSV	1	tar.bz2	payload	immediate	rename_folder	publish	1	0.851	0	0	143026033	1064	256	ok
PROBE-TSV	1	tar.bz2	payload	immediate	rename_folder	reader_adoption	1	0.002	0	0	143026033	1064	256	ok
PROBE-TSV	1	tar.bz2	payload	immediate	rename_folder	reload	1	2.709	0	0	143026033	1064	256	ok
PROBE-TSV	1	tar.bz2	payload	immediate	rename_folder	total	1	10057.199	0	403124224	143026033	1064	256	ok
PROBE-TSV	1	tar.bz2	payload	immediate	rename_folder	tree_build	1	0.619	0	0	143026033	1064	256	ok
PROBE-TSV	1	tar.bz2	payload	immediate	rename_folder	updater_open	1	2.857	0	0	143026033	1064	256	ok
PROBE-TSV	1	tar.bz2	payload	immediate	rename_folder	verification_open	1	6532.850	0	260046848	143026033	1064	256	ok
PROBE-PROGRESS	tar.bz2	payload	new_folder	36	34	1.128	17.484
PROBE-TSV	1	tar.bz2	payload	immediate	new_folder	capability_probe	1	2.281	0	0	143017338	1064	256	ok
PROBE-TSV	1	tar.bz2	payload	immediate	new_folder	commit	1	21.679	0	143024128	143017338	1064	256	ok
PROBE-TSV	1	tar.bz2	payload	immediate	new_folder	display	1	1.268	0	0	143017338	1064	256	ok
PROBE-TSV	1	tar.bz2	payload	immediate	new_folder	entry_comparison	1	0.745	0	0	143017338	1064	256	ok
PROBE-TSV	1	tar.bz2	payload	immediate	new_folder	filter_compute	1	0.000	0	0	143017338	1064	256	ok
PROBE-TSV	1	tar.bz2	payload	immediate	new_folder	mutate	1	0.825	0	0	143017338	1064	256	ok
PROBE-TSV	1	tar.bz2	payload	immediate	new_folder	name_index_advance	1	0.148	0	0	143017338	1064	256	ok
PROBE-TSV	1	tar.bz2	payload	immediate	new_folder	name_index_build	1	1.613	0	0	143017338	1064	256	ok
PROBE-TSV	1	tar.bz2	payload	immediate	new_folder	password_verification	1	0.028	0	0	143017338	1064	256	ok
PROBE-TSV	1	tar.bz2	payload	immediate	new_folder	plan_build	1	1.629	0	0	143017338	1064	256	ok
PROBE-TSV	1	tar.bz2	payload	immediate	new_folder	plan_validation	1	0.097	0	0	143017338	1064	256	ok
PROBE-TSV	1	tar.bz2	payload	immediate	new_folder	publish	1	0.863	0	0	143017338	1064	256	ok
PROBE-TSV	1	tar.bz2	payload	immediate	new_folder	reader_adoption	1	0.002	0	0	143017338	1064	256	ok
PROBE-TSV	1	tar.bz2	payload	immediate	new_folder	reload	1	2.648	0	0	143017338	1064	256	ok
PROBE-TSV	1	tar.bz2	payload	immediate	new_folder	total	1	52.325	0	143036416	143017338	1064	256	ok
PROBE-TSV	1	tar.bz2	payload	immediate	new_folder	tree_build	1	0.612	0	0	143017338	1064	256	ok
PROBE-TSV	1	tar.bz2	payload	immediate	new_folder	updater_open	1	2.946	0	0	143017338	1064	256	ok
PROBE-TSV	1	tar.bz2	payload	immediate	new_folder	verification_open	1	15.339	0	0	143017338	1064	256	ok
PROBE-PROGRESS	tar.bz2	payload	add_file	38	35	1.153	17.495
PROBE-TSV	1	tar.bz2	payload	immediate	add_file	capability_probe	1	2.035	0	0	143017343	1064	256	ok
PROBE-TSV	1	tar.bz2	payload	immediate	add_file	commit	1	21.650	0	143024128	143017343	1064	256	ok
PROBE-TSV	1	tar.bz2	payload	immediate	add_file	display	1	1.257	0	0	143017343	1064	256	ok
PROBE-TSV	1	tar.bz2	payload	immediate	add_file	entry_comparison	1	0.630	0	0	143017343	1064	256	ok
PROBE-TSV	1	tar.bz2	payload	immediate	add_file	filter_compute	1	0.000	0	0	143017343	1064	256	ok
PROBE-TSV	1	tar.bz2	payload	immediate	add_file	mutate	1	0.898	0	0	143017343	1064	256	ok
PROBE-TSV	1	tar.bz2	payload	immediate	add_file	name_index_advance	1	0.118	0	0	143017343	1064	256	ok
PROBE-TSV	1	tar.bz2	payload	immediate	add_file	name_index_build	1	1.439	0	0	143017343	1064	256	ok
PROBE-TSV	1	tar.bz2	payload	immediate	add_file	password_verification	1	0.034	0	0	143017343	1064	256	ok
PROBE-TSV	1	tar.bz2	payload	immediate	add_file	plan_build	3	0.040	0	0	143017343	1064	256	ok
PROBE-TSV	1	tar.bz2	payload	immediate	add_file	plan_validation	1	0.100	0	0	143017343	1064	256	ok
PROBE-TSV	1	tar.bz2	payload	immediate	add_file	publish	1	0.802	0	0	143017343	1064	256	ok
PROBE-TSV	1	tar.bz2	payload	immediate	add_file	reader_adoption	1	0.002	0	0	143017343	1064	256	ok
PROBE-TSV	1	tar.bz2	payload	immediate	add_file	reload	1	2.347	0	0	143017343	1064	256	ok
PROBE-TSV	1	tar.bz2	payload	immediate	add_file	total	1	52.693	0	143036416	143017343	1064	256	ok
PROBE-TSV	1	tar.bz2	payload	immediate	add_file	tree_build	1	0.584	0	0	143017343	1064	256	ok
PROBE-TSV	1	tar.bz2	payload	immediate	add_file	updater_open	1	2.838	0	0	143017343	1064	256	ok
PROBE-TSV	1	tar.bz2	payload	immediate	add_file	verification_open	1	15.491	0	0	143017343	1064	256	ok
PROBE-PROGRESS	tar.bz2	payload	replace_file	37	34	1.398	17.335
PROBE-TSV	1	tar.bz2	payload	immediate	replace_file	capability_probe	1	2.380	0	0	141441520	1064	256	ok
PROBE-TSV	1	tar.bz2	payload	immediate	replace_file	commit	1	21.809	0	141455360	141441520	1064	256	ok
PROBE-TSV	1	tar.bz2	payload	immediate	replace_file	display	1	1.231	0	0	141441520	1064	256	ok
PROBE-TSV	1	tar.bz2	payload	immediate	replace_file	entry_comparison	1	0.682	0	0	141441520	1064	256	ok
PROBE-TSV	1	tar.bz2	payload	immediate	replace_file	filter_compute	1	0.000	0	0	141441520	1064	256	ok
PROBE-TSV	1	tar.bz2	payload	immediate	replace_file	mutate	1	1.460	0	0	141441520	1064	256	ok
PROBE-TSV	1	tar.bz2	payload	immediate	replace_file	name_index_advance	1	0.153	0	0	141441520	1064	256	ok
PROBE-TSV	1	tar.bz2	payload	immediate	replace_file	name_index_build	1	1.634	0	0	141441520	1064	256	ok
PROBE-TSV	1	tar.bz2	payload	immediate	replace_file	password_verification	1	0.031	0	0	141441520	1064	256	ok
PROBE-TSV	1	tar.bz2	payload	immediate	replace_file	plan_build	4	0.084	0	0	141441520	1064	256	ok
PROBE-TSV	1	tar.bz2	payload	immediate	replace_file	plan_validation	1	0.102	0	0	141441520	1064	256	ok
PROBE-TSV	1	tar.bz2	payload	immediate	replace_file	publish	1	0.814	0	0	141441520	1064	256	ok
PROBE-TSV	1	tar.bz2	payload	immediate	replace_file	reader_adoption	1	0.002	0	0	141441520	1064	256	ok
PROBE-TSV	1	tar.bz2	payload	immediate	replace_file	reload	1	2.790	0	0	141441520	1064	256	ok
PROBE-TSV	1	tar.bz2	payload	immediate	replace_file	total	1	54.567	0	141467648	141441520	1064	256	ok
PROBE-TSV	1	tar.bz2	payload	immediate	replace_file	tree_build	1	0.702	0	0	141441520	1064	256	ok
PROBE-TSV	1	tar.bz2	payload	immediate	replace_file	updater_open	1	3.014	0	0	141441520	1064	256	ok
PROBE-TSV	1	tar.bz2	payload	immediate	replace_file	verification_open	1	15.286	0	0	141441520	1064	256	ok
PROBE-TSV	1	tar.bz2	payload	deferred	five_changes_reserve_rename	display	1	1.230	0	0	143017241	1064	256	ok
PROBE-TSV	1	tar.bz2	payload	deferred	five_changes_reserve_rename	filter_compute	1	0.000	0	0	143017241	1064	256	ok
PROBE-TSV	1	tar.bz2	payload	deferred	five_changes_reserve_rename	password_verification	1	0.030	0	0	143017241	1064	256	ok
PROBE-TSV	1	tar.bz2	payload	deferred	five_changes_reserve_rename	total	1	5.912	0	0	143017241	1064	256	ok
PROBE-TSV	1	tar.bz2	payload	deferred	five_changes_reserve_rename	tree_build	1	0.694	0	0	143017241	1064	256	ok
PROBE-TSV	1	tar.bz2	payload	deferred	five_changes_reserve_delete	display	1	0.498	0	0	143017241	1064	256	ok
PROBE-TSV	1	tar.bz2	payload	deferred	five_changes_reserve_delete	filter_compute	1	0.000	0	0	143017241	1064	256	ok
PROBE-TSV	1	tar.bz2	payload	deferred	five_changes_reserve_delete	password_verification	1	0.033	0	0	143017241	1064	256	ok
PROBE-TSV	1	tar.bz2	payload	deferred	five_changes_reserve_delete	total	1	21.668	0	0	143017241	1064	256	ok
PROBE-TSV	1	tar.bz2	payload	deferred	five_changes_reserve_delete	tree_build	1	0.598	0	0	143017241	1064	256	ok
PROBE-TSV	1	tar.bz2	payload	deferred	five_changes_reserve_new_folder	display	1	1.107	0	0	143017241	1064	256	ok
PROBE-TSV	1	tar.bz2	payload	deferred	five_changes_reserve_new_folder	filter_compute	1	0.000	0	0	143017241	1064	256	ok
PROBE-TSV	1	tar.bz2	payload	deferred	five_changes_reserve_new_folder	password_verification	1	0.029	0	0	143017241	1064	256	ok
PROBE-TSV	1	tar.bz2	payload	deferred	five_changes_reserve_new_folder	total	1	5.740	0	0	143017241	1064	256	ok
PROBE-TSV	1	tar.bz2	payload	deferred	five_changes_reserve_new_folder	tree_build	1	0.620	0	0	143017241	1064	256	ok
PROBE-TSV	1	tar.bz2	payload	deferred	five_changes_reserve_delete_folder	display	1	1.443	0	0	143017241	1064	256	ok
PROBE-TSV	1	tar.bz2	payload	deferred	five_changes_reserve_delete_folder	filter_compute	1	0.000	0	0	143017241	1064	256	ok
PROBE-TSV	1	tar.bz2	payload	deferred	five_changes_reserve_delete_folder	password_verification	1	0.029	0	0	143017241	1064	256	ok
PROBE-TSV	1	tar.bz2	payload	deferred	five_changes_reserve_delete_folder	total	1	48.464	0	0	143017241	1064	256	ok
PROBE-TSV	1	tar.bz2	payload	deferred	five_changes_reserve_delete_folder	tree_build	1	0.051	0	0	143017241	1064	256	ok
PROBE-TSV	1	tar.bz2	payload	deferred	five_changes_reserve_add	display	1	1.136	0	0	143017241	1064	256	ok
PROBE-TSV	1	tar.bz2	payload	deferred	five_changes_reserve_add	filter_compute	1	0.000	0	0	143017241	1064	256	ok
PROBE-TSV	1	tar.bz2	payload	deferred	five_changes_reserve_add	password_verification	1	0.027	0	0	143017241	1064	256	ok
PROBE-TSV	1	tar.bz2	payload	deferred	five_changes_reserve_add	plan_build	3	0.062	0	0	143017241	1064	256	ok
PROBE-TSV	1	tar.bz2	payload	deferred	five_changes_reserve_add	total	1	29.464	0	4096	143017241	1064	256	ok
PROBE-TSV	1	tar.bz2	payload	deferred	five_changes_reserve_add	tree_build	1	0.048	0	0	143017241	1064	256	ok
PROBE-TSV	1	tar.bz2	payload	deferred	save_five_changes	capability_probe	1	0.325	0	0	143013854	1064	256	ok
PROBE-TSV	1	tar.bz2	payload	deferred	save_five_changes	commit	1	426.279	0	143020032	143013854	1064	256	ok
PROBE-TSV	1	tar.bz2	payload	deferred	save_five_changes	display	1	1.700	0	0	143013854	1064	256	ok
PROBE-TSV	1	tar.bz2	payload	deferred	save_five_changes	editing_install	1	0.005	0	0	143013854	1064	256	ok
PROBE-TSV	1	tar.bz2	payload	deferred	save_five_changes	editing_prepare	1	0.162	0	0	143013854	1064	256	ok
PROBE-TSV	1	tar.bz2	payload	deferred	save_five_changes	entry_comparison	1	0.040	0	0	143013854	1064	256	ok
PROBE-TSV	1	tar.bz2	payload	deferred	save_five_changes	filter_compute	2	0.001	0	0	143013854	1064	256	ok
PROBE-TSV	1	tar.bz2	payload	deferred	save_five_changes	name_index_advance	1	0.868	0	0	143013854	1064	256	ok
PROBE-TSV	1	tar.bz2	payload	deferred	save_five_changes	password_verification	1	0.025	0	0	143013854	1064	256	ok
PROBE-TSV	1	tar.bz2	payload	deferred	save_five_changes	publish	1	0.888	0	0	143013854	1064	256	ok
PROBE-TSV	1	tar.bz2	payload	deferred	save_five_changes	reader_adoption	1	0.002	0	0	143013854	1064	256	ok
PROBE-TSV	1	tar.bz2	payload	deferred	save_five_changes	reload	1	2.720	0	0	143013854	1064	256	ok
PROBE-TSV	1	tar.bz2	payload	deferred	save_five_changes	replay	1	2.282	4096	0	143013854	1064	256	ok
PROBE-TSV	1	tar.bz2	payload	deferred	save_five_changes	replay_plan	1	1.670	0	0	143013854	1064	256	ok
PROBE-TSV	1	tar.bz2	payload	deferred	save_five_changes	representability_differential	1	0.758	0	0	143013854	1064	256	ok
PROBE-TSV	1	tar.bz2	payload	deferred	save_five_changes	save_sheet	1	1143.749	45056	143044608	143013854	1064	256	ok
PROBE-TSV	1	tar.bz2	payload	deferred	save_five_changes	total	1	1144.156	45056	143044608	143013854	1064	256	ok
PROBE-TSV	1	tar.bz2	payload	deferred	save_five_changes	tree_build	1	0.064	0	0	143013854	1064	256	ok
PROBE-TSV	1	tar.bz2	payload	deferred	save_five_changes	updater_open	1	3.110	0	0	143013854	1064	256	ok
PROBE-TSV	1	tar.bz2	payload	deferred	save_five_changes	verification_open	1	144.108	0	0	143013854	1064	256	ok
PROBE-TSV	1	tar.bz2	payload	deferred	rename_only_reserve_rename	display	1	1.169	0	0	143017241	1064	256	ok
PROBE-TSV	1	tar.bz2	payload	deferred	rename_only_reserve_rename	filter_compute	1	0.000	0	0	143017241	1064	256	ok
PROBE-TSV	1	tar.bz2	payload	deferred	rename_only_reserve_rename	password_verification	1	0.031	0	0	143017241	1064	256	ok
PROBE-TSV	1	tar.bz2	payload	deferred	rename_only_reserve_rename	total	1	23.959	0	0	143017241	1064	256	ok
PROBE-TSV	1	tar.bz2	payload	deferred	rename_only_reserve_rename	tree_build	1	0.598	0	0	143017241	1064	256	ok
PROBE-TSV	1	tar.bz2	payload	deferred	save_rename_only	capability_probe	1	2.243	0	0	143017786	1064	256	ok
PROBE-TSV	1	tar.bz2	payload	deferred	save_rename_only	commit	1	319.549	0	143028224	143017786	1064	256	ok
PROBE-TSV	1	tar.bz2	payload	deferred	save_rename_only	display	1	1.175	0	0	143017786	1064	256	ok
PROBE-TSV	1	tar.bz2	payload	deferred	save_rename_only	editing_install	1	0.007	0	0	143017786	1064	256	ok
PROBE-TSV	1	tar.bz2	payload	deferred	save_rename_only	editing_prepare	1	0.334	0	0	143017786	1064	256	ok
PROBE-TSV	1	tar.bz2	payload	deferred	save_rename_only	entry_comparison	1	0.687	0	0	143017786	1064	256	ok
PROBE-TSV	1	tar.bz2	payload	deferred	save_rename_only	filter_compute	2	0.001	0	0	143017786	1064	256	ok
PROBE-TSV	1	tar.bz2	payload	deferred	save_rename_only	name_index_advance	1	0.139	0	0	143017786	1064	256	ok
PROBE-TSV	1	tar.bz2	payload	deferred	save_rename_only	password_verification	1	0.030	0	0	143017786	1064	256	ok
PROBE-TSV	1	tar.bz2	payload	deferred	save_rename_only	publish	1	0.412	0	0	143017786	1064	256	ok
PROBE-TSV	1	tar.bz2	payload	deferred	save_rename_only	reader_adoption	1	0.002	0	0	143017786	1064	256	ok
PROBE-TSV	1	tar.bz2	payload	deferred	save_rename_only	reload	1	3.828	0	0	143017786	1064	256	ok
PROBE-TSV	1	tar.bz2	payload	deferred	save_rename_only	replay	1	0.670	0	0	143017786	1064	256	ok
PROBE-TSV	1	tar.bz2	payload	deferred	save_rename_only	replay_plan	1	0.257	0	0	143017786	1064	256	ok
PROBE-TSV	1	tar.bz2	payload	deferred	save_rename_only	representability_differential	1	0.019	0	0	143017786	1064	256	ok
PROBE-TSV	1	tar.bz2	payload	deferred	save_rename_only	save_sheet	1	478.803	0	143040512	143017786	1064	256	ok
PROBE-TSV	1	tar.bz2	payload	deferred	save_rename_only	total	1	479.472	0	143040512	143017786	1064	256	ok
PROBE-TSV	1	tar.bz2	payload	deferred	save_rename_only	tree_build	1	0.636	0	0	143017786	1064	256	ok
PROBE-TSV	1	tar.bz2	payload	deferred	save_rename_only	updater_open	1	2.950	0	0	143017786	1064	256	ok
PROBE-TSV	1	tar.bz2	payload	deferred	save_rename_only	verification_open	1	107.672	0	0	143017786	1064	256	ok
PROBE-PROGRESS	tar.xz	entries	delete_start	5	3	162.793	440.701
PROBE-TSV	1	tar.xz	entries	immediate	delete_start	capability_probe	1	177.687	0	0	212480	100000	0	ok
PROBE-TSV	1	tar.xz	entries	immediate	delete_start	commit	1	166.145	0	217088	212480	100000	0	ok
PROBE-TSV	1	tar.xz	entries	immediate	delete_start	display	1	2.971	0	0	212480	100000	0	ok
PROBE-TSV	1	tar.xz	entries	immediate	delete_start	entry_comparison	1	60.796	0	0	212480	100000	0	ok
PROBE-TSV	1	tar.xz	entries	immediate	delete_start	filter_compute	1	0.000	0	0	212480	100000	0	ok
PROBE-TSV	1	tar.xz	entries	immediate	delete_start	mutate	1	59.758	0	0	212480	100000	0	ok
PROBE-TSV	1	tar.xz	entries	immediate	delete_start	password_verification	1	0.191	0	0	212480	100000	0	ok
PROBE-TSV	1	tar.xz	entries	immediate	delete_start	plan_build	1	0.017	0	0	212480	100000	0	ok
PROBE-TSV	1	tar.xz	entries	immediate	delete_start	plan_validation	1	9.863	0	0	212480	100000	0	ok
PROBE-TSV	1	tar.xz	entries	immediate	delete_start	publish	1	0.862	0	0	212480	100000	0	ok
PROBE-TSV	1	tar.xz	entries	immediate	delete_start	reader_adoption	1	0.002	0	0	212480	100000	0	ok
PROBE-TSV	1	tar.xz	entries	immediate	delete_start	reload	1	178.214	0	0	212480	100000	0	ok
PROBE-TSV	1	tar.xz	entries	immediate	delete_start	total	1	1184.627	0	229376	212480	100000	0	ok
PROBE-TSV	1	tar.xz	entries	immediate	delete_start	tree_build	1	58.721	0	0	212480	100000	0	ok
PROBE-TSV	1	tar.xz	entries	immediate	delete_start	updater_open	1	250.244	0	0	212480	100000	0	ok
PROBE-TSV	1	tar.xz	entries	immediate	delete_start	verification_open	1	373.737	0	0	212480	100000	0	ok
PROBE-PROGRESS	tar.xz	entries	delete_end	4	2	69.912	451.184
PROBE-TSV	1	tar.xz	entries	immediate	delete_end	capability_probe	1	177.187	0	0	212596	100000	0	ok
PROBE-TSV	1	tar.xz	entries	immediate	delete_end	commit	1	71.982	0	217088	212596	100000	0	ok
PROBE-TSV	1	tar.xz	entries	immediate	delete_end	display	1	3.051	0	0	212596	100000	0	ok
PROBE-TSV	1	tar.xz	entries	immediate	delete_end	entry_comparison	1	60.044	0	0	212596	100000	0	ok
PROBE-TSV	1	tar.xz	entries	immediate	delete_end	filter_compute	1	0.000	0	0	212596	100000	0	ok
PROBE-TSV	1	tar.xz	entries	immediate	delete_end	mutate	1	59.590	0	0	212596	100000	0	ok
PROBE-TSV	1	tar.xz	entries	immediate	delete_end	password_verification	1	0.395	0	0	212596	100000	0	ok
PROBE-TSV	1	tar.xz	entries	immediate	delete_end	plan_build	1	0.014	0	0	212596	100000	0	ok
PROBE-TSV	1	tar.xz	entries	immediate	delete_end	plan_validation	1	9.005	0	0	212596	100000	0	ok
PROBE-TSV	1	tar.xz	entries	immediate	delete_end	publish	1	0.873	0	0	212596	100000	0	ok
PROBE-TSV	1	tar.xz	entries	immediate	delete_end	reader_adoption	1	0.002	0	0	212596	100000	0	ok
PROBE-TSV	1	tar.xz	entries	immediate	delete_end	reload	1	177.546	0	0	212596	100000	0	ok
PROBE-TSV	1	tar.xz	entries	immediate	delete_end	total	1	1098.846	0	229376	212596	100000	0	ok
PROBE-TSV	1	tar.xz	entries	immediate	delete_end	tree_build	1	60.318	0	0	212596	100000	0	ok
PROBE-TSV	1	tar.xz	entries	immediate	delete_end	updater_open	1	246.666	0	0	212596	100000	0	ok
PROBE-TSV	1	tar.xz	entries	immediate	delete_end	verification_open	1	384.512	0	0	212596	100000	0	ok
PROBE-PROGRESS	tar.xz	entries	rename_same_length	5	3	174.071	430.665
PROBE-TSV	1	tar.xz	entries	immediate	rename_same_length	capability_probe	1	175.251	0	0	212860	100000	0	ok
PROBE-TSV	1	tar.xz	entries	immediate	rename_same_length	commit	1	177.766	0	225280	212860	100000	0	ok
PROBE-TSV	1	tar.xz	entries	immediate	rename_same_length	display	1	3.121	0	0	212860	100000	0	ok
PROBE-TSV	1	tar.xz	entries	immediate	rename_same_length	entry_comparison	1	60.438	0	0	212860	100000	0	ok
PROBE-TSV	1	tar.xz	entries	immediate	rename_same_length	filter_compute	1	0.000	0	0	212860	100000	0	ok
PROBE-TSV	1	tar.xz	entries	immediate	rename_same_length	mutate	1	60.263	0	0	212860	100000	0	ok
PROBE-TSV	1	tar.xz	entries	immediate	rename_same_length	name_index_advance	1	13.438	0	0	212860	100000	0	ok
PROBE-TSV	1	tar.xz	entries	immediate	rename_same_length	name_index_build	1	139.749	0	0	212860	100000	0	ok
PROBE-TSV	1	tar.xz	entries	immediate	rename_same_length	password_verification	1	0.209	0	0	212860	100000	0	ok
PROBE-TSV	1	tar.xz	entries	immediate	rename_same_length	plan_build	1	0.028	0	0	212860	100000	0	ok
PROBE-TSV	1	tar.xz	entries	immediate	rename_same_length	plan_validation	1	10.144	0	0	212860	100000	0	ok
PROBE-TSV	1	tar.xz	entries	immediate	rename_same_length	publish	1	0.854	0	0	212860	100000	0	ok
PROBE-TSV	1	tar.xz	entries	immediate	rename_same_length	reader_adoption	1	0.002	0	0	212860	100000	0	ok
PROBE-TSV	1	tar.xz	entries	immediate	rename_same_length	reload	1	189.390	0	0	212860	100000	0	ok
PROBE-TSV	1	tar.xz	entries	immediate	rename_same_length	total	1	1341.722	0	237568	212860	100000	0	ok
PROBE-TSV	1	tar.xz	entries	immediate	rename_same_length	tree_build	1	61.323	0	0	212860	100000	0	ok
PROBE-TSV	1	tar.xz	entries	immediate	rename_same_length	updater_open	1	250.374	0	0	212860	100000	0	ok
PROBE-TSV	1	tar.xz	entries	immediate	rename_same_length	verification_open	1	363.339	0	0	212860	100000	0	ok
PROBE-PROGRESS	tar.xz	entries	rename_different_length	5	3	163.257	436.891
PROBE-TSV	1	tar.xz	entries	immediate	rename_different_length	capability_probe	1	177.211	0	0	212556	100000	0	ok
PROBE-TSV	1	tar.xz	entries	immediate	rename_different_length	commit	1	166.618	0	225280	212556	100000	0	ok
PROBE-TSV	1	tar.xz	entries	immediate	rename_different_length	display	1	2.937	0	0	212556	100000	0	ok
PROBE-TSV	1	tar.xz	entries	immediate	rename_different_length	entry_comparison	1	61.029	0	0	212556	100000	0	ok
PROBE-TSV	1	tar.xz	entries	immediate	rename_different_length	filter_compute	1	0.000	0	0	212556	100000	0	ok
PROBE-TSV	1	tar.xz	entries	immediate	rename_different_length	mutate	1	60.545	0	0	212556	100000	0	ok
PROBE-TSV	1	tar.xz	entries	immediate	rename_different_length	name_index_advance	1	13.297	0	0	212556	100000	0	ok
PROBE-TSV	1	tar.xz	entries	immediate	rename_different_length	name_index_build	1	140.263	0	0	212556	100000	0	ok
PROBE-TSV	1	tar.xz	entries	immediate	rename_different_length	password_verification	1	0.236	0	0	212556	100000	0	ok
PROBE-TSV	1	tar.xz	entries	immediate	rename_different_length	plan_build	1	0.029	0	0	212556	100000	0	ok
PROBE-TSV	1	tar.xz	entries	immediate	rename_different_length	plan_validation	1	9.800	0	0	212556	100000	0	ok
PROBE-TSV	1	tar.xz	entries	immediate	rename_different_length	publish	1	0.893	0	0	212556	100000	0	ok
PROBE-TSV	1	tar.xz	entries	immediate	rename_different_length	reader_adoption	1	0.002	0	0	212556	100000	0	ok
PROBE-TSV	1	tar.xz	entries	immediate	rename_different_length	reload	1	191.187	0	0	212556	100000	0	ok
PROBE-TSV	1	tar.xz	entries	immediate	rename_different_length	total	1	1336.698	0	237568	212556	100000	0	ok
PROBE-TSV	1	tar.xz	entries	immediate	rename_different_length	tree_build	1	60.886	0	0	212556	100000	0	ok
PROBE-TSV	1	tar.xz	entries	immediate	rename_different_length	updater_open	1	248.343	0	0	212556	100000	0	ok
PROBE-TSV	1	tar.xz	entries	immediate	rename_different_length	verification_open	1	369.007	0	0	212556	100000	0	ok
PROBE-PROGRESS	tar.xz	entries	rename_folder	5	3	189.350	435.511
PROBE-TSV	1	tar.xz	entries	immediate	rename_folder	capability_probe	1	175.772	0	0	213644	100000	0	ok
PROBE-TSV	1	tar.xz	entries	immediate	rename_folder	commit	1	193.617	0	741376	213644	100000	0	ok
PROBE-TSV	1	tar.xz	entries	immediate	rename_folder	display	1	2.797	0	0	213644	100000	0	ok
PROBE-TSV	1	tar.xz	entries	immediate	rename_folder	entry_comparison	1	60.741	0	0	213644	100000	0	ok
PROBE-TSV	1	tar.xz	entries	immediate	rename_folder	filter_compute	1	0.000	0	0	213644	100000	0	ok
PROBE-TSV	1	tar.xz	entries	immediate	rename_folder	mutate	1	65.680	0	0	213644	100000	0	ok
PROBE-TSV	1	tar.xz	entries	immediate	rename_folder	name_index_advance	1	19.077	0	0	213644	100000	0	ok
PROBE-TSV	1	tar.xz	entries	immediate	rename_folder	name_index_build	1	142.463	0	0	213644	100000	0	ok
PROBE-TSV	1	tar.xz	entries	immediate	rename_folder	password_verification	1	0.213	0	0	213644	100000	0	ok
PROBE-TSV	1	tar.xz	entries	immediate	rename_folder	plan_build	1	5.549	0	0	213644	100000	0	ok
PROBE-TSV	1	tar.xz	entries	immediate	rename_folder	plan_validation	1	12.386	0	0	213644	100000	0	ok
PROBE-TSV	1	tar.xz	entries	immediate	rename_folder	publish	1	0.869	0	0	213644	100000	0	ok
PROBE-TSV	1	tar.xz	entries	immediate	rename_folder	reader_adoption	1	0.003	0	0	213644	100000	0	ok
PROBE-TSV	1	tar.xz	entries	immediate	rename_folder	reload	1	195.578	0	0	213644	100000	0	ok
PROBE-TSV	1	tar.xz	entries	immediate	rename_folder	total	1	1383.189	0	753664	213644	100000	0	ok
PROBE-TSV	1	tar.xz	entries	immediate	rename_folder	tree_build	1	63.294	0	0	213644	100000	0	ok
PROBE-TSV	1	tar.xz	entries	immediate	rename_folder	updater_open	1	248.070	0	0	213644	100000	0	ok
PROBE-TSV	1	tar.xz	entries	immediate	rename_folder	verification_open	1	367.761	0	0	213644	100000	0	ok
PROBE-PROGRESS	tar.xz	entries	new_folder	4	2	63.326	436.329
PROBE-TSV	1	tar.xz	entries	immediate	new_folder	capability_probe	1	177.240	0	0	212720	100000	0	ok
PROBE-TSV	1	tar.xz	entries	immediate	new_folder	commit	1	8.118	0	225280	212720	100000	0	ok
PROBE-TSV	1	tar.xz	entries	immediate	new_folder	display	1	3.282	0	0	212720	100000	0	ok
PROBE-TSV	1	tar.xz	entries	immediate	new_folder	entry_comparison	1	60.416	0	0	212720	100000	0	ok
PROBE-TSV	1	tar.xz	entries	immediate	new_folder	filter_compute	1	0.000	0	0	212720	100000	0	ok
PROBE-TSV	1	tar.xz	entries	immediate	new_folder	mutate	1	63.268	0	0	212720	100000	0	ok
PROBE-TSV	1	tar.xz	entries	immediate	new_folder	name_index_advance	1	12.616	0	0	212720	100000	0	ok
PROBE-TSV	1	tar.xz	entries	immediate	new_folder	name_index_build	1	140.343	0	0	212720	100000	0	ok
PROBE-TSV	1	tar.xz	entries	immediate	new_folder	password_verification	1	0.365	0	0	212720	100000	0	ok
PROBE-TSV	1	tar.xz	entries	immediate	new_folder	plan_build	1	140.366	0	0	212720	100000	0	ok
PROBE-TSV	1	tar.xz	entries	immediate	new_folder	plan_validation	1	9.169	0	0	212720	100000	0	ok
PROBE-TSV	1	tar.xz	entries	immediate	new_folder	publish	1	0.897	0	0	212720	100000	0	ok
PROBE-TSV	1	tar.xz	entries	immediate	new_folder	reader_adoption	1	0.003	0	0	212720	100000	0	ok
PROBE-TSV	1	tar.xz	entries	immediate	new_folder	reload	1	190.559	0	0	212720	100000	0	ok
PROBE-TSV	1	tar.xz	entries	immediate	new_folder	total	1	1178.374	0	237568	212720	100000	0	ok
PROBE-TSV	1	tar.xz	entries	immediate	new_folder	tree_build	1	61.936	0	0	212720	100000	0	ok
PROBE-TSV	1	tar.xz	entries	immediate	new_folder	updater_open	1	245.592	0	0	212720	100000	0	ok
PROBE-TSV	1	tar.xz	entries	immediate	new_folder	verification_open	1	369.628	0	0	212720	100000	0	ok
PROBE-PROGRESS	tar.xz	entries	add_file	6	3	65.245	442.168
PROBE-TSV	1	tar.xz	entries	immediate	add_file	capability_probe	1	177.484	0	0	212728	100000	0	ok
PROBE-TSV	1	tar.xz	entries	immediate	add_file	commit	1	6.159	0	225280	212728	100000	0	ok
PROBE-TSV	1	tar.xz	entries	immediate	add_file	display	1	3.159	0	0	212728	100000	0	ok
PROBE-TSV	1	tar.xz	entries	immediate	add_file	entry_comparison	1	59.731	0	0	212728	100000	0	ok
PROBE-TSV	1	tar.xz	entries	immediate	add_file	filter_compute	1	0.000	0	0	212728	100000	0	ok
PROBE-TSV	1	tar.xz	entries	immediate	add_file	mutate	1	65.380	0	0	212728	100000	0	ok
PROBE-TSV	1	tar.xz	entries	immediate	add_file	name_index_advance	1	12.624	0	0	212728	100000	0	ok
PROBE-TSV	1	tar.xz	entries	immediate	add_file	name_index_build	1	140.441	0	0	212728	100000	0	ok
PROBE-TSV	1	tar.xz	entries	immediate	add_file	password_verification	1	0.210	0	0	212728	100000	0	ok
PROBE-TSV	1	tar.xz	entries	immediate	add_file	plan_build	3	0.090	0	0	212728	100000	0	ok
PROBE-TSV	1	tar.xz	entries	immediate	add_file	plan_validation	1	9.073	0	0	212728	100000	0	ok
PROBE-TSV	1	tar.xz	entries	immediate	add_file	publish	1	0.912	0	0	212728	100000	0	ok
PROBE-TSV	1	tar.xz	entries	immediate	add_file	reader_adoption	1	0.002	0	0	212728	100000	0	ok
PROBE-TSV	1	tar.xz	entries	immediate	add_file	reload	1	190.815	0	0	212728	100000	0	ok
PROBE-TSV	1	tar.xz	entries	immediate	add_file	total	1	1184.812	0	237568	212728	100000	0	ok
PROBE-TSV	1	tar.xz	entries	immediate	add_file	tree_build	1	60.779	0	0	212728	100000	0	ok
PROBE-TSV	1	tar.xz	entries	immediate	add_file	updater_open	1	248.566	0	0	212728	100000	0	ok
PROBE-TSV	1	tar.xz	entries	immediate	add_file	verification_open	1	376.223	0	0	212728	100000	0	ok
PROBE-PROGRESS	tar.xz	entries	replace_file	7	4	163.136	444.680
PROBE-TSV	1	tar.xz	entries	immediate	replace_file	capability_probe	1	177.813	0	0	212616	100000	0	ok
PROBE-TSV	1	tar.xz	entries	immediate	replace_file	commit	1	166.366	0	225280	212616	100000	0	ok
PROBE-TSV	1	tar.xz	entries	immediate	replace_file	display	1	2.891	0	0	212616	100000	0	ok
PROBE-TSV	1	tar.xz	entries	immediate	replace_file	entry_comparison	1	61.153	0	0	212616	100000	0	ok
PROBE-TSV	1	tar.xz	entries	immediate	replace_file	filter_compute	1	0.000	0	0	212616	100000	0	ok
PROBE-TSV	1	tar.xz	entries	immediate	replace_file	mutate	1	117.433	0	0	212616	100000	0	ok
PROBE-TSV	1	tar.xz	entries	immediate	replace_file	name_index_advance	1	13.379	0	0	212616	100000	0	ok
PROBE-TSV	1	tar.xz	entries	immediate	replace_file	name_index_build	1	141.399	0	0	212616	100000	0	ok
PROBE-TSV	1	tar.xz	entries	immediate	replace_file	password_verification	1	0.228	0	0	212616	100000	0	ok
PROBE-TSV	1	tar.xz	entries	immediate	replace_file	plan_build	4	2.414	0	0	212616	100000	0	ok
PROBE-TSV	1	tar.xz	entries	immediate	replace_file	plan_validation	1	10.170	0	0	212616	100000	0	ok
PROBE-TSV	1	tar.xz	entries	immediate	replace_file	publish	1	0.842	0	0	212616	100000	0	ok
PROBE-TSV	1	tar.xz	entries	immediate	replace_file	reader_adoption	1	0.002	0	0	212616	100000	0	ok
PROBE-TSV	1	tar.xz	entries	immediate	replace_file	reload	1	191.872	0	0	212616	100000	0	ok
PROBE-TSV	1	tar.xz	entries	immediate	replace_file	total	1	1405.910	0	237568	212616	100000	0	ok
PROBE-TSV	1	tar.xz	entries	immediate	replace_file	tree_build	1	60.614	0	0	212616	100000	0	ok
PROBE-TSV	1	tar.xz	entries	immediate	replace_file	updater_open	1	249.475	0	0	212616	100000	0	ok
PROBE-TSV	1	tar.xz	entries	immediate	replace_file	verification_open	1	376.529	0	0	212616	100000	0	ok
PROBE-TSV	1	tar.xz	entries	deferred	five_changes_reserve_rename	display	1	2.770	0	0	212632	100000	0	ok
PROBE-TSV	1	tar.xz	entries	deferred	five_changes_reserve_rename	filter_compute	1	0.001	0	0	212632	100000	0	ok
PROBE-TSV	1	tar.xz	entries	deferred	five_changes_reserve_rename	password_verification	1	0.612	0	0	212632	100000	0	ok
PROBE-TSV	1	tar.xz	entries	deferred	five_changes_reserve_rename	total	1	151.272	0	0	212632	100000	0	ok
PROBE-TSV	1	tar.xz	entries	deferred	five_changes_reserve_rename	tree_build	1	64.207	0	0	212632	100000	0	ok
PROBE-TSV	1	tar.xz	entries	deferred	five_changes_reserve_delete	display	1	2.682	0	0	212632	100000	0	ok
PROBE-TSV	1	tar.xz	entries	deferred	five_changes_reserve_delete	filter_compute	1	0.001	0	0	212632	100000	0	ok
PROBE-TSV	1	tar.xz	entries	deferred	five_changes_reserve_delete	password_verification	1	0.562	0	0	212632	100000	0	ok
PROBE-TSV	1	tar.xz	entries	deferred	five_changes_reserve_delete	total	1	162.967	0	0	212632	100000	0	ok
PROBE-TSV	1	tar.xz	entries	deferred	five_changes_reserve_delete	tree_build	1	66.165	0	0	212632	100000	0	ok
PROBE-TSV	1	tar.xz	entries	deferred	five_changes_reserve_new_folder	display	1	2.945	0	0	212632	100000	0	ok
PROBE-TSV	1	tar.xz	entries	deferred	five_changes_reserve_new_folder	filter_compute	1	0.001	0	0	212632	100000	0	ok
PROBE-TSV	1	tar.xz	entries	deferred	five_changes_reserve_new_folder	password_verification	1	0.583	0	0	212632	100000	0	ok
PROBE-TSV	1	tar.xz	entries	deferred	five_changes_reserve_new_folder	total	1	153.005	0	0	212632	100000	0	ok
PROBE-TSV	1	tar.xz	entries	deferred	five_changes_reserve_new_folder	tree_build	1	60.703	0	0	212632	100000	0	ok
PROBE-TSV	1	tar.xz	entries	deferred	five_changes_reserve_delete_folder	display	1	2.795	0	0	212632	100000	0	ok
PROBE-TSV	1	tar.xz	entries	deferred	five_changes_reserve_delete_folder	filter_compute	1	0.001	0	0	212632	100000	0	ok
PROBE-TSV	1	tar.xz	entries	deferred	five_changes_reserve_delete_folder	password_verification	1	0.560	0	0	212632	100000	0	ok
PROBE-TSV	1	tar.xz	entries	deferred	five_changes_reserve_delete_folder	total	1	164.069	0	0	212632	100000	0	ok
PROBE-TSV	1	tar.xz	entries	deferred	five_changes_reserve_delete_folder	tree_build	1	63.469	0	0	212632	100000	0	ok
PROBE-TSV	1	tar.xz	entries	deferred	five_changes_reserve_add	display	1	3.037	0	0	212632	100000	0	ok
PROBE-TSV	1	tar.xz	entries	deferred	five_changes_reserve_add	filter_compute	1	0.001	0	0	212632	100000	0	ok
PROBE-TSV	1	tar.xz	entries	deferred	five_changes_reserve_add	password_verification	1	0.563	0	0	212632	100000	0	ok
PROBE-TSV	1	tar.xz	entries	deferred	five_changes_reserve_add	plan_build	3	0.062	0	0	212632	100000	0	ok
PROBE-TSV	1	tar.xz	entries	deferred	five_changes_reserve_add	total	1	161.398	0	4096	212632	100000	0	ok
PROBE-TSV	1	tar.xz	entries	deferred	five_changes_reserve_add	tree_build	1	66.096	0	0	212632	100000	0	ok
PROBE-TSV	1	tar.xz	entries	deferred	save_five_changes	capability_probe	1	182.624	0	0	210368	100000	0	ok
PROBE-TSV	1	tar.xz	entries	deferred	save_five_changes	commit	1	141.896	0	225280	210368	100000	0	ok
PROBE-TSV	1	tar.xz	entries	deferred	save_five_changes	display	1	3.144	0	0	210368	100000	0	ok
PROBE-TSV	1	tar.xz	entries	deferred	save_five_changes	editing_install	1	0.007	0	0	210368	100000	0	ok
PROBE-TSV	1	tar.xz	entries	deferred	save_five_changes	editing_prepare	1	25.078	0	0	210368	100000	0	ok
PROBE-TSV	1	tar.xz	entries	deferred	save_five_changes	entry_comparison	1	65.278	0	0	210368	100000	0	ok
PROBE-TSV	1	tar.xz	entries	deferred	save_five_changes	filter_compute	2	0.001	0	0	210368	100000	0	ok
PROBE-TSV	1	tar.xz	entries	deferred	save_five_changes	name_index_advance	1	16.982	0	0	210368	100000	0	ok
PROBE-TSV	1	tar.xz	entries	deferred	save_five_changes	password_verification	1	0.564	0	0	210368	100000	0	ok
PROBE-TSV	1	tar.xz	entries	deferred	save_five_changes	publish	1	1.072	0	0	210368	100000	0	ok
PROBE-TSV	1	tar.xz	entries	deferred	save_five_changes	reader_adoption	1	0.004	0	0	210368	100000	0	ok
PROBE-TSV	1	tar.xz	entries	deferred	save_five_changes	reload	1	200.448	0	0	210368	100000	0	ok
PROBE-TSV	1	tar.xz	entries	deferred	save_five_changes	replay	1	140.849	4096	0	210368	100000	0	ok
PROBE-TSV	1	tar.xz	entries	deferred	save_five_changes	replay_plan	1	25.862	0	0	210368	100000	0	ok
PROBE-TSV	1	tar.xz	entries	deferred	save_five_changes	representability_differential	1	0.805	0	0	210368	100000	0	ok
PROBE-TSV	1	tar.xz	entries	deferred	save_five_changes	save_sheet	1	1647.886	36864	249856	210368	100000	0	ok
PROBE-TSV	1	tar.xz	entries	deferred	save_five_changes	total	1	1673.326	36864	249856	210368	100000	0	ok
PROBE-TSV	1	tar.xz	entries	deferred	save_five_changes	tree_build	1	66.636	0	0	210368	100000	0	ok
PROBE-TSV	1	tar.xz	entries	deferred	save_five_changes	updater_open	1	255.295	0	0	210368	100000	0	ok
PROBE-TSV	1	tar.xz	entries	deferred	save_five_changes	verification_open	1	379.501	0	0	210368	100000	0	ok
PROBE-TSV	1	tar.xz	entries	deferred	rename_only_reserve_rename	display	1	2.806	0	0	212632	100000	0	ok
PROBE-TSV	1	tar.xz	entries	deferred	rename_only_reserve_rename	filter_compute	1	0.001	0	0	212632	100000	0	ok
PROBE-TSV	1	tar.xz	entries	deferred	rename_only_reserve_rename	password_verification	1	0.570	0	0	212632	100000	0	ok
PROBE-TSV	1	tar.xz	entries	deferred	rename_only_reserve_rename	total	1	155.087	0	0	212632	100000	0	ok
PROBE-TSV	1	tar.xz	entries	deferred	rename_only_reserve_rename	tree_build	1	61.258	0	0	212632	100000	0	ok
PROBE-TSV	1	tar.xz	entries	deferred	save_rename_only	capability_probe	1	182.859	0	0	212540	100000	0	ok
PROBE-TSV	1	tar.xz	entries	deferred	save_rename_only	commit	1	170.970	0	225280	212540	100000	0	ok
PROBE-TSV	1	tar.xz	entries	deferred	save_rename_only	display	1	3.345	0	0	212540	100000	0	ok
PROBE-TSV	1	tar.xz	entries	deferred	save_rename_only	editing_install	1	0.006	0	0	212540	100000	0	ok
PROBE-TSV	1	tar.xz	entries	deferred	save_rename_only	editing_prepare	1	23.875	0	0	212540	100000	0	ok
PROBE-TSV	1	tar.xz	entries	deferred	save_rename_only	entry_comparison	1	63.462	0	0	212540	100000	0	ok
PROBE-TSV	1	tar.xz	entries	deferred	save_rename_only	filter_compute	2	0.001	0	0	212540	100000	0	ok
PROBE-TSV	1	tar.xz	entries	deferred	save_rename_only	name_index_advance	1	13.839	0	0	212540	100000	0	ok
PROBE-TSV	1	tar.xz	entries	deferred	save_rename_only	password_verification	1	0.582	0	0	212540	100000	0	ok
PROBE-TSV	1	tar.xz	entries	deferred	save_rename_only	publish	1	0.422	0	0	212540	100000	0	ok
PROBE-TSV	1	tar.xz	entries	deferred	save_rename_only	reader_adoption	1	0.004	0	0	212540	100000	0	ok
PROBE-TSV	1	tar.xz	entries	deferred	save_rename_only	reload	1	197.564	0	0	212540	100000	0	ok
PROBE-TSV	1	tar.xz	entries	deferred	save_rename_only	replay	1	63.576	0	0	212540	100000	0	ok
PROBE-TSV	1	tar.xz	entries	deferred	save_rename_only	replay_plan	1	24.454	0	0	212540	100000	0	ok
PROBE-TSV	1	tar.xz	entries	deferred	save_rename_only	representability_differential	1	0.026	0	0	212540	100000	0	ok
PROBE-TSV	1	tar.xz	entries	deferred	save_rename_only	save_sheet	1	1594.430	0	237568	212540	100000	0	ok
PROBE-TSV	1	tar.xz	entries	deferred	save_rename_only	total	1	1618.700	0	237568	212540	100000	0	ok
PROBE-TSV	1	tar.xz	entries	deferred	save_rename_only	tree_build	1	66.406	0	0	212540	100000	0	ok
PROBE-TSV	1	tar.xz	entries	deferred	save_rename_only	updater_open	1	253.104	0	0	212540	100000	0	ok
PROBE-TSV	1	tar.xz	entries	deferred	save_rename_only	verification_open	1	385.231	0	0	212540	100000	0	ok
PROBE-PROGRESS	tar.xz	payload	delete_start	35	33	1.313	38.580
PROBE-TSV	1	tar.xz	payload	immediate	delete_start	capability_probe	1	2.103	0	0	135726496	1064	256	ok
PROBE-TSV	1	tar.xz	payload	immediate	delete_start	commit	1	21.178	0	135741440	135726496	1064	256	ok
PROBE-TSV	1	tar.xz	payload	immediate	delete_start	display	1	1.240	0	0	135726496	1064	256	ok
PROBE-TSV	1	tar.xz	payload	immediate	delete_start	entry_comparison	1	0.631	0	0	135726496	1064	256	ok
PROBE-TSV	1	tar.xz	payload	immediate	delete_start	filter_compute	1	0.000	0	0	135726496	1064	256	ok
PROBE-TSV	1	tar.xz	payload	immediate	delete_start	mutate	1	0.636	0	0	135726496	1064	256	ok
PROBE-TSV	1	tar.xz	payload	immediate	delete_start	password_verification	1	0.029	0	0	135726496	1064	256	ok
PROBE-TSV	1	tar.xz	payload	immediate	delete_start	plan_build	1	0.011	0	0	135726496	1064	256	ok
PROBE-TSV	1	tar.xz	payload	immediate	delete_start	plan_validation	1	0.094	0	0	135726496	1064	256	ok
PROBE-TSV	1	tar.xz	payload	immediate	delete_start	publish	1	0.810	0	0	135726496	1064	256	ok
PROBE-TSV	1	tar.xz	payload	immediate	delete_start	reader_adoption	1	0.002	0	0	135726496	1064	256	ok
PROBE-TSV	1	tar.xz	payload	immediate	delete_start	reload	1	2.301	0	0	135726496	1064	256	ok
PROBE-TSV	1	tar.xz	payload	immediate	delete_start	total	1	70.292	0	135753728	135726496	1064	256	ok
PROBE-TSV	1	tar.xz	payload	immediate	delete_start	tree_build	1	0.563	0	0	135726496	1064	256	ok
PROBE-TSV	1	tar.xz	payload	immediate	delete_start	updater_open	1	2.770	0	0	135726496	1064	256	ok
PROBE-TSV	1	tar.xz	payload	immediate	delete_start	verification_open	1	36.621	0	0	135726496	1064	256	ok
PROBE-PROGRESS	tar.xz	payload	delete_end	36	34	38.242	38.316
PROBE-TSV	1	tar.xz	payload	immediate	delete_end	capability_probe	1	2.093	0	0	137187468	1064	256	ok
PROBE-TSV	1	tar.xz	payload	immediate	delete_end	commit	1	58.983	0	137199616	137187468	1064	256	ok
PROBE-TSV	1	tar.xz	payload	immediate	delete_end	display	1	1.312	0	0	137187468	1064	256	ok
PROBE-TSV	1	tar.xz	payload	immediate	delete_end	entry_comparison	1	0.655	0	0	137187468	1064	256	ok
PROBE-TSV	1	tar.xz	payload	immediate	delete_end	filter_compute	1	0.000	0	0	137187468	1064	256	ok
PROBE-TSV	1	tar.xz	payload	immediate	delete_end	mutate	1	0.628	0	0	137187468	1064	256	ok
PROBE-TSV	1	tar.xz	payload	immediate	delete_end	password_verification	1	0.029	0	0	137187468	1064	256	ok
PROBE-TSV	1	tar.xz	payload	immediate	delete_end	plan_build	1	0.011	0	0	137187468	1064	256	ok
PROBE-TSV	1	tar.xz	payload	immediate	delete_end	plan_validation	1	0.099	0	0	137187468	1064	256	ok
PROBE-TSV	1	tar.xz	payload	immediate	delete_end	publish	1	0.842	0	0	137187468	1064	256	ok
PROBE-TSV	1	tar.xz	payload	immediate	delete_end	reader_adoption	1	0.002	0	0	137187468	1064	256	ok
PROBE-TSV	1	tar.xz	payload	immediate	delete_end	reload	1	2.282	0	0	137187468	1064	256	ok
PROBE-TSV	1	tar.xz	payload	immediate	delete_end	total	1	107.896	0	137211904	137187468	1064	256	ok
PROBE-TSV	1	tar.xz	payload	immediate	delete_end	tree_build	1	0.593	0	0	137187468	1064	256	ok
PROBE-TSV	1	tar.xz	payload	immediate	delete_end	updater_open	1	2.646	0	0	137187468	1064	256	ok
PROBE-TSV	1	tar.xz	payload	immediate	delete_end	verification_open	1	36.327	0	0	137187468	1064	256	ok
PROBE-PROGRESS	tar.xz	payload	rename_same_length	36	34	1.507	38.546
PROBE-TSV	1	tar.xz	payload	immediate	rename_same_length	capability_probe	1	2.071	0	0	137187464	1064	256	ok
PROBE-TSV	1	tar.xz	payload	immediate	rename_same_length	commit	1	20.671	0	137199616	137187464	1064	256	ok
PROBE-TSV	1	tar.xz	payload	immediate	rename_same_length	display	1	1.286	0	0	137187464	1064	256	ok
PROBE-TSV	1	tar.xz	payload	immediate	rename_same_length	entry_comparison	1	0.652	0	0	137187464	1064	256	ok
PROBE-TSV	1	tar.xz	payload	immediate	rename_same_length	filter_compute	1	0.000	0	0	137187464	1064	256	ok
PROBE-TSV	1	tar.xz	payload	immediate	rename_same_length	mutate	1	0.632	0	0	137187464	1064	256	ok
PROBE-TSV	1	tar.xz	payload	immediate	rename_same_length	name_index_advance	1	0.120	0	0	137187464	1064	256	ok
PROBE-TSV	1	tar.xz	payload	immediate	rename_same_length	name_index_build	1	1.485	0	0	137187464	1064	256	ok
PROBE-TSV	1	tar.xz	payload	immediate	rename_same_length	password_verification	1	0.038	0	0	137187464	1064	256	ok
PROBE-TSV	1	tar.xz	payload	immediate	rename_same_length	plan_build	1	0.022	0	0	137187464	1064	256	ok
PROBE-TSV	1	tar.xz	payload	immediate	rename_same_length	plan_validation	1	0.105	0	0	137187464	1064	256	ok
PROBE-TSV	1	tar.xz	payload	immediate	rename_same_length	publish	1	0.796	0	0	137187464	1064	256	ok
PROBE-TSV	1	tar.xz	payload	immediate	rename_same_length	reader_adoption	1	0.002	0	0	137187464	1064	256	ok
PROBE-TSV	1	tar.xz	payload	immediate	rename_same_length	reload	1	2.437	0	0	137187464	1064	256	ok
PROBE-TSV	1	tar.xz	payload	immediate	rename_same_length	total	1	71.682	0	137211904	137187464	1064	256	ok
PROBE-TSV	1	tar.xz	payload	immediate	rename_same_length	tree_build	1	0.555	0	0	137187464	1064	256	ok
PROBE-TSV	1	tar.xz	payload	immediate	rename_same_length	updater_open	1	2.883	0	0	137187464	1064	256	ok
PROBE-TSV	1	tar.xz	payload	immediate	rename_same_length	verification_open	1	36.513	0	0	137187464	1064	256	ok
PROBE-PROGRESS	tar.xz	payload	rename_different_length	36	34	1.468	38.202
PROBE-TSV	1	tar.xz	payload	immediate	rename_different_length	capability_probe	1	2.024	0	0	137187484	1064	256	ok
PROBE-TSV	1	tar.xz	payload	immediate	rename_different_length	commit	1	21.077	0	137199616	137187484	1064	256	ok
PROBE-TSV	1	tar.xz	payload	immediate	rename_different_length	display	1	1.233	0	0	137187484	1064	256	ok
PROBE-TSV	1	tar.xz	payload	immediate	rename_different_length	entry_comparison	1	0.614	0	0	137187484	1064	256	ok
PROBE-TSV	1	tar.xz	payload	immediate	rename_different_length	filter_compute	1	0.000	0	0	137187484	1064	256	ok
PROBE-TSV	1	tar.xz	payload	immediate	rename_different_length	mutate	1	0.639	0	0	137187484	1064	256	ok
PROBE-TSV	1	tar.xz	payload	immediate	rename_different_length	name_index_advance	1	0.124	0	0	137187484	1064	256	ok
PROBE-TSV	1	tar.xz	payload	immediate	rename_different_length	name_index_build	1	1.475	0	0	137187484	1064	256	ok
PROBE-TSV	1	tar.xz	payload	immediate	rename_different_length	password_verification	1	0.031	0	0	137187484	1064	256	ok
PROBE-TSV	1	tar.xz	payload	immediate	rename_different_length	plan_build	1	0.019	0	0	137187484	1064	256	ok
PROBE-TSV	1	tar.xz	payload	immediate	rename_different_length	plan_validation	1	0.105	0	0	137187484	1064	256	ok
PROBE-TSV	1	tar.xz	payload	immediate	rename_different_length	publish	1	0.796	0	0	137187484	1064	256	ok
PROBE-TSV	1	tar.xz	payload	immediate	rename_different_length	reader_adoption	1	0.002	0	0	137187484	1064	256	ok
PROBE-TSV	1	tar.xz	payload	immediate	rename_different_length	reload	1	2.375	0	0	137187484	1064	256	ok
PROBE-TSV	1	tar.xz	payload	immediate	rename_different_length	total	1	72.346	0	137211904	137187484	1064	256	ok
PROBE-TSV	1	tar.xz	payload	immediate	rename_different_length	tree_build	1	0.575	0	0	137187484	1064	256	ok
PROBE-TSV	1	tar.xz	payload	immediate	rename_different_length	updater_open	1	2.702	0	0	137187484	1064	256	ok
PROBE-TSV	1	tar.xz	payload	immediate	rename_different_length	verification_open	1	36.239	0	0	137187484	1064	256	ok
PROBE-PROGRESS	tar.xz	payload	rename_folder	36	34	5.777	39.335
PROBE-TSV	1	tar.xz	payload	immediate	rename_folder	capability_probe	1	2.038	0	0	137187932	1064	256	ok
PROBE-TSV	1	tar.xz	payload	immediate	rename_folder	commit	1	27.403	0	137228288	137187932	1064	256	ok
PROBE-TSV	1	tar.xz	payload	immediate	rename_folder	display	1	1.398	0	0	137187932	1064	256	ok
PROBE-TSV	1	tar.xz	payload	immediate	rename_folder	entry_comparison	1	0.633	0	0	137187932	1064	256	ok
PROBE-TSV	1	tar.xz	payload	immediate	rename_folder	filter_compute	1	0.000	0	0	137187932	1064	256	ok
PROBE-TSV	1	tar.xz	payload	immediate	rename_folder	mutate	1	0.912	0	0	137187932	1064	256	ok
PROBE-TSV	1	tar.xz	payload	immediate	rename_folder	name_index_advance	1	0.400	0	0	137187932	1064	256	ok
PROBE-TSV	1	tar.xz	payload	immediate	rename_folder	name_index_build	1	1.496	0	0	137187932	1064	256	ok
PROBE-TSV	1	tar.xz	payload	immediate	rename_folder	password_verification	1	0.027	0	0	137187932	1064	256	ok
PROBE-TSV	1	tar.xz	payload	immediate	rename_folder	plan_build	1	0.343	0	0	137187932	1064	256	ok
PROBE-TSV	1	tar.xz	payload	immediate	rename_folder	plan_validation	1	0.259	0	0	137187932	1064	256	ok
PROBE-TSV	1	tar.xz	payload	immediate	rename_folder	publish	1	0.817	0	0	137187932	1064	256	ok
PROBE-TSV	1	tar.xz	payload	immediate	rename_folder	reader_adoption	1	0.002	0	0	137187932	1064	256	ok
PROBE-TSV	1	tar.xz	payload	immediate	rename_folder	reload	1	2.654	0	0	137187932	1064	256	ok
PROBE-TSV	1	tar.xz	payload	immediate	rename_folder	total	1	81.219	0	137240576	137187932	1064	256	ok
PROBE-TSV	1	tar.xz	payload	immediate	rename_folder	tree_build	1	0.562	0	0	137187932	1064	256	ok
PROBE-TSV	1	tar.xz	payload	immediate	rename_folder	updater_open	1	2.833	0	0	137187932	1064	256	ok
PROBE-TSV	1	tar.xz	payload	immediate	rename_folder	verification_open	1	37.304	0	0	137187932	1064	256	ok
PROBE-PROGRESS	tar.xz	payload	new_folder	36	34	1.487	39.108
PROBE-TSV	1	tar.xz	payload	immediate	new_folder	capability_probe	1	2.170	0	0	137187552	1064	256	ok
PROBE-TSV	1	tar.xz	payload	immediate	new_folder	commit	1	21.506	0	137195520	137187552	1064	256	ok
PROBE-TSV	1	tar.xz	payload	immediate	new_folder	display	1	1.274	0	0	137187552	1064	256	ok
PROBE-TSV	1	tar.xz	payload	immediate	new_folder	entry_comparison	1	0.753	0	0	137187552	1064	256	ok
PROBE-TSV	1	tar.xz	payload	immediate	new_folder	filter_compute	1	0.000	0	0	137187552	1064	256	ok
PROBE-TSV	1	tar.xz	payload	immediate	new_folder	mutate	1	0.803	0	0	137187552	1064	256	ok
PROBE-TSV	1	tar.xz	payload	immediate	new_folder	name_index_advance	1	0.115	0	0	137187552	1064	256	ok
PROBE-TSV	1	tar.xz	payload	immediate	new_folder	name_index_build	1	1.564	0	0	137187552	1064	256	ok
PROBE-TSV	1	tar.xz	payload	immediate	new_folder	password_verification	1	0.029	0	0	137187552	1064	256	ok
PROBE-TSV	1	tar.xz	payload	immediate	new_folder	plan_build	1	1.578	0	0	137187552	1064	256	ok
PROBE-TSV	1	tar.xz	payload	immediate	new_folder	plan_validation	1	0.092	0	0	137187552	1064	256	ok
PROBE-TSV	1	tar.xz	payload	immediate	new_folder	publish	1	0.833	0	0	137187552	1064	256	ok
PROBE-TSV	1	tar.xz	payload	immediate	new_folder	reader_adoption	1	0.002	0	0	137187552	1064	256	ok
PROBE-TSV	1	tar.xz	payload	immediate	new_folder	reload	1	2.511	0	0	137187552	1064	256	ok
PROBE-TSV	1	tar.xz	payload	immediate	new_folder	total	1	73.499	0	137207808	137187552	1064	256	ok
PROBE-TSV	1	tar.xz	payload	immediate	new_folder	tree_build	1	0.587	0	0	137187552	1064	256	ok
PROBE-TSV	1	tar.xz	payload	immediate	new_folder	updater_open	1	2.943	0	0	137187552	1064	256	ok
PROBE-TSV	1	tar.xz	payload	immediate	new_folder	verification_open	1	36.965	0	0	137187552	1064	256	ok
PROBE-PROGRESS	tar.xz	payload	add_file	38	35	1.469	38.700
PROBE-TSV	1	tar.xz	payload	immediate	add_file	capability_probe	1	2.198	0	0	137187556	1064	256	ok
PROBE-TSV	1	tar.xz	payload	immediate	add_file	commit	1	20.594	0	137195520	137187556	1064	256	ok
PROBE-TSV	1	tar.xz	payload	immediate	add_file	display	1	1.274	0	0	137187556	1064	256	ok
PROBE-TSV	1	tar.xz	payload	immediate	add_file	entry_comparison	1	0.679	0	0	137187556	1064	256	ok
PROBE-TSV	1	tar.xz	payload	immediate	add_file	filter_compute	1	0.000	0	0	137187556	1064	256	ok
PROBE-TSV	1	tar.xz	payload	immediate	add_file	mutate	1	0.848	0	0	137187556	1064	256	ok
PROBE-TSV	1	tar.xz	payload	immediate	add_file	name_index_advance	1	0.117	0	0	137187556	1064	256	ok
PROBE-TSV	1	tar.xz	payload	immediate	add_file	name_index_build	1	1.598	0	0	137187556	1064	256	ok
PROBE-TSV	1	tar.xz	payload	immediate	add_file	password_verification	1	0.033	0	0	137187556	1064	256	ok
PROBE-TSV	1	tar.xz	payload	immediate	add_file	plan_build	3	0.051	0	0	137187556	1064	256	ok
PROBE-TSV	1	tar.xz	payload	immediate	add_file	plan_validation	1	0.095	0	0	137187556	1064	256	ok
PROBE-TSV	1	tar.xz	payload	immediate	add_file	publish	1	0.887	0	0	137187556	1064	256	ok
PROBE-TSV	1	tar.xz	payload	immediate	add_file	reader_adoption	1	0.002	0	0	137187556	1064	256	ok
PROBE-TSV	1	tar.xz	payload	immediate	add_file	reload	1	2.507	0	0	137187556	1064	256	ok
PROBE-TSV	1	tar.xz	payload	immediate	add_file	total	1	72.259	0	137207808	137187556	1064	256	ok
PROBE-TSV	1	tar.xz	payload	immediate	add_file	tree_build	1	0.596	0	0	137187556	1064	256	ok
PROBE-TSV	1	tar.xz	payload	immediate	add_file	updater_open	1	2.910	0	0	137187556	1064	256	ok
PROBE-TSV	1	tar.xz	payload	immediate	add_file	verification_open	1	36.621	0	0	137187556	1064	256	ok
PROBE-PROGRESS	tar.xz	payload	replace_file	37	34	1.409	37.563
PROBE-TSV	1	tar.xz	payload	immediate	replace_file	capability_probe	1	2.198	0	0	135726592	1064	256	ok
PROBE-TSV	1	tar.xz	payload	immediate	replace_file	commit	1	20.632	0	135741440	135726592	1064	256	ok
PROBE-TSV	1	tar.xz	payload	immediate	replace_file	display	1	1.243	0	0	135726592	1064	256	ok
PROBE-TSV	1	tar.xz	payload	immediate	replace_file	entry_comparison	1	0.705	0	0	135726592	1064	256	ok
PROBE-TSV	1	tar.xz	payload	immediate	replace_file	filter_compute	1	0.000	0	0	135726592	1064	256	ok
PROBE-TSV	1	tar.xz	payload	immediate	replace_file	mutate	1	1.481	0	0	135726592	1064	256	ok
PROBE-TSV	1	tar.xz	payload	immediate	replace_file	name_index_advance	1	0.126	0	0	135726592	1064	256	ok
PROBE-TSV	1	tar.xz	payload	immediate	replace_file	name_index_build	1	1.624	0	0	135726592	1064	256	ok
PROBE-TSV	1	tar.xz	payload	immediate	replace_file	password_verification	1	0.050	0	0	135726592	1064	256	ok
PROBE-TSV	1	tar.xz	payload	immediate	replace_file	plan_build	4	0.077	0	0	135726592	1064	256	ok
PROBE-TSV	1	tar.xz	payload	immediate	replace_file	plan_validation	1	0.098	0	0	135726592	1064	256	ok
PROBE-TSV	1	tar.xz	payload	immediate	replace_file	publish	1	0.763	0	0	135726592	1064	256	ok
PROBE-TSV	1	tar.xz	payload	immediate	replace_file	reader_adoption	1	0.002	0	0	135726592	1064	256	ok
PROBE-TSV	1	tar.xz	payload	immediate	replace_file	reload	1	2.555	0	0	135726592	1064	256	ok
PROBE-TSV	1	tar.xz	payload	immediate	replace_file	total	1	72.239	0	135753728	135726592	1064	256	ok
PROBE-TSV	1	tar.xz	payload	immediate	replace_file	tree_build	1	0.545	0	0	135726592	1064	256	ok
PROBE-TSV	1	tar.xz	payload	immediate	replace_file	updater_open	1	2.960	0	0	135726592	1064	256	ok
PROBE-TSV	1	tar.xz	payload	immediate	replace_file	verification_open	1	35.530	0	0	135726592	1064	256	ok
PROBE-TSV	1	tar.xz	payload	deferred	five_changes_reserve_rename	display	1	1.171	0	0	137187464	1064	256	ok
PROBE-TSV	1	tar.xz	payload	deferred	five_changes_reserve_rename	filter_compute	1	0.000	0	0	137187464	1064	256	ok
PROBE-TSV	1	tar.xz	payload	deferred	five_changes_reserve_rename	password_verification	1	0.038	0	0	137187464	1064	256	ok
PROBE-TSV	1	tar.xz	payload	deferred	five_changes_reserve_rename	total	1	27.097	0	0	137187464	1064	256	ok
PROBE-TSV	1	tar.xz	payload	deferred	five_changes_reserve_rename	tree_build	1	0.592	0	0	137187464	1064	256	ok
PROBE-TSV	1	tar.xz	payload	deferred	five_changes_reserve_delete	display	1	1.133	0	0	137187464	1064	256	ok
PROBE-TSV	1	tar.xz	payload	deferred	five_changes_reserve_delete	filter_compute	1	0.000	0	0	137187464	1064	256	ok
PROBE-TSV	1	tar.xz	payload	deferred	five_changes_reserve_delete	password_verification	1	0.027	0	0	137187464	1064	256	ok
PROBE-TSV	1	tar.xz	payload	deferred	five_changes_reserve_delete	total	1	22.791	0	0	137187464	1064	256	ok
PROBE-TSV	1	tar.xz	payload	deferred	five_changes_reserve_delete	tree_build	1	0.645	0	0	137187464	1064	256	ok
PROBE-TSV	1	tar.xz	payload	deferred	five_changes_reserve_new_folder	display	1	1.043	0	0	137187464	1064	256	ok
PROBE-TSV	1	tar.xz	payload	deferred	five_changes_reserve_new_folder	filter_compute	1	0.000	0	0	137187464	1064	256	ok
PROBE-TSV	1	tar.xz	payload	deferred	five_changes_reserve_new_folder	password_verification	1	0.027	0	0	137187464	1064	256	ok
PROBE-TSV	1	tar.xz	payload	deferred	five_changes_reserve_new_folder	total	1	27.449	0	0	137187464	1064	256	ok
PROBE-TSV	1	tar.xz	payload	deferred	five_changes_reserve_new_folder	tree_build	1	0.589	0	0	137187464	1064	256	ok
PROBE-TSV	1	tar.xz	payload	deferred	five_changes_reserve_delete_folder	display	1	1.306	0	0	137187464	1064	256	ok
PROBE-TSV	1	tar.xz	payload	deferred	five_changes_reserve_delete_folder	filter_compute	1	0.000	0	0	137187464	1064	256	ok
PROBE-TSV	1	tar.xz	payload	deferred	five_changes_reserve_delete_folder	password_verification	1	0.043	0	0	137187464	1064	256	ok
PROBE-TSV	1	tar.xz	payload	deferred	five_changes_reserve_delete_folder	total	1	27.499	0	0	137187464	1064	256	ok
PROBE-TSV	1	tar.xz	payload	deferred	five_changes_reserve_delete_folder	tree_build	1	0.049	0	0	137187464	1064	256	ok
PROBE-TSV	1	tar.xz	payload	deferred	five_changes_reserve_add	display	1	1.080	0	0	137187464	1064	256	ok
PROBE-TSV	1	tar.xz	payload	deferred	five_changes_reserve_add	filter_compute	1	0.000	0	0	137187464	1064	256	ok
PROBE-TSV	1	tar.xz	payload	deferred	five_changes_reserve_add	password_verification	1	0.028	0	0	137187464	1064	256	ok
PROBE-TSV	1	tar.xz	payload	deferred	five_changes_reserve_add	plan_build	3	0.079	0	0	137187464	1064	256	ok
PROBE-TSV	1	tar.xz	payload	deferred	five_changes_reserve_add	total	1	27.556	0	4096	137187464	1064	256	ok
PROBE-TSV	1	tar.xz	payload	deferred	five_changes_reserve_add	tree_build	1	0.052	0	0	137187464	1064	256	ok
PROBE-TSV	1	tar.xz	payload	deferred	save_five_changes	capability_probe	1	0.279	0	0	137185468	1064	256	ok
PROBE-TSV	1	tar.xz	payload	deferred	save_five_changes	commit	1	21.551	0	137191424	137185468	1064	256	ok
PROBE-TSV	1	tar.xz	payload	deferred	save_five_changes	display	1	1.376	0	0	137185468	1064	256	ok
PROBE-TSV	1	tar.xz	payload	deferred	save_five_changes	editing_install	1	0.003	0	0	137185468	1064	256	ok
PROBE-TSV	1	tar.xz	payload	deferred	save_five_changes	editing_prepare	1	0.052	0	0	137185468	1064	256	ok
PROBE-TSV	1	tar.xz	payload	deferred	save_five_changes	entry_comparison	1	0.057	0	0	137185468	1064	256	ok
PROBE-TSV	1	tar.xz	payload	deferred	save_five_changes	filter_compute	2	0.000	0	0	137185468	1064	256	ok
PROBE-TSV	1	tar.xz	payload	deferred	save_five_changes	name_index_advance	1	0.844	0	0	137185468	1064	256	ok
PROBE-TSV	1	tar.xz	payload	deferred	save_five_changes	password_verification	1	0.028	0	0	137185468	1064	256	ok
PROBE-TSV	1	tar.xz	payload	deferred	save_five_changes	publish	1	0.992	0	0	137185468	1064	256	ok
PROBE-TSV	1	tar.xz	payload	deferred	save_five_changes	reader_adoption	1	0.002	0	0	137185468	1064	256	ok
PROBE-TSV	1	tar.xz	payload	deferred	save_five_changes	reload	1	2.090	0	0	137185468	1064	256	ok
PROBE-TSV	1	tar.xz	payload	deferred	save_five_changes	replay	1	2.234	4096	0	137185468	1064	256	ok
PROBE-TSV	1	tar.xz	payload	deferred	save_five_changes	replay_plan	1	1.741	0	0	137185468	1064	256	ok
PROBE-TSV	1	tar.xz	payload	deferred	save_five_changes	representability_differential	1	0.872	0	0	137185468	1064	256	ok
PROBE-TSV	1	tar.xz	payload	deferred	save_five_changes	save_sheet	1	83.275	4096	137216000	137185468	1064	256	ok
PROBE-TSV	1	tar.xz	payload	deferred	save_five_changes	total	1	83.444	4096	137216000	137185468	1064	256	ok
PROBE-TSV	1	tar.xz	payload	deferred	save_five_changes	tree_build	1	0.048	0	0	137185468	1064	256	ok
PROBE-TSV	1	tar.xz	payload	deferred	save_five_changes	updater_open	1	2.984	0	0	137185468	1064	256	ok
PROBE-TSV	1	tar.xz	payload	deferred	save_five_changes	verification_open	1	32.533	0	0	137185468	1064	256	ok
PROBE-TSV	1	tar.xz	payload	deferred	rename_only_reserve_rename	display	1	1.127	0	0	137187464	1064	256	ok
PROBE-TSV	1	tar.xz	payload	deferred	rename_only_reserve_rename	filter_compute	1	0.000	0	0	137187464	1064	256	ok
PROBE-TSV	1	tar.xz	payload	deferred	rename_only_reserve_rename	password_verification	1	0.030	0	0	137187464	1064	256	ok
PROBE-TSV	1	tar.xz	payload	deferred	rename_only_reserve_rename	total	1	6.410	0	0	137187464	1064	256	ok
PROBE-TSV	1	tar.xz	payload	deferred	rename_only_reserve_rename	tree_build	1	0.637	0	0	137187464	1064	256	ok
PROBE-TSV	1	tar.xz	payload	deferred	save_rename_only	capability_probe	1	2.024	0	0	137187472	1064	256	ok
PROBE-TSV	1	tar.xz	payload	deferred	save_rename_only	commit	1	22.055	0	137199616	137187472	1064	256	ok
PROBE-TSV	1	tar.xz	payload	deferred	save_rename_only	display	1	1.126	0	0	137187472	1064	256	ok
PROBE-TSV	1	tar.xz	payload	deferred	save_rename_only	editing_install	1	0.005	0	0	137187472	1064	256	ok
PROBE-TSV	1	tar.xz	payload	deferred	save_rename_only	editing_prepare	1	0.295	0	0	137187472	1064	256	ok
PROBE-TSV	1	tar.xz	payload	deferred	save_rename_only	entry_comparison	1	0.640	0	0	137187472	1064	256	ok
PROBE-TSV	1	tar.xz	payload	deferred	save_rename_only	filter_compute	2	0.001	0	0	137187472	1064	256	ok
PROBE-TSV	1	tar.xz	payload	deferred	save_rename_only	name_index_advance	1	0.122	0	0	137187472	1064	256	ok
PROBE-TSV	1	tar.xz	payload	deferred	save_rename_only	password_verification	1	0.028	0	0	137187472	1064	256	ok
PROBE-TSV	1	tar.xz	payload	deferred	save_rename_only	publish	1	0.356	0	0	137187472	1064	256	ok
PROBE-TSV	1	tar.xz	payload	deferred	save_rename_only	reader_adoption	1	0.002	0	0	137187472	1064	256	ok
PROBE-TSV	1	tar.xz	payload	deferred	save_rename_only	reload	1	3.117	0	0	137187472	1064	256	ok
PROBE-TSV	1	tar.xz	payload	deferred	save_rename_only	replay	1	0.645	0	0	137187472	1064	256	ok
PROBE-TSV	1	tar.xz	payload	deferred	save_rename_only	replay_plan	1	0.238	0	0	137187472	1064	256	ok
PROBE-TSV	1	tar.xz	payload	deferred	save_rename_only	representability_differential	1	0.018	0	0	137187472	1064	256	ok
PROBE-TSV	1	tar.xz	payload	deferred	save_rename_only	save_sheet	1	123.544	0	137211904	137187472	1064	256	ok
PROBE-TSV	1	tar.xz	payload	deferred	save_rename_only	total	1	124.090	0	137211904	137187472	1064	256	ok
PROBE-TSV	1	tar.xz	payload	deferred	save_rename_only	tree_build	1	0.598	0	0	137187472	1064	256	ok
PROBE-TSV	1	tar.xz	payload	deferred	save_rename_only	updater_open	1	2.711	0	0	137187472	1064	256	ok
PROBE-TSV	1	tar.xz	payload	deferred	save_rename_only	verification_open	1	35.985	0	0	137187472	1064	256	ok
PROBE-PROGRESS	7z	entries	delete_start	5	3	335.401	298.638
PROBE-TSV	1	7z	entries	immediate	delete_start	capability_probe	1	207.734	0	0	7000008	100000	0	ok
PROBE-TSV	1	7z	entries	immediate	delete_start	commit	1	439.780	516096	7020544	7000008	100000	0	ok
PROBE-TSV	1	7z	entries	immediate	delete_start	display	1	2.996	0	0	7000008	100000	0	ok
PROBE-TSV	1	7z	entries	immediate	delete_start	entry_comparison	1	59.168	0	0	7000008	100000	0	ok
PROBE-TSV	1	7z	entries	immediate	delete_start	filter_compute	1	0.000	0	0	7000008	100000	0	ok
PROBE-TSV	1	7z	entries	immediate	delete_start	mutate	1	63.869	0	0	7000008	100000	0	ok
PROBE-TSV	1	7z	entries	immediate	delete_start	password_verification	1	0.213	0	0	7000008	100000	0	ok
PROBE-TSV	1	7z	entries	immediate	delete_start	plan_build	1	0.015	0	0	7000008	100000	0	ok
PROBE-TSV	1	7z	entries	immediate	delete_start	plan_validation	1	13.695	0	0	7000008	100000	0	ok
PROBE-TSV	1	7z	entries	immediate	delete_start	publish	1	0.954	0	0	7000008	100000	0	ok
PROBE-TSV	1	7z	entries	immediate	delete_start	reader_adoption	1	0.017	0	0	7000008	100000	0	ok
PROBE-TSV	1	7z	entries	immediate	delete_start	reload	1	208.354	0	0	7000008	100000	0	ok
PROBE-TSV	1	7z	entries	immediate	delete_start	total	1	1538.783	7045120	7032832	7000008	100000	0	ok
PROBE-TSV	1	7z	entries	immediate	delete_start	tree_build	1	62.655	0	0	7000008	100000	0	ok
PROBE-TSV	1	7z	entries	immediate	delete_start	updater_open	1	424.644	6529024	0	7000008	100000	0	ok
PROBE-TSV	1	7z	entries	immediate	delete_start	verification_open	1	209.052	0	0	7000008	100000	0	ok
PROBE-PROGRESS	7z	entries	delete_end	5	3	252.435	298.790
PROBE-TSV	1	7z	entries	immediate	delete_end	capability_probe	1	205.870	0	0	7000008	100000	0	ok
PROBE-TSV	1	7z	entries	immediate	delete_end	commit	1	315.732	57344	6545408	7000008	100000	0	ok
PROBE-TSV	1	7z	entries	immediate	delete_end	display	1	2.894	0	0	7000008	100000	0	ok
PROBE-TSV	1	7z	entries	immediate	delete_end	entry_comparison	1	58.192	0	0	7000008	100000	0	ok
PROBE-TSV	1	7z	entries	immediate	delete_end	filter_compute	1	0.000	0	0	7000008	100000	0	ok
PROBE-TSV	1	7z	entries	immediate	delete_end	mutate	1	63.452	0	0	7000008	100000	0	ok
PROBE-TSV	1	7z	entries	immediate	delete_end	password_verification	1	0.231	0	0	7000008	100000	0	ok
PROBE-TSV	1	7z	entries	immediate	delete_end	plan_build	1	0.016	0	0	7000008	100000	0	ok
PROBE-TSV	1	7z	entries	immediate	delete_end	plan_validation	1	13.622	0	0	7000008	100000	0	ok
PROBE-TSV	1	7z	entries	immediate	delete_end	publish	1	0.845	0	0	7000008	100000	0	ok
PROBE-TSV	1	7z	entries	immediate	delete_end	reader_adoption	1	0.004	0	0	7000008	100000	0	ok
PROBE-TSV	1	7z	entries	immediate	delete_end	reload	1	206.550	0	0	7000008	100000	0	ok
PROBE-TSV	1	7z	entries	immediate	delete_end	total	1	1404.928	6586368	6557696	7000008	100000	0	ok
PROBE-TSV	1	7z	entries	immediate	delete_end	tree_build	1	61.248	0	0	7000008	100000	0	ok
PROBE-TSV	1	7z	entries	immediate	delete_end	updater_open	1	418.465	6529024	0	7000008	100000	0	ok
PROBE-TSV	1	7z	entries	immediate	delete_end	verification_open	1	210.098	0	0	7000008	100000	0	ok
PROBE-PROGRESS	7z	entries	rename_same_length	5	3	254.219	297.509
PROBE-TSV	1	7z	entries	immediate	rename_same_length	capability_probe	1	214.695	0	0	7000078	100000	0	ok
PROBE-TSV	1	7z	entries	immediate	rename_same_length	commit	1	317.279	49152	6545408	7000078	100000	0	ok
PROBE-TSV	1	7z	entries	immediate	rename_same_length	display	1	2.964	0	0	7000078	100000	0	ok
PROBE-TSV	1	7z	entries	immediate	rename_same_length	entry_comparison	1	58.726	0	0	7000078	100000	0	ok
PROBE-TSV	1	7z	entries	immediate	rename_same_length	filter_compute	1	0.000	0	0	7000078	100000	0	ok
PROBE-TSV	1	7z	entries	immediate	rename_same_length	mutate	1	63.587	0	0	7000078	100000	0	ok
PROBE-TSV	1	7z	entries	immediate	rename_same_length	name_index_advance	1	13.142	0	0	7000078	100000	0	ok
PROBE-TSV	1	7z	entries	immediate	rename_same_length	name_index_build	1	155.556	0	0	7000078	100000	0	ok
PROBE-TSV	1	7z	entries	immediate	rename_same_length	password_verification	1	0.226	0	0	7000078	100000	0	ok
PROBE-TSV	1	7z	entries	immediate	rename_same_length	plan_build	1	0.027	0	0	7000078	100000	0	ok
PROBE-TSV	1	7z	entries	immediate	rename_same_length	plan_validation	1	13.609	0	0	7000078	100000	0	ok
PROBE-TSV	1	7z	entries	immediate	rename_same_length	publish	1	0.843	0	0	7000078	100000	0	ok
PROBE-TSV	1	7z	entries	immediate	rename_same_length	reader_adoption	1	0.004	0	0	7000078	100000	0	ok
PROBE-TSV	1	7z	entries	immediate	rename_same_length	reload	1	228.676	0	0	7000078	100000	0	ok
PROBE-TSV	1	7z	entries	immediate	rename_same_length	total	1	1578.353	6578176	6557696	7000078	100000	0	ok
PROBE-TSV	1	7z	entries	immediate	rename_same_length	tree_build	1	62.207	0	0	7000078	100000	0	ok
PROBE-TSV	1	7z	entries	immediate	rename_same_length	updater_open	1	413.332	6529024	0	7000078	100000	0	ok
PROBE-TSV	1	7z	entries	immediate	rename_same_length	verification_open	1	208.223	0	0	7000078	100000	0	ok
PROBE-PROGRESS	7z	entries	rename_different_length	5	3	260.500	295.567
PROBE-TSV	1	7z	entries	immediate	rename_different_length	capability_probe	1	209.954	0	0	7000114	100000	0	ok
PROBE-TSV	1	7z	entries	immediate	rename_different_length	commit	1	324.134	49152	6545408	7000114	100000	0	ok
PROBE-TSV	1	7z	entries	immediate	rename_different_length	display	1	3.107	0	0	7000114	100000	0	ok
PROBE-TSV	1	7z	entries	immediate	rename_different_length	entry_comparison	1	59.230	0	0	7000114	100000	0	ok
PROBE-TSV	1	7z	entries	immediate	rename_different_length	filter_compute	1	0.000	0	0	7000114	100000	0	ok
PROBE-TSV	1	7z	entries	immediate	rename_different_length	mutate	1	63.589	0	0	7000114	100000	0	ok
PROBE-TSV	1	7z	entries	immediate	rename_different_length	name_index_advance	1	13.160	0	0	7000114	100000	0	ok
PROBE-TSV	1	7z	entries	immediate	rename_different_length	name_index_build	1	155.120	0	0	7000114	100000	0	ok
PROBE-TSV	1	7z	entries	immediate	rename_different_length	password_verification	1	0.193	0	0	7000114	100000	0	ok
PROBE-TSV	1	7z	entries	immediate	rename_different_length	plan_build	1	0.027	0	0	7000114	100000	0	ok
PROBE-TSV	1	7z	entries	immediate	rename_different_length	plan_validation	1	13.627	0	0	7000114	100000	0	ok
PROBE-TSV	1	7z	entries	immediate	rename_different_length	publish	1	0.850	0	0	7000114	100000	0	ok
PROBE-TSV	1	7z	entries	immediate	rename_different_length	reader_adoption	1	0.004	0	0	7000114	100000	0	ok
PROBE-TSV	1	7z	entries	immediate	rename_different_length	reload	1	224.005	0	0	7000114	100000	0	ok
PROBE-TSV	1	7z	entries	immediate	rename_different_length	total	1	1581.938	6578176	6557696	7000114	100000	0	ok
PROBE-TSV	1	7z	entries	immediate	rename_different_length	tree_build	1	62.568	0	0	7000114	100000	0	ok
PROBE-TSV	1	7z	entries	immediate	rename_different_length	updater_open	1	415.202	6529024	0	7000114	100000	0	ok
PROBE-TSV	1	7z	entries	immediate	rename_different_length	verification_open	1	205.293	0	0	7000114	100000	0	ok
PROBE-PROGRESS	7z	entries	rename_folder	5	3	256.592	296.960
PROBE-TSV	1	7z	entries	immediate	rename_folder	capability_probe	1	209.446	0	0	7020078	100000	0	ok
PROBE-TSV	1	7z	entries	immediate	rename_folder	commit	1	319.328	49152	6569984	7020078	100000	0	ok
PROBE-TSV	1	7z	entries	immediate	rename_folder	display	1	2.851	0	0	7020078	100000	0	ok
PROBE-TSV	1	7z	entries	immediate	rename_folder	entry_comparison	1	60.136	0	0	7020078	100000	0	ok
PROBE-TSV	1	7z	entries	immediate	rename_folder	filter_compute	1	0.000	0	0	7020078	100000	0	ok
PROBE-TSV	1	7z	entries	immediate	rename_folder	mutate	1	68.811	0	0	7020078	100000	0	ok
PROBE-TSV	1	7z	entries	immediate	rename_folder	name_index_advance	1	18.418	0	0	7020078	100000	0	ok
PROBE-TSV	1	7z	entries	immediate	rename_folder	name_index_build	1	155.985	0	0	7020078	100000	0	ok
PROBE-TSV	1	7z	entries	immediate	rename_folder	password_verification	1	0.244	0	0	7020078	100000	0	ok
PROBE-TSV	1	7z	entries	immediate	rename_folder	plan_build	1	5.872	0	0	7020078	100000	0	ok
PROBE-TSV	1	7z	entries	immediate	rename_folder	plan_validation	1	16.665	0	0	7020078	100000	0	ok
PROBE-TSV	1	7z	entries	immediate	rename_folder	publish	1	0.871	0	0	7020078	100000	0	ok
PROBE-TSV	1	7z	entries	immediate	rename_folder	reader_adoption	1	0.006	0	0	7020078	100000	0	ok
PROBE-TSV	1	7z	entries	immediate	rename_folder	reload	1	228.744	0	0	7020078	100000	0	ok
PROBE-TSV	1	7z	entries	immediate	rename_folder	total	1	1595.482	6578176	6582272	7020078	100000	0	ok
PROBE-TSV	1	7z	entries	immediate	rename_folder	tree_build	1	60.787	0	0	7020078	100000	0	ok
PROBE-TSV	1	7z	entries	immediate	rename_folder	updater_open	1	413.910	6529024	0	7020078	100000	0	ok
PROBE-TSV	1	7z	entries	immediate	rename_folder	verification_open	1	206.826	0	0	7020078	100000	0	ok
PROBE-PROGRESS	7z	entries	new_folder	5	3	256.791	296.378
PROBE-TSV	1	7z	entries	immediate	new_folder	capability_probe	1	212.368	0	0	7012616	100000	0	ok
PROBE-TSV	1	7z	entries	immediate	new_folder	commit	1	318.568	49152	6569984	7012616	100000	0	ok
PROBE-TSV	1	7z	entries	immediate	new_folder	display	1	3.143	0	0	7012616	100000	0	ok
PROBE-TSV	1	7z	entries	immediate	new_folder	entry_comparison	1	60.076	0	0	7012616	100000	0	ok
PROBE-TSV	1	7z	entries	immediate	new_folder	filter_compute	1	0.000	0	0	7012616	100000	0	ok
PROBE-TSV	1	7z	entries	immediate	new_folder	mutate	1	76.955	0	0	7012616	100000	0	ok
PROBE-TSV	1	7z	entries	immediate	new_folder	name_index_advance	1	12.813	0	0	7012616	100000	0	ok
PROBE-TSV	1	7z	entries	immediate	new_folder	name_index_build	1	156.344	0	0	7012616	100000	0	ok
PROBE-TSV	1	7z	entries	immediate	new_folder	password_verification	1	0.209	0	0	7012616	100000	0	ok
PROBE-TSV	1	7z	entries	immediate	new_folder	plan_build	1	156.369	0	0	7012616	100000	0	ok
PROBE-TSV	1	7z	entries	immediate	new_folder	plan_validation	1	13.502	0	0	7012616	100000	0	ok
PROBE-TSV	1	7z	entries	immediate	new_folder	publish	1	0.857	0	0	7012616	100000	0	ok
PROBE-TSV	1	7z	entries	immediate	new_folder	reader_adoption	1	0.004	0	0	7012616	100000	0	ok
PROBE-TSV	1	7z	entries	immediate	new_folder	reload	1	226.054	0	0	7012616	100000	0	ok
PROBE-TSV	1	7z	entries	immediate	new_folder	total	1	1591.487	6578176	6582272	7012616	100000	0	ok
PROBE-TSV	1	7z	entries	immediate	new_folder	tree_build	1	61.636	0	0	7012616	100000	0	ok
PROBE-TSV	1	7z	entries	immediate	new_folder	updater_open	1	414.394	6529024	0	7012616	100000	0	ok
PROBE-TSV	1	7z	entries	immediate	new_folder	verification_open	1	206.340	0	0	7012616	100000	0	ok
PROBE-PROGRESS	7z	entries	add_file	8	5	230.302	304.178
PROBE-TSV	1	7z	entries	immediate	add_file	capability_probe	1	211.277	0	0	7000126	100000	0	ok
PROBE-TSV	1	7z	entries	immediate	add_file	commit	1	317.715	32768	6545408	7000126	100000	0	ok
PROBE-TSV	1	7z	entries	immediate	add_file	display	1	3.058	0	0	7000126	100000	0	ok
PROBE-TSV	1	7z	entries	immediate	add_file	entry_comparison	1	59.014	0	0	7000126	100000	0	ok
PROBE-TSV	1	7z	entries	immediate	add_file	filter_compute	1	0.000	0	0	7000126	100000	0	ok
PROBE-TSV	1	7z	entries	immediate	add_file	mutate	1	74.005	0	0	7000126	100000	0	ok
PROBE-TSV	1	7z	entries	immediate	add_file	name_index_advance	1	12.682	0	0	7000126	100000	0	ok
PROBE-TSV	1	7z	entries	immediate	add_file	name_index_build	1	153.780	0	0	7000126	100000	0	ok
PROBE-TSV	1	7z	entries	immediate	add_file	password_verification	1	0.381	0	0	7000126	100000	0	ok
PROBE-TSV	1	7z	entries	immediate	add_file	plan_build	3	0.082	0	0	7000126	100000	0	ok
PROBE-TSV	1	7z	entries	immediate	add_file	plan_validation	1	13.551	0	0	7000126	100000	0	ok
PROBE-TSV	1	7z	entries	immediate	add_file	publish	1	0.820	0	0	7000126	100000	0	ok
PROBE-TSV	1	7z	entries	immediate	add_file	reader_adoption	1	0.006	0	0	7000126	100000	0	ok
PROBE-TSV	1	7z	entries	immediate	add_file	reload	1	224.862	0	0	7000126	100000	0	ok
PROBE-TSV	1	7z	entries	immediate	add_file	total	1	1592.925	6578176	6557696	7000126	100000	0	ok
PROBE-TSV	1	7z	entries	immediate	add_file	tree_build	1	62.026	0	0	7000126	100000	0	ok
PROBE-TSV	1	7z	entries	immediate	add_file	updater_open	1	413.154	6529024	0	7000126	100000	0	ok
PROBE-TSV	1	7z	entries	immediate	add_file	verification_open	1	214.995	0	0	7000126	100000	0	ok
PROBE-PROGRESS	7z	entries	replace_file	8	5	293.687	302.131
PROBE-TSV	1	7z	entries	immediate	replace_file	capability_probe	1	211.870	0	0	7000078	100000	0	ok
PROBE-TSV	1	7z	entries	immediate	replace_file	commit	1	414.404	491520	7020544	7000078	100000	0	ok
PROBE-TSV	1	7z	entries	immediate	replace_file	display	1	3.085	0	0	7000078	100000	0	ok
PROBE-TSV	1	7z	entries	immediate	replace_file	entry_comparison	1	59.538	0	0	7000078	100000	0	ok
PROBE-TSV	1	7z	entries	immediate	replace_file	filter_compute	1	0.000	0	0	7000078	100000	0	ok
PROBE-TSV	1	7z	entries	immediate	replace_file	mutate	1	126.411	0	0	7000078	100000	0	ok
PROBE-TSV	1	7z	entries	immediate	replace_file	name_index_advance	1	13.351	0	0	7000078	100000	0	ok
PROBE-TSV	1	7z	entries	immediate	replace_file	name_index_build	1	153.883	0	0	7000078	100000	0	ok
PROBE-TSV	1	7z	entries	immediate	replace_file	password_verification	1	0.500	0	0	7000078	100000	0	ok
PROBE-TSV	1	7z	entries	immediate	replace_file	plan_build	4	2.338	0	0	7000078	100000	0	ok
PROBE-TSV	1	7z	entries	immediate	replace_file	plan_validation	1	14.383	0	0	7000078	100000	0	ok
PROBE-TSV	1	7z	entries	immediate	replace_file	publish	1	0.855	0	0	7000078	100000	0	ok
PROBE-TSV	1	7z	entries	immediate	replace_file	reader_adoption	1	0.004	0	0	7000078	100000	0	ok
PROBE-TSV	1	7z	entries	immediate	replace_file	reload	1	226.126	0	0	7000078	100000	0	ok
PROBE-TSV	1	7z	entries	immediate	replace_file	total	1	1744.843	7036928	7032832	7000078	100000	0	ok
PROBE-TSV	1	7z	entries	immediate	replace_file	tree_build	1	61.537	0	0	7000078	100000	0	ok
PROBE-TSV	1	7z	entries	immediate	replace_file	updater_open	1	413.594	6529024	0	7000078	100000	0	ok
PROBE-TSV	1	7z	entries	immediate	replace_file	verification_open	1	212.150	0	0	7000078	100000	0	ok
PROBE-TSV	1	7z	entries	deferred	five_changes_reserve_rename	display	1	2.620	0	0	7000078	100000	0	ok
PROBE-TSV	1	7z	entries	deferred	five_changes_reserve_rename	filter_compute	1	0.001	0	0	7000078	100000	0	ok
PROBE-TSV	1	7z	entries	deferred	five_changes_reserve_rename	password_verification	1	0.567	0	0	7000078	100000	0	ok
PROBE-TSV	1	7z	entries	deferred	five_changes_reserve_rename	total	1	249.399	0	0	7000078	100000	0	ok
PROBE-TSV	1	7z	entries	deferred	five_changes_reserve_rename	tree_build	1	71.644	0	0	7000078	100000	0	ok
PROBE-TSV	1	7z	entries	deferred	five_changes_reserve_delete	display	1	2.750	0	0	7000078	100000	0	ok
PROBE-TSV	1	7z	entries	deferred	five_changes_reserve_delete	filter_compute	1	0.001	0	0	7000078	100000	0	ok
PROBE-TSV	1	7z	entries	deferred	five_changes_reserve_delete	password_verification	1	0.585	0	0	7000078	100000	0	ok
PROBE-TSV	1	7z	entries	deferred	five_changes_reserve_delete	total	1	167.045	0	0	7000078	100000	0	ok
PROBE-TSV	1	7z	entries	deferred	five_changes_reserve_delete	tree_build	1	66.370	0	0	7000078	100000	0	ok
PROBE-TSV	1	7z	entries	deferred	five_changes_reserve_new_folder	display	1	2.696	0	0	7000078	100000	0	ok
PROBE-TSV	1	7z	entries	deferred	five_changes_reserve_new_folder	filter_compute	1	0.001	0	0	7000078	100000	0	ok
PROBE-TSV	1	7z	entries	deferred	five_changes_reserve_new_folder	password_verification	1	0.564	0	0	7000078	100000	0	ok
PROBE-TSV	1	7z	entries	deferred	five_changes_reserve_new_folder	total	1	163.747	0	0	7000078	100000	0	ok
PROBE-TSV	1	7z	entries	deferred	five_changes_reserve_new_folder	tree_build	1	62.983	0	0	7000078	100000	0	ok
PROBE-TSV	1	7z	entries	deferred	five_changes_reserve_delete_folder	display	1	3.055	0	0	7000078	100000	0	ok
PROBE-TSV	1	7z	entries	deferred	five_changes_reserve_delete_folder	filter_compute	1	0.001	0	0	7000078	100000	0	ok
PROBE-TSV	1	7z	entries	deferred	five_changes_reserve_delete_folder	password_verification	1	0.572	0	0	7000078	100000	0	ok
PROBE-TSV	1	7z	entries	deferred	five_changes_reserve_delete_folder	total	1	173.605	0	0	7000078	100000	0	ok
PROBE-TSV	1	7z	entries	deferred	five_changes_reserve_delete_folder	tree_build	1	68.396	0	0	7000078	100000	0	ok
PROBE-TSV	1	7z	entries	deferred	five_changes_reserve_add	display	1	3.425	0	0	7000078	100000	0	ok
PROBE-TSV	1	7z	entries	deferred	five_changes_reserve_add	filter_compute	1	0.000	0	0	7000078	100000	0	ok
PROBE-TSV	1	7z	entries	deferred	five_changes_reserve_add	password_verification	1	0.581	0	0	7000078	100000	0	ok
PROBE-TSV	1	7z	entries	deferred	five_changes_reserve_add	plan_build	3	0.063	0	0	7000078	100000	0	ok
PROBE-TSV	1	7z	entries	deferred	five_changes_reserve_add	total	1	171.143	0	4096	7000078	100000	0	ok
PROBE-TSV	1	7z	entries	deferred	five_changes_reserve_add	tree_build	1	65.194	0	0	7000078	100000	0	ok
PROBE-TSV	1	7z	entries	deferred	save_five_changes	capability_probe	1	211.267	0	0	6942455	100000	0	ok
PROBE-TSV	1	7z	entries	deferred	save_five_changes	commit	1	430.476	524288	6963200	6942455	100000	0	ok
PROBE-TSV	1	7z	entries	deferred	save_five_changes	display	1	2.943	0	0	6942455	100000	0	ok
PROBE-TSV	1	7z	entries	deferred	save_five_changes	editing_install	1	0.006	0	0	6942455	100000	0	ok
PROBE-TSV	1	7z	entries	deferred	save_five_changes	editing_prepare	1	32.923	0	0	6942455	100000	0	ok
PROBE-TSV	1	7z	entries	deferred	save_five_changes	entry_comparison	1	60.768	0	0	6942455	100000	0	ok
PROBE-TSV	1	7z	entries	deferred	save_five_changes	filter_compute	2	0.001	0	0	6942455	100000	0	ok
PROBE-TSV	1	7z	entries	deferred	save_five_changes	name_index_advance	1	16.476	0	0	6942455	100000	0	ok
PROBE-TSV	1	7z	entries	deferred	save_five_changes	password_verification	1	0.577	0	0	6942455	100000	0	ok
PROBE-TSV	1	7z	entries	deferred	save_five_changes	publish	1	1.017	0	0	6942455	100000	0	ok
PROBE-TSV	1	7z	entries	deferred	save_five_changes	reader_adoption	1	0.004	0	0	6942455	100000	0	ok
PROBE-TSV	1	7z	entries	deferred	save_five_changes	reload	1	238.435	0	0	6942455	100000	0	ok
PROBE-TSV	1	7z	entries	deferred	save_five_changes	replay	1	137.086	4096	0	6942455	100000	0	ok
PROBE-TSV	1	7z	entries	deferred	save_five_changes	replay_plan	1	30.402	0	0	6942455	100000	0	ok
PROBE-TSV	1	7z	entries	deferred	save_five_changes	representability_differential	1	0.820	0	0	6942455	100000	0	ok
PROBE-TSV	1	7z	entries	deferred	save_five_changes	save_sheet	1	2001.272	7073792	6987776	6942455	100000	0	ok
PROBE-TSV	1	7z	entries	deferred	save_five_changes	total	1	2034.570	7073792	6987776	6942455	100000	0	ok
PROBE-TSV	1	7z	entries	deferred	save_five_changes	tree_build	1	66.288	0	0	6942455	100000	0	ok
PROBE-TSV	1	7z	entries	deferred	save_five_changes	updater_open	1	426.572	6529024	0	6942455	100000	0	ok
PROBE-TSV	1	7z	entries	deferred	save_five_changes	verification_open	1	212.912	0	0	6942455	100000	0	ok
PROBE-TSV	1	7z	entries	deferred	rename_only_reserve_rename	display	1	2.929	0	0	7000078	100000	0	ok
PROBE-TSV	1	7z	entries	deferred	rename_only_reserve_rename	filter_compute	1	0.001	0	0	7000078	100000	0	ok
PROBE-TSV	1	7z	entries	deferred	rename_only_reserve_rename	password_verification	1	0.570	0	0	7000078	100000	0	ok
PROBE-TSV	1	7z	entries	deferred	rename_only_reserve_rename	total	1	160.499	0	0	7000078	100000	0	ok
PROBE-TSV	1	7z	entries	deferred	rename_only_reserve_rename	tree_build	1	67.912	0	0	7000078	100000	0	ok
PROBE-TSV	1	7z	entries	deferred	save_rename_only	capability_probe	1	215.558	0	0	7000076	100000	0	ok
PROBE-TSV	1	7z	entries	deferred	save_rename_only	commit	1	333.093	57344	6545408	7000076	100000	0	ok
PROBE-TSV	1	7z	entries	deferred	save_rename_only	display	1	2.930	0	0	7000076	100000	0	ok
PROBE-TSV	1	7z	entries	deferred	save_rename_only	editing_install	1	0.007	0	0	7000076	100000	0	ok
PROBE-TSV	1	7z	entries	deferred	save_rename_only	editing_prepare	1	29.818	0	0	7000076	100000	0	ok
PROBE-TSV	1	7z	entries	deferred	save_rename_only	entry_comparison	1	61.163	0	0	7000076	100000	0	ok
PROBE-TSV	1	7z	entries	deferred	save_rename_only	filter_compute	2	0.001	0	0	7000076	100000	0	ok
PROBE-TSV	1	7z	entries	deferred	save_rename_only	name_index_advance	1	15.227	0	0	7000076	100000	0	ok
PROBE-TSV	1	7z	entries	deferred	save_rename_only	password_verification	1	0.572	0	0	7000076	100000	0	ok
PROBE-TSV	1	7z	entries	deferred	save_rename_only	publish	1	0.499	0	0	7000076	100000	0	ok
PROBE-TSV	1	7z	entries	deferred	save_rename_only	reader_adoption	1	0.005	0	0	7000076	100000	0	ok
PROBE-TSV	1	7z	entries	deferred	save_rename_only	reload	1	240.972	0	0	7000076	100000	0	ok
PROBE-TSV	1	7z	entries	deferred	save_rename_only	replay	1	66.517	0	0	7000076	100000	0	ok
PROBE-TSV	1	7z	entries	deferred	save_rename_only	replay_plan	1	25.073	0	0	7000076	100000	0	ok
PROBE-TSV	1	7z	entries	deferred	save_rename_only	representability_differential	1	0.023	0	0	7000076	100000	0	ok
PROBE-TSV	1	7z	entries	deferred	save_rename_only	save_sheet	1	1842.181	6586368	6557696	7000076	100000	0	ok
PROBE-TSV	1	7z	entries	deferred	save_rename_only	total	1	1872.395	6586368	6557696	7000076	100000	0	ok
PROBE-TSV	1	7z	entries	deferred	save_rename_only	tree_build	1	69.427	0	0	7000076	100000	0	ok
PROBE-TSV	1	7z	entries	deferred	save_rename_only	updater_open	1	422.533	6529024	0	7000076	100000	0	ok
PROBE-TSV	1	7z	entries	deferred	save_rename_only	verification_open	1	220.063	0	0	7000076	100000	0	ok
PROBE-PROGRESS	7z	payload	delete_start	76	74	5.211	5.396
PROBE-TSV	1	7z	payload	immediate	delete_start	capability_probe	1	2.210	0	0	135790639	1064	256	ok
PROBE-TSV	1	7z	payload	immediate	delete_start	commit	1	64.307	135741440	135823360	135790639	1064	256	ok
PROBE-TSV	1	7z	payload	immediate	delete_start	display	1	1.303	0	0	135790639	1064	256	ok
PROBE-TSV	1	7z	payload	immediate	delete_start	entry_comparison	1	0.722	0	0	135790639	1064	256	ok
PROBE-TSV	1	7z	payload	immediate	delete_start	filter_compute	1	0.000	0	0	135790639	1064	256	ok
PROBE-TSV	1	7z	payload	immediate	delete_start	mutate	1	0.611	0	0	135790639	1064	256	ok
PROBE-TSV	1	7z	payload	immediate	delete_start	password_verification	1	0.032	0	0	135790639	1064	256	ok
PROBE-TSV	1	7z	payload	immediate	delete_start	plan_build	1	0.012	0	0	135790639	1064	256	ok
PROBE-TSV	1	7z	payload	immediate	delete_start	plan_validation	1	0.096	0	0	135790639	1064	256	ok
PROBE-TSV	1	7z	payload	immediate	delete_start	publish	1	0.754	0	0	135790639	1064	256	ok
PROBE-TSV	1	7z	payload	immediate	delete_start	reader_adoption	1	0.002	0	0	135790639	1064	256	ok
PROBE-TSV	1	7z	payload	immediate	delete_start	reload	1	2.418	0	0	135790639	1064	256	ok
PROBE-TSV	1	7z	payload	immediate	delete_start	total	1	82.454	135843840	135835648	135790639	1064	256	ok
PROBE-TSV	1	7z	payload	immediate	delete_start	tree_build	1	0.569	0	0	135790639	1064	256	ok
PROBE-TSV	1	7z	payload	immediate	delete_start	updater_open	1	5.351	102400	0	135790639	1064	256	ok
PROBE-TSV	1	7z	payload	immediate	delete_start	verification_open	1	2.115	0	0	135790639	1064	256	ok
PROBE-PROGRESS	7z	payload	delete_end	4	2	4.044	4.270
PROBE-TSV	1	7z	payload	immediate	delete_end	capability_probe	1	2.286	0	0	137251506	1064	256	ok
PROBE-TSV	1	7z	payload	immediate	delete_end	commit	1	4.769	36864	118784	137251506	1064	256	ok
PROBE-TSV	1	7z	payload	immediate	delete_end	display	1	1.256	0	0	137251506	1064	256	ok
PROBE-TSV	1	7z	payload	immediate	delete_end	entry_comparison	1	0.613	0	0	137251506	1064	256	ok
PROBE-TSV	1	7z	payload	immediate	delete_end	filter_compute	1	0.000	0	0	137251506	1064	256	ok
PROBE-TSV	1	7z	payload	immediate	delete_end	mutate	1	0.629	0	0	137251506	1064	256	ok
PROBE-TSV	1	7z	payload	immediate	delete_end	password_verification	1	0.036	0	0	137251506	1064	256	ok
PROBE-TSV	1	7z	payload	immediate	delete_end	plan_build	1	0.013	0	0	137251506	1064	256	ok
PROBE-TSV	1	7z	payload	immediate	delete_end	plan_validation	1	0.102	0	0	137251506	1064	256	ok
PROBE-TSV	1	7z	payload	immediate	delete_end	publish	1	0.750	0	0	137251506	1064	256	ok
PROBE-TSV	1	7z	payload	immediate	delete_end	reader_adoption	1	0.002	0	0	137251506	1064	256	ok
PROBE-TSV	1	7z	payload	immediate	delete_end	reload	1	2.476	0	0	137251506	1064	256	ok
PROBE-TSV	1	7z	payload	immediate	delete_end	total	1	21.622	139264	131072	137251506	1064	256	ok
PROBE-TSV	1	7z	payload	immediate	delete_end	tree_build	1	0.600	0	0	137251506	1064	256	ok
PROBE-TSV	1	7z	payload	immediate	delete_end	updater_open	1	5.108	102400	0	137251506	1064	256	ok
PROBE-TSV	1	7z	payload	immediate	delete_end	verification_open	1	2.202	0	0	137251506	1064	256	ok
PROBE-PROGRESS	7z	payload	rename_same_length	4	2	3.515	4.332
PROBE-TSV	1	7z	payload	immediate	rename_same_length	capability_probe	1	2.306	0	0	137251576	1064	256	ok
PROBE-TSV	1	7z	payload	immediate	rename_same_length	commit	1	4.231	32768	118784	137251576	1064	256	ok
PROBE-TSV	1	7z	payload	immediate	rename_same_length	display	1	1.231	0	0	137251576	1064	256	ok
PROBE-TSV	1	7z	payload	immediate	rename_same_length	entry_comparison	1	0.666	0	0	137251576	1064	256	ok
PROBE-TSV	1	7z	payload	immediate	rename_same_length	filter_compute	1	0.000	0	0	137251576	1064	256	ok
PROBE-TSV	1	7z	payload	immediate	rename_same_length	mutate	1	1.002	0	0	137251576	1064	256	ok
PROBE-TSV	1	7z	payload	immediate	rename_same_length	name_index_advance	1	0.179	0	0	137251576	1064	256	ok
PROBE-TSV	1	7z	payload	immediate	rename_same_length	name_index_build	1	1.676	0	0	137251576	1064	256	ok
PROBE-TSV	1	7z	payload	immediate	rename_same_length	password_verification	1	0.031	0	0	137251576	1064	256	ok
PROBE-TSV	1	7z	payload	immediate	rename_same_length	plan_build	1	0.018	0	0	137251576	1064	256	ok
PROBE-TSV	1	7z	payload	immediate	rename_same_length	plan_validation	1	0.429	0	0	137251576	1064	256	ok
PROBE-TSV	1	7z	payload	immediate	rename_same_length	publish	1	0.752	0	0	137251576	1064	256	ok
PROBE-TSV	1	7z	payload	immediate	rename_same_length	reader_adoption	1	0.002	0	0	137251576	1064	256	ok
PROBE-TSV	1	7z	payload	immediate	rename_same_length	reload	1	2.687	0	0	137251576	1064	256	ok
PROBE-TSV	1	7z	payload	immediate	rename_same_length	total	1	23.931	135168	131072	137251576	1064	256	ok
PROBE-TSV	1	7z	payload	immediate	rename_same_length	tree_build	1	0.751	0	0	137251576	1064	256	ok
PROBE-TSV	1	7z	payload	immediate	rename_same_length	updater_open	1	5.122	102400	0	137251576	1064	256	ok
PROBE-TSV	1	7z	payload	immediate	rename_same_length	verification_open	1	2.218	0	0	137251576	1064	256	ok
PROBE-PROGRESS	7z	payload	rename_different_length	4	2	3.888	4.694
PROBE-TSV	1	7z	payload	immediate	rename_different_length	capability_probe	1	2.496	0	0	137251612	1064	256	ok
PROBE-TSV	1	7z	payload	immediate	rename_different_length	commit	1	4.654	32768	118784	137251612	1064	256	ok
PROBE-TSV	1	7z	payload	immediate	rename_different_length	display	1	1.335	0	0	137251612	1064	256	ok
PROBE-TSV	1	7z	payload	immediate	rename_different_length	entry_comparison	1	0.654	0	0	137251612	1064	256	ok
PROBE-TSV	1	7z	payload	immediate	rename_different_length	filter_compute	1	0.000	0	0	137251612	1064	256	ok
PROBE-TSV	1	7z	payload	immediate	rename_different_length	mutate	1	0.718	0	0	137251612	1064	256	ok
PROBE-TSV	1	7z	payload	immediate	rename_different_length	name_index_advance	1	0.141	0	0	137251612	1064	256	ok
PROBE-TSV	1	7z	payload	immediate	rename_different_length	name_index_build	1	1.762	0	0	137251612	1064	256	ok
PROBE-TSV	1	7z	payload	immediate	rename_different_length	password_verification	1	0.034	0	0	137251612	1064	256	ok
PROBE-TSV	1	7z	payload	immediate	rename_different_length	plan_build	1	0.023	0	0	137251612	1064	256	ok
PROBE-TSV	1	7z	payload	immediate	rename_different_length	plan_validation	1	0.134	0	0	137251612	1064	256	ok
PROBE-TSV	1	7z	payload	immediate	rename_different_length	publish	1	0.815	0	0	137251612	1064	256	ok
PROBE-TSV	1	7z	payload	immediate	rename_different_length	reader_adoption	1	0.003	0	0	137251612	1064	256	ok
PROBE-TSV	1	7z	payload	immediate	rename_different_length	reload	1	2.836	0	0	137251612	1064	256	ok
PROBE-TSV	1	7z	payload	immediate	rename_different_length	total	1	25.492	135168	131072	137251612	1064	256	ok
PROBE-TSV	1	7z	payload	immediate	rename_different_length	tree_build	1	0.614	0	0	137251612	1064	256	ok
PROBE-TSV	1	7z	payload	immediate	rename_different_length	updater_open	1	5.334	102400	0	137251612	1064	256	ok
PROBE-TSV	1	7z	payload	immediate	rename_different_length	verification_open	1	2.459	0	0	137251612	1064	256	ok
PROBE-PROGRESS	7z	payload	rename_folder	4	2	3.565	4.436
PROBE-TSV	1	7z	payload	immediate	rename_folder	capability_probe	1	2.354	0	0	137252472	1064	256	ok
PROBE-TSV	1	7z	payload	immediate	rename_folder	commit	1	4.352	32768	118784	137252472	1064	256	ok
PROBE-TSV	1	7z	payload	immediate	rename_folder	display	1	1.280	0	0	137252472	1064	256	ok
PROBE-TSV	1	7z	payload	immediate	rename_folder	entry_comparison	1	0.654	0	0	137252472	1064	256	ok
PROBE-TSV	1	7z	payload	immediate	rename_folder	filter_compute	1	0.000	0	0	137252472	1064	256	ok
PROBE-TSV	1	7z	payload	immediate	rename_folder	mutate	1	0.986	0	0	137252472	1064	256	ok
PROBE-TSV	1	7z	payload	immediate	rename_folder	name_index_advance	1	0.435	0	0	137252472	1064	256	ok
PROBE-TSV	1	7z	payload	immediate	rename_folder	name_index_build	1	1.761	0	0	137252472	1064	256	ok
PROBE-TSV	1	7z	payload	immediate	rename_folder	password_verification	1	0.036	0	0	137252472	1064	256	ok
PROBE-TSV	1	7z	payload	immediate	rename_folder	plan_build	1	0.391	0	0	137252472	1064	256	ok
PROBE-TSV	1	7z	payload	immediate	rename_folder	plan_validation	1	0.297	0	0	137252472	1064	256	ok
PROBE-TSV	1	7z	payload	immediate	rename_folder	publish	1	0.879	0	0	137252472	1064	256	ok
PROBE-TSV	1	7z	payload	immediate	rename_folder	reader_adoption	1	0.004	0	0	137252472	1064	256	ok
PROBE-TSV	1	7z	payload	immediate	rename_folder	reload	1	3.050	0	0	137252472	1064	256	ok
PROBE-TSV	1	7z	payload	immediate	rename_folder	total	1	85.970	135168	131072	137252472	1064	256	ok
PROBE-TSV	1	7z	payload	immediate	rename_folder	tree_build	1	0.638	0	0	137252472	1064	256	ok
PROBE-TSV	1	7z	payload	immediate	rename_folder	updater_open	1	4.902	102400	0	137252472	1064	256	ok
PROBE-TSV	1	7z	payload	immediate	rename_folder	verification_open	1	2.185	0	0	137252472	1064	256	ok
PROBE-PROGRESS	7z	payload	new_folder	4	2	3.508	4.304
PROBE-TSV	1	7z	payload	immediate	new_folder	capability_probe	1	2.358	0	0	137251747	1064	256	ok
PROBE-TSV	1	7z	payload	immediate	new_folder	commit	1	4.246	32768	118784	137251747	1064	256	ok
PROBE-TSV	1	7z	payload	immediate	new_folder	display	1	1.284	0	0	137251747	1064	256	ok
PROBE-TSV	1	7z	payload	immediate	new_folder	entry_comparison	1	0.627	0	0	137251747	1064	256	ok
PROBE-TSV	1	7z	payload	immediate	new_folder	filter_compute	1	0.000	0	0	137251747	1064	256	ok
PROBE-TSV	1	7z	payload	immediate	new_folder	mutate	1	1.000	0	0	137251747	1064	256	ok
PROBE-TSV	1	7z	payload	immediate	new_folder	name_index_advance	1	0.148	0	0	137251747	1064	256	ok
PROBE-TSV	1	7z	payload	immediate	new_folder	name_index_build	1	1.790	0	0	137251747	1064	256	ok
PROBE-TSV	1	7z	payload	immediate	new_folder	password_verification	1	0.043	0	0	137251747	1064	256	ok
PROBE-TSV	1	7z	payload	immediate	new_folder	plan_build	1	1.804	0	0	137251747	1064	256	ok
PROBE-TSV	1	7z	payload	immediate	new_folder	plan_validation	1	0.099	0	0	137251747	1064	256	ok
PROBE-TSV	1	7z	payload	immediate	new_folder	publish	1	0.712	0	0	137251747	1064	256	ok
PROBE-TSV	1	7z	payload	immediate	new_folder	reader_adoption	1	0.003	0	0	137251747	1064	256	ok
PROBE-TSV	1	7z	payload	immediate	new_folder	reload	1	2.750	0	0	137251747	1064	256	ok
PROBE-TSV	1	7z	payload	immediate	new_folder	total	1	23.801	135168	131072	137251747	1064	256	ok
PROBE-TSV	1	7z	payload	immediate	new_folder	tree_build	1	0.589	0	0	137251747	1064	256	ok
PROBE-TSV	1	7z	payload	immediate	new_folder	updater_open	1	5.253	102400	0	137251747	1064	256	ok
PROBE-TSV	1	7z	payload	immediate	new_folder	verification_open	1	2.278	0	0	137251747	1064	256	ok
PROBE-PROGRESS	7z	payload	add_file	6	3	3.441	4.231
PROBE-TSV	1	7z	payload	immediate	add_file	capability_probe	1	2.312	0	0	137251624	1064	256	ok
PROBE-TSV	1	7z	payload	immediate	add_file	commit	1	4.183	16384	118784	137251624	1064	256	ok
PROBE-TSV	1	7z	payload	immediate	add_file	display	1	1.253	0	0	137251624	1064	256	ok
PROBE-TSV	1	7z	payload	immediate	add_file	entry_comparison	1	0.624	0	0	137251624	1064	256	ok
PROBE-TSV	1	7z	payload	immediate	add_file	filter_compute	1	0.000	0	0	137251624	1064	256	ok
PROBE-TSV	1	7z	payload	immediate	add_file	mutate	1	0.969	0	0	137251624	1064	256	ok
PROBE-TSV	1	7z	payload	immediate	add_file	name_index_advance	1	0.124	0	0	137251624	1064	256	ok
PROBE-TSV	1	7z	payload	immediate	add_file	name_index_build	1	1.687	0	0	137251624	1064	256	ok
PROBE-TSV	1	7z	payload	immediate	add_file	password_verification	1	0.038	0	0	137251624	1064	256	ok
PROBE-TSV	1	7z	payload	immediate	add_file	plan_build	3	0.047	0	0	137251624	1064	256	ok
PROBE-TSV	1	7z	payload	immediate	add_file	plan_validation	1	0.103	0	0	137251624	1064	256	ok
PROBE-TSV	1	7z	payload	immediate	add_file	publish	1	0.693	0	0	137251624	1064	256	ok
PROBE-TSV	1	7z	payload	immediate	add_file	reader_adoption	1	0.003	0	0	137251624	1064	256	ok
PROBE-TSV	1	7z	payload	immediate	add_file	reload	1	2.642	0	0	137251624	1064	256	ok
PROBE-TSV	1	7z	payload	immediate	add_file	total	1	89.135	135168	131072	137251624	1064	256	ok
PROBE-TSV	1	7z	payload	immediate	add_file	tree_build	1	0.628	0	0	137251624	1064	256	ok
PROBE-TSV	1	7z	payload	immediate	add_file	updater_open	1	4.756	102400	0	137251624	1064	256	ok
PROBE-TSV	1	7z	payload	immediate	add_file	verification_open	1	2.187	0	0	137251624	1064	256	ok
PROBE-PROGRESS	7z	payload	replace_file	78	75	5.000	5.248
PROBE-TSV	1	7z	payload	immediate	replace_file	capability_probe	1	2.266	0	0	135790709	1064	256	ok
PROBE-TSV	1	7z	payload	immediate	replace_file	commit	1	70.351	135725056	135839744	135790709	1064	256	ok
PROBE-TSV	1	7z	payload	immediate	replace_file	display	1	1.324	0	0	135790709	1064	256	ok
PROBE-TSV	1	7z	payload	immediate	replace_file	entry_comparison	1	0.665	0	0	135790709	1064	256	ok
PROBE-TSV	1	7z	payload	immediate	replace_file	filter_compute	1	0.000	0	0	135790709	1064	256	ok
PROBE-TSV	1	7z	payload	immediate	replace_file	mutate	1	1.579	0	0	135790709	1064	256	ok
PROBE-TSV	1	7z	payload	immediate	replace_file	name_index_advance	1	0.138	0	0	135790709	1064	256	ok
PROBE-TSV	1	7z	payload	immediate	replace_file	name_index_build	1	1.713	0	0	135790709	1064	256	ok
PROBE-TSV	1	7z	payload	immediate	replace_file	password_verification	1	0.033	0	0	135790709	1064	256	ok
PROBE-TSV	1	7z	payload	immediate	replace_file	plan_build	4	0.080	0	0	135790709	1064	256	ok
PROBE-TSV	1	7z	payload	immediate	replace_file	plan_validation	1	0.092	0	0	135790709	1064	256	ok
PROBE-TSV	1	7z	payload	immediate	replace_file	publish	1	0.742	0	0	135790709	1064	256	ok
PROBE-TSV	1	7z	payload	immediate	replace_file	reader_adoption	1	0.003	0	0	135790709	1064	256	ok
PROBE-TSV	1	7z	payload	immediate	replace_file	reload	1	2.615	0	0	135790709	1064	256	ok
PROBE-TSV	1	7z	payload	immediate	replace_file	total	1	92.551	135843840	135852032	135790709	1064	256	ok
PROBE-TSV	1	7z	payload	immediate	replace_file	tree_build	1	0.602	0	0	135790709	1064	256	ok
PROBE-TSV	1	7z	payload	immediate	replace_file	updater_open	1	4.854	102400	0	135790709	1064	256	ok
PROBE-TSV	1	7z	payload	immediate	replace_file	verification_open	1	2.149	0	0	135790709	1064	256	ok
PROBE-TSV	1	7z	payload	deferred	five_changes_reserve_rename	display	1	1.232	0	0	137251576	1064	256	ok
PROBE-TSV	1	7z	payload	deferred	five_changes_reserve_rename	filter_compute	1	0.000	0	0	137251576	1064	256	ok
PROBE-TSV	1	7z	payload	deferred	five_changes_reserve_rename	password_verification	1	0.030	0	0	137251576	1064	256	ok
PROBE-TSV	1	7z	payload	deferred	five_changes_reserve_rename	total	1	28.933	0	0	137251576	1064	256	ok
PROBE-TSV	1	7z	payload	deferred	five_changes_reserve_rename	tree_build	1	0.725	0	0	137251576	1064	256	ok
PROBE-TSV	1	7z	payload	deferred	five_changes_reserve_delete	display	1	1.112	0	0	137251576	1064	256	ok
PROBE-TSV	1	7z	payload	deferred	five_changes_reserve_delete	filter_compute	1	0.000	0	0	137251576	1064	256	ok
PROBE-TSV	1	7z	payload	deferred	five_changes_reserve_delete	password_verification	1	0.033	0	0	137251576	1064	256	ok
PROBE-TSV	1	7z	payload	deferred	five_changes_reserve_delete	total	1	25.024	0	0	137251576	1064	256	ok
PROBE-TSV	1	7z	payload	deferred	five_changes_reserve_delete	tree_build	1	0.585	0	0	137251576	1064	256	ok
PROBE-TSV	1	7z	payload	deferred	five_changes_reserve_new_folder	display	1	1.064	0	0	137251576	1064	256	ok
PROBE-TSV	1	7z	payload	deferred	five_changes_reserve_new_folder	filter_compute	1	0.000	0	0	137251576	1064	256	ok
PROBE-TSV	1	7z	payload	deferred	five_changes_reserve_new_folder	password_verification	1	0.027	0	0	137251576	1064	256	ok
PROBE-TSV	1	7z	payload	deferred	five_changes_reserve_new_folder	total	1	28.544	0	0	137251576	1064	256	ok
PROBE-TSV	1	7z	payload	deferred	five_changes_reserve_new_folder	tree_build	1	0.696	0	0	137251576	1064	256	ok
PROBE-TSV	1	7z	payload	deferred	five_changes_reserve_delete_folder	display	1	1.229	0	0	137251576	1064	256	ok
PROBE-TSV	1	7z	payload	deferred	five_changes_reserve_delete_folder	filter_compute	1	0.000	0	0	137251576	1064	256	ok
PROBE-TSV	1	7z	payload	deferred	five_changes_reserve_delete_folder	password_verification	1	0.030	0	0	137251576	1064	256	ok
PROBE-TSV	1	7z	payload	deferred	five_changes_reserve_delete_folder	total	1	32.839	0	0	137251576	1064	256	ok
PROBE-TSV	1	7z	payload	deferred	five_changes_reserve_delete_folder	tree_build	1	0.052	0	0	137251576	1064	256	ok
PROBE-TSV	1	7z	payload	deferred	five_changes_reserve_add	display	1	1.090	0	0	137251576	1064	256	ok
PROBE-TSV	1	7z	payload	deferred	five_changes_reserve_add	filter_compute	1	0.000	0	0	137251576	1064	256	ok
PROBE-TSV	1	7z	payload	deferred	five_changes_reserve_add	password_verification	1	0.027	0	0	137251576	1064	256	ok
PROBE-TSV	1	7z	payload	deferred	five_changes_reserve_add	plan_build	3	0.055	0	0	137251576	1064	256	ok
PROBE-TSV	1	7z	payload	deferred	five_changes_reserve_add	total	1	5.865	0	4096	137251576	1064	256	ok
PROBE-TSV	1	7z	payload	deferred	five_changes_reserve_add	tree_build	1	0.048	0	0	137251576	1064	256	ok
PROBE-TSV	1	7z	payload	deferred	save_five_changes	capability_probe	1	0.216	0	0	137181653	1064	256	ok
PROBE-TSV	1	7z	payload	deferred	save_five_changes	commit	1	0.892	16384	49152	137181653	1064	256	ok
PROBE-TSV	1	7z	payload	deferred	save_five_changes	display	1	1.341	0	0	137181653	1064	256	ok
PROBE-TSV	1	7z	payload	deferred	save_five_changes	editing_install	1	0.005	0	0	137181653	1064	256	ok
PROBE-TSV	1	7z	payload	deferred	save_five_changes	editing_prepare	1	0.069	0	0	137181653	1064	256	ok
PROBE-TSV	1	7z	payload	deferred	save_five_changes	entry_comparison	1	0.045	0	0	137181653	1064	256	ok
PROBE-TSV	1	7z	payload	deferred	save_five_changes	filter_compute	2	0.001	0	0	137181653	1064	256	ok
PROBE-TSV	1	7z	payload	deferred	save_five_changes	name_index_advance	1	0.770	0	0	137181653	1064	256	ok
PROBE-TSV	1	7z	payload	deferred	save_five_changes	password_verification	1	0.026	0	0	137181653	1064	256	ok
PROBE-TSV	1	7z	payload	deferred	save_five_changes	publish	1	0.845	0	0	137181653	1064	256	ok
PROBE-TSV	1	7z	payload	deferred	save_five_changes	reader_adoption	1	0.002	0	0	137181653	1064	256	ok
PROBE-TSV	1	7z	payload	deferred	save_five_changes	reload	1	1.336	0	0	137181653	1064	256	ok
PROBE-TSV	1	7z	payload	deferred	save_five_changes	replay	1	2.409	4096	0	137181653	1064	256	ok
PROBE-TSV	1	7z	payload	deferred	save_five_changes	replay_plan	1	1.675	0	0	137181653	1064	256	ok
PROBE-TSV	1	7z	payload	deferred	save_five_changes	representability_differential	1	0.793	0	0	137181653	1064	256	ok
PROBE-TSV	1	7z	payload	deferred	save_five_changes	save_sheet	1	85.571	139264	73728	137181653	1064	256	ok
PROBE-TSV	1	7z	payload	deferred	save_five_changes	total	1	85.930	139264	73728	137181653	1064	256	ok
PROBE-TSV	1	7z	payload	deferred	save_five_changes	tree_build	1	0.050	0	0	137181653	1064	256	ok
PROBE-TSV	1	7z	payload	deferred	save_five_changes	updater_open	1	5.329	102400	0	137181653	1064	256	ok
PROBE-TSV	1	7z	payload	deferred	save_five_changes	verification_open	1	0.181	0	0	137181653	1064	256	ok
PROBE-TSV	1	7z	payload	deferred	rename_only_reserve_rename	display	1	0.975	0	0	137251576	1064	256	ok
PROBE-TSV	1	7z	payload	deferred	rename_only_reserve_rename	filter_compute	1	0.000	0	0	137251576	1064	256	ok
PROBE-TSV	1	7z	payload	deferred	rename_only_reserve_rename	password_verification	1	0.027	0	0	137251576	1064	256	ok
PROBE-TSV	1	7z	payload	deferred	rename_only_reserve_rename	total	1	89.246	0	0	137251576	1064	256	ok
PROBE-TSV	1	7z	payload	deferred	rename_only_reserve_rename	tree_build	1	0.623	0	0	137251576	1064	256	ok
PROBE-TSV	1	7z	payload	deferred	save_rename_only	capability_probe	1	2.345	0	0	137251574	1064	256	ok
PROBE-TSV	1	7z	payload	deferred	save_rename_only	commit	1	4.283	36864	118784	137251574	1064	256	ok
PROBE-TSV	1	7z	payload	deferred	save_rename_only	display	1	1.247	0	0	137251574	1064	256	ok
PROBE-TSV	1	7z	payload	deferred	save_rename_only	editing_install	1	0.006	0	0	137251574	1064	256	ok
PROBE-TSV	1	7z	payload	deferred	save_rename_only	editing_prepare	1	0.260	0	0	137251574	1064	256	ok
PROBE-TSV	1	7z	payload	deferred	save_rename_only	entry_comparison	1	0.624	0	0	137251574	1064	256	ok
PROBE-TSV	1	7z	payload	deferred	save_rename_only	filter_compute	2	0.001	0	0	137251574	1064	256	ok
PROBE-TSV	1	7z	payload	deferred	save_rename_only	name_index_advance	1	0.128	0	0	137251574	1064	256	ok
PROBE-TSV	1	7z	payload	deferred	save_rename_only	password_verification	1	0.040	0	0	137251574	1064	256	ok
PROBE-TSV	1	7z	payload	deferred	save_rename_only	publish	1	0.272	0	0	137251574	1064	256	ok
PROBE-TSV	1	7z	payload	deferred	save_rename_only	reader_adoption	1	0.003	0	0	137251574	1064	256	ok
PROBE-TSV	1	7z	payload	deferred	save_rename_only	reload	1	2.860	0	0	137251574	1064	256	ok
PROBE-TSV	1	7z	payload	deferred	save_rename_only	replay	1	0.671	0	0	137251574	1064	256	ok
PROBE-TSV	1	7z	payload	deferred	save_rename_only	replay_plan	1	0.278	0	0	137251574	1064	256	ok
PROBE-TSV	1	7z	payload	deferred	save_rename_only	representability_differential	1	0.018	0	0	137251574	1064	256	ok
PROBE-TSV	1	7z	payload	deferred	save_rename_only	save_sheet	1	67.436	139264	131072	137251574	1064	256	ok
PROBE-TSV	1	7z	payload	deferred	save_rename_only	total	1	67.987	139264	131072	137251574	1064	256	ok
PROBE-TSV	1	7z	payload	deferred	save_rename_only	tree_build	1	0.626	0	0	137251574	1064	256	ok
PROBE-TSV	1	7z	payload	deferred	save_rename_only	updater_open	1	4.818	102400	0	137251574	1064	256	ok
PROBE-TSV	1	7z	payload	deferred	save_rename_only	verification_open	1	2.147	0	0	137251574	1064	256	ok
PROBE-PROGRESS	lha	entries	delete_start	7	5	69.037	495.163
PROBE-TSV	1	lha	entries	immediate	delete_start	capability_probe	1	406.403	0	0	6999931	100000	0	ok
PROBE-TSV	1	lha	entries	immediate	delete_start	commit	1	7.888	4096	7000064	6999931	100000	0	ok
PROBE-TSV	1	lha	entries	immediate	delete_start	display	1	3.155	0	0	6999931	100000	0	ok
PROBE-TSV	1	lha	entries	immediate	delete_start	entry_comparison	1	66.916	0	0	6999931	100000	0	ok
PROBE-TSV	1	lha	entries	immediate	delete_start	filter_compute	1	0.000	0	0	6999931	100000	0	ok
PROBE-TSV	1	lha	entries	immediate	delete_start	mutate	1	68.996	0	0	6999931	100000	0	ok
PROBE-TSV	1	lha	entries	immediate	delete_start	password_verification	1	0.211	0	0	6999931	100000	0	ok
PROBE-TSV	1	lha	entries	immediate	delete_start	plan_build	1	0.013	0	0	6999931	100000	0	ok
PROBE-TSV	1	lha	entries	immediate	delete_start	plan_validation	1	18.518	0	0	6999931	100000	0	ok
PROBE-TSV	1	lha	entries	immediate	delete_start	publish	1	0.855	0	0	6999931	100000	0	ok
PROBE-TSV	1	lha	entries	immediate	delete_start	reader_adoption	1	0.005	0	0	6999931	100000	0	ok
PROBE-TSV	1	lha	entries	immediate	delete_start	reload	1	406.809	0	0	6999931	100000	0	ok
PROBE-TSV	1	lha	entries	immediate	delete_start	total	1	2028.330	7004160	7012352	6999931	100000	0	ok
PROBE-TSV	1	lha	entries	immediate	delete_start	tree_build	1	76.726	0	0	6999931	100000	0	ok
PROBE-TSV	1	lha	entries	immediate	delete_start	updater_open	1	928.064	7000064	0	6999931	100000	0	ok
PROBE-TSV	1	lha	entries	immediate	delete_start	verification_open	1	415.089	0	0	6999931	100000	0	ok
PROBE-PROGRESS	lha	entries	delete_end	4	2	68.457	494.476
PROBE-TSV	1	lha	entries	immediate	delete_end	capability_probe	1	400.893	0	0	6999931	100000	0	ok
PROBE-TSV	1	lha	entries	immediate	delete_end	commit	1	4.765	20480	4096	6999931	100000	0	ok
PROBE-TSV	1	lha	entries	immediate	delete_end	display	1	3.039	0	0	6999931	100000	0	ok
PROBE-TSV	1	lha	entries	immediate	delete_end	entry_comparison	1	64.281	0	0	6999931	100000	0	ok
PROBE-TSV	1	lha	entries	immediate	delete_end	filter_compute	1	0.000	0	0	6999931	100000	0	ok
PROBE-TSV	1	lha	entries	immediate	delete_end	mutate	1	68.419	0	0	6999931	100000	0	ok
PROBE-TSV	1	lha	entries	immediate	delete_end	password_verification	1	0.332	0	0	6999931	100000	0	ok
PROBE-TSV	1	lha	entries	immediate	delete_end	plan_build	1	0.014	0	0	6999931	100000	0	ok
PROBE-TSV	1	lha	entries	immediate	delete_end	plan_validation	1	18.651	0	0	6999931	100000	0	ok
PROBE-TSV	1	lha	entries	immediate	delete_end	publish	1	0.858	0	0	6999931	100000	0	ok
PROBE-TSV	1	lha	entries	immediate	delete_end	reader_adoption	1	0.003	0	0	6999931	100000	0	ok
PROBE-TSV	1	lha	entries	immediate	delete_end	reload	1	401.330	0	0	6999931	100000	0	ok
PROBE-TSV	1	lha	entries	immediate	delete_end	total	1	2006.160	14000128	16384	6999931	100000	0	ok
PROBE-TSV	1	lha	entries	immediate	delete_end	tree_build	1	74.938	0	0	6999931	100000	0	ok
PROBE-TSV	1	lha	entries	immediate	delete_end	updater_open	1	916.332	7000064	0	6999931	100000	0	ok
PROBE-TSV	1	lha	entries	immediate	delete_end	verification_open	1	416.655	6979584	0	6999931	100000	0	ok
PROBE-PROGRESS	lha	entries	rename_same_length	4	2	69.114	493.136
PROBE-TSV	1	lha	entries	immediate	rename_same_length	capability_probe	1	404.148	0	0	7000001	100000	0	ok
PROBE-TSV	1	lha	entries	immediate	rename_same_length	commit	1	5.012	20480	20480	7000001	100000	0	ok
PROBE-TSV	1	lha	entries	immediate	rename_same_length	display	1	2.843	0	0	7000001	100000	0	ok
PROBE-TSV	1	lha	entries	immediate	rename_same_length	entry_comparison	1	63.796	0	0	7000001	100000	0	ok
PROBE-TSV	1	lha	entries	immediate	rename_same_length	filter_compute	1	0.000	0	0	7000001	100000	0	ok
PROBE-TSV	1	lha	entries	immediate	rename_same_length	mutate	1	69.055	0	0	7000001	100000	0	ok
PROBE-TSV	1	lha	entries	immediate	rename_same_length	name_index_advance	1	18.256	0	0	7000001	100000	0	ok
PROBE-TSV	1	lha	entries	immediate	rename_same_length	name_index_build	1	162.781	0	0	7000001	100000	0	ok
PROBE-TSV	1	lha	entries	immediate	rename_same_length	password_verification	1	0.210	0	0	7000001	100000	0	ok
PROBE-TSV	1	lha	entries	immediate	rename_same_length	plan_build	1	0.028	0	0	7000001	100000	0	ok
PROBE-TSV	1	lha	entries	immediate	rename_same_length	plan_validation	1	18.637	0	0	7000001	100000	0	ok
PROBE-TSV	1	lha	entries	immediate	rename_same_length	publish	1	0.861	0	0	7000001	100000	0	ok
PROBE-TSV	1	lha	entries	immediate	rename_same_length	reader_adoption	1	0.003	0	0	7000001	100000	0	ok
PROBE-TSV	1	lha	entries	immediate	rename_same_length	reload	1	423.134	0	0	7000001	100000	0	ok
PROBE-TSV	1	lha	entries	immediate	rename_same_length	total	1	2196.526	14000128	32768	7000001	100000	0	ok
PROBE-TSV	1	lha	entries	immediate	rename_same_length	tree_build	1	75.023	0	0	7000001	100000	0	ok
PROBE-TSV	1	lha	entries	immediate	rename_same_length	updater_open	1	922.496	7000064	0	7000001	100000	0	ok
PROBE-TSV	1	lha	entries	immediate	rename_same_length	verification_open	1	416.158	6979584	0	7000001	100000	0	ok
PROBE-PROGRESS	lha	entries	rename_different_length	6	4	68.751	495.783
PROBE-TSV	1	lha	entries	immediate	rename_different_length	capability_probe	1	397.994	0	0	7000019	100000	0	ok
PROBE-TSV	1	lha	entries	immediate	rename_different_length	commit	1	8.342	0	7000064	7000019	100000	0	ok
PROBE-TSV	1	lha	entries	immediate	rename_different_length	display	1	2.981	0	0	7000019	100000	0	ok
PROBE-TSV	1	lha	entries	immediate	rename_different_length	entry_comparison	1	65.042	0	0	7000019	100000	0	ok
PROBE-TSV	1	lha	entries	immediate	rename_different_length	filter_compute	1	0.000	0	0	7000019	100000	0	ok
PROBE-TSV	1	lha	entries	immediate	rename_different_length	mutate	1	68.708	0	0	7000019	100000	0	ok
PROBE-TSV	1	lha	entries	immediate	rename_different_length	name_index_advance	1	18.149	0	0	7000019	100000	0	ok
PROBE-TSV	1	lha	entries	immediate	rename_different_length	name_index_build	1	162.735	0	0	7000019	100000	0	ok
PROBE-TSV	1	lha	entries	immediate	rename_different_length	password_verification	1	0.381	0	0	7000019	100000	0	ok
PROBE-TSV	1	lha	entries	immediate	rename_different_length	plan_build	1	0.031	0	0	7000019	100000	0	ok
PROBE-TSV	1	lha	entries	immediate	rename_different_length	plan_validation	1	18.333	0	0	7000019	100000	0	ok
PROBE-TSV	1	lha	entries	immediate	rename_different_length	publish	1	0.823	0	0	7000019	100000	0	ok
PROBE-TSV	1	lha	entries	immediate	rename_different_length	reader_adoption	1	0.003	0	0	7000019	100000	0	ok
PROBE-TSV	1	lha	entries	immediate	rename_different_length	reload	1	416.880	0	0	7000019	100000	0	ok
PROBE-TSV	1	lha	entries	immediate	rename_different_length	total	1	2199.988	7000064	7012352	7000019	100000	0	ok
PROBE-TSV	1	lha	entries	immediate	rename_different_length	tree_build	1	76.285	0	0	7000019	100000	0	ok
PROBE-TSV	1	lha	entries	immediate	rename_different_length	updater_open	1	924.189	7000064	0	7000019	100000	0	ok
PROBE-TSV	1	lha	entries	immediate	rename_different_length	verification_open	1	417.394	0	0	7000019	100000	0	ok
PROBE-PROGRESS	lha	entries	rename_folder	6	4	77.469	493.737
PROBE-TSV	1	lha	entries	immediate	rename_folder	capability_probe	1	405.761	0	0	7010001	100000	0	ok
PROBE-TSV	1	lha	entries	immediate	rename_folder	commit	1	10.116	0	7012352	7010001	100000	0	ok
PROBE-TSV	1	lha	entries	immediate	rename_folder	display	1	2.818	0	0	7010001	100000	0	ok
PROBE-TSV	1	lha	entries	immediate	rename_folder	entry_comparison	1	65.978	0	0	7010001	100000	0	ok
PROBE-TSV	1	lha	entries	immediate	rename_folder	filter_compute	1	0.000	0	0	7010001	100000	0	ok
PROBE-TSV	1	lha	entries	immediate	rename_folder	mutate	1	77.431	0	0	7010001	100000	0	ok
PROBE-TSV	1	lha	entries	immediate	rename_folder	name_index_advance	1	26.485	0	0	7010001	100000	0	ok
PROBE-TSV	1	lha	entries	immediate	rename_folder	name_index_build	1	163.297	0	0	7010001	100000	0	ok
PROBE-TSV	1	lha	entries	immediate	rename_folder	password_verification	1	0.181	0	0	7010001	100000	0	ok
PROBE-TSV	1	lha	entries	immediate	rename_folder	plan_build	1	5.952	0	0	7010001	100000	0	ok
PROBE-TSV	1	lha	entries	immediate	rename_folder	plan_validation	1	21.835	0	0	7010001	100000	0	ok
PROBE-TSV	1	lha	entries	immediate	rename_folder	publish	1	0.846	0	0	7010001	100000	0	ok
PROBE-TSV	1	lha	entries	immediate	rename_folder	reader_adoption	1	0.002	0	0	7010001	100000	0	ok
PROBE-TSV	1	lha	entries	immediate	rename_folder	reload	1	432.996	0	0	7010001	100000	0	ok
PROBE-TSV	1	lha	entries	immediate	rename_folder	total	1	2226.769	7000064	7024640	7010001	100000	0	ok
PROBE-TSV	1	lha	entries	immediate	rename_folder	tree_build	1	77.391	0	0	7010001	100000	0	ok
PROBE-TSV	1	lha	entries	immediate	rename_folder	updater_open	1	916.612	7000064	0	7010001	100000	0	ok
PROBE-TSV	1	lha	entries	immediate	rename_folder	verification_open	1	414.274	0	0	7010001	100000	0	ok
PROBE-PROGRESS	lha	entries	new_folder	4	2	76.432	506.960
PROBE-TSV	1	lha	entries	immediate	new_folder	capability_probe	1	403.812	0	0	7000060	100000	0	ok
PROBE-TSV	1	lha	entries	immediate	new_folder	commit	1	3.105	0	4096	7000060	100000	0	ok
PROBE-TSV	1	lha	entries	immediate	new_folder	display	1	3.090	0	0	7000060	100000	0	ok
PROBE-TSV	1	lha	entries	immediate	new_folder	entry_comparison	1	66.424	0	0	7000060	100000	0	ok
PROBE-TSV	1	lha	entries	immediate	new_folder	filter_compute	1	0.000	0	0	7000060	100000	0	ok
PROBE-TSV	1	lha	entries	immediate	new_folder	mutate	1	76.382	0	0	7000060	100000	0	ok
PROBE-TSV	1	lha	entries	immediate	new_folder	name_index_advance	1	17.530	0	0	7000060	100000	0	ok
PROBE-TSV	1	lha	entries	immediate	new_folder	name_index_build	1	160.425	0	0	7000060	100000	0	ok
PROBE-TSV	1	lha	entries	immediate	new_folder	password_verification	1	0.456	0	0	7000060	100000	0	ok
PROBE-TSV	1	lha	entries	immediate	new_folder	plan_build	1	160.448	0	0	7000060	100000	0	ok
PROBE-TSV	1	lha	entries	immediate	new_folder	plan_validation	1	19.025	0	0	7000060	100000	0	ok
PROBE-TSV	1	lha	entries	immediate	new_folder	publish	1	0.760	0	0	7000060	100000	0	ok
PROBE-TSV	1	lha	entries	immediate	new_folder	reader_adoption	1	0.003	0	0	7000060	100000	0	ok
PROBE-TSV	1	lha	entries	immediate	new_folder	reload	1	422.040	0	0	7000060	100000	0	ok
PROBE-TSV	1	lha	entries	immediate	new_folder	total	1	2210.416	14000128	16384	7000060	100000	0	ok
PROBE-TSV	1	lha	entries	immediate	new_folder	tree_build	1	74.995	0	0	7000060	100000	0	ok
PROBE-TSV	1	lha	entries	immediate	new_folder	updater_open	1	920.100	7000064	0	7000060	100000	0	ok
PROBE-TSV	1	lha	entries	immediate	new_folder	verification_open	1	427.557	6995968	0	7000060	100000	0	ok
PROBE-PROGRESS	lha	entries	add_file	6	3	74.557	493.455
PROBE-TSV	1	lha	entries	immediate	add_file	capability_probe	1	404.143	0	0	7000057	100000	0	ok
PROBE-TSV	1	lha	entries	immediate	add_file	commit	1	2.984	0	4096	7000057	100000	0	ok
PROBE-TSV	1	lha	entries	immediate	add_file	display	1	3.197	0	0	7000057	100000	0	ok
PROBE-TSV	1	lha	entries	immediate	add_file	entry_comparison	1	65.169	0	0	7000057	100000	0	ok
PROBE-TSV	1	lha	entries	immediate	add_file	filter_compute	1	0.000	0	0	7000057	100000	0	ok
PROBE-TSV	1	lha	entries	immediate	add_file	mutate	1	74.656	0	0	7000057	100000	0	ok
PROBE-TSV	1	lha	entries	immediate	add_file	name_index_advance	1	17.778	0	0	7000057	100000	0	ok
PROBE-TSV	1	lha	entries	immediate	add_file	name_index_build	1	160.582	0	0	7000057	100000	0	ok
PROBE-TSV	1	lha	entries	immediate	add_file	password_verification	1	0.179	0	0	7000057	100000	0	ok
PROBE-TSV	1	lha	entries	immediate	add_file	plan_build	3	0.071	0	0	7000057	100000	0	ok
PROBE-TSV	1	lha	entries	immediate	add_file	plan_validation	1	18.526	0	0	7000057	100000	0	ok
PROBE-TSV	1	lha	entries	immediate	add_file	publish	1	0.857	0	0	7000057	100000	0	ok
PROBE-TSV	1	lha	entries	immediate	add_file	reader_adoption	1	0.003	0	0	7000057	100000	0	ok
PROBE-TSV	1	lha	entries	immediate	add_file	reload	1	422.675	0	0	7000057	100000	0	ok
PROBE-TSV	1	lha	entries	immediate	add_file	total	1	2192.655	14000128	16384	7000057	100000	0	ok
PROBE-TSV	1	lha	entries	immediate	add_file	tree_build	1	74.993	0	0	7000057	100000	0	ok
PROBE-TSV	1	lha	entries	immediate	add_file	updater_open	1	915.166	7000064	0	7000057	100000	0	ok
PROBE-TSV	1	lha	entries	immediate	add_file	verification_open	1	415.071	6995968	0	7000057	100000	0	ok
PROBE-PROGRESS	lha	entries	replace_file	9	6	126.811	494.991
PROBE-TSV	1	lha	entries	immediate	replace_file	capability_probe	1	398.516	0	0	7000001	100000	0	ok
PROBE-TSV	1	lha	entries	immediate	replace_file	commit	1	7.739	0	7000064	7000001	100000	0	ok
PROBE-TSV	1	lha	entries	immediate	replace_file	display	1	2.960	0	0	7000001	100000	0	ok
PROBE-TSV	1	lha	entries	immediate	replace_file	entry_comparison	1	65.644	0	0	7000001	100000	0	ok
PROBE-TSV	1	lha	entries	immediate	replace_file	filter_compute	1	0.000	0	0	7000001	100000	0	ok
PROBE-TSV	1	lha	entries	immediate	replace_file	mutate	1	126.884	0	0	7000001	100000	0	ok
PROBE-TSV	1	lha	entries	immediate	replace_file	name_index_advance	1	17.856	0	0	7000001	100000	0	ok
PROBE-TSV	1	lha	entries	immediate	replace_file	name_index_build	1	163.862	0	0	7000001	100000	0	ok
PROBE-TSV	1	lha	entries	immediate	replace_file	password_verification	1	0.205	0	0	7000001	100000	0	ok
PROBE-TSV	1	lha	entries	immediate	replace_file	plan_build	4	2.680	0	0	7000001	100000	0	ok
PROBE-TSV	1	lha	entries	immediate	replace_file	plan_validation	1	18.728	0	0	7000001	100000	0	ok
PROBE-TSV	1	lha	entries	immediate	replace_file	publish	1	0.924	0	0	7000001	100000	0	ok
PROBE-TSV	1	lha	entries	immediate	replace_file	reader_adoption	1	0.005	0	0	7000001	100000	0	ok
PROBE-TSV	1	lha	entries	immediate	replace_file	reload	1	417.067	0	0	7000001	100000	0	ok
PROBE-TSV	1	lha	entries	immediate	replace_file	total	1	2253.464	7004160	7012352	7000001	100000	0	ok
PROBE-TSV	1	lha	entries	immediate	replace_file	tree_build	1	75.336	0	0	7000001	100000	0	ok
PROBE-TSV	1	lha	entries	immediate	replace_file	updater_open	1	918.545	7000064	0	7000001	100000	0	ok
PROBE-TSV	1	lha	entries	immediate	replace_file	verification_open	1	416.068	0	0	7000001	100000	0	ok
PROBE-TSV	1	lha	entries	deferred	five_changes_reserve_rename	display	1	2.738	0	0	7000001	100000	0	ok
PROBE-TSV	1	lha	entries	deferred	five_changes_reserve_rename	filter_compute	1	0.000	0	0	7000001	100000	0	ok
PROBE-TSV	1	lha	entries	deferred	five_changes_reserve_rename	password_verification	1	0.554	0	0	7000001	100000	0	ok
PROBE-TSV	1	lha	entries	deferred	five_changes_reserve_rename	total	1	192.867	0	0	7000001	100000	0	ok
PROBE-TSV	1	lha	entries	deferred	five_changes_reserve_rename	tree_build	1	80.878	0	0	7000001	100000	0	ok
PROBE-TSV	1	lha	entries	deferred	five_changes_reserve_delete	display	1	2.875	0	0	7000001	100000	0	ok
PROBE-TSV	1	lha	entries	deferred	five_changes_reserve_delete	filter_compute	1	0.001	0	0	7000001	100000	0	ok
PROBE-TSV	1	lha	entries	deferred	five_changes_reserve_delete	password_verification	1	0.555	0	0	7000001	100000	0	ok
PROBE-TSV	1	lha	entries	deferred	five_changes_reserve_delete	total	1	193.753	0	0	7000001	100000	0	ok
PROBE-TSV	1	lha	entries	deferred	five_changes_reserve_delete	tree_build	1	74.187	0	0	7000001	100000	0	ok
PROBE-TSV	1	lha	entries	deferred	five_changes_reserve_new_folder	display	1	3.246	0	0	7000001	100000	0	ok
PROBE-TSV	1	lha	entries	deferred	five_changes_reserve_new_folder	filter_compute	1	0.000	0	0	7000001	100000	0	ok
PROBE-TSV	1	lha	entries	deferred	five_changes_reserve_new_folder	password_verification	1	0.640	0	0	7000001	100000	0	ok
PROBE-TSV	1	lha	entries	deferred	five_changes_reserve_new_folder	total	1	194.161	0	0	7000001	100000	0	ok
PROBE-TSV	1	lha	entries	deferred	five_changes_reserve_new_folder	tree_build	1	74.842	0	0	7000001	100000	0	ok
PROBE-TSV	1	lha	entries	deferred	five_changes_reserve_delete_folder	display	1	2.860	0	0	7000001	100000	0	ok
PROBE-TSV	1	lha	entries	deferred	five_changes_reserve_delete_folder	filter_compute	1	0.001	0	0	7000001	100000	0	ok
PROBE-TSV	1	lha	entries	deferred	five_changes_reserve_delete_folder	password_verification	1	0.564	0	0	7000001	100000	0	ok
PROBE-TSV	1	lha	entries	deferred	five_changes_reserve_delete_folder	total	1	193.628	0	0	7000001	100000	0	ok
PROBE-TSV	1	lha	entries	deferred	five_changes_reserve_delete_folder	tree_build	1	75.154	0	0	7000001	100000	0	ok
PROBE-TSV	1	lha	entries	deferred	five_changes_reserve_add	display	1	2.895	0	0	7000001	100000	0	ok
PROBE-TSV	1	lha	entries	deferred	five_changes_reserve_add	filter_compute	1	0.000	0	0	7000001	100000	0	ok
PROBE-TSV	1	lha	entries	deferred	five_changes_reserve_add	password_verification	1	0.574	0	0	7000001	100000	0	ok
PROBE-TSV	1	lha	entries	deferred	five_changes_reserve_add	plan_build	3	0.090	0	0	7000001	100000	0	ok
PROBE-TSV	1	lha	entries	deferred	five_changes_reserve_add	total	1	196.639	0	4096	7000001	100000	0	ok
PROBE-TSV	1	lha	entries	deferred	five_changes_reserve_add	tree_build	1	76.647	0	0	7000001	100000	0	ok
PROBE-TSV	1	lha	entries	deferred	save_five_changes	capability_probe	1	408.149	0	0	6930039	100000	0	ok
PROBE-TSV	1	lha	entries	deferred	save_five_changes	commit	1	8.699	0	6930432	6930039	100000	0	ok
PROBE-TSV	1	lha	entries	deferred	save_five_changes	display	1	2.946	0	0	6930039	100000	0	ok
PROBE-TSV	1	lha	entries	deferred	save_five_changes	editing_install	1	0.006	0	0	6930039	100000	0	ok
PROBE-TSV	1	lha	entries	deferred	save_five_changes	editing_prepare	1	43.762	0	0	6930039	100000	0	ok
PROBE-TSV	1	lha	entries	deferred	save_five_changes	entry_comparison	1	65.724	0	0	6930039	100000	0	ok
PROBE-TSV	1	lha	entries	deferred	save_five_changes	filter_compute	2	0.004	0	0	6930039	100000	0	ok
PROBE-TSV	1	lha	entries	deferred	save_five_changes	name_index_advance	1	19.856	0	0	6930039	100000	0	ok
PROBE-TSV	1	lha	entries	deferred	save_five_changes	password_verification	1	0.551	0	0	6930039	100000	0	ok
PROBE-TSV	1	lha	entries	deferred	save_five_changes	publish	1	1.057	0	0	6930039	100000	0	ok
PROBE-TSV	1	lha	entries	deferred	save_five_changes	reader_adoption	1	0.004	0	0	6930039	100000	0	ok
PROBE-TSV	1	lha	entries	deferred	save_five_changes	reload	1	428.965	0	0	6930039	100000	0	ok
PROBE-TSV	1	lha	entries	deferred	save_five_changes	replay	1	137.961	4096	0	6930039	100000	0	ok
PROBE-TSV	1	lha	entries	deferred	save_five_changes	replay_plan	1	33.412	0	0	6930039	100000	0	ok
PROBE-TSV	1	lha	entries	deferred	save_five_changes	representability_differential	1	0.783	0	0	6930039	100000	0	ok
PROBE-TSV	1	lha	entries	deferred	save_five_changes	save_sheet	1	2513.141	7020544	6955008	6930039	100000	0	ok
PROBE-TSV	1	lha	entries	deferred	save_five_changes	total	1	2557.231	7020544	6955008	6930039	100000	0	ok
PROBE-TSV	1	lha	entries	deferred	save_five_changes	tree_build	1	78.150	0	0	6930039	100000	0	ok
PROBE-TSV	1	lha	entries	deferred	save_five_changes	updater_open	1	937.750	7000064	0	6930039	100000	0	ok
PROBE-TSV	1	lha	entries	deferred	save_five_changes	verification_open	1	419.515	0	0	6930039	100000	0	ok
PROBE-TSV	1	lha	entries	deferred	rename_only_reserve_rename	display	1	3.032	0	0	7000001	100000	0	ok
PROBE-TSV	1	lha	entries	deferred	rename_only_reserve_rename	filter_compute	1	0.001	0	0	7000001	100000	0	ok
PROBE-TSV	1	lha	entries	deferred	rename_only_reserve_rename	password_verification	1	0.578	0	0	7000001	100000	0	ok
PROBE-TSV	1	lha	entries	deferred	rename_only_reserve_rename	total	1	185.657	0	0	7000001	100000	0	ok
PROBE-TSV	1	lha	entries	deferred	rename_only_reserve_rename	tree_build	1	77.097	0	0	7000001	100000	0	ok
PROBE-TSV	1	lha	entries	deferred	save_rename_only	capability_probe	1	411.802	0	0	7000000	100000	0	ok
PROBE-TSV	1	lha	entries	deferred	save_rename_only	commit	1	7.896	4096	7000064	7000000	100000	0	ok
PROBE-TSV	1	lha	entries	deferred	save_rename_only	display	1	2.643	0	0	7000000	100000	0	ok
PROBE-TSV	1	lha	entries	deferred	save_rename_only	editing_install	1	0.006	0	0	7000000	100000	0	ok
PROBE-TSV	1	lha	entries	deferred	save_rename_only	editing_prepare	1	45.490	0	0	7000000	100000	0	ok
PROBE-TSV	1	lha	entries	deferred	save_rename_only	entry_comparison	1	64.906	0	0	7000000	100000	0	ok
PROBE-TSV	1	lha	entries	deferred	save_rename_only	filter_compute	2	0.001	0	0	7000000	100000	0	ok
PROBE-TSV	1	lha	entries	deferred	save_rename_only	name_index_advance	1	18.274	0	0	7000000	100000	0	ok
PROBE-TSV	1	lha	entries	deferred	save_rename_only	password_verification	1	0.568	0	0	7000000	100000	0	ok
PROBE-TSV	1	lha	entries	deferred	save_rename_only	publish	1	0.422	0	0	7000000	100000	0	ok
PROBE-TSV	1	lha	entries	deferred	save_rename_only	reader_adoption	1	0.003	0	0	7000000	100000	0	ok
PROBE-TSV	1	lha	entries	deferred	save_rename_only	reload	1	431.075	0	0	7000000	100000	0	ok
PROBE-TSV	1	lha	entries	deferred	save_rename_only	replay	1	69.610	0	0	7000000	100000	0	ok
PROBE-TSV	1	lha	entries	deferred	save_rename_only	replay_plan	1	28.868	0	0	7000000	100000	0	ok
PROBE-TSV	1	lha	entries	deferred	save_rename_only	representability_differential	1	0.037	0	0	7000000	100000	0	ok
PROBE-TSV	1	lha	entries	deferred	save_rename_only	save_sheet	1	2436.788	7004160	7012352	7000000	100000	0	ok
PROBE-TSV	1	lha	entries	deferred	save_rename_only	total	1	2482.677	7004160	7012352	7000000	100000	0	ok
PROBE-TSV	1	lha	entries	deferred	save_rename_only	tree_build	1	79.157	0	0	7000000	100000	0	ok
PROBE-TSV	1	lha	entries	deferred	save_rename_only	updater_open	1	931.104	7000064	0	7000000	100000	0	ok
PROBE-TSV	1	lha	entries	deferred	save_rename_only	verification_open	1	425.420	0	0	7000000	100000	0	ok
PROBE-PROGRESS	lha	payload	delete_start	84	82	3.725	8.501
PROBE-TSV	1	lha	payload	immediate	delete_start	capability_probe	1	4.597	0	0	168563277	1064	256	ok
PROBE-TSV	1	lha	payload	immediate	delete_start	commit	1	73.287	150962176	168574976	168563277	1064	256	ok
PROBE-TSV	1	lha	payload	immediate	delete_start	display	1	1.278	0	0	168563277	1064	256	ok
PROBE-TSV	1	lha	payload	immediate	delete_start	entry_comparison	1	0.648	0	0	168563277	1064	256	ok
PROBE-TSV	1	lha	payload	immediate	delete_start	filter_compute	1	0.000	0	0	168563277	1064	256	ok
PROBE-TSV	1	lha	payload	immediate	delete_start	mutate	1	0.700	0	0	168563277	1064	256	ok
PROBE-TSV	1	lha	payload	immediate	delete_start	password_verification	1	0.027	0	0	168563277	1064	256	ok
PROBE-TSV	1	lha	payload	immediate	delete_start	plan_build	1	0.012	0	0	168563277	1064	256	ok
PROBE-TSV	1	lha	payload	immediate	delete_start	plan_validation	1	0.135	0	0	168563277	1064	256	ok
PROBE-TSV	1	lha	payload	immediate	delete_start	publish	1	0.789	0	0	168563277	1064	256	ok
PROBE-TSV	1	lha	payload	immediate	delete_start	reader_adoption	1	0.002	0	0	168563277	1064	256	ok
PROBE-TSV	1	lha	payload	immediate	delete_start	reload	1	4.886	0	0	168563277	1064	256	ok
PROBE-TSV	1	lha	payload	immediate	delete_start	total	1	117.911	168853504	168587264	168563277	1064	256	ok
PROBE-TSV	1	lha	payload	immediate	delete_start	tree_build	1	0.759	0	0	168563277	1064	256	ok
PROBE-TSV	1	lha	payload	immediate	delete_start	updater_open	1	24.586	17891328	0	168563277	1064	256	ok
PROBE-TSV	1	lha	payload	immediate	delete_start	verification_open	1	5.428	0	0	168563277	1064	256	ok
PROBE-PROGRESS	lha	payload	delete_end	4	2	0.944	20.331
PROBE-TSV	1	lha	payload	immediate	delete_end	capability_probe	1	4.438	0	0	170720918	1064	256	ok
PROBE-TSV	1	lha	payload	immediate	delete_end	commit	1	1.011	32768	16384	170720918	1064	256	ok
PROBE-TSV	1	lha	payload	immediate	delete_end	display	1	1.283	0	0	170720918	1064	256	ok
PROBE-TSV	1	lha	payload	immediate	delete_end	entry_comparison	1	0.626	0	0	170720918	1064	256	ok
PROBE-TSV	1	lha	payload	immediate	delete_end	filter_compute	1	0.000	0	0	170720918	1064	256	ok
PROBE-TSV	1	lha	payload	immediate	delete_end	mutate	1	0.770	0	0	170720918	1064	256	ok
PROBE-TSV	1	lha	payload	immediate	delete_end	password_verification	1	0.043	0	0	170720918	1064	256	ok
PROBE-TSV	1	lha	payload	immediate	delete_end	plan_build	1	0.013	0	0	170720918	1064	256	ok
PROBE-TSV	1	lha	payload	immediate	delete_end	plan_validation	1	0.181	0	0	170720918	1064	256	ok
PROBE-TSV	1	lha	payload	immediate	delete_end	publish	1	0.703	0	0	170720918	1064	256	ok
PROBE-TSV	1	lha	payload	immediate	delete_end	reader_adoption	1	0.002	0	0	170720918	1064	256	ok
PROBE-TSV	1	lha	payload	immediate	delete_end	reload	1	4.658	0	0	170720918	1064	256	ok
PROBE-TSV	1	lha	payload	immediate	delete_end	total	1	56.056	35782656	28672	170720918	1064	256	ok
PROBE-TSV	1	lha	payload	immediate	delete_end	tree_build	1	0.572	0	0	170720918	1064	256	ok
PROBE-TSV	1	lha	payload	immediate	delete_end	updater_open	1	24.824	17891328	0	170720918	1064	256	ok
PROBE-TSV	1	lha	payload	immediate	delete_end	verification_open	1	18.442	17858560	0	170720918	1064	256	ok
PROBE-PROGRESS	lha	payload	rename_same_length	4	2	0.992	20.570
PROBE-TSV	1	lha	payload	immediate	rename_same_length	capability_probe	1	4.514	0	0	170720988	1064	256	ok
PROBE-TSV	1	lha	payload	immediate	rename_same_length	commit	1	1.050	32768	32768	170720988	1064	256	ok
PROBE-TSV	1	lha	payload	immediate	rename_same_length	display	1	1.341	0	0	170720988	1064	256	ok
PROBE-TSV	1	lha	payload	immediate	rename_same_length	entry_comparison	1	0.634	0	0	170720988	1064	256	ok
PROBE-TSV	1	lha	payload	immediate	rename_same_length	filter_compute	1	0.000	0	0	170720988	1064	256	ok
PROBE-TSV	1	lha	payload	immediate	rename_same_length	mutate	1	0.946	0	0	170720988	1064	256	ok
PROBE-TSV	1	lha	payload	immediate	rename_same_length	name_index_advance	1	0.165	0	0	170720988	1064	256	ok
PROBE-TSV	1	lha	payload	immediate	rename_same_length	name_index_build	1	1.624	0	0	170720988	1064	256	ok
PROBE-TSV	1	lha	payload	immediate	rename_same_length	password_verification	1	0.044	0	0	170720988	1064	256	ok
PROBE-TSV	1	lha	payload	immediate	rename_same_length	plan_build	1	0.017	0	0	170720988	1064	256	ok
PROBE-TSV	1	lha	payload	immediate	rename_same_length	plan_validation	1	0.414	0	0	170720988	1064	256	ok
PROBE-TSV	1	lha	payload	immediate	rename_same_length	publish	1	0.728	0	0	170720988	1064	256	ok
PROBE-TSV	1	lha	payload	immediate	rename_same_length	reader_adoption	1	0.002	0	0	170720988	1064	256	ok
PROBE-TSV	1	lha	payload	immediate	rename_same_length	reload	1	4.935	0	0	170720988	1064	256	ok
PROBE-TSV	1	lha	payload	immediate	rename_same_length	total	1	59.288	35782656	45056	170720988	1064	256	ok
PROBE-TSV	1	lha	payload	immediate	rename_same_length	tree_build	1	0.597	0	0	170720988	1064	256	ok
PROBE-TSV	1	lha	payload	immediate	rename_same_length	updater_open	1	24.574	17891328	0	170720988	1064	256	ok
PROBE-TSV	1	lha	payload	immediate	rename_same_length	verification_open	1	18.762	17858560	0	170720988	1064	256	ok
PROBE-PROGRESS	lha	payload	rename_different_length	84	82	4.764	7.721
PROBE-TSV	1	lha	payload	immediate	rename_different_length	capability_probe	1	4.656	0	0	170721006	1064	256	ok
PROBE-TSV	1	lha	payload	immediate	rename_different_length	commit	1	80.839	152838144	170721280	170721006	1064	256	ok
PROBE-TSV	1	lha	payload	immediate	rename_different_length	display	1	1.268	0	0	170721006	1064	256	ok
PROBE-TSV	1	lha	payload	immediate	rename_different_length	entry_comparison	1	0.640	0	0	170721006	1064	256	ok
PROBE-TSV	1	lha	payload	immediate	rename_different_length	filter_compute	1	0.000	0	0	170721006	1064	256	ok
PROBE-TSV	1	lha	payload	immediate	rename_different_length	mutate	1	1.003	0	0	170721006	1064	256	ok
PROBE-TSV	1	lha	payload	immediate	rename_different_length	name_index_advance	1	0.141	0	0	170721006	1064	256	ok
PROBE-TSV	1	lha	payload	immediate	rename_different_length	name_index_build	1	1.518	0	0	170721006	1064	256	ok
PROBE-TSV	1	lha	payload	immediate	rename_different_length	password_verification	1	0.030	0	0	170721006	1064	256	ok
PROBE-TSV	1	lha	payload	immediate	rename_different_length	plan_build	1	0.020	0	0	170721006	1064	256	ok
PROBE-TSV	1	lha	payload	immediate	rename_different_length	plan_validation	1	0.439	0	0	170721006	1064	256	ok
PROBE-TSV	1	lha	payload	immediate	rename_different_length	publish	1	0.713	0	0	170721006	1064	256	ok
PROBE-TSV	1	lha	payload	immediate	rename_different_length	reader_adoption	1	0.003	0	0	170721006	1064	256	ok
PROBE-TSV	1	lha	payload	immediate	rename_different_length	reload	1	5.087	0	0	170721006	1064	256	ok
PROBE-TSV	1	lha	payload	immediate	rename_different_length	total	1	125.199	170729472	170733568	170721006	1064	256	ok
PROBE-TSV	1	lha	payload	immediate	rename_different_length	tree_build	1	0.753	0	0	170721006	1064	256	ok
PROBE-TSV	1	lha	payload	immediate	rename_different_length	updater_open	1	24.256	17891328	0	170721006	1064	256	ok
PROBE-TSV	1	lha	payload	immediate	rename_different_length	verification_open	1	5.047	0	0	170721006	1064	256	ok
PROBE-PROGRESS	lha	payload	rename_folder	108	106	5.535	8.037
PROBE-TSV	1	lha	payload	immediate	rename_folder	capability_probe	1	4.638	0	0	170721436	1064	256	ok
PROBE-TSV	1	lha	payload	immediate	rename_folder	commit	1	78.679	152829952	170737664	170721436	1064	256	ok
PROBE-TSV	1	lha	payload	immediate	rename_folder	display	1	1.263	0	0	170721436	1064	256	ok
PROBE-TSV	1	lha	payload	immediate	rename_folder	entry_comparison	1	0.609	0	0	170721436	1064	256	ok
PROBE-TSV	1	lha	payload	immediate	rename_folder	filter_compute	1	0.000	0	0	170721436	1064	256	ok
PROBE-TSV	1	lha	payload	immediate	rename_folder	mutate	1	1.182	0	0	170721436	1064	256	ok
PROBE-TSV	1	lha	payload	immediate	rename_folder	name_index_advance	1	0.634	0	0	170721436	1064	256	ok
PROBE-TSV	1	lha	payload	immediate	rename_folder	name_index_build	1	1.670	0	0	170721436	1064	256	ok
PROBE-TSV	1	lha	payload	immediate	rename_folder	password_verification	1	0.030	0	0	170721436	1064	256	ok
PROBE-TSV	1	lha	payload	immediate	rename_folder	plan_build	1	0.366	0	0	170721436	1064	256	ok
PROBE-TSV	1	lha	payload	immediate	rename_folder	plan_validation	1	0.276	0	0	170721436	1064	256	ok
PROBE-TSV	1	lha	payload	immediate	rename_folder	publish	1	0.701	0	0	170721436	1064	256	ok
PROBE-TSV	1	lha	payload	immediate	rename_folder	reader_adoption	1	0.002	0	0	170721436	1064	256	ok
PROBE-TSV	1	lha	payload	immediate	rename_folder	reload	1	5.544	0	0	170721436	1064	256	ok
PROBE-TSV	1	lha	payload	immediate	rename_folder	total	1	126.139	170721280	170749952	170721436	1064	256	ok
PROBE-TSV	1	lha	payload	immediate	rename_folder	tree_build	1	0.615	0	0	170721436	1064	256	ok
PROBE-TSV	1	lha	payload	immediate	rename_folder	updater_open	1	24.735	17891328	0	170721436	1064	256	ok
PROBE-TSV	1	lha	payload	immediate	rename_folder	verification_open	1	5.268	0	0	170721436	1064	256	ok
PROBE-PROGRESS	lha	payload	new_folder	4	2	1.046	20.519
PROBE-TSV	1	lha	payload	immediate	new_folder	capability_probe	1	4.437	0	0	170721047	1064	256	ok
PROBE-TSV	1	lha	payload	immediate	new_folder	commit	1	0.385	0	16384	170721047	1064	256	ok
PROBE-TSV	1	lha	payload	immediate	new_folder	display	1	1.254	0	0	170721047	1064	256	ok
PROBE-TSV	1	lha	payload	immediate	new_folder	entry_comparison	1	0.640	0	0	170721047	1064	256	ok
PROBE-TSV	1	lha	payload	immediate	new_folder	filter_compute	1	0.000	0	0	170721047	1064	256	ok
PROBE-TSV	1	lha	payload	immediate	new_folder	mutate	1	1.018	0	0	170721047	1064	256	ok
PROBE-TSV	1	lha	payload	immediate	new_folder	name_index_advance	1	0.123	0	0	170721047	1064	256	ok
PROBE-TSV	1	lha	payload	immediate	new_folder	name_index_build	1	1.676	0	0	170721047	1064	256	ok
PROBE-TSV	1	lha	payload	immediate	new_folder	password_verification	1	0.031	0	0	170721047	1064	256	ok
PROBE-TSV	1	lha	payload	immediate	new_folder	plan_build	1	1.692	0	0	170721047	1064	256	ok
PROBE-TSV	1	lha	payload	immediate	new_folder	plan_validation	1	0.140	0	0	170721047	1064	256	ok
PROBE-TSV	1	lha	payload	immediate	new_folder	publish	1	0.710	0	0	170721047	1064	256	ok
PROBE-TSV	1	lha	payload	immediate	new_folder	reader_adoption	1	0.002	0	0	170721047	1064	256	ok
PROBE-TSV	1	lha	payload	immediate	new_folder	reload	1	4.745	0	0	170721047	1064	256	ok
PROBE-TSV	1	lha	payload	immediate	new_folder	total	1	57.921	35782656	28672	170721047	1064	256	ok
PROBE-TSV	1	lha	payload	immediate	new_folder	tree_build	1	0.601	0	0	170721047	1064	256	ok
PROBE-TSV	1	lha	payload	immediate	new_folder	updater_open	1	24.872	17891328	0	170721047	1064	256	ok
PROBE-TSV	1	lha	payload	immediate	new_folder	verification_open	1	18.673	17874944	0	170721047	1064	256	ok
PROBE-PROGRESS	lha	payload	add_file	6	3	0.904	21.032
PROBE-TSV	1	lha	payload	immediate	add_file	capability_probe	1	4.627	0	0	170721044	1064	256	ok
PROBE-TSV	1	lha	payload	immediate	add_file	commit	1	0.469	0	16384	170721044	1064	256	ok
PROBE-TSV	1	lha	payload	immediate	add_file	display	1	1.240	0	0	170721044	1064	256	ok
PROBE-TSV	1	lha	payload	immediate	add_file	entry_comparison	1	0.748	0	0	170721044	1064	256	ok
PROBE-TSV	1	lha	payload	immediate	add_file	filter_compute	1	0.000	0	0	170721044	1064	256	ok
PROBE-TSV	1	lha	payload	immediate	add_file	mutate	1	0.937	0	0	170721044	1064	256	ok
PROBE-TSV	1	lha	payload	immediate	add_file	name_index_advance	1	0.353	0	0	170721044	1064	256	ok
PROBE-TSV	1	lha	payload	immediate	add_file	name_index_build	1	1.449	0	0	170721044	1064	256	ok
PROBE-TSV	1	lha	payload	immediate	add_file	password_verification	1	0.085	0	0	170721044	1064	256	ok
PROBE-TSV	1	lha	payload	immediate	add_file	plan_build	3	0.043	0	0	170721044	1064	256	ok
PROBE-TSV	1	lha	payload	immediate	add_file	plan_validation	1	0.102	0	0	170721044	1064	256	ok
PROBE-TSV	1	lha	payload	immediate	add_file	publish	1	0.707	0	0	170721044	1064	256	ok
PROBE-TSV	1	lha	payload	immediate	add_file	reader_adoption	1	0.002	0	0	170721044	1064	256	ok
PROBE-TSV	1	lha	payload	immediate	add_file	reload	1	5.160	0	0	170721044	1064	256	ok
PROBE-TSV	1	lha	payload	immediate	add_file	total	1	59.824	35782656	28672	170721044	1064	256	ok
PROBE-TSV	1	lha	payload	immediate	add_file	tree_build	1	0.569	0	0	170721044	1064	256	ok
PROBE-TSV	1	lha	payload	immediate	add_file	updater_open	1	24.726	17891328	0	170721044	1064	256	ok
PROBE-TSV	1	lha	payload	immediate	add_file	verification_open	1	18.960	17874944	0	170721044	1064	256	ok
PROBE-PROGRESS	lha	payload	replace_file	86	83	4.378	8.120
PROBE-TSV	1	lha	payload	immediate	replace_file	capability_probe	1	4.462	0	0	168563347	1064	256	ok
PROBE-TSV	1	lha	payload	immediate	replace_file	commit	1	76.283	150945792	168591360	168563347	1064	256	ok
PROBE-TSV	1	lha	payload	immediate	replace_file	display	1	1.234	0	0	168563347	1064	256	ok
PROBE-TSV	1	lha	payload	immediate	replace_file	entry_comparison	1	0.672	0	0	168563347	1064	256	ok
PROBE-TSV	1	lha	payload	immediate	replace_file	filter_compute	1	0.000	0	0	168563347	1064	256	ok
PROBE-TSV	1	lha	payload	immediate	replace_file	mutate	1	1.583	0	0	168563347	1064	256	ok
PROBE-TSV	1	lha	payload	immediate	replace_file	name_index_advance	1	0.140	0	0	168563347	1064	256	ok
PROBE-TSV	1	lha	payload	immediate	replace_file	name_index_build	1	1.646	0	0	168563347	1064	256	ok
PROBE-TSV	1	lha	payload	immediate	replace_file	password_verification	1	0.028	0	0	168563347	1064	256	ok
PROBE-TSV	1	lha	payload	immediate	replace_file	plan_build	4	0.088	0	0	168563347	1064	256	ok
PROBE-TSV	1	lha	payload	immediate	replace_file	plan_validation	1	0.110	0	0	168563347	1064	256	ok
PROBE-TSV	1	lha	payload	immediate	replace_file	publish	1	0.704	0	0	168563347	1064	256	ok
PROBE-TSV	1	lha	payload	immediate	replace_file	reader_adoption	1	0.002	0	0	168563347	1064	256	ok
PROBE-TSV	1	lha	payload	immediate	replace_file	reload	1	4.849	0	0	168563347	1064	256	ok
PROBE-TSV	1	lha	payload	immediate	replace_file	total	1	122.273	168853504	168603648	168563347	1064	256	ok
PROBE-TSV	1	lha	payload	immediate	replace_file	tree_build	1	0.566	0	0	168563347	1064	256	ok
PROBE-TSV	1	lha	payload	immediate	replace_file	updater_open	1	24.882	17891328	0	168563347	1064	256	ok
PROBE-TSV	1	lha	payload	immediate	replace_file	verification_open	1	5.286	0	0	168563347	1064	256	ok
PROBE-TSV	1	lha	payload	deferred	five_changes_reserve_rename	display	1	1.256	0	0	170720988	1064	256	ok
PROBE-TSV	1	lha	payload	deferred	five_changes_reserve_rename	filter_compute	1	0.000	0	0	170720988	1064	256	ok
PROBE-TSV	1	lha	payload	deferred	five_changes_reserve_rename	password_verification	1	0.032	0	0	170720988	1064	256	ok
PROBE-TSV	1	lha	payload	deferred	five_changes_reserve_rename	total	1	30.032	0	0	170720988	1064	256	ok
PROBE-TSV	1	lha	payload	deferred	five_changes_reserve_rename	tree_build	1	0.644	0	0	170720988	1064	256	ok
PROBE-TSV	1	lha	payload	deferred	five_changes_reserve_delete	display	1	1.178	0	0	170720988	1064	256	ok
PROBE-TSV	1	lha	payload	deferred	five_changes_reserve_delete	filter_compute	1	0.000	0	0	170720988	1064	256	ok
PROBE-TSV	1	lha	payload	deferred	five_changes_reserve_delete	password_verification	1	0.026	0	0	170720988	1064	256	ok
PROBE-TSV	1	lha	payload	deferred	five_changes_reserve_delete	total	1	5.920	0	0	170720988	1064	256	ok
PROBE-TSV	1	lha	payload	deferred	five_changes_reserve_delete	tree_build	1	0.599	0	0	170720988	1064	256	ok
PROBE-TSV	1	lha	payload	deferred	five_changes_reserve_new_folder	display	1	1.332	0	0	170720988	1064	256	ok
PROBE-TSV	1	lha	payload	deferred	five_changes_reserve_new_folder	filter_compute	1	0.000	0	0	170720988	1064	256	ok
PROBE-TSV	1	lha	payload	deferred	five_changes_reserve_new_folder	password_verification	1	0.035	0	0	170720988	1064	256	ok
PROBE-TSV	1	lha	payload	deferred	five_changes_reserve_new_folder	total	1	58.132	0	0	170720988	1064	256	ok
PROBE-TSV	1	lha	payload	deferred	five_changes_reserve_new_folder	tree_build	1	0.665	0	0	170720988	1064	256	ok
PROBE-TSV	1	lha	payload	deferred	five_changes_reserve_delete_folder	display	1	1.466	0	0	170720988	1064	256	ok
PROBE-TSV	1	lha	payload	deferred	five_changes_reserve_delete_folder	filter_compute	1	0.000	0	0	170720988	1064	256	ok
PROBE-TSV	1	lha	payload	deferred	five_changes_reserve_delete_folder	password_verification	1	0.030	0	0	170720988	1064	256	ok
PROBE-TSV	1	lha	payload	deferred	five_changes_reserve_delete_folder	total	1	33.611	0	0	170720988	1064	256	ok
PROBE-TSV	1	lha	payload	deferred	five_changes_reserve_delete_folder	tree_build	1	0.047	0	0	170720988	1064	256	ok
PROBE-TSV	1	lha	payload	deferred	five_changes_reserve_add	display	1	1.188	0	0	170720988	1064	256	ok
PROBE-TSV	1	lha	payload	deferred	five_changes_reserve_add	filter_compute	1	0.000	0	0	170720988	1064	256	ok
PROBE-TSV	1	lha	payload	deferred	five_changes_reserve_add	password_verification	1	0.031	0	0	170720988	1064	256	ok
PROBE-TSV	1	lha	payload	deferred	five_changes_reserve_add	plan_build	3	0.052	0	0	170720988	1064	256	ok
PROBE-TSV	1	lha	payload	deferred	five_changes_reserve_add	total	1	8.018	0	4096	170720988	1064	256	ok
PROBE-TSV	1	lha	payload	deferred	five_changes_reserve_add	tree_build	1	0.053	0	0	170720988	1064	256	ok
PROBE-TSV	1	lha	payload	deferred	save_five_changes	capability_probe	1	0.353	0	0	170651097	1064	256	ok
PROBE-TSV	1	lha	payload	deferred	save_five_changes	commit	1	0.553	16384	12288	170651097	1064	256	ok
PROBE-TSV	1	lha	payload	deferred	save_five_changes	display	1	1.331	0	0	170651097	1064	256	ok
PROBE-TSV	1	lha	payload	deferred	save_five_changes	editing_install	1	0.009	0	0	170651097	1064	256	ok
PROBE-TSV	1	lha	payload	deferred	save_five_changes	editing_prepare	1	0.620	0	0	170651097	1064	256	ok
PROBE-TSV	1	lha	payload	deferred	save_five_changes	entry_comparison	1	0.041	0	0	170651097	1064	256	ok
PROBE-TSV	1	lha	payload	deferred	save_five_changes	filter_compute	2	0.000	0	0	170651097	1064	256	ok
PROBE-TSV	1	lha	payload	deferred	save_five_changes	name_index_advance	1	0.744	0	0	170651097	1064	256	ok
PROBE-TSV	1	lha	payload	deferred	save_five_changes	password_verification	1	0.029	0	0	170651097	1064	256	ok
PROBE-TSV	1	lha	payload	deferred	save_five_changes	publish	1	0.862	0	0	170651097	1064	256	ok
PROBE-TSV	1	lha	payload	deferred	save_five_changes	reader_adoption	1	0.002	0	0	170651097	1064	256	ok
PROBE-TSV	1	lha	payload	deferred	save_five_changes	reload	1	1.474	0	0	170651097	1064	256	ok
PROBE-TSV	1	lha	payload	deferred	save_five_changes	replay	1	2.369	4096	0	170651097	1064	256	ok
PROBE-TSV	1	lha	payload	deferred	save_five_changes	replay_plan	1	1.660	0	0	170651097	1064	256	ok
PROBE-TSV	1	lha	payload	deferred	save_five_changes	representability_differential	1	0.782	0	0	170651097	1064	256	ok
PROBE-TSV	1	lha	payload	deferred	save_five_changes	save_sheet	1	119.315	35721216	36864	170651097	1064	256	ok
PROBE-TSV	1	lha	payload	deferred	save_five_changes	total	1	120.290	35721216	36864	170651097	1064	256	ok
PROBE-TSV	1	lha	payload	deferred	save_five_changes	tree_build	1	0.046	0	0	170651097	1064	256	ok
PROBE-TSV	1	lha	payload	deferred	save_five_changes	updater_open	1	24.925	17891328	0	170651097	1064	256	ok
PROBE-TSV	1	lha	payload	deferred	save_five_changes	verification_open	1	14.103	17793024	0	170651097	1064	256	ok
PROBE-TSV	1	lha	payload	deferred	rename_only_reserve_rename	display	1	1.161	0	0	170720988	1064	256	ok
PROBE-TSV	1	lha	payload	deferred	rename_only_reserve_rename	filter_compute	1	0.000	0	0	170720988	1064	256	ok
PROBE-TSV	1	lha	payload	deferred	rename_only_reserve_rename	password_verification	1	0.030	0	0	170720988	1064	256	ok
PROBE-TSV	1	lha	payload	deferred	rename_only_reserve_rename	total	1	29.872	0	0	170720988	1064	256	ok
PROBE-TSV	1	lha	payload	deferred	rename_only_reserve_rename	tree_build	1	0.601	0	0	170720988	1064	256	ok
PROBE-TSV	1	lha	payload	deferred	save_rename_only	capability_probe	1	4.526	0	0	170720987	1064	256	ok
PROBE-TSV	1	lha	payload	deferred	save_rename_only	commit	1	81.799	152846336	170721280	170720987	1064	256	ok
PROBE-TSV	1	lha	payload	deferred	save_rename_only	display	1	1.178	0	0	170720987	1064	256	ok
PROBE-TSV	1	lha	payload	deferred	save_rename_only	editing_install	1	0.005	0	0	170720987	1064	256	ok
PROBE-TSV	1	lha	payload	deferred	save_rename_only	editing_prepare	1	0.278	0	0	170720987	1064	256	ok
PROBE-TSV	1	lha	payload	deferred	save_rename_only	entry_comparison	1	0.551	0	0	170720987	1064	256	ok
PROBE-TSV	1	lha	payload	deferred	save_rename_only	filter_compute	2	0.001	0	0	170720987	1064	256	ok
PROBE-TSV	1	lha	payload	deferred	save_rename_only	name_index_advance	1	0.176	0	0	170720987	1064	256	ok
PROBE-TSV	1	lha	payload	deferred	save_rename_only	password_verification	1	0.030	0	0	170720987	1064	256	ok
PROBE-TSV	1	lha	payload	deferred	save_rename_only	publish	1	0.346	0	0	170720987	1064	256	ok
PROBE-TSV	1	lha	payload	deferred	save_rename_only	reader_adoption	1	0.002	0	0	170720987	1064	256	ok
PROBE-TSV	1	lha	payload	deferred	save_rename_only	reload	1	5.173	0	0	170720987	1064	256	ok
PROBE-TSV	1	lha	payload	deferred	save_rename_only	replay	1	0.682	0	0	170720987	1064	256	ok
PROBE-TSV	1	lha	payload	deferred	save_rename_only	replay_plan	1	0.260	0	0	170720987	1064	256	ok
PROBE-TSV	1	lha	payload	deferred	save_rename_only	representability_differential	1	0.030	0	0	170720987	1064	256	ok
PROBE-TSV	1	lha	payload	deferred	save_rename_only	save_sheet	1	184.097	170737664	170733568	170720987	1064	256	ok
PROBE-TSV	1	lha	payload	deferred	save_rename_only	total	1	184.697	170737664	170733568	170720987	1064	256	ok
PROBE-TSV	1	lha	payload	deferred	save_rename_only	tree_build	1	0.745	0	0	170720987	1064	256	ok
PROBE-TSV	1	lha	payload	deferred	save_rename_only	updater_open	1	24.209	17891328	0	170720987	1064	256	ok
PROBE-TSV	1	lha	payload	deferred	save_rename_only	verification_open	1	5.579	0	0	170720987	1064	256	ok
PROBE-TSV-HEADER	version	format	fixture	mode	operation	stage	calls	duration_ms	read_bytes	written_bytes	output_bytes	entries	payload_mib	status
PROBE-TSV	1	zip	entries	immediate	open	total	1	461.554	81920	0	14100098	100000	0	ok
PROBE-TSV	1	zip	payload	immediate	open	total	1	112.413	0	0	163003493	1064	256	ok
PROBE-TSV	1	tar	entries	immediate	open	total	1	843.089	0	0	102410240	100000	0	ok
PROBE-TSV	1	tar	payload	immediate	open	total	1	99.291	0	0	269496320	1064	256	ok
PROBE-TSV	1	tar.gz	entries	immediate	open	total	1	854.467	0	100663296	1044904	100000	0	ok
PROBE-TSV	1	tar.gz	payload	immediate	open	total	1	453.232	0	268435456	162811926	1064	256	ok
PROBE-TSV	1	tar.bz2	entries	immediate	open	total	1	879.263	0	100663296	216033	100000	0	ok
PROBE-TSV	1	tar.bz2	payload	immediate	open	total	1	999.010	0	268435456	143017241	1064	256	ok
PROBE-TSV	1	tar.xz	entries	immediate	open	total	1	893.511	0	100663296	212632	100000	0	ok
PROBE-TSV	1	tar.xz	payload	immediate	open	total	1	1909.985	0	268435456	137187464	1064	256	ok
PROBE-TSV	1	7z	entries	immediate	open	total	1	754.662	0	0	7000078	100000	0	ok
PROBE-TSV	1	7z	payload	immediate	open	total	1	117.986	0	0	137251576	1064	256	ok
PROBE-TSV	1	lha	entries	immediate	open	total	1	1184.777	0	0	7000001	100000	0	ok
PROBE-TSV	1	lha	payload	immediate	open	total	1	109.111	0	0	170720988	1064	256	ok
