PROBE-TSV-HEADER	version	format	fixture	mode	operation	stage	calls	duration_ms	read_bytes	written_bytes	output_bytes	entries	payload_mib	status
PROBE-TSV	1	zip	entries	fixture	build	fixture_build	1	1136.029	0	14106624	14100098	100000	0	ok
PROBE-TSV	1	zip	entries	direct	delete_start	commit	1	11.730	12288	14102528	14099957	100000	0	ok
PROBE-TSV	1	zip	entries	direct	delete_start	remove	1	0.034	0	0	14099957	100000	0	ok
PROBE-TSV	1	zip	entries	direct	delete_start	total	1	124.035	14114816	14102528	14099957	100000	0	ok
PROBE-TSV	1	zip	entries	direct	delete_start	updater_open	1	106.401	14102528	0	14099957	100000	0	ok
PROBE-TSV	1	zip	entries	direct	delete_end	commit	1	10.568	45056	7516160	14099957	100000	0	ok
PROBE-TSV	1	zip	entries	direct	delete_end	remove	1	0.011	0	0	14099957	100000	0	ok
PROBE-TSV	1	zip	entries	direct	delete_end	total	1	117.497	14147584	7516160	14099957	100000	0	ok
PROBE-TSV	1	zip	entries	direct	delete_end	updater_open	1	101.209	14102528	0	14099957	100000	0	ok
PROBE-TSV	1	zip	payload	fixture	build	fixture_build	1	1120.177	0	163004416	163003493	1064	256	ok
PROBE-TSV	1	zip	payload	direct	delete_start	commit	1	52.176	158875648	161021952	161008071	1064	256	ok
PROBE-TSV	1	zip	payload	direct	delete_start	remove	1	0.003	0	0	161008071	1064	256	ok
PROBE-TSV	1	zip	payload	direct	delete_start	total	1	64.575	161054720	161021952	161008071	1064	256	ok
PROBE-TSV	1	zip	payload	direct	delete_start	updater_open	1	11.322	2179072	0	161008071	1064	256	ok
PROBE-TSV	1	zip	payload	direct	delete_end	commit	1	1.555	32768	81920	163003352	1064	256	ok
PROBE-TSV	1	zip	payload	direct	delete_end	remove	1	0.004	0	0	163003352	1064	256	ok
PROBE-TSV	1	zip	payload	direct	delete_end	total	1	35.296	2211840	81920	163003352	1064	256	ok
PROBE-TSV	1	zip	payload	direct	delete_end	updater_open	1	33.596	2179072	0	163003352	1064	256	ok
PROBE-TSV	1	tar	entries	fixture	build	fixture_build	1	1269.326	0	100417536	102410240	100000	0	ok
PROBE-TSV	1	tar	entries	direct	delete_start	commit	1	38.809	16384	102400000	102400000	100000	0	ok
PROBE-TSV	1	tar	entries	direct	delete_start	remove	1	52.398	0	0	102400000	100000	0	ok
PROBE-TSV	1	tar	entries	direct	delete_start	total	1	721.851	102428672	102400000	102400000	100000	0	ok
PROBE-TSV	1	tar	entries	direct	delete_start	updater_open	1	614.843	102412288	0	102400000	100000	0	ok
PROBE-TSV	1	tar	entries	direct	delete_end	commit	1	6.257	32768	16384	102400000	100000	0	ok
PROBE-TSV	1	tar	entries	direct	delete_end	remove	1	53.947	0	0	102400000	100000	0	ok
PROBE-TSV	1	tar	entries	direct	delete_end	total	1	681.986	102445056	16384	102400000	100000	0	ok
PROBE-TSV	1	tar	entries	direct	delete_end	updater_open	1	608.009	102412288	0	102400000	100000	0	ok
PROBE-TSV	1	tar	payload	fixture	build	fixture_build	1	343.463	0	269496320	269496320	1064	256	ok
PROBE-TSV	1	tar	payload	direct	delete_start	commit	1	117.712	263045120	265322496	265308160	1064	256	ok
PROBE-TSV	1	tar	payload	direct	delete_start	remove	1	0.517	0	0	265308160	1064	256	ok
PROBE-TSV	1	tar	payload	direct	delete_start	total	1	134.579	265351168	265322496	265308160	1064	256	ok
PROBE-TSV	1	tar	payload	direct	delete_start	updater_open	1	14.592	2306048	0	265308160	1064	256	ok
PROBE-TSV	1	tar	payload	direct	delete_end	commit	1	0.755	28672	12288	269496320	1064	256	ok
PROBE-TSV	1	tar	payload	direct	delete_end	remove	1	0.516	0	0	269496320	1064	256	ok
PROBE-TSV	1	tar	payload	direct	delete_end	total	1	16.621	2334720	12288	269496320	1064	256	ok
PROBE-TSV	1	tar	payload	direct	delete_end	updater_open	1	15.155	2306048	0	269496320	1064	256	ok
PROBE-TSV	1	tar.gz	entries	fixture	build	fixture_build	1	574.427	0	1048576	1045427	100000	0	ok
PROBE-TSV	1	tar.gz	entries	direct	delete_start	commit	1	10.223	0	1052672	1045400	100000	0	ok
PROBE-TSV	1	tar.gz	entries	direct	delete_start	remove	1	52.661	0	0	1045400	100000	0	ok
PROBE-TSV	1	tar.gz	entries	direct	delete_start	total	1	314.147	0	1052672	1045400	100000	0	ok
PROBE-TSV	1	tar.gz	entries	direct	delete_start	updater_open	1	246.555	0	0	1045400	100000	0	ok
PROBE-TSV	1	tar.gz	entries	direct	delete_end	commit	1	8.048	0	1052672	1045401	100000	0	ok
PROBE-TSV	1	tar.gz	entries	direct	delete_end	remove	1	52.103	0	0	1045401	100000	0	ok
PROBE-TSV	1	tar.gz	entries	direct	delete_end	total	1	312.899	0	1052672	1045401	100000	0	ok
PROBE-TSV	1	tar.gz	entries	direct	delete_end	updater_open	1	248.015	0	0	1045401	100000	0	ok
PROBE-TSV	1	tar.gz	payload	fixture	build	fixture_build	1	1202.025	0	162824192	162811987	1064	256	ok
PROBE-TSV	1	tar.gz	payload	direct	delete_start	commit	1	60.212	0	160833536	160817818	1064	256	ok
PROBE-TSV	1	tar.gz	payload	direct	delete_start	remove	1	0.571	0	0	160817818	1064	256	ok
PROBE-TSV	1	tar.gz	payload	direct	delete_start	total	1	63.866	0	160833536	160817818	1064	256	ok
PROBE-TSV	1	tar.gz	payload	direct	delete_start	updater_open	1	2.878	0	0	160817818	1064	256	ok
PROBE-TSV	1	tar.gz	payload	direct	delete_end	commit	1	26.351	0	162824192	162811978	1064	256	ok
PROBE-TSV	1	tar.gz	payload	direct	delete_end	remove	1	0.544	0	0	162811978	1064	256	ok
PROBE-TSV	1	tar.gz	payload	direct	delete_end	total	1	29.904	0	162824192	162811978	1064	256	ok
PROBE-TSV	1	tar.gz	payload	direct	delete_end	updater_open	1	2.803	0	0	162811978	1064	256	ok
PROBE-TSV	1	tar.bz2	entries	fixture	build	fixture_build	1	624.456	0	217088	216235	100000	0	ok
PROBE-TSV	1	tar.bz2	entries	direct	delete_start	commit	1	48.572	0	221184	216206	100000	0	ok
PROBE-TSV	1	tar.bz2	entries	direct	delete_start	remove	1	52.426	0	0	216206	100000	0	ok
PROBE-TSV	1	tar.bz2	entries	direct	delete_start	total	1	352.884	0	221184	216206	100000	0	ok
PROBE-TSV	1	tar.bz2	entries	direct	delete_start	updater_open	1	246.895	0	0	216206	100000	0	ok
PROBE-TSV	1	tar.bz2	entries	direct	delete_end	commit	1	34.174	0	221184	216204	100000	0	ok
PROBE-TSV	1	tar.bz2	entries	direct	delete_end	remove	1	52.550	0	0	216204	100000	0	ok
PROBE-TSV	1	tar.bz2	entries	direct	delete_end	total	1	340.344	0	221184	216204	100000	0	ok
PROBE-TSV	1	tar.bz2	entries	direct	delete_end	updater_open	1	248.644	0	0	216204	100000	0	ok
PROBE-TSV	1	tar.bz2	payload	fixture	build	fixture_build	1	1893.580	0	143032320	143016728	1064	256	ok
PROBE-TSV	1	tar.bz2	payload	direct	delete_start	commit	1	22.250	0	141455360	141440895	1064	256	ok
PROBE-TSV	1	tar.bz2	payload	direct	delete_start	remove	1	0.524	0	0	141440895	1064	256	ok
PROBE-TSV	1	tar.bz2	payload	direct	delete_start	total	1	25.644	0	141455360	141440895	1064	256	ok
PROBE-TSV	1	tar.bz2	payload	direct	delete_start	updater_open	1	2.667	0	0	141440895	1064	256	ok
PROBE-TSV	1	tar.bz2	payload	direct	delete_end	commit	1	26.746	0	143028224	143016757	1064	256	ok
PROBE-TSV	1	tar.bz2	payload	direct	delete_end	remove	1	0.554	0	0	143016757	1064	256	ok
PROBE-TSV	1	tar.bz2	payload	direct	delete_end	total	1	30.402	0	143028224	143016757	1064	256	ok
PROBE-TSV	1	tar.bz2	payload	direct	delete_end	updater_open	1	2.877	0	0	143016757	1064	256	ok
PROBE-TSV	1	tar.xz	entries	fixture	build	fixture_build	1	733.501	0	217088	214928	100000	0	ok
PROBE-TSV	1	tar.xz	entries	direct	delete_start	commit	1	166.638	0	221184	214848	100000	0	ok
PROBE-TSV	1	tar.xz	entries	direct	delete_start	remove	1	54.477	0	0	214848	100000	0	ok
PROBE-TSV	1	tar.xz	entries	direct	delete_start	total	1	475.699	0	221184	214848	100000	0	ok
PROBE-TSV	1	tar.xz	entries	direct	delete_start	updater_open	1	249.628	0	0	214848	100000	0	ok
PROBE-TSV	1	tar.xz	entries	direct	delete_end	commit	1	73.735	0	221184	214892	100000	0	ok
PROBE-TSV	1	tar.xz	entries	direct	delete_end	remove	1	52.456	0	0	214892	100000	0	ok
PROBE-TSV	1	tar.xz	entries	direct	delete_end	total	1	377.521	0	221184	214892	100000	0	ok
PROBE-TSV	1	tar.xz	entries	direct	delete_end	updater_open	1	246.386	0	0	214892	100000	0	ok
PROBE-TSV	1	tar.xz	payload	fixture	build	fixture_build	1	11847.843	0	132431872	137187452	1064	256	ok
PROBE-TSV	1	tar.xz	payload	direct	delete_start	commit	1	20.707	0	135741440	135726484	1064	256	ok
PROBE-TSV	1	tar.xz	payload	direct	delete_start	remove	1	0.540	0	0	135726484	1064	256	ok
PROBE-TSV	1	tar.xz	payload	direct	delete_start	total	1	24.217	0	135741440	135726484	1064	256	ok
PROBE-TSV	1	tar.xz	payload	direct	delete_start	updater_open	1	2.761	0	0	135726484	1064	256	ok
PROBE-TSV	1	tar.xz	payload	direct	delete_end	commit	1	58.644	0	137199616	137187456	1064	256	ok
PROBE-TSV	1	tar.xz	payload	direct	delete_end	remove	1	0.504	0	0	137187456	1064	256	ok
PROBE-TSV	1	tar.xz	payload	direct	delete_end	total	1	61.994	0	137199616	137187456	1064	256	ok
PROBE-TSV	1	tar.xz	payload	direct	delete_end	updater_open	1	2.645	0	0	137187456	1064	256	ok
PROBE-TSV	1	7z	entries	fixture	build	fixture_build	1	3495.868	0	7028736	7000078	100000	0	ok
PROBE-TSV	1	7z	entries	direct	delete_start	commit	1	431.994	516096	7020544	7000008	100000	0	ok
PROBE-TSV	1	7z	entries	direct	delete_start	remove	1	49.739	0	0	7000008	100000	0	ok
PROBE-TSV	1	7z	entries	direct	delete_start	total	1	941.222	7045120	7020544	7000008	100000	0	ok
PROBE-TSV	1	7z	entries	direct	delete_start	updater_open	1	425.354	6529024	0	7000008	100000	0	ok
PROBE-TSV	1	7z	entries	direct	delete_end	commit	1	329.178	57344	6545408	7000008	100000	0	ok
PROBE-TSV	1	7z	entries	direct	delete_end	remove	1	50.068	0	0	7000008	100000	0	ok
PROBE-TSV	1	7z	entries	direct	delete_end	total	1	818.434	6586368	6545408	7000008	100000	0	ok
PROBE-TSV	1	7z	entries	direct	delete_end	updater_open	1	412.335	6529024	0	7000008	100000	0	ok
PROBE-TSV	1	7z	payload	fixture	build	fixture_build	1	11870.633	0	137281536	137251576	1064	256	ok
PROBE-TSV	1	7z	payload	direct	delete_start	commit	1	68.008	135741440	135823360	135790639	1064	256	ok
PROBE-TSV	1	7z	payload	direct	delete_start	remove	1	0.560	0	0	135790639	1064	256	ok
PROBE-TSV	1	7z	payload	direct	delete_start	total	1	74.931	135843840	135823360	135790639	1064	256	ok
PROBE-TSV	1	7z	payload	direct	delete_start	updater_open	1	4.964	102400	0	135790639	1064	256	ok
PROBE-TSV	1	7z	payload	direct	delete_end	commit	1	4.507	36864	118784	137251506	1064	256	ok
PROBE-TSV	1	7z	payload	direct	delete_end	remove	1	0.582	0	0	137251506	1064	256	ok
PROBE-TSV	1	7z	payload	direct	delete_end	total	1	11.082	139264	118784	137251506	1064	256	ok
PROBE-TSV	1	7z	payload	direct	delete_end	updater_open	1	5.432	102400	0	137251506	1064	256	ok
PROBE-TSV	1	lha	entries	fixture	build	fixture_build	1	1513.536	0	2719744	7000001	100000	0	ok
PROBE-TSV	1	lha	entries	direct	delete_start	commit	1	6.459	4096	7000064	6999931	100000	0	ok
PROBE-TSV	1	lha	entries	direct	delete_start	remove	1	49.367	0	0	6999931	100000	0	ok
PROBE-TSV	1	lha	entries	direct	delete_start	total	1	1008.943	7004160	7000064	6999931	100000	0	ok
PROBE-TSV	1	lha	entries	direct	delete_start	updater_open	1	927.365	7000064	0	6999931	100000	0	ok
PROBE-TSV	1	lha	entries	direct	delete_end	commit	1	4.753	20480	4096	6999931	100000	0	ok
PROBE-TSV	1	lha	entries	direct	delete_end	remove	1	49.142	0	0	6999931	100000	0	ok
PROBE-TSV	1	lha	entries	direct	delete_end	total	1	993.400	7020544	4096	6999931	100000	0	ok
PROBE-TSV	1	lha	entries	direct	delete_end	updater_open	1	927.389	7000064	0	6999931	100000	0	ok
PROBE-TSV	1	lha	payload	fixture	build	fixture_build	1	2111.480	0	342360064	170720988	1064	256	ok
PROBE-TSV	1	lha	payload	direct	delete_start	commit	1	74.018	150962176	168574976	168563277	1064	256	ok
PROBE-TSV	1	lha	payload	direct	delete_start	remove	1	0.544	0	0	168563277	1064	256	ok
PROBE-TSV	1	lha	payload	direct	delete_start	total	1	102.658	168853504	168574976	168563277	1064	256	ok
PROBE-TSV	1	lha	payload	direct	delete_start	updater_open	1	26.818	17891328	0	168563277	1064	256	ok
PROBE-TSV	1	lha	payload	direct	delete_end	commit	1	0.905	32768	16384	170720918	1064	256	ok
PROBE-TSV	1	lha	payload	direct	delete_end	remove	1	0.538	0	0	170720918	1064	256	ok
PROBE-TSV	1	lha	payload	direct	delete_end	total	1	26.357	17924096	16384	170720918	1064	256	ok
PROBE-TSV	1	lha	payload	direct	delete_end	updater_open	1	24.631	17891328	0	170720918	1064	256	ok
PROBE-TSV-HEADER	version	format	fixture	mode	operation	stage	calls	duration_ms	read_bytes	written_bytes	output_bytes	entries	payload_mib	status
PROBE-PROGRESS	zip	entries	delete_start	7	5	9.702	165.549
PROBE-TSV	1	zip	entries	immediate	delete_start	capability_probe	1	2.960	0	0	14099957	100000	0	ok
PROBE-TSV	1	zip	entries	immediate	delete_start	commit	1	13.253	12288	14102528	14099957	100000	0	ok
PROBE-TSV	1	zip	entries	immediate	delete_start	display	1	3.214	0	0	14099957	100000	0	ok
PROBE-TSV	1	zip	entries	immediate	delete_start	entry_comparison	1	79.060	0	0	14099957	100000	0	ok
PROBE-TSV	1	zip	entries	immediate	delete_start	filter_compute	1	0.000	0	0	14099957	100000	0	ok
PROBE-TSV	1	zip	entries	immediate	delete_start	mutate	1	9.657	0	0	14099957	100000	0	ok
PROBE-TSV	1	zip	entries	immediate	delete_start	output_probe	1	2.610	0	0	14099957	100000	0	ok
PROBE-TSV	1	zip	entries	immediate	delete_start	password_verification	1	0.191	0	0	14099957	100000	0	ok
PROBE-TSV	1	zip	entries	immediate	delete_start	plan_build	1	0.029	0	0	14099957	100000	0	ok
PROBE-TSV	1	zip	entries	immediate	delete_start	plan_validation	1	9.616	0	0	14099957	100000	0	ok
PROBE-TSV	1	zip	entries	immediate	delete_start	publish	1	1.409	0	0	14099957	100000	0	ok
PROBE-TSV	1	zip	entries	immediate	delete_start	reader_adoption	1	0.003	0	0	14099957	100000	0	ok
PROBE-TSV	1	zip	entries	immediate	delete_start	reload	1	3.339	0	0	14099957	100000	0	ok
PROBE-TSV	1	zip	entries	immediate	delete_start	total	1	373.861	14114816	14114816	14099957	100000	0	ok
PROBE-TSV	1	zip	entries	immediate	delete_start	tree_build	1	52.400	0	0	14099957	100000	0	ok
PROBE-TSV	1	zip	entries	immediate	delete_start	updater_open	1	105.771	14102528	0	14099957	100000	0	ok
PROBE-TSV	1	zip	entries	immediate	delete_start	verification_open	1	75.588	0	0	14099957	100000	0	ok
PROBE-PROGRESS	zip	entries	delete_end	5	3	10.446	164.230
PROBE-TSV	1	zip	entries	immediate	delete_end	capability_probe	1	2.913	0	0	14099957	100000	0	ok
PROBE-TSV	1	zip	entries	immediate	delete_end	commit	1	11.889	45056	7516160	14099957	100000	0	ok
PROBE-TSV	1	zip	entries	immediate	delete_end	display	1	2.872	0	0	14099957	100000	0	ok
PROBE-TSV	1	zip	entries	immediate	delete_end	entry_comparison	1	77.437	0	0	14099957	100000	0	ok
PROBE-TSV	1	zip	entries	immediate	delete_end	filter_compute	1	0.000	0	0	14099957	100000	0	ok
PROBE-TSV	1	zip	entries	immediate	delete_end	mutate	1	10.413	0	0	14099957	100000	0	ok
PROBE-TSV	1	zip	entries	immediate	delete_end	output_probe	1	2.661	0	0	14099957	100000	0	ok
PROBE-TSV	1	zip	entries	immediate	delete_end	password_verification	1	0.226	0	0	14099957	100000	0	ok
PROBE-TSV	1	zip	entries	immediate	delete_end	plan_build	1	0.016	0	0	14099957	100000	0	ok
PROBE-TSV	1	zip	entries	immediate	delete_end	plan_validation	1	10.382	0	0	14099957	100000	0	ok
PROBE-TSV	1	zip	entries	immediate	delete_end	publish	1	0.847	0	0	14099957	100000	0	ok
PROBE-TSV	1	zip	entries	immediate	delete_end	reader_adoption	1	0.005	0	0	14099957	100000	0	ok
PROBE-TSV	1	zip	entries	immediate	delete_end	reload	1	3.262	0	0	14099957	100000	0	ok
PROBE-TSV	1	zip	entries	immediate	delete_end	total	1	373.969	20733952	7528448	14099957	100000	0	ok
PROBE-TSV	1	zip	entries	immediate	delete_end	tree_build	1	56.050	0	0	14099957	100000	0	ok
PROBE-TSV	1	zip	entries	immediate	delete_end	updater_open	1	104.653	14102528	0	14099957	100000	0	ok
PROBE-TSV	1	zip	entries	immediate	delete_end	verification_open	1	76.205	6586368	0	14099957	100000	0	ok
PROBE-PROGRESS	zip	entries	rename_same_length	4	2	12.468	162.233
PROBE-TSV	1	zip	entries	immediate	rename_same_length	capability_probe	1	3.004	0	0	14100098	100000	0	ok
PROBE-TSV	1	zip	entries	immediate	rename_same_length	commit	1	7.014	32768	32768	14100098	100000	0	ok
PROBE-TSV	1	zip	entries	immediate	rename_same_length	display	1	2.956	0	0	14100098	100000	0	ok
PROBE-TSV	1	zip	entries	immediate	rename_same_length	entry_comparison	1	75.132	0	0	14100098	100000	0	ok
PROBE-TSV	1	zip	entries	immediate	rename_same_length	filter_compute	1	0.000	0	0	14100098	100000	0	ok
PROBE-TSV	1	zip	entries	immediate	rename_same_length	mutate	1	12.442	0	0	14100098	100000	0	ok
PROBE-TSV	1	zip	entries	immediate	rename_same_length	name_index_advance	1	9.372	0	0	14100098	100000	0	ok
PROBE-TSV	1	zip	entries	immediate	rename_same_length	name_index_build	1	157.844	0	0	14100098	100000	0	ok
PROBE-TSV	1	zip	entries	immediate	rename_same_length	output_probe	1	2.590	0	0	14100098	100000	0	ok
PROBE-TSV	1	zip	entries	immediate	rename_same_length	password_verification	1	0.238	0	0	14100098	100000	0	ok
PROBE-TSV	1	zip	entries	immediate	rename_same_length	plan_build	1	0.085	0	0	14100098	100000	0	ok
PROBE-TSV	1	zip	entries	immediate	rename_same_length	plan_validation	1	10.524	0	0	14100098	100000	0	ok
PROBE-TSV	1	zip	entries	immediate	rename_same_length	publish	1	0.856	0	0	14100098	100000	0	ok
PROBE-TSV	1	zip	entries	immediate	rename_same_length	reader_adoption	1	0.003	0	0	14100098	100000	0	ok
PROBE-TSV	1	zip	entries	immediate	rename_same_length	reload	1	13.064	0	0	14100098	100000	0	ok
PROBE-TSV	1	zip	entries	immediate	rename_same_length	total	1	534.100	28205056	45056	14100098	100000	0	ok
PROBE-TSV	1	zip	entries	immediate	rename_same_length	tree_build	1	53.829	0	0	14100098	100000	0	ok
PROBE-TSV	1	zip	entries	immediate	rename_same_length	updater_open	1	102.466	14102528	0	14100098	100000	0	ok
PROBE-TSV	1	zip	entries	immediate	rename_same_length	verification_open	1	77.112	14069760	0	14100098	100000	0	ok
PROBE-PROGRESS	zip	entries	rename_different_length	7	5	11.688	160.143
PROBE-TSV	1	zip	entries	immediate	rename_different_length	capability_probe	1	2.963	0	0	14100134	100000	0	ok
PROBE-TSV	1	zip	entries	immediate	rename_different_length	commit	1	11.913	0	14102528	14100134	100000	0	ok
PROBE-TSV	1	zip	entries	immediate	rename_different_length	display	1	3.116	0	0	14100134	100000	0	ok
PROBE-TSV	1	zip	entries	immediate	rename_different_length	entry_comparison	1	75.167	0	0	14100134	100000	0	ok
PROBE-TSV	1	zip	entries	immediate	rename_different_length	filter_compute	1	0.000	0	0	14100134	100000	0	ok
PROBE-TSV	1	zip	entries	immediate	rename_different_length	mutate	1	11.651	0	0	14100134	100000	0	ok
PROBE-TSV	1	zip	entries	immediate	rename_different_length	name_index_advance	1	9.891	0	0	14100134	100000	0	ok
PROBE-TSV	1	zip	entries	immediate	rename_different_length	name_index_build	1	152.531	0	0	14100134	100000	0	ok
PROBE-TSV	1	zip	entries	immediate	rename_different_length	output_probe	1	2.633	0	0	14100134	100000	0	ok
PROBE-TSV	1	zip	entries	immediate	rename_different_length	password_verification	1	0.227	0	0	14100134	100000	0	ok
PROBE-TSV	1	zip	entries	immediate	rename_different_length	plan_build	1	0.040	0	0	14100134	100000	0	ok
PROBE-TSV	1	zip	entries	immediate	rename_different_length	plan_validation	1	9.437	0	0	14100134	100000	0	ok
PROBE-TSV	1	zip	entries	immediate	rename_different_length	publish	1	0.823	0	0	14100134	100000	0	ok
PROBE-TSV	1	zip	entries	immediate	rename_different_length	reader_adoption	1	0.003	0	0	14100134	100000	0	ok
PROBE-TSV	1	zip	entries	immediate	rename_different_length	reload	1	13.479	0	0	14100134	100000	0	ok
PROBE-TSV	1	zip	entries	immediate	rename_different_length	total	1	531.811	14102528	14114816	14100134	100000	0	ok
PROBE-TSV	1	zip	entries	immediate	rename_different_length	tree_build	1	54.267	0	0	14100134	100000	0	ok
PROBE-TSV	1	zip	entries	immediate	rename_different_length	updater_open	1	101.796	14102528	0	14100134	100000	0	ok
PROBE-TSV	1	zip	entries	immediate	rename_different_length	verification_open	1	75.097	0	0	14100134	100000	0	ok
PROBE-PROGRESS	zip	entries	rename_folder	7	5	70.360	161.846
PROBE-TSV	1	zip	entries	immediate	rename_folder	capability_probe	1	2.934	0	0	14120098	100000	0	ok
PROBE-TSV	1	zip	entries	immediate	rename_folder	commit	1	14.995	0	14123008	14120098	100000	0	ok
PROBE-TSV	1	zip	entries	immediate	rename_folder	display	1	3.019	0	0	14120098	100000	0	ok
PROBE-TSV	1	zip	entries	immediate	rename_folder	entry_comparison	1	75.450	0	0	14120098	100000	0	ok
PROBE-TSV	1	zip	entries	immediate	rename_folder	filter_compute	1	0.000	0	0	14120098	100000	0	ok
PROBE-TSV	1	zip	entries	immediate	rename_folder	mutate	1	70.326	0	0	14120098	100000	0	ok
PROBE-TSV	1	zip	entries	immediate	rename_folder	name_index_advance	1	14.745	0	0	14120098	100000	0	ok
PROBE-TSV	1	zip	entries	immediate	rename_folder	name_index_build	1	152.309	0	0	14120098	100000	0	ok
PROBE-TSV	1	zip	entries	immediate	rename_folder	output_probe	1	2.608	0	0	14120098	100000	0	ok
PROBE-TSV	1	zip	entries	immediate	rename_folder	password_verification	1	0.207	0	0	14120098	100000	0	ok
PROBE-TSV	1	zip	entries	immediate	rename_folder	plan_build	1	6.258	0	0	14120098	100000	0	ok
PROBE-TSV	1	zip	entries	immediate	rename_folder	plan_validation	1	12.626	0	0	14120098	100000	0	ok
PROBE-TSV	1	zip	entries	immediate	rename_folder	publish	1	0.900	0	0	14120098	100000	0	ok
PROBE-TSV	1	zip	entries	immediate	rename_folder	reader_adoption	1	0.003	0	0	14120098	100000	0	ok
PROBE-TSV	1	zip	entries	immediate	rename_folder	reload	1	18.293	0	0	14120098	100000	0	ok
PROBE-TSV	1	zip	entries	immediate	rename_folder	total	1	607.636	14102528	14135296	14120098	100000	0	ok
PROBE-TSV	1	zip	entries	immediate	rename_folder	tree_build	1	53.188	0	0	14120098	100000	0	ok
PROBE-TSV	1	zip	entries	immediate	rename_folder	updater_open	1	104.185	14102528	0	14120098	100000	0	ok
PROBE-TSV	1	zip	entries	immediate	rename_folder	verification_open	1	75.313	0	0	14120098	100000	0	ok
PROBE-PROGRESS	zip	entries	new_folder	5	3	12.020	165.115
PROBE-TSV	1	zip	entries	immediate	new_folder	capability_probe	1	2.908	0	0	14100216	100000	0	ok
PROBE-TSV	1	zip	entries	immediate	new_folder	commit	1	12.439	28672	7516160	14100216	100000	0	ok
PROBE-TSV	1	zip	entries	immediate	new_folder	display	1	2.975	0	0	14100216	100000	0	ok
PROBE-TSV	1	zip	entries	immediate	new_folder	entry_comparison	1	77.023	0	0	14100216	100000	0	ok
PROBE-TSV	1	zip	entries	immediate	new_folder	filter_compute	1	0.000	0	0	14100216	100000	0	ok
PROBE-TSV	1	zip	entries	immediate	new_folder	mutate	1	11.970	16384	0	14100216	100000	0	ok
PROBE-TSV	1	zip	entries	immediate	new_folder	name_index_advance	1	8.386	0	0	14100216	100000	0	ok
PROBE-TSV	1	zip	entries	immediate	new_folder	name_index_build	1	151.582	0	0	14100216	100000	0	ok
PROBE-TSV	1	zip	entries	immediate	new_folder	output_probe	1	2.591	0	0	14100216	100000	0	ok
PROBE-TSV	1	zip	entries	immediate	new_folder	password_verification	1	0.199	0	0	14100216	100000	0	ok
PROBE-TSV	1	zip	entries	immediate	new_folder	plan_build	1	151.610	0	0	14100216	100000	0	ok
PROBE-TSV	1	zip	entries	immediate	new_folder	plan_validation	1	9.249	0	0	14100216	100000	0	ok
PROBE-TSV	1	zip	entries	immediate	new_folder	publish	1	0.899	0	0	14100216	100000	0	ok
PROBE-TSV	1	zip	entries	immediate	new_folder	reader_adoption	1	0.003	0	0	14100216	100000	0	ok
PROBE-TSV	1	zip	entries	immediate	new_folder	reload	1	11.889	0	0	14100216	100000	0	ok
PROBE-TSV	1	zip	entries	immediate	new_folder	total	1	535.391	20733952	7528448	14100216	100000	0	ok
PROBE-TSV	1	zip	entries	immediate	new_folder	tree_build	1	57.675	0	0	14100216	100000	0	ok
PROBE-TSV	1	zip	entries	immediate	new_folder	updater_open	1	101.615	14102528	0	14100216	100000	0	ok
PROBE-TSV	1	zip	entries	immediate	new_folder	verification_open	1	78.067	6586368	0	14100216	100000	0	ok
PROBE-PROGRESS	zip	entries	add_file	7	4	12.093	167.116
PROBE-TSV	1	zip	entries	immediate	add_file	capability_probe	1	2.998	0	0	14100217	100000	0	ok
PROBE-TSV	1	zip	entries	immediate	add_file	commit	1	12.304	28672	7516160	14100217	100000	0	ok
PROBE-TSV	1	zip	entries	immediate	add_file	display	1	3.095	0	0	14100217	100000	0	ok
PROBE-TSV	1	zip	entries	immediate	add_file	entry_comparison	1	80.180	0	0	14100217	100000	0	ok
PROBE-TSV	1	zip	entries	immediate	add_file	filter_compute	1	0.000	0	0	14100217	100000	0	ok
PROBE-TSV	1	zip	entries	immediate	add_file	mutate	1	12.457	16384	0	14100217	100000	0	ok
PROBE-TSV	1	zip	entries	immediate	add_file	name_index_advance	1	8.634	0	0	14100217	100000	0	ok
PROBE-TSV	1	zip	entries	immediate	add_file	name_index_build	1	152.673	0	0	14100217	100000	0	ok
PROBE-TSV	1	zip	entries	immediate	add_file	output_probe	1	2.707	0	0	14100217	100000	0	ok
PROBE-TSV	1	zip	entries	immediate	add_file	password_verification	1	0.380	0	0	14100217	100000	0	ok
PROBE-TSV	1	zip	entries	immediate	add_file	plan_build	3	0.141	0	0	14100217	100000	0	ok
PROBE-TSV	1	zip	entries	immediate	add_file	plan_validation	1	9.559	0	0	14100217	100000	0	ok
PROBE-TSV	1	zip	entries	immediate	add_file	publish	1	0.906	0	0	14100217	100000	0	ok
PROBE-TSV	1	zip	entries	immediate	add_file	reader_adoption	1	0.003	0	0	14100217	100000	0	ok
PROBE-TSV	1	zip	entries	immediate	add_file	reload	1	12.374	0	0	14100217	100000	0	ok
PROBE-TSV	1	zip	entries	immediate	add_file	total	1	535.837	20733952	7528448	14100217	100000	0	ok
PROBE-TSV	1	zip	entries	immediate	add_file	tree_build	1	54.057	0	0	14100217	100000	0	ok
PROBE-TSV	1	zip	entries	immediate	add_file	updater_open	1	102.343	14102528	0	14100217	100000	0	ok
PROBE-TSV	1	zip	entries	immediate	add_file	verification_open	1	76.787	6586368	0	14100217	100000	0	ok
PROBE-PROGRESS	zip	entries	replace_file	8	5	12.637	162.638
PROBE-TSV	1	zip	entries	immediate	replace_file	capability_probe	1	2.923	0	0	14100098	100000	0	ok
PROBE-TSV	1	zip	entries	immediate	replace_file	commit	1	15.071	16384	14102528	14100098	100000	0	ok
PROBE-TSV	1	zip	entries	immediate	replace_file	display	1	2.954	0	0	14100098	100000	0	ok
PROBE-TSV	1	zip	entries	immediate	replace_file	entry_comparison	1	78.104	0	0	14100098	100000	0	ok
PROBE-TSV	1	zip	entries	immediate	replace_file	filter_compute	1	0.000	0	0	14100098	100000	0	ok
PROBE-TSV	1	zip	entries	immediate	replace_file	mutate	1	13.008	16384	0	14100098	100000	0	ok
PROBE-TSV	1	zip	entries	immediate	replace_file	name_index_advance	1	9.366	0	0	14100098	100000	0	ok
PROBE-TSV	1	zip	entries	immediate	replace_file	name_index_build	1	152.855	0	0	14100098	100000	0	ok
PROBE-TSV	1	zip	entries	immediate	replace_file	output_probe	1	2.595	0	0	14100098	100000	0	ok
PROBE-TSV	1	zip	entries	immediate	replace_file	password_verification	1	0.231	0	0	14100098	100000	0	ok
PROBE-TSV	1	zip	entries	immediate	replace_file	plan_build	4	2.495	0	0	14100098	100000	0	ok
PROBE-TSV	1	zip	entries	immediate	replace_file	plan_validation	1	9.329	0	0	14100098	100000	0	ok
PROBE-TSV	1	zip	entries	immediate	replace_file	publish	1	0.837	0	0	14100098	100000	0	ok
PROBE-TSV	1	zip	entries	immediate	replace_file	reader_adoption	1	0.003	0	0	14100098	100000	0	ok
PROBE-TSV	1	zip	entries	immediate	replace_file	reload	1	12.899	0	0	14100098	100000	0	ok
PROBE-TSV	1	zip	entries	immediate	replace_file	total	1	542.354	14135296	14114816	14100098	100000	0	ok
PROBE-TSV	1	zip	entries	immediate	replace_file	tree_build	1	55.255	0	0	14100098	100000	0	ok
PROBE-TSV	1	zip	entries	immediate	replace_file	updater_open	1	102.650	14102528	0	14100098	100000	0	ok
PROBE-TSV	1	zip	entries	immediate	replace_file	verification_open	1	74.116	0	0	14100098	100000	0	ok
PROBE-TSV	1	zip	entries	deferred	five_changes_reserve_rename	display	1	2.779	0	0	14100098	100000	0	ok
PROBE-TSV	1	zip	entries	deferred	five_changes_reserve_rename	filter_compute	1	0.000	0	0	14100098	100000	0	ok
PROBE-TSV	1	zip	entries	deferred	five_changes_reserve_rename	password_verification	1	0.595	0	0	14100098	100000	0	ok
PROBE-TSV	1	zip	entries	deferred	five_changes_reserve_rename	total	1	96.136	0	0	14100098	100000	0	ok
PROBE-TSV	1	zip	entries	deferred	five_changes_reserve_rename	tree_build	1	59.236	0	0	14100098	100000	0	ok
PROBE-TSV	1	zip	entries	deferred	five_changes_reserve_delete	display	1	2.763	0	0	14100098	100000	0	ok
PROBE-TSV	1	zip	entries	deferred	five_changes_reserve_delete	filter_compute	1	0.001	0	0	14100098	100000	0	ok
PROBE-TSV	1	zip	entries	deferred	five_changes_reserve_delete	password_verification	1	0.575	0	0	14100098	100000	0	ok
PROBE-TSV	1	zip	entries	deferred	five_changes_reserve_delete	total	1	157.167	0	0	14100098	100000	0	ok
PROBE-TSV	1	zip	entries	deferred	five_changes_reserve_delete	tree_build	1	53.425	0	0	14100098	100000	0	ok
PROBE-TSV	1	zip	entries	deferred	five_changes_reserve_new_folder	display	1	2.916	0	0	14100098	100000	0	ok
PROBE-TSV	1	zip	entries	deferred	five_changes_reserve_new_folder	filter_compute	1	0.001	0	0	14100098	100000	0	ok
PROBE-TSV	1	zip	entries	deferred	five_changes_reserve_new_folder	password_verification	1	0.575	0	0	14100098	100000	0	ok
PROBE-TSV	1	zip	entries	deferred	five_changes_reserve_new_folder	total	1	124.307	0	0	14100098	100000	0	ok
PROBE-TSV	1	zip	entries	deferred	five_changes_reserve_new_folder	tree_build	1	53.572	0	0	14100098	100000	0	ok
PROBE-TSV	1	zip	entries	deferred	five_changes_reserve_delete_folder	display	1	2.973	0	0	14100098	100000	0	ok
PROBE-TSV	1	zip	entries	deferred	five_changes_reserve_delete_folder	filter_compute	1	0.001	0	0	14100098	100000	0	ok
PROBE-TSV	1	zip	entries	deferred	five_changes_reserve_delete_folder	password_verification	1	0.565	0	0	14100098	100000	0	ok
PROBE-TSV	1	zip	entries	deferred	five_changes_reserve_delete_folder	total	1	129.274	0	0	14100098	100000	0	ok
PROBE-TSV	1	zip	entries	deferred	five_changes_reserve_delete_folder	tree_build	1	53.349	0	0	14100098	100000	0	ok
PROBE-TSV	1	zip	entries	deferred	five_changes_reserve_add	display	1	3.140	0	0	14100098	100000	0	ok
PROBE-TSV	1	zip	entries	deferred	five_changes_reserve_add	filter_compute	1	0.000	0	0	14100098	100000	0	ok
PROBE-TSV	1	zip	entries	deferred	five_changes_reserve_add	password_verification	1	0.579	0	0	14100098	100000	0	ok
PROBE-TSV	1	zip	entries	deferred	five_changes_reserve_add	plan_build	3	0.051	0	0	14100098	100000	0	ok
PROBE-TSV	1	zip	entries	deferred	five_changes_reserve_add	total	1	129.086	0	4096	14100098	100000	0	ok
PROBE-TSV	1	zip	entries	deferred	five_changes_reserve_add	tree_build	1	54.268	0	0	14100098	100000	0	ok
PROBE-TSV	1	zip	entries	deferred	save_five_changes	capability_probe	1	3.002	0	0	13959180	100000	0	ok
PROBE-TSV	1	zip	entries	deferred	save_five_changes	commit	1	19.985	36864	13975552	13959180	100000	0	ok
PROBE-TSV	1	zip	entries	deferred	save_five_changes	display	1	2.948	0	0	13959180	100000	0	ok
PROBE-TSV	1	zip	entries	deferred	save_five_changes	editing_install	1	0.006	0	0	13959180	100000	0	ok
PROBE-TSV	1	zip	entries	deferred	save_five_changes	editing_prepare	1	17.416	0	0	13959180	100000	0	ok
PROBE-TSV	1	zip	entries	deferred	save_five_changes	entry_comparison	1	79.928	0	0	13959180	100000	0	ok
PROBE-TSV	1	zip	entries	deferred	save_five_changes	filter_compute	2	0.001	0	0	13959180	100000	0	ok
PROBE-TSV	1	zip	entries	deferred	save_five_changes	name_index_advance	1	11.972	0	0	13959180	100000	0	ok
PROBE-TSV	1	zip	entries	deferred	save_five_changes	output_probe	1	2.697	0	0	13959180	100000	0	ok
PROBE-TSV	1	zip	entries	deferred	save_five_changes	password_verification	1	0.580	0	0	13959180	100000	0	ok
PROBE-TSV	1	zip	entries	deferred	save_five_changes	publish	1	1.154	0	0	13959180	100000	0	ok
PROBE-TSV	1	zip	entries	deferred	save_five_changes	reader_adoption	1	0.003	0	0	13959180	100000	0	ok
PROBE-TSV	1	zip	entries	deferred	save_five_changes	reload	1	15.793	0	0	13959180	100000	0	ok
PROBE-TSV	1	zip	entries	deferred	save_five_changes	replay	1	18.777	20480	0	13959180	100000	0	ok
PROBE-TSV	1	zip	entries	deferred	save_five_changes	replay_plan	1	17.619	0	0	13959180	100000	0	ok
PROBE-TSV	1	zip	entries	deferred	save_five_changes	representability_differential	1	0.916	0	0	13959180	100000	0	ok
PROBE-TSV	1	zip	entries	deferred	save_five_changes	save_sheet	1	473.504	14159872	14000128	13959180	100000	0	ok
PROBE-TSV	1	zip	entries	deferred	save_five_changes	total	1	491.363	14159872	14000128	13959180	100000	0	ok
PROBE-TSV	1	zip	entries	deferred	save_five_changes	tree_build	1	54.990	0	0	13959180	100000	0	ok
PROBE-TSV	1	zip	entries	deferred	save_five_changes	updater_open	1	102.666	14102528	0	13959180	100000	0	ok
PROBE-TSV	1	zip	entries	deferred	save_five_changes	verification_open	1	73.519	0	0	13959180	100000	0	ok
PROBE-TSV	1	zip	entries	deferred	rename_only_reserve_rename	display	1	2.726	0	0	14100098	100000	0	ok
PROBE-TSV	1	zip	entries	deferred	rename_only_reserve_rename	filter_compute	1	0.001	0	0	14100098	100000	0	ok
PROBE-TSV	1	zip	entries	deferred	rename_only_reserve_rename	password_verification	1	0.573	0	0	14100098	100000	0	ok
PROBE-TSV	1	zip	entries	deferred	rename_only_reserve_rename	total	1	122.159	0	0	14100098	100000	0	ok
PROBE-TSV	1	zip	entries	deferred	rename_only_reserve_rename	tree_build	1	56.318	0	0	14100098	100000	0	ok
PROBE-TSV	1	zip	entries	deferred	save_rename_only	capability_probe	1	3.030	0	0	14100096	100000	0	ok
PROBE-TSV	1	zip	entries	deferred	save_rename_only	commit	1	15.220	12288	14102528	14100096	100000	0	ok
PROBE-TSV	1	zip	entries	deferred	save_rename_only	display	1	2.921	0	0	14100096	100000	0	ok
PROBE-TSV	1	zip	entries	deferred	save_rename_only	editing_install	1	0.005	0	0	14100096	100000	0	ok
PROBE-TSV	1	zip	entries	deferred	save_rename_only	editing_prepare	1	17.697	0	0	14100096	100000	0	ok
PROBE-TSV	1	zip	entries	deferred	save_rename_only	entry_comparison	1	77.075	0	0	14100096	100000	0	ok
PROBE-TSV	1	zip	entries	deferred	save_rename_only	filter_compute	2	0.001	0	0	14100096	100000	0	ok
PROBE-TSV	1	zip	entries	deferred	save_rename_only	name_index_advance	1	10.333	0	0	14100096	100000	0	ok
PROBE-TSV	1	zip	entries	deferred	save_rename_only	output_probe	1	2.679	0	0	14100096	100000	0	ok
PROBE-TSV	1	zip	entries	deferred	save_rename_only	password_verification	1	0.568	0	0	14100096	100000	0	ok
PROBE-TSV	1	zip	entries	deferred	save_rename_only	publish	1	0.441	0	0	14100096	100000	0	ok
PROBE-TSV	1	zip	entries	deferred	save_rename_only	reader_adoption	1	0.003	0	0	14100096	100000	0	ok
PROBE-TSV	1	zip	entries	deferred	save_rename_only	reload	1	14.084	0	0	14100096	100000	0	ok
PROBE-TSV	1	zip	entries	deferred	save_rename_only	replay	1	11.845	0	0	14100096	100000	0	ok
PROBE-TSV	1	zip	entries	deferred	save_rename_only	replay_plan	1	15.840	0	0	14100096	100000	0	ok
PROBE-TSV	1	zip	entries	deferred	save_rename_only	representability_differential	1	0.024	0	0	14100096	100000	0	ok
PROBE-TSV	1	zip	entries	deferred	save_rename_only	save_sheet	1	452.820	14114816	14114816	14100096	100000	0	ok
PROBE-TSV	1	zip	entries	deferred	save_rename_only	total	1	470.782	14114816	14114816	14100096	100000	0	ok
PROBE-TSV	1	zip	entries	deferred	save_rename_only	tree_build	1	55.044	0	0	14100096	100000	0	ok
PROBE-TSV	1	zip	entries	deferred	save_rename_only	updater_open	1	102.395	14102528	0	14100096	100000	0	ok
PROBE-TSV	1	zip	entries	deferred	save_rename_only	verification_open	1	73.962	0	0	14100096	100000	0	ok
PROBE-PROGRESS	zip	payload	delete_start	42	40	4.726	6.845
PROBE-TSV	1	zip	payload	immediate	delete_start	capability_probe	1	2.543	0	0	161008071	1064	256	ok
PROBE-TSV	1	zip	payload	immediate	delete_start	commit	1	51.915	158875648	161021952	161008071	1064	256	ok
PROBE-TSV	1	zip	payload	immediate	delete_start	display	1	1.347	0	0	161008071	1064	256	ok
PROBE-TSV	1	zip	payload	immediate	delete_start	entry_comparison	1	0.759	0	0	161008071	1064	256	ok
PROBE-TSV	1	zip	payload	immediate	delete_start	filter_compute	1	0.000	0	0	161008071	1064	256	ok
PROBE-TSV	1	zip	payload	immediate	delete_start	mutate	1	0.111	0	0	161008071	1064	256	ok
PROBE-TSV	1	zip	payload	immediate	delete_start	output_probe	1	2.604	0	0	161008071	1064	256	ok
PROBE-TSV	1	zip	payload	immediate	delete_start	password_verification	1	0.029	0	0	161008071	1064	256	ok
PROBE-TSV	1	zip	payload	immediate	delete_start	plan_build	1	0.011	0	0	161008071	1064	256	ok
PROBE-TSV	1	zip	payload	immediate	delete_start	plan_validation	1	0.099	0	0	161008071	1064	256	ok
PROBE-TSV	1	zip	payload	immediate	delete_start	publish	1	0.700	0	0	161008071	1064	256	ok
PROBE-TSV	1	zip	payload	immediate	delete_start	reader_adoption	1	0.002	0	0	161008071	1064	256	ok
PROBE-TSV	1	zip	payload	immediate	delete_start	reload	1	2.772	0	0	161008071	1064	256	ok
PROBE-TSV	1	zip	payload	immediate	delete_start	total	1	78.031	161054720	161034240	161008071	1064	256	ok
PROBE-TSV	1	zip	payload	immediate	delete_start	tree_build	1	0.534	0	0	161008071	1064	256	ok
PROBE-TSV	1	zip	payload	immediate	delete_start	updater_open	1	11.747	2179072	0	161008071	1064	256	ok
PROBE-TSV	1	zip	payload	immediate	delete_start	verification_open	1	1.190	0	0	161008071	1064	256	ok
PROBE-PROGRESS	zip	payload	delete_end	4	2	0.554	12.371
PROBE-TSV	1	zip	payload	immediate	delete_end	capability_probe	1	2.452	0	0	163003352	1064	256	ok
PROBE-TSV	1	zip	payload	immediate	delete_end	commit	1	0.931	32768	81920	163003352	1064	256	ok
PROBE-TSV	1	zip	payload	immediate	delete_end	display	1	1.265	0	0	163003352	1064	256	ok
PROBE-TSV	1	zip	payload	immediate	delete_end	entry_comparison	1	0.768	0	0	163003352	1064	256	ok
PROBE-TSV	1	zip	payload	immediate	delete_end	filter_compute	1	0.000	0	0	163003352	1064	256	ok
PROBE-TSV	1	zip	payload	immediate	delete_end	mutate	1	0.129	0	0	163003352	1064	256	ok
PROBE-TSV	1	zip	payload	immediate	delete_end	output_probe	1	2.700	983040	0	163003352	1064	256	ok
PROBE-TSV	1	zip	payload	immediate	delete_end	password_verification	1	0.025	0	0	163003352	1064	256	ok
PROBE-TSV	1	zip	payload	immediate	delete_end	plan_build	1	0.010	0	0	163003352	1064	256	ok
PROBE-TSV	1	zip	payload	immediate	delete_end	plan_validation	1	0.114	0	0	163003352	1064	256	ok
PROBE-TSV	1	zip	payload	immediate	delete_end	publish	1	0.633	0	0	163003352	1064	256	ok
PROBE-TSV	1	zip	payload	immediate	delete_end	reader_adoption	1	0.002	0	0	163003352	1064	256	ok
PROBE-TSV	1	zip	payload	immediate	delete_end	reload	1	2.674	0	0	163003352	1064	256	ok
PROBE-TSV	1	zip	payload	immediate	delete_end	total	1	31.404	4308992	94208	163003352	1064	256	ok
PROBE-TSV	1	zip	payload	immediate	delete_end	tree_build	1	0.548	0	0	163003352	1064	256	ok
PROBE-TSV	1	zip	payload	immediate	delete_end	updater_open	1	11.546	2179072	0	163003352	1064	256	ok
PROBE-TSV	1	zip	payload	immediate	delete_end	verification_open	1	7.894	1114112	0	163003352	1064	256	ok
PROBE-PROGRESS	zip	payload	rename_same_length	4	2	0.704	12.378
PROBE-TSV	1	zip	payload	immediate	rename_same_length	capability_probe	1	2.526	0	0	163003493	1064	256	ok
PROBE-TSV	1	zip	payload	immediate	rename_same_length	commit	1	0.886	32768	32768	163003493	1064	256	ok
PROBE-TSV	1	zip	payload	immediate	rename_same_length	display	1	1.259	0	0	163003493	1064	256	ok
PROBE-TSV	1	zip	payload	immediate	rename_same_length	entry_comparison	1	0.763	0	0	163003493	1064	256	ok
PROBE-TSV	1	zip	payload	immediate	rename_same_length	filter_compute	1	0.000	0	0	163003493	1064	256	ok
PROBE-TSV	1	zip	payload	immediate	rename_same_length	mutate	1	0.681	0	0	163003493	1064	256	ok
PROBE-TSV	1	zip	payload	immediate	rename_same_length	name_index_advance	1	0.139	0	0	163003493	1064	256	ok
PROBE-TSV	1	zip	payload	immediate	rename_same_length	name_index_build	1	1.633	0	0	163003493	1064	256	ok
PROBE-TSV	1	zip	payload	immediate	rename_same_length	output_probe	1	2.760	983040	0	163003493	1064	256	ok
PROBE-TSV	1	zip	payload	immediate	rename_same_length	password_verification	1	0.041	0	0	163003493	1064	256	ok
PROBE-TSV	1	zip	payload	immediate	rename_same_length	plan_build	1	0.017	0	0	163003493	1064	256	ok
PROBE-TSV	1	zip	payload	immediate	rename_same_length	plan_validation	1	0.111	0	0	163003493	1064	256	ok
PROBE-TSV	1	zip	payload	immediate	rename_same_length	publish	1	0.809	0	0	163003493	1064	256	ok
PROBE-TSV	1	zip	payload	immediate	rename_same_length	reader_adoption	1	0.003	0	0	163003493	1064	256	ok
PROBE-TSV	1	zip	payload	immediate	rename_same_length	reload	1	2.905	0	0	163003493	1064	256	ok
PROBE-TSV	1	zip	payload	immediate	rename_same_length	total	1	34.104	4358144	45056	163003493	1064	256	ok
PROBE-TSV	1	zip	payload	immediate	rename_same_length	tree_build	1	0.570	0	0	163003493	1064	256	ok
PROBE-TSV	1	zip	payload	immediate	rename_same_length	updater_open	1	11.577	2179072	0	163003493	1064	256	ok
PROBE-TSV	1	zip	payload	immediate	rename_same_length	verification_open	1	7.620	1163264	0	163003493	1064	256	ok
PROBE-PROGRESS	zip	payload	rename_different_length	42	40	3.492	6.336
PROBE-TSV	1	zip	payload	immediate	rename_different_length	capability_probe	1	2.618	0	0	163003529	1064	256	ok
PROBE-TSV	1	zip	payload	immediate	rename_different_length	commit	1	50.222	160825344	163004416	163003529	1064	256	ok
PROBE-TSV	1	zip	payload	immediate	rename_different_length	display	1	1.282	0	0	163003529	1064	256	ok
PROBE-TSV	1	zip	payload	immediate	rename_different_length	entry_comparison	1	0.732	0	0	163003529	1064	256	ok
PROBE-TSV	1	zip	payload	immediate	rename_different_length	filter_compute	1	0.000	0	0	163003529	1064	256	ok
PROBE-TSV	1	zip	payload	immediate	rename_different_length	mutate	1	0.666	0	0	163003529	1064	256	ok
PROBE-TSV	1	zip	payload	immediate	rename_different_length	name_index_advance	1	0.142	0	0	163003529	1064	256	ok
PROBE-TSV	1	zip	payload	immediate	rename_different_length	name_index_build	1	1.648	0	0	163003529	1064	256	ok
PROBE-TSV	1	zip	payload	immediate	rename_different_length	output_probe	1	2.445	0	0	163003529	1064	256	ok
PROBE-TSV	1	zip	payload	immediate	rename_different_length	password_verification	1	0.041	0	0	163003529	1064	256	ok
PROBE-TSV	1	zip	payload	immediate	rename_different_length	plan_build	1	0.020	0	0	163003529	1064	256	ok
PROBE-TSV	1	zip	payload	immediate	rename_different_length	plan_validation	1	0.109	0	0	163003529	1064	256	ok
PROBE-TSV	1	zip	payload	immediate	rename_different_length	publish	1	0.688	0	0	163003529	1064	256	ok
PROBE-TSV	1	zip	payload	immediate	rename_different_length	reader_adoption	1	0.002	0	0	163003529	1064	256	ok
PROBE-TSV	1	zip	payload	immediate	rename_different_length	reload	1	3.007	0	0	163003529	1064	256	ok
PROBE-TSV	1	zip	payload	immediate	rename_different_length	total	1	77.594	163004416	163016704	163003529	1064	256	ok
PROBE-TSV	1	zip	payload	immediate	rename_different_length	tree_build	1	0.608	0	0	163003529	1064	256	ok
PROBE-TSV	1	zip	payload	immediate	rename_different_length	updater_open	1	11.697	2179072	0	163003529	1064	256	ok
PROBE-TSV	1	zip	payload	immediate	rename_different_length	verification_open	1	0.986	0	0	163003529	1064	256	ok
PROBE-PROGRESS	zip	payload	rename_folder	42	40	5.244	6.446
PROBE-TSV	1	zip	payload	immediate	rename_folder	capability_probe	1	2.489	0	0	163004389	1064	256	ok
PROBE-TSV	1	zip	payload	immediate	rename_folder	commit	1	59.942	160825344	163004416	163004389	1064	256	ok
PROBE-TSV	1	zip	payload	immediate	rename_folder	display	1	1.356	0	0	163004389	1064	256	ok
PROBE-TSV	1	zip	payload	immediate	rename_folder	entry_comparison	1	0.731	0	0	163004389	1064	256	ok
PROBE-TSV	1	zip	payload	immediate	rename_folder	filter_compute	1	0.000	0	0	163004389	1064	256	ok
PROBE-TSV	1	zip	payload	immediate	rename_folder	mutate	1	0.933	0	0	163004389	1064	256	ok
PROBE-TSV	1	zip	payload	immediate	rename_folder	name_index_advance	1	0.406	0	0	163004389	1064	256	ok
PROBE-TSV	1	zip	payload	immediate	rename_folder	name_index_build	1	1.650	0	0	163004389	1064	256	ok
PROBE-TSV	1	zip	payload	immediate	rename_folder	output_probe	1	2.473	0	0	163004389	1064	256	ok
PROBE-TSV	1	zip	payload	immediate	rename_folder	password_verification	1	0.029	0	0	163004389	1064	256	ok
PROBE-TSV	1	zip	payload	immediate	rename_folder	plan_build	1	0.350	0	0	163004389	1064	256	ok
PROBE-TSV	1	zip	payload	immediate	rename_folder	plan_validation	1	0.259	0	0	163004389	1064	256	ok
PROBE-TSV	1	zip	payload	immediate	rename_folder	publish	1	0.740	0	0	163004389	1064	256	ok
PROBE-TSV	1	zip	payload	immediate	rename_folder	reader_adoption	1	0.002	0	0	163004389	1064	256	ok
PROBE-TSV	1	zip	payload	immediate	rename_folder	reload	1	3.115	0	0	163004389	1064	256	ok
PROBE-TSV	1	zip	payload	immediate	rename_folder	total	1	88.334	163004416	163016704	163004389	1064	256	ok
PROBE-TSV	1	zip	payload	immediate	rename_folder	tree_build	1	0.549	0	0	163004389	1064	256	ok
PROBE-TSV	1	zip	payload	immediate	rename_folder	updater_open	1	11.753	2179072	0	163004389	1064	256	ok
PROBE-TSV	1	zip	payload	immediate	rename_folder	verification_open	1	0.951	0	0	163004389	1064	256	ok
PROBE-PROGRESS	zip	payload	new_folder	4	2	1.180	13.914
PROBE-TSV	1	zip	payload	immediate	new_folder	capability_probe	1	2.569	0	0	163003611	1064	256	ok
PROBE-TSV	1	zip	payload	immediate	new_folder	commit	1	0.332	0	81920	163003611	1064	256	ok
PROBE-TSV	1	zip	payload	immediate	new_folder	display	1	1.272	0	0	163003611	1064	256	ok
PROBE-TSV	1	zip	payload	immediate	new_folder	entry_comparison	1	0.787	0	0	163003611	1064	256	ok
PROBE-TSV	1	zip	payload	immediate	new_folder	filter_compute	1	0.000	0	0	163003611	1064	256	ok
PROBE-TSV	1	zip	payload	immediate	new_folder	mutate	1	1.160	16384	0	163003611	1064	256	ok
PROBE-TSV	1	zip	payload	immediate	new_folder	name_index_advance	1	0.120	0	0	163003611	1064	256	ok
PROBE-TSV	1	zip	payload	immediate	new_folder	name_index_build	1	1.881	0	0	163003611	1064	256	ok
PROBE-TSV	1	zip	payload	immediate	new_folder	output_probe	1	3.894	983040	0	163003611	1064	256	ok
PROBE-TSV	1	zip	payload	immediate	new_folder	password_verification	1	0.029	0	0	163003611	1064	256	ok
PROBE-TSV	1	zip	payload	immediate	new_folder	plan_build	1	1.896	0	0	163003611	1064	256	ok
PROBE-TSV	1	zip	payload	immediate	new_folder	plan_validation	1	0.098	0	0	163003611	1064	256	ok
PROBE-TSV	1	zip	payload	immediate	new_folder	publish	1	0.711	0	0	163003611	1064	256	ok
PROBE-TSV	1	zip	payload	immediate	new_folder	reader_adoption	1	0.002	0	0	163003611	1064	256	ok
PROBE-TSV	1	zip	payload	immediate	new_folder	reload	1	2.948	0	0	163003611	1064	256	ok
PROBE-TSV	1	zip	payload	immediate	new_folder	total	1	36.035	4292608	94208	163003611	1064	256	ok
PROBE-TSV	1	zip	payload	immediate	new_folder	tree_build	1	0.552	0	0	163003611	1064	256	ok
PROBE-TSV	1	zip	payload	immediate	new_folder	updater_open	1	11.704	2179072	0	163003611	1064	256	ok
PROBE-TSV	1	zip	payload	immediate	new_folder	verification_open	1	8.136	1114112	0	163003611	1064	256	ok
PROBE-PROGRESS	zip	payload	add_file	6	3	1.025	12.832
PROBE-TSV	1	zip	payload	immediate	add_file	capability_probe	1	2.529	0	0	163003612	1064	256	ok
PROBE-TSV	1	zip	payload	immediate	add_file	commit	1	0.347	0	81920	163003612	1064	256	ok
PROBE-TSV	1	zip	payload	immediate	add_file	display	1	1.323	0	0	163003612	1064	256	ok
PROBE-TSV	1	zip	payload	immediate	add_file	entry_comparison	1	0.795	0	0	163003612	1064	256	ok
PROBE-TSV	1	zip	payload	immediate	add_file	filter_compute	1	0.000	0	0	163003612	1064	256	ok
PROBE-TSV	1	zip	payload	immediate	add_file	mutate	1	1.244	16384	0	163003612	1064	256	ok
PROBE-TSV	1	zip	payload	immediate	add_file	name_index_advance	1	0.115	0	0	163003612	1064	256	ok
PROBE-TSV	1	zip	payload	immediate	add_file	name_index_build	1	1.756	0	0	163003612	1064	256	ok
PROBE-TSV	1	zip	payload	immediate	add_file	output_probe	1	2.814	983040	0	163003612	1064	256	ok
PROBE-TSV	1	zip	payload	immediate	add_file	password_verification	1	0.029	0	0	163003612	1064	256	ok
PROBE-TSV	1	zip	payload	immediate	add_file	plan_build	3	0.047	0	0	163003612	1064	256	ok
PROBE-TSV	1	zip	payload	immediate	add_file	plan_validation	1	0.111	0	0	163003612	1064	256	ok
PROBE-TSV	1	zip	payload	immediate	add_file	publish	1	0.709	0	0	163003612	1064	256	ok
PROBE-TSV	1	zip	payload	immediate	add_file	reader_adoption	1	0.005	0	0	163003612	1064	256	ok
PROBE-TSV	1	zip	payload	immediate	add_file	reload	1	2.904	0	0	163003612	1064	256	ok
PROBE-TSV	1	zip	payload	immediate	add_file	total	1	34.845	4292608	94208	163003612	1064	256	ok
PROBE-TSV	1	zip	payload	immediate	add_file	tree_build	1	0.556	0	0	163003612	1064	256	ok
PROBE-TSV	1	zip	payload	immediate	add_file	updater_open	1	11.767	2179072	0	163003612	1064	256	ok
PROBE-TSV	1	zip	payload	immediate	add_file	verification_open	1	8.123	1114112	0	163003612	1064	256	ok
PROBE-PROGRESS	zip	payload	replace_file	44	41	3.816	6.326
PROBE-TSV	1	zip	payload	immediate	replace_file	capability_probe	1	2.494	0	0	161008212	1064	256	ok
PROBE-TSV	1	zip	payload	immediate	replace_file	commit	1	56.352	158875648	161038336	161008212	1064	256	ok
PROBE-TSV	1	zip	payload	immediate	replace_file	display	1	1.408	0	0	161008212	1064	256	ok
PROBE-TSV	1	zip	payload	immediate	replace_file	entry_comparison	1	0.729	0	0	161008212	1064	256	ok
PROBE-TSV	1	zip	payload	immediate	replace_file	filter_compute	1	0.000	0	0	161008212	1064	256	ok
PROBE-TSV	1	zip	payload	immediate	replace_file	mutate	1	1.306	16384	0	161008212	1064	256	ok
PROBE-TSV	1	zip	payload	immediate	replace_file	name_index_advance	1	0.128	0	0	161008212	1064	256	ok
PROBE-TSV	1	zip	payload	immediate	replace_file	name_index_build	1	1.716	0	0	161008212	1064	256	ok
PROBE-TSV	1	zip	payload	immediate	replace_file	output_probe	1	2.440	0	0	161008212	1064	256	ok
PROBE-TSV	1	zip	payload	immediate	replace_file	password_verification	1	0.033	0	0	161008212	1064	256	ok
PROBE-TSV	1	zip	payload	immediate	replace_file	plan_build	4	0.104	0	0	161008212	1064	256	ok
PROBE-TSV	1	zip	payload	immediate	replace_file	plan_validation	1	0.097	0	0	161008212	1064	256	ok
PROBE-TSV	1	zip	payload	immediate	replace_file	publish	1	0.708	0	0	161008212	1064	256	ok
PROBE-TSV	1	zip	payload	immediate	replace_file	reader_adoption	1	0.002	0	0	161008212	1064	256	ok
PROBE-TSV	1	zip	payload	immediate	replace_file	reload	1	2.872	0	0	161008212	1064	256	ok
PROBE-TSV	1	zip	payload	immediate	replace_file	total	1	84.574	161071104	161050624	161008212	1064	256	ok
PROBE-TSV	1	zip	payload	immediate	replace_file	tree_build	1	0.543	0	0	161008212	1064	256	ok
PROBE-TSV	1	zip	payload	immediate	replace_file	updater_open	1	11.565	2179072	0	161008212	1064	256	ok
PROBE-TSV	1	zip	payload	immediate	replace_file	verification_open	1	0.970	0	0	161008212	1064	256	ok
PROBE-TSV	1	zip	payload	deferred	five_changes_reserve_rename	display	1	1.082	0	0	163003493	1064	256	ok
PROBE-TSV	1	zip	payload	deferred	five_changes_reserve_rename	filter_compute	1	0.000	0	0	163003493	1064	256	ok
PROBE-TSV	1	zip	payload	deferred	five_changes_reserve_rename	password_verification	1	0.030	0	0	163003493	1064	256	ok
PROBE-TSV	1	zip	payload	deferred	five_changes_reserve_rename	total	1	16.581	0	0	163003493	1064	256	ok
PROBE-TSV	1	zip	payload	deferred	five_changes_reserve_rename	tree_build	1	0.543	0	0	163003493	1064	256	ok
PROBE-TSV	1	zip	payload	deferred	five_changes_reserve_delete	display	1	1.017	0	0	163003493	1064	256	ok
PROBE-TSV	1	zip	payload	deferred	five_changes_reserve_delete	filter_compute	1	0.000	0	0	163003493	1064	256	ok
PROBE-TSV	1	zip	payload	deferred	five_changes_reserve_delete	password_verification	1	0.027	0	0	163003493	1064	256	ok
PROBE-TSV	1	zip	payload	deferred	five_changes_reserve_delete	total	1	13.791	0	0	163003493	1064	256	ok
PROBE-TSV	1	zip	payload	deferred	five_changes_reserve_delete	tree_build	1	0.588	0	0	163003493	1064	256	ok
PROBE-TSV	1	zip	payload	deferred	five_changes_reserve_new_folder	display	1	1.097	0	0	163003493	1064	256	ok
PROBE-TSV	1	zip	payload	deferred	five_changes_reserve_new_folder	filter_compute	1	0.000	0	0	163003493	1064	256	ok
PROBE-TSV	1	zip	payload	deferred	five_changes_reserve_new_folder	password_verification	1	0.028	0	0	163003493	1064	256	ok
PROBE-TSV	1	zip	payload	deferred	five_changes_reserve_new_folder	total	1	5.335	0	0	163003493	1064	256	ok
PROBE-TSV	1	zip	payload	deferred	five_changes_reserve_new_folder	tree_build	1	0.534	0	0	163003493	1064	256	ok
PROBE-TSV	1	zip	payload	deferred	five_changes_reserve_delete_folder	display	1	1.225	0	0	163003493	1064	256	ok
PROBE-TSV	1	zip	payload	deferred	five_changes_reserve_delete_folder	filter_compute	1	0.000	0	0	163003493	1064	256	ok
PROBE-TSV	1	zip	payload	deferred	five_changes_reserve_delete_folder	password_verification	1	0.031	0	0	163003493	1064	256	ok
PROBE-TSV	1	zip	payload	deferred	five_changes_reserve_delete_folder	total	1	23.551	0	0	163003493	1064	256	ok
PROBE-TSV	1	zip	payload	deferred	five_changes_reserve_delete_folder	tree_build	1	0.041	0	0	163003493	1064	256	ok
PROBE-TSV	1	zip	payload	deferred	five_changes_reserve_add	display	1	0.981	0	0	163003493	1064	256	ok
PROBE-TSV	1	zip	payload	deferred	five_changes_reserve_add	filter_compute	1	0.000	0	0	163003493	1064	256	ok
PROBE-TSV	1	zip	payload	deferred	five_changes_reserve_add	password_verification	1	0.027	0	0	163003493	1064	256	ok
PROBE-TSV	1	zip	payload	deferred	five_changes_reserve_add	plan_build	3	0.056	0	0	163003493	1064	256	ok
PROBE-TSV	1	zip	payload	deferred	five_changes_reserve_add	total	1	17.193	0	4096	163003493	1064	256	ok
PROBE-TSV	1	zip	payload	deferred	five_changes_reserve_add	tree_build	1	0.041	0	0	163003493	1064	256	ok
PROBE-TSV	1	zip	payload	deferred	save_five_changes	capability_probe	1	2.528	0	0	162862718	1064	256	ok
PROBE-TSV	1	zip	payload	deferred	save_five_changes	commit	1	0.342	0	16384	162862718	1064	256	ok
PROBE-TSV	1	zip	payload	deferred	save_five_changes	display	1	1.323	0	0	162862718	1064	256	ok
PROBE-TSV	1	zip	payload	deferred	save_five_changes	editing_install	1	0.005	0	0	162862718	1064	256	ok
PROBE-TSV	1	zip	payload	deferred	save_five_changes	editing_prepare	1	0.052	0	0	162862718	1064	256	ok
PROBE-TSV	1	zip	payload	deferred	save_five_changes	entry_comparison	1	0.069	0	0	162862718	1064	256	ok
PROBE-TSV	1	zip	payload	deferred	save_five_changes	filter_compute	2	0.000	0	0	162862718	1064	256	ok
PROBE-TSV	1	zip	payload	deferred	save_five_changes	name_index_advance	1	0.765	0	0	162862718	1064	256	ok
PROBE-TSV	1	zip	payload	deferred	save_five_changes	output_probe	1	2.759	1048576	0	162862718	1064	256	ok
PROBE-TSV	1	zip	payload	deferred	save_five_changes	password_verification	1	0.024	0	0	162862718	1064	256	ok
PROBE-TSV	1	zip	payload	deferred	save_five_changes	publish	1	0.896	0	0	162862718	1064	256	ok
PROBE-TSV	1	zip	payload	deferred	save_five_changes	reader_adoption	1	0.002	0	0	162862718	1064	256	ok
PROBE-TSV	1	zip	payload	deferred	save_five_changes	reload	1	3.569	0	0	162862718	1064	256	ok
PROBE-TSV	1	zip	payload	deferred	save_five_changes	replay	1	1.772	20480	0	162862718	1064	256	ok
PROBE-TSV	1	zip	payload	deferred	save_five_changes	replay_plan	1	1.567	0	0	162862718	1064	256	ok
PROBE-TSV	1	zip	payload	deferred	save_five_changes	representability_differential	1	0.794	0	0	162862718	1064	256	ok
PROBE-TSV	1	zip	payload	deferred	save_five_changes	save_sheet	1	73.986	4362240	40960	162862718	1064	256	ok
PROBE-TSV	1	zip	payload	deferred	save_five_changes	total	1	74.269	4362240	40960	162862718	1064	256	ok
PROBE-TSV	1	zip	payload	deferred	save_five_changes	tree_build	1	0.042	0	0	162862718	1064	256	ok
PROBE-TSV	1	zip	payload	deferred	save_five_changes	updater_open	1	11.900	2179072	0	162862718	1064	256	ok
PROBE-TSV	1	zip	payload	deferred	save_five_changes	verification_open	1	7.191	1114112	0	162862718	1064	256	ok
PROBE-TSV	1	zip	payload	deferred	rename_only_reserve_rename	display	1	1.093	0	0	163003493	1064	256	ok
PROBE-TSV	1	zip	payload	deferred	rename_only_reserve_rename	filter_compute	1	0.000	0	0	163003493	1064	256	ok
PROBE-TSV	1	zip	payload	deferred	rename_only_reserve_rename	password_verification	1	0.028	0	0	163003493	1064	256	ok
PROBE-TSV	1	zip	payload	deferred	rename_only_reserve_rename	total	1	17.951	0	0	163003493	1064	256	ok
PROBE-TSV	1	zip	payload	deferred	rename_only_reserve_rename	tree_build	1	0.541	0	0	163003493	1064	256	ok
PROBE-TSV	1	zip	payload	deferred	save_rename_only	capability_probe	1	2.536	0	0	163003491	1064	256	ok
PROBE-TSV	1	zip	payload	deferred	save_rename_only	commit	1	48.992	160841728	163004416	163003491	1064	256	ok
PROBE-TSV	1	zip	payload	deferred	save_rename_only	display	1	1.283	0	0	163003491	1064	256	ok
PROBE-TSV	1	zip	payload	deferred	save_rename_only	editing_install	1	0.004	0	0	163003491	1064	256	ok
PROBE-TSV	1	zip	payload	deferred	save_rename_only	editing_prepare	1	0.229	0	0	163003491	1064	256	ok
PROBE-TSV	1	zip	payload	deferred	save_rename_only	entry_comparison	1	0.736	0	0	163003491	1064	256	ok
PROBE-TSV	1	zip	payload	deferred	save_rename_only	filter_compute	2	0.000	0	0	163003491	1064	256	ok
PROBE-TSV	1	zip	payload	deferred	save_rename_only	name_index_advance	1	0.134	0	0	163003491	1064	256	ok
PROBE-TSV	1	zip	payload	deferred	save_rename_only	output_probe	1	2.434	0	0	163003491	1064	256	ok
PROBE-TSV	1	zip	payload	deferred	save_rename_only	password_verification	1	0.029	0	0	163003491	1064	256	ok
PROBE-TSV	1	zip	payload	deferred	save_rename_only	publish	1	0.335	0	0	163003491	1064	256	ok
PROBE-TSV	1	zip	payload	deferred	save_rename_only	reader_adoption	1	0.002	0	0	163003491	1064	256	ok
PROBE-TSV	1	zip	payload	deferred	save_rename_only	reload	1	2.968	0	0	163003491	1064	256	ok
PROBE-TSV	1	zip	payload	deferred	save_rename_only	replay	1	0.812	0	0	163003491	1064	256	ok
PROBE-TSV	1	zip	payload	deferred	save_rename_only	replay_plan	1	0.198	0	0	163003491	1064	256	ok
PROBE-TSV	1	zip	payload	deferred	save_rename_only	representability_differential	1	0.017	0	0	163003491	1064	256	ok
PROBE-TSV	1	zip	payload	deferred	save_rename_only	save_sheet	1	105.070	163020800	163016704	163003491	1064	256	ok
PROBE-TSV	1	zip	payload	deferred	save_rename_only	total	1	105.524	163020800	163016704	163003491	1064	256	ok
PROBE-TSV	1	zip	payload	deferred	save_rename_only	tree_build	1	0.553	0	0	163003491	1064	256	ok
PROBE-TSV	1	zip	payload	deferred	save_rename_only	updater_open	1	11.628	2179072	0	163003491	1064	256	ok
PROBE-TSV	1	zip	payload	deferred	save_rename_only	verification_open	1	0.991	0	0	163003491	1064	256	ok
PROBE-PROGRESS	tar	entries	delete_start	52	50	62.719	433.651
PROBE-TSV	1	tar	entries	immediate	delete_start	capability_probe	1	174.074	0	0	102400000	100000	0	ok
PROBE-TSV	1	tar	entries	immediate	delete_start	commit	1	41.024	16384	102400000	102400000	100000	0	ok
PROBE-TSV	1	tar	entries	immediate	delete_start	display	1	2.880	0	0	102400000	100000	0	ok
PROBE-TSV	1	tar	entries	immediate	delete_start	entry_comparison	1	56.783	0	0	102400000	100000	0	ok
PROBE-TSV	1	tar	entries	immediate	delete_start	filter_compute	1	0.000	0	0	102400000	100000	0	ok
PROBE-TSV	1	tar	entries	immediate	delete_start	mutate	1	62.677	0	0	102400000	100000	0	ok
PROBE-TSV	1	tar	entries	immediate	delete_start	password_verification	1	0.223	0	0	102400000	100000	0	ok
PROBE-TSV	1	tar	entries	immediate	delete_start	plan_build	1	0.016	0	0	102400000	100000	0	ok
PROBE-TSV	1	tar	entries	immediate	delete_start	plan_validation	1	10.546	0	0	102400000	100000	0	ok
PROBE-TSV	1	tar	entries	immediate	delete_start	publish	1	0.893	0	0	102400000	100000	0	ok
PROBE-TSV	1	tar	entries	immediate	delete_start	reader_adoption	1	0.003	0	0	102400000	100000	0	ok
PROBE-TSV	1	tar	entries	immediate	delete_start	reload	1	174.453	0	0	102400000	100000	0	ok
PROBE-TSV	1	tar	entries	immediate	delete_start	total	1	1424.205	102428672	102412288	102400000	100000	0	ok
PROBE-TSV	1	tar	entries	immediate	delete_start	tree_build	1	65.327	0	0	102400000	100000	0	ok
PROBE-TSV	1	tar	entries	immediate	delete_start	updater_open	1	619.554	102412288	0	102400000	100000	0	ok
PROBE-TSV	1	tar	entries	immediate	delete_start	verification_open	1	361.561	0	0	102400000	100000	0	ok
PROBE-PROGRESS	tar	entries	delete_end	4	2	62.986	445.347
PROBE-TSV	1	tar	entries	immediate	delete_end	capability_probe	1	176.416	0	0	102400000	100000	0	ok
PROBE-TSV	1	tar	entries	immediate	delete_end	commit	1	6.616	32768	16384	102400000	100000	0	ok
PROBE-TSV	1	tar	entries	immediate	delete_end	display	1	3.005	0	0	102400000	100000	0	ok
PROBE-TSV	1	tar	entries	immediate	delete_end	entry_comparison	1	58.833	0	0	102400000	100000	0	ok
PROBE-TSV	1	tar	entries	immediate	delete_end	filter_compute	1	0.000	0	0	102400000	100000	0	ok
PROBE-TSV	1	tar	entries	immediate	delete_end	mutate	1	62.941	0	0	102400000	100000	0	ok
PROBE-TSV	1	tar	entries	immediate	delete_end	password_verification	1	0.231	0	0	102400000	100000	0	ok
PROBE-TSV	1	tar	entries	immediate	delete_end	plan_build	1	0.014	0	0	102400000	100000	0	ok
PROBE-TSV	1	tar	entries	immediate	delete_end	plan_validation	1	10.273	0	0	102400000	100000	0	ok
PROBE-TSV	1	tar	entries	immediate	delete_end	publish	1	0.812	0	0	102400000	100000	0	ok
PROBE-TSV	1	tar	entries	immediate	delete_end	reader_adoption	1	0.005	0	0	102400000	100000	0	ok
PROBE-TSV	1	tar	entries	immediate	delete_end	reload	1	176.839	0	0	102400000	100000	0	ok
PROBE-TSV	1	tar	entries	immediate	delete_end	total	1	1403.360	204812288	28672	102400000	100000	0	ok
PROBE-TSV	1	tar	entries	immediate	delete_end	tree_build	1	62.171	0	0	102400000	100000	0	ok
PROBE-TSV	1	tar	entries	immediate	delete_end	updater_open	1	620.526	102412288	0	102400000	100000	0	ok
PROBE-TSV	1	tar	entries	immediate	delete_end	verification_open	1	370.935	102367232	0	102400000	100000	0	ok
PROBE-PROGRESS	tar	entries	rename_same_length	4	2	62.387	461.558
PROBE-TSV	1	tar	entries	immediate	rename_same_length	capability_probe	1	176.737	0	0	102410240	100000	0	ok
PROBE-TSV	1	tar	entries	immediate	rename_same_length	commit	1	6.487	16384	28672	102410240	100000	0	ok
PROBE-TSV	1	tar	entries	immediate	rename_same_length	display	1	3.036	0	0	102410240	100000	0	ok
PROBE-TSV	1	tar	entries	immediate	rename_same_length	entry_comparison	1	61.387	0	0	102410240	100000	0	ok
PROBE-TSV	1	tar	entries	immediate	rename_same_length	filter_compute	1	0.000	0	0	102410240	100000	0	ok
PROBE-TSV	1	tar	entries	immediate	rename_same_length	mutate	1	62.341	0	0	102410240	100000	0	ok
PROBE-TSV	1	tar	entries	immediate	rename_same_length	name_index_advance	1	10.615	0	0	102410240	100000	0	ok
PROBE-TSV	1	tar	entries	immediate	rename_same_length	name_index_build	1	138.940	0	0	102410240	100000	0	ok
PROBE-TSV	1	tar	entries	immediate	rename_same_length	password_verification	1	0.240	0	0	102410240	100000	0	ok
PROBE-TSV	1	tar	entries	immediate	rename_same_length	plan_build	1	0.026	0	0	102410240	100000	0	ok
PROBE-TSV	1	tar	entries	immediate	rename_same_length	plan_validation	1	10.401	0	0	102410240	100000	0	ok
PROBE-TSV	1	tar	entries	immediate	rename_same_length	publish	1	0.903	0	0	102410240	100000	0	ok
PROBE-TSV	1	tar	entries	immediate	rename_same_length	reader_adoption	1	0.003	0	0	102410240	100000	0	ok
PROBE-TSV	1	tar	entries	immediate	rename_same_length	reload	1	188.074	0	0	102410240	100000	0	ok
PROBE-TSV	1	tar	entries	immediate	rename_same_length	total	1	1561.739	204812288	40960	102410240	100000	0	ok
PROBE-TSV	1	tar	entries	immediate	rename_same_length	tree_build	1	60.649	0	0	102410240	100000	0	ok
PROBE-TSV	1	tar	entries	immediate	rename_same_length	updater_open	1	614.463	102412288	0	102410240	100000	0	ok
PROBE-TSV	1	tar	entries	immediate	rename_same_length	verification_open	1	384.254	102383616	0	102410240	100000	0	ok
PROBE-PROGRESS	tar	entries	rename_different_length	4	2	61.991	443.502
PROBE-TSV	1	tar	entries	immediate	rename_different_length	capability_probe	1	178.056	0	0	102410240	100000	0	ok
PROBE-TSV	1	tar	entries	immediate	rename_different_length	commit	1	6.616	16384	28672	102410240	100000	0	ok
PROBE-TSV	1	tar	entries	immediate	rename_different_length	display	1	3.076	0	0	102410240	100000	0	ok
PROBE-TSV	1	tar	entries	immediate	rename_different_length	entry_comparison	1	60.247	0	0	102410240	100000	0	ok
PROBE-TSV	1	tar	entries	immediate	rename_different_length	filter_compute	1	0.000	0	0	102410240	100000	0	ok
PROBE-TSV	1	tar	entries	immediate	rename_different_length	mutate	1	61.945	0	0	102410240	100000	0	ok
PROBE-TSV	1	tar	entries	immediate	rename_different_length	name_index_advance	1	10.710	0	0	102410240	100000	0	ok
PROBE-TSV	1	tar	entries	immediate	rename_different_length	name_index_build	1	139.604	0	0	102410240	100000	0	ok
PROBE-TSV	1	tar	entries	immediate	rename_different_length	password_verification	1	0.303	0	0	102410240	100000	0	ok
PROBE-TSV	1	tar	entries	immediate	rename_different_length	plan_build	1	0.029	0	0	102410240	100000	0	ok
PROBE-TSV	1	tar	entries	immediate	rename_different_length	plan_validation	1	10.615	0	0	102410240	100000	0	ok
PROBE-TSV	1	tar	entries	immediate	rename_different_length	publish	1	0.851	0	0	102410240	100000	0	ok
PROBE-TSV	1	tar	entries	immediate	rename_different_length	reader_adoption	1	0.003	0	0	102410240	100000	0	ok
PROBE-TSV	1	tar	entries	immediate	rename_different_length	reload	1	189.484	0	0	102410240	100000	0	ok
PROBE-TSV	1	tar	entries	immediate	rename_different_length	total	1	1553.620	204812288	40960	102410240	100000	0	ok
PROBE-TSV	1	tar	entries	immediate	rename_different_length	tree_build	1	59.179	0	0	102410240	100000	0	ok
PROBE-TSV	1	tar	entries	immediate	rename_different_length	updater_open	1	622.448	102412288	0	102410240	100000	0	ok
PROBE-TSV	1	tar	entries	immediate	rename_different_length	verification_open	1	367.912	102383616	0	102410240	100000	0	ok
PROBE-PROGRESS	tar	entries	rename_folder	4	2	69.775	459.644
PROBE-TSV	1	tar	entries	immediate	rename_folder	capability_probe	1	176.580	0	0	102410240	100000	0	ok
PROBE-TSV	1	tar	entries	immediate	rename_folder	commit	1	22.727	1032192	1044480	102410240	100000	0	ok
PROBE-TSV	1	tar	entries	immediate	rename_folder	display	1	2.795	0	0	102410240	100000	0	ok
PROBE-TSV	1	tar	entries	immediate	rename_folder	entry_comparison	1	59.477	0	0	102410240	100000	0	ok
PROBE-TSV	1	tar	entries	immediate	rename_folder	filter_compute	1	0.000	0	0	102410240	100000	0	ok
PROBE-TSV	1	tar	entries	immediate	rename_folder	mutate	1	69.731	0	0	102410240	100000	0	ok
PROBE-TSV	1	tar	entries	immediate	rename_folder	name_index_advance	1	16.309	0	0	102410240	100000	0	ok
PROBE-TSV	1	tar	entries	immediate	rename_folder	name_index_build	1	138.060	0	0	102410240	100000	0	ok
PROBE-TSV	1	tar	entries	immediate	rename_folder	password_verification	1	0.209	0	0	102410240	100000	0	ok
PROBE-TSV	1	tar	entries	immediate	rename_folder	plan_build	1	5.562	0	0	102410240	100000	0	ok
PROBE-TSV	1	tar	entries	immediate	rename_folder	plan_validation	1	13.804	0	0	102410240	100000	0	ok
PROBE-TSV	1	tar	entries	immediate	rename_folder	publish	1	0.866	0	0	102410240	100000	0	ok
PROBE-TSV	1	tar	entries	immediate	rename_folder	reader_adoption	1	0.003	0	0	102410240	100000	0	ok
PROBE-TSV	1	tar	entries	immediate	rename_folder	reload	1	193.552	0	0	102410240	100000	0	ok
PROBE-TSV	1	tar	entries	immediate	rename_folder	total	1	1599.918	204812288	1056768	102410240	100000	0	ok
PROBE-TSV	1	tar	entries	immediate	rename_folder	tree_build	1	61.070	0	0	102410240	100000	0	ok
PROBE-TSV	1	tar	entries	immediate	rename_folder	updater_open	1	617.601	102412288	0	102410240	100000	0	ok
PROBE-TSV	1	tar	entries	immediate	rename_folder	verification_open	1	383.512	101367808	0	102410240	100000	0	ok
PROBE-PROGRESS	tar	entries	new_folder	4	2	81.696	439.299
PROBE-TSV	1	tar	entries	immediate	new_folder	capability_probe	1	176.412	0	0	102410240	100000	0	ok
PROBE-TSV	1	tar	entries	immediate	new_folder	commit	1	5.285	16384	12288	102410240	100000	0	ok
PROBE-TSV	1	tar	entries	immediate	new_folder	display	1	3.117	0	0	102410240	100000	0	ok
PROBE-TSV	1	tar	entries	immediate	new_folder	entry_comparison	1	60.004	0	0	102410240	100000	0	ok
PROBE-TSV	1	tar	entries	immediate	new_folder	filter_compute	1	0.000	0	0	102410240	100000	0	ok
PROBE-TSV	1	tar	entries	immediate	new_folder	mutate	1	81.646	12288	0	102410240	100000	0	ok
PROBE-TSV	1	tar	entries	immediate	new_folder	name_index_advance	1	10.374	0	0	102410240	100000	0	ok
PROBE-TSV	1	tar	entries	immediate	new_folder	name_index_build	1	137.856	0	0	102410240	100000	0	ok
PROBE-TSV	1	tar	entries	immediate	new_folder	password_verification	1	0.289	0	0	102410240	100000	0	ok
PROBE-TSV	1	tar	entries	immediate	new_folder	plan_build	1	137.879	0	0	102410240	100000	0	ok
PROBE-TSV	1	tar	entries	immediate	new_folder	plan_validation	1	11.549	0	0	102410240	100000	0	ok
PROBE-TSV	1	tar	entries	immediate	new_folder	publish	1	0.850	0	0	102410240	100000	0	ok
PROBE-TSV	1	tar	entries	immediate	new_folder	reader_adoption	1	0.003	0	0	102410240	100000	0	ok
PROBE-TSV	1	tar	entries	immediate	new_folder	reload	1	187.461	0	0	102410240	100000	0	ok
PROBE-TSV	1	tar	entries	immediate	new_folder	total	1	1558.285	204824576	24576	102410240	100000	0	ok
PROBE-TSV	1	tar	entries	immediate	new_folder	tree_build	1	60.048	0	0	102410240	100000	0	ok
PROBE-TSV	1	tar	entries	immediate	new_folder	updater_open	1	617.139	102412288	0	102410240	100000	0	ok
PROBE-TSV	1	tar	entries	immediate	new_folder	verification_open	1	364.262	102383616	0	102410240	100000	0	ok
PROBE-PROGRESS	tar	entries	add_file	6	3	71.674	442.873
PROBE-TSV	1	tar	entries	immediate	add_file	capability_probe	1	172.087	0	0	102410240	100000	0	ok
PROBE-TSV	1	tar	entries	immediate	add_file	commit	1	5.108	16384	12288	102410240	100000	0	ok
PROBE-TSV	1	tar	entries	immediate	add_file	display	1	3.064	0	0	102410240	100000	0	ok
PROBE-TSV	1	tar	entries	immediate	add_file	entry_comparison	1	59.861	0	0	102410240	100000	0	ok
PROBE-TSV	1	tar	entries	immediate	add_file	filter_compute	1	0.000	0	0	102410240	100000	0	ok
PROBE-TSV	1	tar	entries	immediate	add_file	mutate	1	72.085	12288	0	102410240	100000	0	ok
PROBE-TSV	1	tar	entries	immediate	add_file	name_index_advance	1	10.413	0	0	102410240	100000	0	ok
PROBE-TSV	1	tar	entries	immediate	add_file	name_index_build	1	138.779	0	0	102410240	100000	0	ok
PROBE-TSV	1	tar	entries	immediate	add_file	password_verification	1	0.244	0	0	102410240	100000	0	ok
PROBE-TSV	1	tar	entries	immediate	add_file	plan_build	3	0.091	0	0	102410240	100000	0	ok
PROBE-TSV	1	tar	entries	immediate	add_file	plan_validation	1	10.981	0	0	102410240	100000	0	ok
PROBE-TSV	1	tar	entries	immediate	add_file	publish	1	0.826	0	0	102410240	100000	0	ok
PROBE-TSV	1	tar	entries	immediate	add_file	reader_adoption	1	0.003	0	0	102410240	100000	0	ok
PROBE-TSV	1	tar	entries	immediate	add_file	reload	1	183.222	0	0	102410240	100000	0	ok
PROBE-TSV	1	tar	entries	immediate	add_file	total	1	1537.690	204824576	24576	102410240	100000	0	ok
PROBE-TSV	1	tar	entries	immediate	add_file	tree_build	1	58.905	0	0	102410240	100000	0	ok
PROBE-TSV	1	tar	entries	immediate	add_file	updater_open	1	607.981	102412288	0	102410240	100000	0	ok
PROBE-TSV	1	tar	entries	immediate	add_file	verification_open	1	367.962	102383616	0	102410240	100000	0	ok
PROBE-PROGRESS	tar	entries	replace_file	54	51	129.629	446.694
PROBE-TSV	1	tar	entries	immediate	replace_file	capability_probe	1	172.659	0	0	102410240	100000	0	ok
PROBE-TSV	1	tar	entries	immediate	replace_file	commit	1	37.955	0	102428672	102410240	100000	0	ok
PROBE-TSV	1	tar	entries	immediate	replace_file	display	1	2.969	0	0	102410240	100000	0	ok
PROBE-TSV	1	tar	entries	immediate	replace_file	entry_comparison	1	59.277	0	0	102410240	100000	0	ok
PROBE-TSV	1	tar	entries	immediate	replace_file	filter_compute	1	0.000	0	0	102410240	100000	0	ok
PROBE-TSV	1	tar	entries	immediate	replace_file	mutate	1	130.601	16384	0	102410240	100000	0	ok
PROBE-TSV	1	tar	entries	immediate	replace_file	name_index_advance	1	11.442	0	0	102410240	100000	0	ok
PROBE-TSV	1	tar	entries	immediate	replace_file	name_index_build	1	141.663	0	0	102410240	100000	0	ok
PROBE-TSV	1	tar	entries	immediate	replace_file	password_verification	1	0.251	0	0	102410240	100000	0	ok
PROBE-TSV	1	tar	entries	immediate	replace_file	plan_build	4	2.349	0	0	102410240	100000	0	ok
PROBE-TSV	1	tar	entries	immediate	replace_file	plan_validation	1	11.922	0	0	102410240	100000	0	ok
PROBE-TSV	1	tar	entries	immediate	replace_file	publish	1	0.867	0	0	102410240	100000	0	ok
PROBE-TSV	1	tar	entries	immediate	replace_file	reader_adoption	1	0.003	0	0	102410240	100000	0	ok
PROBE-TSV	1	tar	entries	immediate	replace_file	reload	1	184.790	0	0	102410240	100000	0	ok
PROBE-TSV	1	tar	entries	immediate	replace_file	total	1	1660.566	102428672	102440960	102410240	100000	0	ok
PROBE-TSV	1	tar	entries	immediate	replace_file	tree_build	1	63.248	0	0	102410240	100000	0	ok
PROBE-TSV	1	tar	entries	immediate	replace_file	updater_open	1	623.125	102412288	0	102410240	100000	0	ok
PROBE-TSV	1	tar	entries	immediate	replace_file	verification_open	1	370.874	0	0	102410240	100000	0	ok
PROBE-TSV	1	tar	entries	deferred	five_changes_reserve_rename	display	1	2.781	0	0	102410240	100000	0	ok
PROBE-TSV	1	tar	entries	deferred	five_changes_reserve_rename	filter_compute	1	0.001	0	0	102410240	100000	0	ok
PROBE-TSV	1	tar	entries	deferred	five_changes_reserve_rename	password_verification	1	0.589	0	0	102410240	100000	0	ok
PROBE-TSV	1	tar	entries	deferred	five_changes_reserve_rename	total	1	140.636	0	0	102410240	100000	0	ok
PROBE-TSV	1	tar	entries	deferred	five_changes_reserve_rename	tree_build	1	64.272	0	0	102410240	100000	0	ok
PROBE-TSV	1	tar	entries	deferred	five_changes_reserve_delete	display	1	2.894	0	0	102410240	100000	0	ok
PROBE-TSV	1	tar	entries	deferred	five_changes_reserve_delete	filter_compute	1	0.001	0	0	102410240	100000	0	ok
PROBE-TSV	1	tar	entries	deferred	five_changes_reserve_delete	password_verification	1	0.573	0	0	102410240	100000	0	ok
PROBE-TSV	1	tar	entries	deferred	five_changes_reserve_delete	total	1	151.418	0	0	102410240	100000	0	ok
PROBE-TSV	1	tar	entries	deferred	five_changes_reserve_delete	tree_build	1	62.529	0	0	102410240	100000	0	ok
PROBE-TSV	1	tar	entries	deferred	five_changes_reserve_new_folder	display	1	2.942	0	0	102410240	100000	0	ok
PROBE-TSV	1	tar	entries	deferred	five_changes_reserve_new_folder	filter_compute	1	0.000	0	0	102410240	100000	0	ok
PROBE-TSV	1	tar	entries	deferred	five_changes_reserve_new_folder	password_verification	1	0.574	0	0	102410240	100000	0	ok
PROBE-TSV	1	tar	entries	deferred	five_changes_reserve_new_folder	total	1	140.461	0	0	102410240	100000	0	ok
PROBE-TSV	1	tar	entries	deferred	five_changes_reserve_new_folder	tree_build	1	57.292	0	0	102410240	100000	0	ok
PROBE-TSV	1	tar	entries	deferred	five_changes_reserve_delete_folder	display	1	3.203	0	0	102410240	100000	0	ok
PROBE-TSV	1	tar	entries	deferred	five_changes_reserve_delete_folder	filter_compute	1	0.001	0	0	102410240	100000	0	ok
PROBE-TSV	1	tar	entries	deferred	five_changes_reserve_delete_folder	password_verification	1	0.595	0	0	102410240	100000	0	ok
PROBE-TSV	1	tar	entries	deferred	five_changes_reserve_delete_folder	total	1	149.148	0	0	102410240	100000	0	ok
PROBE-TSV	1	tar	entries	deferred	five_changes_reserve_delete_folder	tree_build	1	62.644	0	0	102410240	100000	0	ok
PROBE-TSV	1	tar	entries	deferred	five_changes_reserve_add	display	1	3.169	0	0	102410240	100000	0	ok
PROBE-TSV	1	tar	entries	deferred	five_changes_reserve_add	filter_compute	1	0.001	0	0	102410240	100000	0	ok
PROBE-TSV	1	tar	entries	deferred	five_changes_reserve_add	password_verification	1	0.612	0	0	102410240	100000	0	ok
PROBE-TSV	1	tar	entries	deferred	five_changes_reserve_add	plan_build	3	0.081	0	0	102410240	100000	0	ok
PROBE-TSV	1	tar	entries	deferred	five_changes_reserve_add	total	1	148.833	0	4096	102410240	100000	0	ok
PROBE-TSV	1	tar	entries	deferred	five_changes_reserve_add	tree_build	1	63.199	0	0	102410240	100000	0	ok
PROBE-TSV	1	tar	entries	deferred	save_five_changes	capability_probe	1	176.211	0	0	101386240	100000	0	ok
PROBE-TSV	1	tar	entries	deferred	save_five_changes	commit	1	70.246	425984	101416960	101386240	100000	0	ok
PROBE-TSV	1	tar	entries	deferred	save_five_changes	display	1	3.189	0	0	101386240	100000	0	ok
PROBE-TSV	1	tar	entries	deferred	save_five_changes	editing_install	1	0.007	0	0	101386240	100000	0	ok
PROBE-TSV	1	tar	entries	deferred	save_five_changes	editing_prepare	1	30.129	0	0	101386240	100000	0	ok
PROBE-TSV	1	tar	entries	deferred	save_five_changes	entry_comparison	1	61.895	0	0	101386240	100000	0	ok
PROBE-TSV	1	tar	entries	deferred	save_five_changes	filter_compute	2	0.001	0	0	101386240	100000	0	ok
PROBE-TSV	1	tar	entries	deferred	save_five_changes	name_index_advance	1	16.110	0	0	101386240	100000	0	ok
PROBE-TSV	1	tar	entries	deferred	save_five_changes	password_verification	1	0.576	0	0	101386240	100000	0	ok
PROBE-TSV	1	tar	entries	deferred	save_five_changes	publish	1	1.037	0	0	101386240	100000	0	ok
PROBE-TSV	1	tar	entries	deferred	save_five_changes	reader_adoption	1	0.004	0	0	101386240	100000	0	ok
PROBE-TSV	1	tar	entries	deferred	save_five_changes	reload	1	193.898	0	0	101386240	100000	0	ok
PROBE-TSV	1	tar	entries	deferred	save_five_changes	replay	1	149.850	20480	0	101386240	100000	0	ok
PROBE-TSV	1	tar	entries	deferred	save_five_changes	replay_plan	1	23.411	0	0	101386240	100000	0	ok
PROBE-TSV	1	tar	entries	deferred	save_five_changes	representability_differential	1	0.956	0	0	101386240	100000	0	ok
PROBE-TSV	1	tar	entries	deferred	save_five_changes	save_sheet	1	1948.473	102858752	101441536	101386240	100000	0	ok
PROBE-TSV	1	tar	entries	deferred	save_five_changes	total	1	1979.079	102858752	101441536	101386240	100000	0	ok
PROBE-TSV	1	tar	entries	deferred	save_five_changes	tree_build	1	66.281	0	0	101386240	100000	0	ok
PROBE-TSV	1	tar	entries	deferred	save_five_changes	updater_open	1	624.633	102412288	0	101386240	100000	0	ok
PROBE-TSV	1	tar	entries	deferred	save_five_changes	verification_open	1	379.427	0	0	101386240	100000	0	ok
PROBE-TSV	1	tar	entries	deferred	rename_only_reserve_rename	display	1	2.848	0	0	102410240	100000	0	ok
PROBE-TSV	1	tar	entries	deferred	rename_only_reserve_rename	filter_compute	1	0.001	0	0	102410240	100000	0	ok
PROBE-TSV	1	tar	entries	deferred	rename_only_reserve_rename	password_verification	1	0.564	0	0	102410240	100000	0	ok
PROBE-TSV	1	tar	entries	deferred	rename_only_reserve_rename	total	1	142.964	0	0	102410240	100000	0	ok
PROBE-TSV	1	tar	entries	deferred	rename_only_reserve_rename	tree_build	1	67.249	0	0	102410240	100000	0	ok
PROBE-TSV	1	tar	entries	deferred	save_rename_only	capability_probe	1	182.926	0	0	102410240	100000	0	ok
PROBE-TSV	1	tar	entries	deferred	save_rename_only	commit	1	6.446	16384	28672	102410240	100000	0	ok
PROBE-TSV	1	tar	entries	deferred	save_rename_only	display	1	3.222	0	0	102410240	100000	0	ok
PROBE-TSV	1	tar	entries	deferred	save_rename_only	editing_install	1	0.005	0	0	102410240	100000	0	ok
PROBE-TSV	1	tar	entries	deferred	save_rename_only	editing_prepare	1	25.394	0	0	102410240	100000	0	ok
PROBE-TSV	1	tar	entries	deferred	save_rename_only	entry_comparison	1	63.324	0	0	102410240	100000	0	ok
PROBE-TSV	1	tar	entries	deferred	save_rename_only	filter_compute	2	0.001	0	0	102410240	100000	0	ok
PROBE-TSV	1	tar	entries	deferred	save_rename_only	name_index_advance	1	12.684	0	0	102410240	100000	0	ok
PROBE-TSV	1	tar	entries	deferred	save_rename_only	password_verification	1	0.583	0	0	102410240	100000	0	ok
PROBE-TSV	1	tar	entries	deferred	save_rename_only	publish	1	0.411	0	0	102410240	100000	0	ok
PROBE-TSV	1	tar	entries	deferred	save_rename_only	reader_adoption	1	0.006	0	0	102410240	100000	0	ok
PROBE-TSV	1	tar	entries	deferred	save_rename_only	reload	1	197.088	0	0	102410240	100000	0	ok
PROBE-TSV	1	tar	entries	deferred	save_rename_only	replay	1	66.223	0	0	102410240	100000	0	ok
PROBE-TSV	1	tar	entries	deferred	save_rename_only	replay_plan	1	19.465	0	0	102410240	100000	0	ok
PROBE-TSV	1	tar	entries	deferred	save_rename_only	representability_differential	1	0.022	0	0	102410240	100000	0	ok
PROBE-TSV	1	tar	entries	deferred	save_rename_only	save_sheet	1	1800.087	204812288	40960	102410240	100000	0	ok
PROBE-TSV	1	tar	entries	deferred	save_rename_only	total	1	1825.808	204812288	40960	102410240	100000	0	ok
PROBE-TSV	1	tar	entries	deferred	save_rename_only	tree_build	1	67.606	0	0	102410240	100000	0	ok
PROBE-TSV	1	tar	entries	deferred	save_rename_only	updater_open	1	624.587	102412288	0	102410240	100000	0	ok
PROBE-TSV	1	tar	entries	deferred	save_rename_only	verification_open	1	387.146	102383616	0	102410240	100000	0	ok
PROBE-PROGRESS	tar	payload	delete_start	130	128	6.130	7.364
PROBE-TSV	1	tar	payload	immediate	delete_start	capability_probe	1	1.998	0	0	265308160	1064	256	ok
PROBE-TSV	1	tar	payload	immediate	delete_start	commit	1	116.755	263045120	265322496	265308160	1064	256	ok
PROBE-TSV	1	tar	payload	immediate	delete_start	display	1	1.418	0	0	265308160	1064	256	ok
PROBE-TSV	1	tar	payload	immediate	delete_start	entry_comparison	1	0.639	0	0	265308160	1064	256	ok
PROBE-TSV	1	tar	payload	immediate	delete_start	filter_compute	1	0.000	0	0	265308160	1064	256	ok
PROBE-TSV	1	tar	payload	immediate	delete_start	mutate	1	0.636	0	0	265308160	1064	256	ok
PROBE-TSV	1	tar	payload	immediate	delete_start	password_verification	1	0.027	0	0	265308160	1064	256	ok
PROBE-TSV	1	tar	payload	immediate	delete_start	plan_build	1	0.010	0	0	265308160	1064	256	ok
PROBE-TSV	1	tar	payload	immediate	delete_start	plan_validation	1	0.106	0	0	265308160	1064	256	ok
PROBE-TSV	1	tar	payload	immediate	delete_start	publish	1	0.699	0	0	265308160	1064	256	ok
PROBE-TSV	1	tar	payload	immediate	delete_start	reader_adoption	1	0.002	0	0	265308160	1064	256	ok
PROBE-TSV	1	tar	payload	immediate	delete_start	reload	1	2.178	0	0	265308160	1064	256	ok
PROBE-TSV	1	tar	payload	immediate	delete_start	total	1	146.802	265351168	265334784	265308160	1064	256	ok
PROBE-TSV	1	tar	payload	immediate	delete_start	tree_build	1	0.573	0	0	265308160	1064	256	ok
PROBE-TSV	1	tar	payload	immediate	delete_start	updater_open	1	15.078	2306048	0	265308160	1064	256	ok
PROBE-TSV	1	tar	payload	immediate	delete_start	verification_open	1	3.825	0	0	265308160	1064	256	ok
PROBE-PROGRESS	tar	payload	delete_end	4	2	0.836	13.253
PROBE-TSV	1	tar	payload	immediate	delete_end	capability_probe	1	2.036	0	0	269496320	1064	256	ok
PROBE-TSV	1	tar	payload	immediate	delete_end	commit	1	0.913	28672	12288	269496320	1064	256	ok
PROBE-TSV	1	tar	payload	immediate	delete_end	display	1	1.229	0	0	269496320	1064	256	ok
PROBE-TSV	1	tar	payload	immediate	delete_end	entry_comparison	1	0.625	0	0	269496320	1064	256	ok
PROBE-TSV	1	tar	payload	immediate	delete_end	filter_compute	1	0.000	0	0	269496320	1064	256	ok
PROBE-TSV	1	tar	payload	immediate	delete_end	mutate	1	0.653	0	0	269496320	1064	256	ok
PROBE-TSV	1	tar	payload	immediate	delete_end	password_verification	1	0.028	0	0	269496320	1064	256	ok
PROBE-TSV	1	tar	payload	immediate	delete_end	plan_build	1	0.011	0	0	269496320	1064	256	ok
PROBE-TSV	1	tar	payload	immediate	delete_end	plan_validation	1	0.112	0	0	269496320	1064	256	ok
PROBE-TSV	1	tar	payload	immediate	delete_end	publish	1	0.742	0	0	269496320	1064	256	ok
PROBE-TSV	1	tar	payload	immediate	delete_end	reader_adoption	1	0.002	0	0	269496320	1064	256	ok
PROBE-TSV	1	tar	payload	immediate	delete_end	reload	1	2.253	0	0	269496320	1064	256	ok
PROBE-TSV	1	tar	payload	immediate	delete_end	total	1	36.397	4612096	24576	269496320	1064	256	ok
PROBE-TSV	1	tar	payload	immediate	delete_end	tree_build	1	0.565	0	0	269496320	1064	256	ok
PROBE-TSV	1	tar	payload	immediate	delete_end	updater_open	1	15.257	2306048	0	269496320	1064	256	ok
PROBE-TSV	1	tar	payload	immediate	delete_end	verification_open	1	11.517	2277376	0	269496320	1064	256	ok
PROBE-PROGRESS	tar	payload	rename_same_length	4	2	0.822	13.147
PROBE-TSV	1	tar	payload	immediate	rename_same_length	capability_probe	1	2.032	0	0	269496320	1064	256	ok
PROBE-TSV	1	tar	payload	immediate	rename_same_length	commit	1	0.908	28672	28672	269496320	1064	256	ok
PROBE-TSV	1	tar	payload	immediate	rename_same_length	display	1	1.069	0	0	269496320	1064	256	ok
PROBE-TSV	1	tar	payload	immediate	rename_same_length	entry_comparison	1	0.664	0	0	269496320	1064	256	ok
PROBE-TSV	1	tar	payload	immediate	rename_same_length	filter_compute	1	0.000	0	0	269496320	1064	256	ok
PROBE-TSV	1	tar	payload	immediate	rename_same_length	mutate	1	0.678	0	0	269496320	1064	256	ok
PROBE-TSV	1	tar	payload	immediate	rename_same_length	name_index_advance	1	0.137	0	0	269496320	1064	256	ok
PROBE-TSV	1	tar	payload	immediate	rename_same_length	name_index_build	1	1.479	0	0	269496320	1064	256	ok
PROBE-TSV	1	tar	payload	immediate	rename_same_length	password_verification	1	0.024	0	0	269496320	1064	256	ok
PROBE-TSV	1	tar	payload	immediate	rename_same_length	plan_build	1	0.018	0	0	269496320	1064	256	ok
PROBE-TSV	1	tar	payload	immediate	rename_same_length	plan_validation	1	0.127	0	0	269496320	1064	256	ok
PROBE-TSV	1	tar	payload	immediate	rename_same_length	publish	1	0.674	0	0	269496320	1064	256	ok
PROBE-TSV	1	tar	payload	immediate	rename_same_length	reader_adoption	1	0.002	0	0	269496320	1064	256	ok
PROBE-TSV	1	tar	payload	immediate	rename_same_length	reload	1	2.388	0	0	269496320	1064	256	ok
PROBE-TSV	1	tar	payload	immediate	rename_same_length	total	1	50.083	4612096	40960	269496320	1064	256	ok
PROBE-TSV	1	tar	payload	immediate	rename_same_length	tree_build	1	0.571	0	0	269496320	1064	256	ok
PROBE-TSV	1	tar	payload	immediate	rename_same_length	updater_open	1	14.257	2306048	0	269496320	1064	256	ok
PROBE-TSV	1	tar	payload	immediate	rename_same_length	verification_open	1	11.456	2277376	0	269496320	1064	256	ok
PROBE-PROGRESS	tar	payload	rename_different_length	4	2	0.862	12.957
PROBE-TSV	1	tar	payload	immediate	rename_different_length	capability_probe	1	2.020	0	0	269496320	1064	256	ok
PROBE-TSV	1	tar	payload	immediate	rename_different_length	commit	1	0.951	28672	28672	269496320	1064	256	ok
PROBE-TSV	1	tar	payload	immediate	rename_different_length	display	1	1.194	0	0	269496320	1064	256	ok
PROBE-TSV	1	tar	payload	immediate	rename_different_length	entry_comparison	1	0.637	0	0	269496320	1064	256	ok
PROBE-TSV	1	tar	payload	immediate	rename_different_length	filter_compute	1	0.000	0	0	269496320	1064	256	ok
PROBE-TSV	1	tar	payload	immediate	rename_different_length	mutate	1	0.650	0	0	269496320	1064	256	ok
PROBE-TSV	1	tar	payload	immediate	rename_different_length	name_index_advance	1	0.122	0	0	269496320	1064	256	ok
PROBE-TSV	1	tar	payload	immediate	rename_different_length	name_index_build	1	1.409	0	0	269496320	1064	256	ok
PROBE-TSV	1	tar	payload	immediate	rename_different_length	password_verification	1	0.024	0	0	269496320	1064	256	ok
PROBE-TSV	1	tar	payload	immediate	rename_different_length	plan_build	1	0.018	0	0	269496320	1064	256	ok
PROBE-TSV	1	tar	payload	immediate	rename_different_length	plan_validation	1	0.112	0	0	269496320	1064	256	ok
PROBE-TSV	1	tar	payload	immediate	rename_different_length	publish	1	0.625	0	0	269496320	1064	256	ok
PROBE-TSV	1	tar	payload	immediate	rename_different_length	reader_adoption	1	0.002	0	0	269496320	1064	256	ok
PROBE-TSV	1	tar	payload	immediate	rename_different_length	reload	1	2.343	0	0	269496320	1064	256	ok
PROBE-TSV	1	tar	payload	immediate	rename_different_length	total	1	37.674	4612096	40960	269496320	1064	256	ok
PROBE-TSV	1	tar	payload	immediate	rename_different_length	tree_build	1	0.563	0	0	269496320	1064	256	ok
PROBE-TSV	1	tar	payload	immediate	rename_different_length	updater_open	1	14.911	2306048	0	269496320	1064	256	ok
PROBE-TSV	1	tar	payload	immediate	rename_different_length	verification_open	1	11.323	2277376	0	269496320	1064	256	ok
PROBE-PROGRESS	tar	payload	rename_folder	4	2	10.879	7.378
PROBE-TSV	1	tar	payload	immediate	rename_folder	capability_probe	1	2.051	0	0	269496320	1064	256	ok
PROBE-TSV	1	tar	payload	immediate	rename_folder	commit	1	11.218	1060864	1060864	269496320	1064	256	ok
PROBE-TSV	1	tar	payload	immediate	rename_folder	display	1	1.268	0	0	269496320	1064	256	ok
PROBE-TSV	1	tar	payload	immediate	rename_folder	entry_comparison	1	0.633	0	0	269496320	1064	256	ok
PROBE-TSV	1	tar	payload	immediate	rename_folder	filter_compute	1	0.000	0	0	269496320	1064	256	ok
PROBE-TSV	1	tar	payload	immediate	rename_folder	mutate	1	0.938	0	0	269496320	1064	256	ok
PROBE-TSV	1	tar	payload	immediate	rename_folder	name_index_advance	1	0.369	0	0	269496320	1064	256	ok
PROBE-TSV	1	tar	payload	immediate	rename_folder	name_index_build	1	1.425	0	0	269496320	1064	256	ok
PROBE-TSV	1	tar	payload	immediate	rename_folder	password_verification	1	0.025	0	0	269496320	1064	256	ok
PROBE-TSV	1	tar	payload	immediate	rename_folder	plan_build	1	0.320	0	0	269496320	1064	256	ok
PROBE-TSV	1	tar	payload	immediate	rename_folder	plan_validation	1	0.271	0	0	269496320	1064	256	ok
PROBE-TSV	1	tar	payload	immediate	rename_folder	publish	1	0.652	0	0	269496320	1064	256	ok
PROBE-TSV	1	tar	payload	immediate	rename_folder	reader_adoption	1	0.002	0	0	269496320	1064	256	ok
PROBE-TSV	1	tar	payload	immediate	rename_folder	reload	1	2.680	0	0	269496320	1064	256	ok
PROBE-TSV	1	tar	payload	immediate	rename_folder	total	1	43.361	4612096	1073152	269496320	1064	256	ok
PROBE-TSV	1	tar	payload	immediate	rename_folder	tree_build	1	0.752	0	0	269496320	1064	256	ok
PROBE-TSV	1	tar	payload	immediate	rename_folder	updater_open	1	15.111	2306048	0	269496320	1064	256	ok
PROBE-TSV	1	tar	payload	immediate	rename_folder	verification_open	1	5.640	1245184	0	269496320	1064	256	ok
PROBE-PROGRESS	tar	payload	new_folder	4	2	1.213	13.405
PROBE-TSV	1	tar	payload	immediate	new_folder	capability_probe	1	2.023	0	0	269496320	1064	256	ok
PROBE-TSV	1	tar	payload	immediate	new_folder	commit	1	0.469	16384	12288	269496320	1064	256	ok
PROBE-TSV	1	tar	payload	immediate	new_folder	display	1	1.299	0	0	269496320	1064	256	ok
PROBE-TSV	1	tar	payload	immediate	new_folder	entry_comparison	1	0.629	0	0	269496320	1064	256	ok
PROBE-TSV	1	tar	payload	immediate	new_folder	filter_compute	1	0.000	0	0	269496320	1064	256	ok
PROBE-TSV	1	tar	payload	immediate	new_folder	mutate	1	1.184	12288	0	269496320	1064	256	ok
PROBE-TSV	1	tar	payload	immediate	new_folder	name_index_advance	1	0.119	0	0	269496320	1064	256	ok
PROBE-TSV	1	tar	payload	immediate	new_folder	name_index_build	1	1.486	0	0	269496320	1064	256	ok
PROBE-TSV	1	tar	payload	immediate	new_folder	password_verification	1	0.029	0	0	269496320	1064	256	ok
PROBE-TSV	1	tar	payload	immediate	new_folder	plan_build	1	1.498	0	0	269496320	1064	256	ok
PROBE-TSV	1	tar	payload	immediate	new_folder	plan_validation	1	0.146	0	0	269496320	1064	256	ok
PROBE-TSV	1	tar	payload	immediate	new_folder	publish	1	0.733	0	0	269496320	1064	256	ok
PROBE-TSV	1	tar	payload	immediate	new_folder	reader_adoption	1	0.002	0	0	269496320	1064	256	ok
PROBE-TSV	1	tar	payload	immediate	new_folder	reload	1	2.338	0	0	269496320	1064	256	ok
PROBE-TSV	1	tar	payload	immediate	new_folder	total	1	38.386	4612096	24576	269496320	1064	256	ok
PROBE-TSV	1	tar	payload	immediate	new_folder	tree_build	1	0.575	0	0	269496320	1064	256	ok
PROBE-TSV	1	tar	payload	immediate	new_folder	updater_open	1	15.300	2306048	0	269496320	1064	256	ok
PROBE-TSV	1	tar	payload	immediate	new_folder	verification_open	1	11.636	2277376	0	269496320	1064	256	ok
PROBE-PROGRESS	tar	payload	add_file	6	3	0.976	13.187
PROBE-TSV	1	tar	payload	immediate	add_file	capability_probe	1	2.049	0	0	269496320	1064	256	ok
PROBE-TSV	1	tar	payload	immediate	add_file	commit	1	0.397	16384	12288	269496320	1064	256	ok
PROBE-TSV	1	tar	payload	immediate	add_file	display	1	1.250	0	0	269496320	1064	256	ok
PROBE-TSV	1	tar	payload	immediate	add_file	entry_comparison	1	0.658	0	0	269496320	1064	256	ok
PROBE-TSV	1	tar	payload	immediate	add_file	filter_compute	1	0.000	0	0	269496320	1064	256	ok
PROBE-TSV	1	tar	payload	immediate	add_file	mutate	1	1.167	12288	0	269496320	1064	256	ok
PROBE-TSV	1	tar	payload	immediate	add_file	name_index_advance	1	0.124	0	0	269496320	1064	256	ok
PROBE-TSV	1	tar	payload	immediate	add_file	name_index_build	1	1.461	0	0	269496320	1064	256	ok
PROBE-TSV	1	tar	payload	immediate	add_file	password_verification	1	0.027	0	0	269496320	1064	256	ok
PROBE-TSV	1	tar	payload	immediate	add_file	plan_build	3	0.041	0	0	269496320	1064	256	ok
PROBE-TSV	1	tar	payload	immediate	add_file	plan_validation	1	0.098	0	0	269496320	1064	256	ok
PROBE-TSV	1	tar	payload	immediate	add_file	publish	1	0.666	0	0	269496320	1064	256	ok
PROBE-TSV	1	tar	payload	immediate	add_file	reader_adoption	1	0.001	0	0	269496320	1064	256	ok
PROBE-TSV	1	tar	payload	immediate	add_file	reload	1	2.388	0	0	269496320	1064	256	ok
PROBE-TSV	1	tar	payload	immediate	add_file	total	1	37.976	4612096	24576	269496320	1064	256	ok
PROBE-TSV	1	tar	payload	immediate	add_file	tree_build	1	0.581	0	0	269496320	1064	256	ok
PROBE-TSV	1	tar	payload	immediate	add_file	updater_open	1	15.040	2306048	0	269496320	1064	256	ok
PROBE-TSV	1	tar	payload	immediate	add_file	verification_open	1	11.517	2277376	0	269496320	1064	256	ok
PROBE-PROGRESS	tar	payload	replace_file	132	129	5.229	7.295
PROBE-TSV	1	tar	payload	immediate	replace_file	capability_probe	1	1.974	0	0	265308160	1064	256	ok
PROBE-TSV	1	tar	payload	immediate	replace_file	commit	1	123.228	263028736	265338880	265308160	1064	256	ok
PROBE-TSV	1	tar	payload	immediate	replace_file	display	1	1.316	0	0	265308160	1064	256	ok
PROBE-TSV	1	tar	payload	immediate	replace_file	entry_comparison	1	0.648	0	0	265308160	1064	256	ok
PROBE-TSV	1	tar	payload	immediate	replace_file	filter_compute	1	0.000	0	0	265308160	1064	256	ok
PROBE-TSV	1	tar	payload	immediate	replace_file	mutate	1	1.761	16384	0	265308160	1064	256	ok
PROBE-TSV	1	tar	payload	immediate	replace_file	name_index_advance	1	0.131	0	0	265308160	1064	256	ok
PROBE-TSV	1	tar	payload	immediate	replace_file	name_index_build	1	1.543	0	0	265308160	1064	256	ok
PROBE-TSV	1	tar	payload	immediate	replace_file	password_verification	1	0.029	0	0	265308160	1064	256	ok
PROBE-TSV	1	tar	payload	immediate	replace_file	plan_build	4	0.082	0	0	265308160	1064	256	ok
PROBE-TSV	1	tar	payload	immediate	replace_file	plan_validation	1	0.109	0	0	265308160	1064	256	ok
PROBE-TSV	1	tar	payload	immediate	replace_file	publish	1	0.646	0	0	265308160	1064	256	ok
PROBE-TSV	1	tar	payload	immediate	replace_file	reader_adoption	1	0.002	0	0	265308160	1064	256	ok
PROBE-TSV	1	tar	payload	immediate	replace_file	reload	1	2.356	0	0	265308160	1064	256	ok
PROBE-TSV	1	tar	payload	immediate	replace_file	total	1	155.654	265351168	265351168	265308160	1064	256	ok
PROBE-TSV	1	tar	payload	immediate	replace_file	tree_build	1	0.558	0	0	265308160	1064	256	ok
PROBE-TSV	1	tar	payload	immediate	replace_file	updater_open	1	15.028	2306048	0	265308160	1064	256	ok
PROBE-TSV	1	tar	payload	immediate	replace_file	verification_open	1	3.841	0	0	265308160	1064	256	ok
PROBE-TSV	1	tar	payload	deferred	five_changes_reserve_rename	display	1	1.099	0	0	269496320	1064	256	ok
PROBE-TSV	1	tar	payload	deferred	five_changes_reserve_rename	filter_compute	1	0.000	0	0	269496320	1064	256	ok
PROBE-TSV	1	tar	payload	deferred	five_changes_reserve_rename	password_verification	1	0.029	0	0	269496320	1064	256	ok
PROBE-TSV	1	tar	payload	deferred	five_changes_reserve_rename	total	1	6.522	0	0	269496320	1064	256	ok
PROBE-TSV	1	tar	payload	deferred	five_changes_reserve_rename	tree_build	1	0.567	0	0	269496320	1064	256	ok
PROBE-TSV	1	tar	payload	deferred	five_changes_reserve_delete	display	1	1.047	0	0	269496320	1064	256	ok
PROBE-TSV	1	tar	payload	deferred	five_changes_reserve_delete	filter_compute	1	0.000	0	0	269496320	1064	256	ok
PROBE-TSV	1	tar	payload	deferred	five_changes_reserve_delete	password_verification	1	0.034	0	0	269496320	1064	256	ok
PROBE-TSV	1	tar	payload	deferred	five_changes_reserve_delete	total	1	30.705	0	0	269496320	1064	256	ok
PROBE-TSV	1	tar	payload	deferred	five_changes_reserve_delete	tree_build	1	0.632	0	0	269496320	1064	256	ok
PROBE-TSV	1	tar	payload	deferred	five_changes_reserve_new_folder	display	1	0.988	0	0	269496320	1064	256	ok
PROBE-TSV	1	tar	payload	deferred	five_changes_reserve_new_folder	filter_compute	1	0.000	0	0	269496320	1064	256	ok
PROBE-TSV	1	tar	payload	deferred	five_changes_reserve_new_folder	password_verification	1	0.025	0	0	269496320	1064	256	ok
PROBE-TSV	1	tar	payload	deferred	five_changes_reserve_new_folder	total	1	20.572	0	0	269496320	1064	256	ok
PROBE-TSV	1	tar	payload	deferred	five_changes_reserve_new_folder	tree_build	1	0.548	0	0	269496320	1064	256	ok
PROBE-TSV	1	tar	payload	deferred	five_changes_reserve_delete_folder	display	1	1.278	0	0	269496320	1064	256	ok
PROBE-TSV	1	tar	payload	deferred	five_changes_reserve_delete_folder	filter_compute	1	0.000	0	0	269496320	1064	256	ok
PROBE-TSV	1	tar	payload	deferred	five_changes_reserve_delete_folder	password_verification	1	0.029	0	0	269496320	1064	256	ok
PROBE-TSV	1	tar	payload	deferred	five_changes_reserve_delete_folder	total	1	21.350	0	0	269496320	1064	256	ok
PROBE-TSV	1	tar	payload	deferred	five_changes_reserve_delete_folder	tree_build	1	0.053	0	0	269496320	1064	256	ok
PROBE-TSV	1	tar	payload	deferred	five_changes_reserve_add	display	1	1.071	0	0	269496320	1064	256	ok
PROBE-TSV	1	tar	payload	deferred	five_changes_reserve_add	filter_compute	1	0.000	0	0	269496320	1064	256	ok
PROBE-TSV	1	tar	payload	deferred	five_changes_reserve_add	password_verification	1	0.034	0	0	269496320	1064	256	ok
PROBE-TSV	1	tar	payload	deferred	five_changes_reserve_add	plan_build	3	0.058	0	0	269496320	1064	256	ok
PROBE-TSV	1	tar	payload	deferred	five_changes_reserve_add	total	1	19.753	0	4096	269496320	1064	256	ok
PROBE-TSV	1	tar	payload	deferred	five_changes_reserve_add	tree_build	1	0.051	0	0	269496320	1064	256	ok
PROBE-TSV	1	tar	payload	deferred	save_five_changes	capability_probe	1	0.275	0	0	268472320	1064	256	ok
PROBE-TSV	1	tar	payload	deferred	save_five_changes	commit	1	0.436	16384	4096	268472320	1064	256	ok
PROBE-TSV	1	tar	payload	deferred	save_five_changes	display	1	1.523	0	0	268472320	1064	256	ok
PROBE-TSV	1	tar	payload	deferred	save_five_changes	editing_install	1	0.004	0	0	268472320	1064	256	ok
PROBE-TSV	1	tar	payload	deferred	save_five_changes	editing_prepare	1	0.050	0	0	268472320	1064	256	ok
PROBE-TSV	1	tar	payload	deferred	save_five_changes	entry_comparison	1	0.054	0	0	268472320	1064	256	ok
PROBE-TSV	1	tar	payload	deferred	save_five_changes	filter_compute	2	0.000	0	0	268472320	1064	256	ok
PROBE-TSV	1	tar	payload	deferred	save_five_changes	name_index_advance	1	0.914	0	0	268472320	1064	256	ok
PROBE-TSV	1	tar	payload	deferred	save_five_changes	password_verification	1	0.025	0	0	268472320	1064	256	ok
PROBE-TSV	1	tar	payload	deferred	save_five_changes	publish	1	1.043	0	0	268472320	1064	256	ok
PROBE-TSV	1	tar	payload	deferred	save_five_changes	reader_adoption	1	0.002	0	0	268472320	1064	256	ok
PROBE-TSV	1	tar	payload	deferred	save_five_changes	reload	1	1.438	0	0	268472320	1064	256	ok
PROBE-TSV	1	tar	payload	deferred	save_five_changes	replay	1	2.385	20480	0	268472320	1064	256	ok
PROBE-TSV	1	tar	payload	deferred	save_five_changes	replay_plan	1	1.670	0	0	268472320	1064	256	ok
PROBE-TSV	1	tar	payload	deferred	save_five_changes	representability_differential	1	0.789	0	0	268472320	1064	256	ok
PROBE-TSV	1	tar	payload	deferred	save_five_changes	save_sheet	1	44.063	3604480	28672	268472320	1064	256	ok
PROBE-TSV	1	tar	payload	deferred	save_five_changes	total	1	44.280	3604480	28672	268472320	1064	256	ok
PROBE-TSV	1	tar	payload	deferred	save_five_changes	tree_build	1	0.042	0	0	268472320	1064	256	ok
PROBE-TSV	1	tar	payload	deferred	save_five_changes	updater_open	1	14.983	2306048	0	268472320	1064	256	ok
PROBE-TSV	1	tar	payload	deferred	save_five_changes	verification_open	1	7.641	1261568	0	268472320	1064	256	ok
PROBE-TSV	1	tar	payload	deferred	rename_only_reserve_rename	display	1	1.224	0	0	269496320	1064	256	ok
PROBE-TSV	1	tar	payload	deferred	rename_only_reserve_rename	filter_compute	1	0.000	0	0	269496320	1064	256	ok
PROBE-TSV	1	tar	payload	deferred	rename_only_reserve_rename	password_verification	1	0.035	0	0	269496320	1064	256	ok
PROBE-TSV	1	tar	payload	deferred	rename_only_reserve_rename	total	1	6.404	0	0	269496320	1064	256	ok
PROBE-TSV	1	tar	payload	deferred	rename_only_reserve_rename	tree_build	1	0.591	0	0	269496320	1064	256	ok
PROBE-TSV	1	tar	payload	deferred	save_rename_only	capability_probe	1	2.249	0	0	269496320	1064	256	ok
PROBE-TSV	1	tar	payload	deferred	save_rename_only	commit	1	1.066	28672	28672	269496320	1064	256	ok
PROBE-TSV	1	tar	payload	deferred	save_rename_only	display	1	1.224	0	0	269496320	1064	256	ok
PROBE-TSV	1	tar	payload	deferred	save_rename_only	editing_install	1	0.005	0	0	269496320	1064	256	ok
PROBE-TSV	1	tar	payload	deferred	save_rename_only	editing_prepare	1	0.254	0	0	269496320	1064	256	ok
PROBE-TSV	1	tar	payload	deferred	save_rename_only	entry_comparison	1	0.609	0	0	269496320	1064	256	ok
PROBE-TSV	1	tar	payload	deferred	save_rename_only	filter_compute	2	0.001	0	0	269496320	1064	256	ok
PROBE-TSV	1	tar	payload	deferred	save_rename_only	name_index_advance	1	0.132	0	0	269496320	1064	256	ok
PROBE-TSV	1	tar	payload	deferred	save_rename_only	password_verification	1	0.031	0	0	269496320	1064	256	ok
PROBE-TSV	1	tar	payload	deferred	save_rename_only	publish	1	0.314	0	0	269496320	1064	256	ok
PROBE-TSV	1	tar	payload	deferred	save_rename_only	reader_adoption	1	0.003	0	0	269496320	1064	256	ok
PROBE-TSV	1	tar	payload	deferred	save_rename_only	reload	1	2.694	0	0	269496320	1064	256	ok
PROBE-TSV	1	tar	payload	deferred	save_rename_only	replay	1	0.612	0	0	269496320	1064	256	ok
PROBE-TSV	1	tar	payload	deferred	save_rename_only	replay_plan	1	0.230	0	0	269496320	1064	256	ok
PROBE-TSV	1	tar	payload	deferred	save_rename_only	representability_differential	1	0.017	0	0	269496320	1064	256	ok
PROBE-TSV	1	tar	payload	deferred	save_rename_only	save_sheet	1	76.445	4612096	40960	269496320	1064	256	ok
PROBE-TSV	1	tar	payload	deferred	save_rename_only	total	1	76.945	4612096	40960	269496320	1064	256	ok
PROBE-TSV	1	tar	payload	deferred	save_rename_only	tree_build	1	0.709	0	0	269496320	1064	256	ok
PROBE-TSV	1	tar	payload	deferred	save_rename_only	updater_open	1	15.296	2306048	0	269496320	1064	256	ok
PROBE-TSV	1	tar	payload	deferred	save_rename_only	verification_open	1	11.421	2277376	0	269496320	1064	256	ok
PROBE-PROGRESS	tar.gz	entries	delete_start	4	2	58.597	443.930
PROBE-TSV	1	tar.gz	entries	immediate	delete_start	capability_probe	1	175.267	0	0	1045400	100000	0	ok
PROBE-TSV	1	tar.gz	entries	immediate	delete_start	commit	1	8.956	0	1052672	1045400	100000	0	ok
PROBE-TSV	1	tar.gz	entries	immediate	delete_start	display	1	2.969	0	0	1045400	100000	0	ok
PROBE-TSV	1	tar.gz	entries	immediate	delete_start	entry_comparison	1	61.227	0	0	1045400	100000	0	ok
PROBE-TSV	1	tar.gz	entries	immediate	delete_start	filter_compute	1	0.000	0	0	1045400	100000	0	ok
PROBE-TSV	1	tar.gz	entries	immediate	delete_start	mutate	1	58.540	0	0	1045400	100000	0	ok
PROBE-TSV	1	tar.gz	entries	immediate	delete_start	password_verification	1	0.178	0	0	1045400	100000	0	ok
PROBE-TSV	1	tar.gz	entries	immediate	delete_start	plan_build	1	0.013	0	0	1045400	100000	0	ok
PROBE-TSV	1	tar.gz	entries	immediate	delete_start	plan_validation	1	9.161	0	0	1045400	100000	0	ok
PROBE-TSV	1	tar.gz	entries	immediate	delete_start	publish	1	0.831	0	0	1045400	100000	0	ok
PROBE-TSV	1	tar.gz	entries	immediate	delete_start	reader_adoption	1	0.002	0	0	1045400	100000	0	ok
PROBE-TSV	1	tar.gz	entries	immediate	delete_start	reload	1	175.648	0	0	1045400	100000	0	ok
PROBE-TSV	1	tar.gz	entries	immediate	delete_start	total	1	1021.545	0	1064960	1045400	100000	0	ok
PROBE-TSV	1	tar.gz	entries	immediate	delete_start	tree_build	1	60.058	0	0	1045400	100000	0	ok
PROBE-TSV	1	tar.gz	entries	immediate	delete_start	updater_open	1	245.010	0	0	1045400	100000	0	ok
PROBE-TSV	1	tar.gz	entries	immediate	delete_start	verification_open	1	376.600	0	0	1045400	100000	0	ok
PROBE-PROGRESS	tar.gz	entries	delete_end	4	2	60.343	440.349
PROBE-TSV	1	tar.gz	entries	immediate	delete_end	capability_probe	1	176.127	0	0	1045401	100000	0	ok
PROBE-TSV	1	tar.gz	entries	immediate	delete_end	commit	1	8.146	0	1052672	1045401	100000	0	ok
PROBE-TSV	1	tar.gz	entries	immediate	delete_end	display	1	2.931	0	0	1045401	100000	0	ok
PROBE-TSV	1	tar.gz	entries	immediate	delete_end	entry_comparison	1	60.892	0	0	1045401	100000	0	ok
PROBE-TSV	1	tar.gz	entries	immediate	delete_end	filter_compute	1	0.000	0	0	1045401	100000	0	ok
PROBE-TSV	1	tar.gz	entries	immediate	delete_end	mutate	1	60.300	0	0	1045401	100000	0	ok
PROBE-TSV	1	tar.gz	entries	immediate	delete_end	password_verification	1	0.192	0	0	1045401	100000	0	ok
PROBE-TSV	1	tar.gz	entries	immediate	delete_end	plan_build	1	0.016	0	0	1045401	100000	0	ok
PROBE-TSV	1	tar.gz	entries	immediate	delete_end	plan_validation	1	10.369	0	0	1045401	100000	0	ok
PROBE-TSV	1	tar.gz	entries	immediate	delete_end	publish	1	0.814	0	0	1045401	100000	0	ok
PROBE-TSV	1	tar.gz	entries	immediate	delete_end	reader_adoption	1	0.002	0	0	1045401	100000	0	ok
PROBE-TSV	1	tar.gz	entries	immediate	delete_end	reload	1	176.524	0	0	1045401	100000	0	ok
PROBE-TSV	1	tar.gz	entries	immediate	delete_end	total	1	1021.408	0	1064960	1045401	100000	0	ok
PROBE-TSV	1	tar.gz	entries	immediate	delete_end	tree_build	1	59.443	0	0	1045401	100000	0	ok
PROBE-TSV	1	tar.gz	entries	immediate	delete_end	updater_open	1	246.552	0	0	1045401	100000	0	ok
PROBE-TSV	1	tar.gz	entries	immediate	delete_end	verification_open	1	372.052	0	0	1045401	100000	0	ok
PROBE-PROGRESS	tar.gz	entries	rename_same_length	4	2	57.795	444.709
PROBE-TSV	1	tar.gz	entries	immediate	rename_same_length	capability_probe	1	172.833	0	0	1045431	100000	0	ok
PROBE-TSV	1	tar.gz	entries	immediate	rename_same_length	commit	1	9.889	0	1060864	1045431	100000	0	ok
PROBE-TSV	1	tar.gz	entries	immediate	rename_same_length	display	1	2.901	0	0	1045431	100000	0	ok
PROBE-TSV	1	tar.gz	entries	immediate	rename_same_length	entry_comparison	1	63.075	0	0	1045431	100000	0	ok
PROBE-TSV	1	tar.gz	entries	immediate	rename_same_length	filter_compute	1	0.000	0	0	1045431	100000	0	ok
PROBE-TSV	1	tar.gz	entries	immediate	rename_same_length	mutate	1	57.753	0	0	1045431	100000	0	ok
PROBE-TSV	1	tar.gz	entries	immediate	rename_same_length	name_index_advance	1	12.555	0	0	1045431	100000	0	ok
PROBE-TSV	1	tar.gz	entries	immediate	rename_same_length	name_index_build	1	141.933	0	0	1045431	100000	0	ok
PROBE-TSV	1	tar.gz	entries	immediate	rename_same_length	password_verification	1	0.209	0	0	1045431	100000	0	ok
PROBE-TSV	1	tar.gz	entries	immediate	rename_same_length	plan_build	1	0.024	0	0	1045431	100000	0	ok
PROBE-TSV	1	tar.gz	entries	immediate	rename_same_length	plan_validation	1	8.067	0	0	1045431	100000	0	ok
PROBE-TSV	1	tar.gz	entries	immediate	rename_same_length	publish	1	0.800	0	0	1045431	100000	0	ok
PROBE-TSV	1	tar.gz	entries	immediate	rename_same_length	reader_adoption	1	0.002	0	0	1045431	100000	0	ok
PROBE-TSV	1	tar.gz	entries	immediate	rename_same_length	reload	1	186.064	0	0	1045431	100000	0	ok
PROBE-TSV	1	tar.gz	entries	immediate	rename_same_length	total	1	1178.027	0	1073152	1045431	100000	0	ok
PROBE-TSV	1	tar.gz	entries	immediate	rename_same_length	tree_build	1	61.258	0	0	1045431	100000	0	ok
PROBE-TSV	1	tar.gz	entries	immediate	rename_same_length	updater_open	1	246.393	0	0	1045431	100000	0	ok
PROBE-TSV	1	tar.gz	entries	immediate	rename_same_length	verification_open	1	374.247	0	0	1045431	100000	0	ok
PROBE-PROGRESS	tar.gz	entries	rename_different_length	4	2	58.508	443.026
PROBE-TSV	1	tar.gz	entries	immediate	rename_different_length	capability_probe	1	174.710	0	0	1045473	100000	0	ok
PROBE-TSV	1	tar.gz	entries	immediate	rename_different_length	commit	1	11.293	0	1060864	1045473	100000	0	ok
PROBE-TSV	1	tar.gz	entries	immediate	rename_different_length	display	1	2.902	0	0	1045473	100000	0	ok
PROBE-TSV	1	tar.gz	entries	immediate	rename_different_length	entry_comparison	1	61.285	0	0	1045473	100000	0	ok
PROBE-TSV	1	tar.gz	entries	immediate	rename_different_length	filter_compute	1	0.000	0	0	1045473	100000	0	ok
PROBE-TSV	1	tar.gz	entries	immediate	rename_different_length	mutate	1	58.462	0	0	1045473	100000	0	ok
PROBE-TSV	1	tar.gz	entries	immediate	rename_different_length	name_index_advance	1	12.453	0	0	1045473	100000	0	ok
PROBE-TSV	1	tar.gz	entries	immediate	rename_different_length	name_index_build	1	139.257	0	0	1045473	100000	0	ok
PROBE-TSV	1	tar.gz	entries	immediate	rename_different_length	password_verification	1	0.212	0	0	1045473	100000	0	ok
PROBE-TSV	1	tar.gz	entries	immediate	rename_different_length	plan_build	1	0.030	0	0	1045473	100000	0	ok
PROBE-TSV	1	tar.gz	entries	immediate	rename_different_length	plan_validation	1	8.183	0	0	1045473	100000	0	ok
PROBE-TSV	1	tar.gz	entries	immediate	rename_different_length	publish	1	0.909	0	0	1045473	100000	0	ok
PROBE-TSV	1	tar.gz	entries	immediate	rename_different_length	reader_adoption	1	0.002	0	0	1045473	100000	0	ok
PROBE-TSV	1	tar.gz	entries	immediate	rename_different_length	reload	1	187.879	0	0	1045473	100000	0	ok
PROBE-TSV	1	tar.gz	entries	immediate	rename_different_length	total	1	1176.883	0	1073152	1045473	100000	0	ok
PROBE-TSV	1	tar.gz	entries	immediate	rename_different_length	tree_build	1	60.089	0	0	1045473	100000	0	ok
PROBE-TSV	1	tar.gz	entries	immediate	rename_different_length	updater_open	1	245.852	0	0	1045473	100000	0	ok
PROBE-TSV	1	tar.gz	entries	immediate	rename_different_length	verification_open	1	375.149	0	0	1045473	100000	0	ok
PROBE-PROGRESS	tar.gz	entries	rename_folder	4	2	64.341	445.263
PROBE-TSV	1	tar.gz	entries	immediate	rename_folder	capability_probe	1	176.083	0	0	1045444	100000	0	ok
PROBE-TSV	1	tar.gz	entries	immediate	rename_folder	commit	1	22.156	0	1572864	1045444	100000	0	ok
PROBE-TSV	1	tar.gz	entries	immediate	rename_folder	display	1	2.847	0	0	1045444	100000	0	ok
PROBE-TSV	1	tar.gz	entries	immediate	rename_folder	entry_comparison	1	62.609	0	0	1045444	100000	0	ok
PROBE-TSV	1	tar.gz	entries	immediate	rename_folder	filter_compute	1	0.000	0	0	1045444	100000	0	ok
PROBE-TSV	1	tar.gz	entries	immediate	rename_folder	mutate	1	64.297	0	0	1045444	100000	0	ok
PROBE-TSV	1	tar.gz	entries	immediate	rename_folder	name_index_advance	1	17.128	0	0	1045444	100000	0	ok
PROBE-TSV	1	tar.gz	entries	immediate	rename_folder	name_index_build	1	138.660	0	0	1045444	100000	0	ok
PROBE-TSV	1	tar.gz	entries	immediate	rename_folder	password_verification	1	0.208	0	0	1045444	100000	0	ok
PROBE-TSV	1	tar.gz	entries	immediate	rename_folder	plan_build	1	5.691	0	0	1045444	100000	0	ok
PROBE-TSV	1	tar.gz	entries	immediate	rename_folder	plan_validation	1	11.153	0	0	1045444	100000	0	ok
PROBE-TSV	1	tar.gz	entries	immediate	rename_folder	publish	1	0.829	0	0	1045444	100000	0	ok
PROBE-TSV	1	tar.gz	entries	immediate	rename_folder	reader_adoption	1	0.002	0	0	1045444	100000	0	ok
PROBE-TSV	1	tar.gz	entries	immediate	rename_folder	reload	1	193.876	0	0	1045444	100000	0	ok
PROBE-TSV	1	tar.gz	entries	immediate	rename_folder	total	1	1208.335	0	1585152	1045444	100000	0	ok
PROBE-TSV	1	tar.gz	entries	immediate	rename_folder	tree_build	1	59.832	0	0	1045444	100000	0	ok
PROBE-TSV	1	tar.gz	entries	immediate	rename_folder	updater_open	1	245.691	0	0	1045444	100000	0	ok
PROBE-TSV	1	tar.gz	entries	immediate	rename_folder	verification_open	1	375.974	0	0	1045444	100000	0	ok
PROBE-PROGRESS	tar.gz	entries	new_folder	4	2	62.797	440.235
PROBE-TSV	1	tar.gz	entries	immediate	new_folder	capability_probe	1	176.508	0	0	1045475	100000	0	ok
PROBE-TSV	1	tar.gz	entries	immediate	new_folder	commit	1	7.489	0	1060864	1045475	100000	0	ok
PROBE-TSV	1	tar.gz	entries	immediate	new_folder	display	1	3.018	0	0	1045475	100000	0	ok
PROBE-TSV	1	tar.gz	entries	immediate	new_folder	entry_comparison	1	61.268	0	0	1045475	100000	0	ok
PROBE-TSV	1	tar.gz	entries	immediate	new_folder	filter_compute	1	0.000	0	0	1045475	100000	0	ok
PROBE-TSV	1	tar.gz	entries	immediate	new_folder	mutate	1	62.757	0	0	1045475	100000	0	ok
PROBE-TSV	1	tar.gz	entries	immediate	new_folder	name_index_advance	1	11.872	0	0	1045475	100000	0	ok
PROBE-TSV	1	tar.gz	entries	immediate	new_folder	name_index_build	1	139.820	0	0	1045475	100000	0	ok
PROBE-TSV	1	tar.gz	entries	immediate	new_folder	password_verification	1	0.180	0	0	1045475	100000	0	ok
PROBE-TSV	1	tar.gz	entries	immediate	new_folder	plan_build	1	139.846	0	0	1045475	100000	0	ok
PROBE-TSV	1	tar.gz	entries	immediate	new_folder	plan_validation	1	8.518	0	0	1045475	100000	0	ok
PROBE-TSV	1	tar.gz	entries	immediate	new_folder	publish	1	0.825	0	0	1045475	100000	0	ok
PROBE-TSV	1	tar.gz	entries	immediate	new_folder	reader_adoption	1	0.004	0	0	1045475	100000	0	ok
PROBE-TSV	1	tar.gz	entries	immediate	new_folder	reload	1	189.113	0	0	1045475	100000	0	ok
PROBE-TSV	1	tar.gz	entries	immediate	new_folder	total	1	1182.929	0	1073152	1045475	100000	0	ok
PROBE-TSV	1	tar.gz	entries	immediate	new_folder	tree_build	1	63.093	0	0	1045475	100000	0	ok
PROBE-TSV	1	tar.gz	entries	immediate	new_folder	updater_open	1	245.888	0	0	1045475	100000	0	ok
PROBE-TSV	1	tar.gz	entries	immediate	new_folder	verification_open	1	372.929	0	0	1045475	100000	0	ok
PROBE-PROGRESS	tar.gz	entries	add_file	6	3	63.911	438.187
PROBE-TSV	1	tar.gz	entries	immediate	add_file	capability_probe	1	174.999	0	0	1045465	100000	0	ok
PROBE-TSV	1	tar.gz	entries	immediate	add_file	commit	1	6.442	0	1060864	1045465	100000	0	ok
PROBE-TSV	1	tar.gz	entries	immediate	add_file	display	1	3.034	0	0	1045465	100000	0	ok
PROBE-TSV	1	tar.gz	entries	immediate	add_file	entry_comparison	1	60.490	0	0	1045465	100000	0	ok
PROBE-TSV	1	tar.gz	entries	immediate	add_file	filter_compute	1	0.000	0	0	1045465	100000	0	ok
PROBE-TSV	1	tar.gz	entries	immediate	add_file	mutate	1	63.993	0	0	1045465	100000	0	ok
PROBE-TSV	1	tar.gz	entries	immediate	add_file	name_index_advance	1	12.025	0	0	1045465	100000	0	ok
PROBE-TSV	1	tar.gz	entries	immediate	add_file	name_index_build	1	137.192	0	0	1045465	100000	0	ok
PROBE-TSV	1	tar.gz	entries	immediate	add_file	password_verification	1	0.215	0	0	1045465	100000	0	ok
PROBE-TSV	1	tar.gz	entries	immediate	add_file	plan_build	3	0.073	0	0	1045465	100000	0	ok
PROBE-TSV	1	tar.gz	entries	immediate	add_file	plan_validation	1	8.948	0	0	1045465	100000	0	ok
PROBE-TSV	1	tar.gz	entries	immediate	add_file	publish	1	0.846	0	0	1045465	100000	0	ok
PROBE-TSV	1	tar.gz	entries	immediate	add_file	reader_adoption	1	0.002	0	0	1045465	100000	0	ok
PROBE-TSV	1	tar.gz	entries	immediate	add_file	reload	1	187.719	0	0	1045465	100000	0	ok
PROBE-TSV	1	tar.gz	entries	immediate	add_file	total	1	1171.637	0	1073152	1045465	100000	0	ok
PROBE-TSV	1	tar.gz	entries	immediate	add_file	tree_build	1	59.030	0	0	1045465	100000	0	ok
PROBE-TSV	1	tar.gz	entries	immediate	add_file	updater_open	1	247.720	0	0	1045465	100000	0	ok
PROBE-TSV	1	tar.gz	entries	immediate	add_file	verification_open	1	371.912	0	0	1045465	100000	0	ok
PROBE-PROGRESS	tar.gz	entries	replace_file	6	3	113.620	443.338
PROBE-TSV	1	tar.gz	entries	immediate	replace_file	capability_probe	1	176.053	0	0	1045456	100000	0	ok
PROBE-TSV	1	tar.gz	entries	immediate	replace_file	commit	1	9.089	0	1060864	1045456	100000	0	ok
PROBE-TSV	1	tar.gz	entries	immediate	replace_file	display	1	3.004	0	0	1045456	100000	0	ok
PROBE-TSV	1	tar.gz	entries	immediate	replace_file	entry_comparison	1	62.164	0	0	1045456	100000	0	ok
PROBE-TSV	1	tar.gz	entries	immediate	replace_file	filter_compute	1	0.000	0	0	1045456	100000	0	ok
PROBE-TSV	1	tar.gz	entries	immediate	replace_file	mutate	1	113.698	0	0	1045456	100000	0	ok
PROBE-TSV	1	tar.gz	entries	immediate	replace_file	name_index_advance	1	13.032	0	0	1045456	100000	0	ok
PROBE-TSV	1	tar.gz	entries	immediate	replace_file	name_index_build	1	142.236	0	0	1045456	100000	0	ok
PROBE-TSV	1	tar.gz	entries	immediate	replace_file	password_verification	1	0.197	0	0	1045456	100000	0	ok
PROBE-TSV	1	tar.gz	entries	immediate	replace_file	plan_build	4	2.501	0	0	1045456	100000	0	ok
PROBE-TSV	1	tar.gz	entries	immediate	replace_file	plan_validation	1	9.459	0	0	1045456	100000	0	ok
PROBE-TSV	1	tar.gz	entries	immediate	replace_file	publish	1	0.907	0	0	1045456	100000	0	ok
PROBE-TSV	1	tar.gz	entries	immediate	replace_file	reader_adoption	1	0.003	0	0	1045456	100000	0	ok
PROBE-TSV	1	tar.gz	entries	immediate	replace_file	reload	1	189.986	0	0	1045456	100000	0	ok
PROBE-TSV	1	tar.gz	entries	immediate	replace_file	total	1	1238.862	4096	1073152	1045456	100000	0	ok
PROBE-TSV	1	tar.gz	entries	immediate	replace_file	tree_build	1	60.877	4096	0	1045456	100000	0	ok
PROBE-TSV	1	tar.gz	entries	immediate	replace_file	updater_open	1	244.999	0	0	1045456	100000	0	ok
PROBE-TSV	1	tar.gz	entries	immediate	replace_file	verification_open	1	374.557	0	0	1045456	100000	0	ok
PROBE-TSV	1	tar.gz	entries	deferred	five_changes_reserve_rename	display	1	2.953	0	0	1045427	100000	0	ok
PROBE-TSV	1	tar.gz	entries	deferred	five_changes_reserve_rename	filter_compute	1	0.001	0	0	1045427	100000	0	ok
PROBE-TSV	1	tar.gz	entries	deferred	five_changes_reserve_rename	password_verification	1	0.564	0	0	1045427	100000	0	ok
PROBE-TSV	1	tar.gz	entries	deferred	five_changes_reserve_rename	total	1	150.759	0	0	1045427	100000	0	ok
PROBE-TSV	1	tar.gz	entries	deferred	five_changes_reserve_rename	tree_build	1	68.208	0	0	1045427	100000	0	ok
PROBE-TSV	1	tar.gz	entries	deferred	five_changes_reserve_delete	display	1	2.790	0	0	1045427	100000	0	ok
PROBE-TSV	1	tar.gz	entries	deferred	five_changes_reserve_delete	filter_compute	1	0.001	0	0	1045427	100000	0	ok
PROBE-TSV	1	tar.gz	entries	deferred	five_changes_reserve_delete	password_verification	1	0.559	0	0	1045427	100000	0	ok
PROBE-TSV	1	tar.gz	entries	deferred	five_changes_reserve_delete	total	1	154.203	0	0	1045427	100000	0	ok
PROBE-TSV	1	tar.gz	entries	deferred	five_changes_reserve_delete	tree_build	1	65.688	0	0	1045427	100000	0	ok
PROBE-TSV	1	tar.gz	entries	deferred	five_changes_reserve_new_folder	display	1	2.854	0	0	1045427	100000	0	ok
PROBE-TSV	1	tar.gz	entries	deferred	five_changes_reserve_new_folder	filter_compute	1	0.001	0	0	1045427	100000	0	ok
PROBE-TSV	1	tar.gz	entries	deferred	five_changes_reserve_new_folder	password_verification	1	0.597	0	0	1045427	100000	0	ok
PROBE-TSV	1	tar.gz	entries	deferred	five_changes_reserve_new_folder	total	1	146.668	0	0	1045427	100000	0	ok
PROBE-TSV	1	tar.gz	entries	deferred	five_changes_reserve_new_folder	tree_build	1	59.577	0	0	1045427	100000	0	ok
PROBE-TSV	1	tar.gz	entries	deferred	five_changes_reserve_delete_folder	display	1	3.039	0	0	1045427	100000	0	ok
PROBE-TSV	1	tar.gz	entries	deferred	five_changes_reserve_delete_folder	filter_compute	1	0.001	0	0	1045427	100000	0	ok
PROBE-TSV	1	tar.gz	entries	deferred	five_changes_reserve_delete_folder	password_verification	1	0.571	0	0	1045427	100000	0	ok
PROBE-TSV	1	tar.gz	entries	deferred	five_changes_reserve_delete_folder	total	1	157.483	0	0	1045427	100000	0	ok
PROBE-TSV	1	tar.gz	entries	deferred	five_changes_reserve_delete_folder	tree_build	1	64.888	0	0	1045427	100000	0	ok
PROBE-TSV	1	tar.gz	entries	deferred	five_changes_reserve_add	display	1	3.308	0	0	1045427	100000	0	ok
PROBE-TSV	1	tar.gz	entries	deferred	five_changes_reserve_add	filter_compute	1	0.001	0	0	1045427	100000	0	ok
PROBE-TSV	1	tar.gz	entries	deferred	five_changes_reserve_add	password_verification	1	0.573	0	0	1045427	100000	0	ok
PROBE-TSV	1	tar.gz	entries	deferred	five_changes_reserve_add	plan_build	3	0.062	0	0	1045427	100000	0	ok
PROBE-TSV	1	tar.gz	entries	deferred	five_changes_reserve_add	total	1	151.385	0	4096	1045427	100000	0	ok
PROBE-TSV	1	tar.gz	entries	deferred	five_changes_reserve_add	tree_build	1	61.945	0	0	1045427	100000	0	ok
PROBE-TSV	1	tar.gz	entries	deferred	save_five_changes	capability_probe	1	177.621	0	0	1035050	100000	0	ok
PROBE-TSV	1	tar.gz	entries	deferred	save_five_changes	commit	1	11.860	0	1048576	1035050	100000	0	ok
PROBE-TSV	1	tar.gz	entries	deferred	save_five_changes	display	1	3.408	0	0	1035050	100000	0	ok
PROBE-TSV	1	tar.gz	entries	deferred	save_five_changes	editing_install	1	0.006	0	0	1035050	100000	0	ok
PROBE-TSV	1	tar.gz	entries	deferred	save_five_changes	editing_prepare	1	24.549	0	0	1035050	100000	0	ok
PROBE-TSV	1	tar.gz	entries	deferred	save_five_changes	entry_comparison	1	65.574	0	0	1035050	100000	0	ok
PROBE-TSV	1	tar.gz	entries	deferred	save_five_changes	filter_compute	2	0.002	0	0	1035050	100000	0	ok
PROBE-TSV	1	tar.gz	entries	deferred	save_five_changes	name_index_advance	1	15.926	0	0	1035050	100000	0	ok
PROBE-TSV	1	tar.gz	entries	deferred	save_five_changes	password_verification	1	0.580	0	0	1035050	100000	0	ok
PROBE-TSV	1	tar.gz	entries	deferred	save_five_changes	publish	1	1.013	0	0	1035050	100000	0	ok
PROBE-TSV	1	tar.gz	entries	deferred	save_five_changes	reader_adoption	1	0.004	0	0	1035050	100000	0	ok
PROBE-TSV	1	tar.gz	entries	deferred	save_five_changes	reload	1	194.356	0	0	1035050	100000	0	ok
PROBE-TSV	1	tar.gz	entries	deferred	save_five_changes	replay	1	132.853	4096	0	1035050	100000	0	ok
PROBE-TSV	1	tar.gz	entries	deferred	save_five_changes	replay_plan	1	27.425	0	0	1035050	100000	0	ok
PROBE-TSV	1	tar.gz	entries	deferred	save_five_changes	representability_differential	1	0.828	0	0	1035050	100000	0	ok
PROBE-TSV	1	tar.gz	entries	deferred	save_five_changes	save_sheet	1	1504.523	4096	1073152	1035050	100000	0	ok
PROBE-TSV	1	tar.gz	entries	deferred	save_five_changes	total	1	1529.416	4096	1073152	1035050	100000	0	ok
PROBE-TSV	1	tar.gz	entries	deferred	save_five_changes	tree_build	1	65.748	0	0	1035050	100000	0	ok
PROBE-TSV	1	tar.gz	entries	deferred	save_five_changes	updater_open	1	250.197	0	0	1035050	100000	0	ok
PROBE-TSV	1	tar.gz	entries	deferred	save_five_changes	verification_open	1	394.538	0	0	1035050	100000	0	ok
PROBE-TSV	1	tar.gz	entries	deferred	rename_only_reserve_rename	display	1	3.114	0	0	1045427	100000	0	ok
PROBE-TSV	1	tar.gz	entries	deferred	rename_only_reserve_rename	filter_compute	1	0.001	0	0	1045427	100000	0	ok
PROBE-TSV	1	tar.gz	entries	deferred	rename_only_reserve_rename	password_verification	1	0.557	0	0	1045427	100000	0	ok
PROBE-TSV	1	tar.gz	entries	deferred	rename_only_reserve_rename	total	1	149.916	0	0	1045427	100000	0	ok
PROBE-TSV	1	tar.gz	entries	deferred	rename_only_reserve_rename	tree_build	1	66.283	0	0	1045427	100000	0	ok
PROBE-TSV	1	tar.gz	entries	deferred	save_rename_only	capability_probe	1	181.010	0	0	1045448	100000	0	ok
PROBE-TSV	1	tar.gz	entries	deferred	save_rename_only	commit	1	10.683	0	1060864	1045448	100000	0	ok
PROBE-TSV	1	tar.gz	entries	deferred	save_rename_only	display	1	2.785	0	0	1045448	100000	0	ok
PROBE-TSV	1	tar.gz	entries	deferred	save_rename_only	editing_install	1	0.008	0	0	1045448	100000	0	ok
PROBE-TSV	1	tar.gz	entries	deferred	save_rename_only	editing_prepare	1	24.019	0	0	1045448	100000	0	ok
PROBE-TSV	1	tar.gz	entries	deferred	save_rename_only	entry_comparison	1	67.041	0	0	1045448	100000	0	ok
PROBE-TSV	1	tar.gz	entries	deferred	save_rename_only	filter_compute	2	0.001	0	0	1045448	100000	0	ok
PROBE-TSV	1	tar.gz	entries	deferred	save_rename_only	name_index_advance	1	13.084	0	0	1045448	100000	0	ok
PROBE-TSV	1	tar.gz	entries	deferred	save_rename_only	password_verification	1	0.578	0	0	1045448	100000	0	ok
PROBE-TSV	1	tar.gz	entries	deferred	save_rename_only	publish	1	0.422	0	0	1045448	100000	0	ok
PROBE-TSV	1	tar.gz	entries	deferred	save_rename_only	reader_adoption	1	0.006	0	0	1045448	100000	0	ok
PROBE-TSV	1	tar.gz	entries	deferred	save_rename_only	reload	1	194.905	0	0	1045448	100000	0	ok
PROBE-TSV	1	tar.gz	entries	deferred	save_rename_only	replay	1	63.924	0	0	1045448	100000	0	ok
PROBE-TSV	1	tar.gz	entries	deferred	save_rename_only	replay_plan	1	21.484	0	0	1045448	100000	0	ok
PROBE-TSV	1	tar.gz	entries	deferred	save_rename_only	representability_differential	1	0.026	0	0	1045448	100000	0	ok
PROBE-TSV	1	tar.gz	entries	deferred	save_rename_only	save_sheet	1	1424.420	0	1073152	1045448	100000	0	ok
PROBE-TSV	1	tar.gz	entries	deferred	save_rename_only	total	1	1448.804	0	1073152	1045448	100000	0	ok
PROBE-TSV	1	tar.gz	entries	deferred	save_rename_only	tree_build	1	69.314	0	0	1045448	100000	0	ok
PROBE-TSV	1	tar.gz	entries	deferred	save_rename_only	updater_open	1	246.492	0	0	1045448	100000	0	ok
PROBE-TSV	1	tar.gz	entries	deferred	save_rename_only	verification_open	1	393.663	0	0	1045448	100000	0	ok
PROBE-PROGRESS	tar.gz	payload	delete_start	41	39	34.832	43.797
PROBE-TSV	1	tar.gz	payload	immediate	delete_start	capability_probe	1	2.050	0	0	160817818	1064	256	ok
PROBE-TSV	1	tar.gz	payload	immediate	delete_start	commit	1	59.499	0	160833536	160817818	1064	256	ok
PROBE-TSV	1	tar.gz	payload	immediate	delete_start	display	1	1.336	0	0	160817818	1064	256	ok
PROBE-TSV	1	tar.gz	payload	immediate	delete_start	entry_comparison	1	0.651	0	0	160817818	1064	256	ok
PROBE-TSV	1	tar.gz	payload	immediate	delete_start	filter_compute	1	0.000	0	0	160817818	1064	256	ok
PROBE-TSV	1	tar.gz	payload	immediate	delete_start	mutate	1	0.644	0	0	160817818	1064	256	ok
PROBE-TSV	1	tar.gz	payload	immediate	delete_start	password_verification	1	0.032	0	0	160817818	1064	256	ok
PROBE-TSV	1	tar.gz	payload	immediate	delete_start	plan_build	1	0.012	0	0	160817818	1064	256	ok
PROBE-TSV	1	tar.gz	payload	immediate	delete_start	plan_validation	1	0.090	0	0	160817818	1064	256	ok
PROBE-TSV	1	tar.gz	payload	immediate	delete_start	publish	1	0.823	0	0	160817818	1064	256	ok
PROBE-TSV	1	tar.gz	payload	immediate	delete_start	reader_adoption	1	0.002	0	0	160817818	1064	256	ok
PROBE-TSV	1	tar.gz	payload	immediate	delete_start	reload	1	2.250	0	0	160817818	1064	256	ok
PROBE-TSV	1	tar.gz	payload	immediate	delete_start	total	1	114.470	0	160845824	160817818	1064	256	ok
PROBE-TSV	1	tar.gz	payload	immediate	delete_start	tree_build	1	0.552	0	0	160817818	1064	256	ok
PROBE-TSV	1	tar.gz	payload	immediate	delete_start	updater_open	1	2.759	0	0	160817818	1064	256	ok
PROBE-TSV	1	tar.gz	payload	immediate	delete_start	verification_open	1	41.792	0	0	160817818	1064	256	ok
PROBE-PROGRESS	tar.gz	payload	delete_end	41	39	3.186	43.045
PROBE-TSV	1	tar.gz	payload	immediate	delete_end	capability_probe	1	1.991	0	0	162811978	1064	256	ok
PROBE-TSV	1	tar.gz	payload	immediate	delete_end	commit	1	27.396	0	162824192	162811978	1064	256	ok
PROBE-TSV	1	tar.gz	payload	immediate	delete_end	display	1	1.327	0	0	162811978	1064	256	ok
PROBE-TSV	1	tar.gz	payload	immediate	delete_end	entry_comparison	1	0.648	0	0	162811978	1064	256	ok
PROBE-TSV	1	tar.gz	payload	immediate	delete_end	filter_compute	1	0.000	0	0	162811978	1064	256	ok
PROBE-TSV	1	tar.gz	payload	immediate	delete_end	mutate	1	0.644	0	0	162811978	1064	256	ok
PROBE-TSV	1	tar.gz	payload	immediate	delete_end	password_verification	1	0.029	0	0	162811978	1064	256	ok
PROBE-TSV	1	tar.gz	payload	immediate	delete_end	plan_build	1	0.011	0	0	162811978	1064	256	ok
PROBE-TSV	1	tar.gz	payload	immediate	delete_end	plan_validation	1	0.099	0	0	162811978	1064	256	ok
PROBE-TSV	1	tar.gz	payload	immediate	delete_end	publish	1	0.755	0	0	162811978	1064	256	ok
PROBE-TSV	1	tar.gz	payload	immediate	delete_end	reader_adoption	1	0.001	0	0	162811978	1064	256	ok
PROBE-TSV	1	tar.gz	payload	immediate	delete_end	reload	1	2.160	0	0	162811978	1064	256	ok
PROBE-TSV	1	tar.gz	payload	immediate	delete_end	total	1	81.361	0	162836480	162811978	1064	256	ok
PROBE-TSV	1	tar.gz	payload	immediate	delete_end	tree_build	1	0.580	0	0	162811978	1064	256	ok
PROBE-TSV	1	tar.gz	payload	immediate	delete_end	updater_open	1	2.826	0	0	162811978	1064	256	ok
PROBE-TSV	1	tar.gz	payload	immediate	delete_end	verification_open	1	41.132	0	0	162811978	1064	256	ok
PROBE-PROGRESS	tar.gz	payload	rename_same_length	41	39	34.893	44.730
PROBE-TSV	1	tar.gz	payload	immediate	rename_same_length	capability_probe	1	1.959	0	0	162811987	1064	256	ok
PROBE-TSV	1	tar.gz	payload	immediate	rename_same_length	commit	1	60.254	0	162824192	162811987	1064	256	ok
PROBE-TSV	1	tar.gz	payload	immediate	rename_same_length	display	1	1.188	0	0	162811987	1064	256	ok
PROBE-TSV	1	tar.gz	payload	immediate	rename_same_length	entry_comparison	1	0.619	0	0	162811987	1064	256	ok
PROBE-TSV	1	tar.gz	payload	immediate	rename_same_length	filter_compute	1	0.000	0	0	162811987	1064	256	ok
PROBE-TSV	1	tar.gz	payload	immediate	rename_same_length	mutate	1	0.659	0	0	162811987	1064	256	ok
PROBE-TSV	1	tar.gz	payload	immediate	rename_same_length	name_index_advance	1	0.140	0	0	162811987	1064	256	ok
PROBE-TSV	1	tar.gz	payload	immediate	rename_same_length	name_index_build	1	1.507	0	0	162811987	1064	256	ok
PROBE-TSV	1	tar.gz	payload	immediate	rename_same_length	password_verification	1	0.032	0	0	162811987	1064	256	ok
PROBE-TSV	1	tar.gz	payload	immediate	rename_same_length	plan_build	1	0.018	0	0	162811987	1064	256	ok
PROBE-TSV	1	tar.gz	payload	immediate	rename_same_length	plan_validation	1	0.102	0	0	162811987	1064	256	ok
PROBE-TSV	1	tar.gz	payload	immediate	rename_same_length	publish	1	0.775	0	0	162811987	1064	256	ok
PROBE-TSV	1	tar.gz	payload	immediate	rename_same_length	reader_adoption	1	0.002	0	0	162811987	1064	256	ok
PROBE-TSV	1	tar.gz	payload	immediate	rename_same_length	reload	1	2.308	0	0	162811987	1064	256	ok
PROBE-TSV	1	tar.gz	payload	immediate	rename_same_length	total	1	118.774	0	162836480	162811987	1064	256	ok
PROBE-TSV	1	tar.gz	payload	immediate	rename_same_length	tree_build	1	0.544	0	0	162811987	1064	256	ok
PROBE-TSV	1	tar.gz	payload	immediate	rename_same_length	updater_open	1	2.817	0	0	162811987	1064	256	ok
PROBE-TSV	1	tar.gz	payload	immediate	rename_same_length	verification_open	1	42.753	0	0	162811987	1064	256	ok
PROBE-PROGRESS	tar.gz	payload	rename_different_length	41	39	35.163	44.352
PROBE-TSV	1	tar.gz	payload	immediate	rename_different_length	capability_probe	1	1.983	0	0	162812004	1064	256	ok
PROBE-TSV	1	tar.gz	payload	immediate	rename_different_length	commit	1	61.219	0	162824192	162812004	1064	256	ok
PROBE-TSV	1	tar.gz	payload	immediate	rename_different_length	display	1	1.250	0	0	162812004	1064	256	ok
PROBE-TSV	1	tar.gz	payload	immediate	rename_different_length	entry_comparison	1	0.651	0	0	162812004	1064	256	ok
PROBE-TSV	1	tar.gz	payload	immediate	rename_different_length	filter_compute	1	0.000	0	0	162812004	1064	256	ok
PROBE-TSV	1	tar.gz	payload	immediate	rename_different_length	mutate	1	0.632	0	0	162812004	1064	256	ok
PROBE-TSV	1	tar.gz	payload	immediate	rename_different_length	name_index_advance	1	0.150	0	0	162812004	1064	256	ok
PROBE-TSV	1	tar.gz	payload	immediate	rename_different_length	name_index_build	1	1.510	0	0	162812004	1064	256	ok
PROBE-TSV	1	tar.gz	payload	immediate	rename_different_length	password_verification	1	0.032	0	0	162812004	1064	256	ok
PROBE-TSV	1	tar.gz	payload	immediate	rename_different_length	plan_build	1	0.021	0	0	162812004	1064	256	ok
PROBE-TSV	1	tar.gz	payload	immediate	rename_different_length	plan_validation	1	0.093	0	0	162812004	1064	256	ok
PROBE-TSV	1	tar.gz	payload	immediate	rename_different_length	publish	1	0.768	0	0	162812004	1064	256	ok
PROBE-TSV	1	tar.gz	payload	immediate	rename_different_length	reader_adoption	1	0.002	0	0	162812004	1064	256	ok
PROBE-TSV	1	tar.gz	payload	immediate	rename_different_length	reload	1	2.346	0	0	162812004	1064	256	ok
PROBE-TSV	1	tar.gz	payload	immediate	rename_different_length	total	1	166.437	0	162836480	162812004	1064	256	ok
PROBE-TSV	1	tar.gz	payload	immediate	rename_different_length	tree_build	1	0.579	0	0	162812004	1064	256	ok
PROBE-TSV	1	tar.gz	payload	immediate	rename_different_length	updater_open	1	2.728	0	0	162812004	1064	256	ok
PROBE-TSV	1	tar.gz	payload	immediate	rename_different_length	verification_open	1	42.327	0	0	162812004	1064	256	ok
PROBE-PROGRESS	tar.gz	payload	rename_folder	53	51	484.194	123.465
PROBE-TSV	1	tar.gz	payload	immediate	rename_folder	capability_probe	1	2.121	0	0	162812270	1064	256	ok
PROBE-TSV	1	tar.gz	payload	immediate	rename_folder	commit	1	917.438	0	162852864	162812270	1064	256	ok
PROBE-TSV	1	tar.gz	payload	immediate	rename_folder	display	1	1.252	0	0	162812270	1064	256	ok
PROBE-TSV	1	tar.gz	payload	immediate	rename_folder	entry_comparison	1	0.699	0	0	162812270	1064	256	ok
PROBE-TSV	1	tar.gz	payload	immediate	rename_folder	filter_compute	1	0.000	0	0	162812270	1064	256	ok
PROBE-TSV	1	tar.gz	payload	immediate	rename_folder	mutate	1	0.958	0	0	162812270	1064	256	ok
PROBE-TSV	1	tar.gz	payload	immediate	rename_folder	name_index_advance	1	0.397	0	0	162812270	1064	256	ok
PROBE-TSV	1	tar.gz	payload	immediate	rename_folder	name_index_build	1	1.679	0	0	162812270	1064	256	ok
PROBE-TSV	1	tar.gz	payload	immediate	rename_folder	password_verification	1	0.029	0	0	162812270	1064	256	ok
PROBE-TSV	1	tar.gz	payload	immediate	rename_folder	plan_build	1	0.368	0	0	162812270	1064	256	ok
PROBE-TSV	1	tar.gz	payload	immediate	rename_folder	plan_validation	1	0.254	0	0	162812270	1064	256	ok
PROBE-TSV	1	tar.gz	payload	immediate	rename_folder	publish	1	0.833	0	0	162812270	1064	256	ok
PROBE-TSV	1	tar.gz	payload	immediate	rename_folder	reader_adoption	1	0.002	0	0	162812270	1064	256	ok
PROBE-TSV	1	tar.gz	payload	immediate	rename_folder	reload	1	2.701	0	0	162812270	1064	256	ok
PROBE-TSV	1	tar.gz	payload	immediate	rename_folder	total	1	1054.979	0	229974016	162812270	1064	256	ok
PROBE-TSV	1	tar.gz	payload	immediate	rename_folder	tree_build	1	0.584	0	0	162812270	1064	256	ok
PROBE-TSV	1	tar.gz	payload	immediate	rename_folder	updater_open	1	2.994	0	0	162812270	1064	256	ok
PROBE-TSV	1	tar.gz	payload	immediate	rename_folder	verification_open	1	121.270	0	67108864	162812270	1064	256	ok
PROBE-PROGRESS	tar.gz	payload	new_folder	41	39	1.499	43.258
PROBE-TSV	1	tar.gz	payload	immediate	new_folder	capability_probe	1	2.200	0	0	162812035	1064	256	ok
PROBE-TSV	1	tar.gz	payload	immediate	new_folder	commit	1	24.802	0	162820096	162812035	1064	256	ok
PROBE-TSV	1	tar.gz	payload	immediate	new_folder	display	1	1.258	0	0	162812035	1064	256	ok
PROBE-TSV	1	tar.gz	payload	immediate	new_folder	entry_comparison	1	0.656	0	0	162812035	1064	256	ok
PROBE-TSV	1	tar.gz	payload	immediate	new_folder	filter_compute	1	0.000	0	0	162812035	1064	256	ok
PROBE-TSV	1	tar.gz	payload	immediate	new_folder	mutate	1	0.852	0	0	162812035	1064	256	ok
PROBE-TSV	1	tar.gz	payload	immediate	new_folder	name_index_advance	1	0.125	0	0	162812035	1064	256	ok
PROBE-TSV	1	tar.gz	payload	immediate	new_folder	name_index_build	1	1.620	0	0	162812035	1064	256	ok
PROBE-TSV	1	tar.gz	payload	immediate	new_folder	password_verification	1	0.029	0	0	162812035	1064	256	ok
PROBE-TSV	1	tar.gz	payload	immediate	new_folder	plan_build	1	1.631	0	0	162812035	1064	256	ok
PROBE-TSV	1	tar.gz	payload	immediate	new_folder	plan_validation	1	0.098	0	0	162812035	1064	256	ok
PROBE-TSV	1	tar.gz	payload	immediate	new_folder	publish	1	0.793	0	0	162812035	1064	256	ok
PROBE-TSV	1	tar.gz	payload	immediate	new_folder	reader_adoption	1	0.002	0	0	162812035	1064	256	ok
PROBE-TSV	1	tar.gz	payload	immediate	new_folder	reload	1	2.560	0	0	162812035	1064	256	ok
PROBE-TSV	1	tar.gz	payload	immediate	new_folder	total	1	81.244	0	162832384	162812035	1064	256	ok
PROBE-TSV	1	tar.gz	payload	immediate	new_folder	tree_build	1	0.574	0	0	162812035	1064	256	ok
PROBE-TSV	1	tar.gz	payload	immediate	new_folder	updater_open	1	2.927	0	0	162812035	1064	256	ok
PROBE-TSV	1	tar.gz	payload	immediate	new_folder	verification_open	1	41.292	0	0	162812035	1064	256	ok
PROBE-PROGRESS	tar.gz	payload	add_file	43	40	1.496	43.763
PROBE-TSV	1	tar.gz	payload	immediate	add_file	capability_probe	1	2.171	0	0	162812025	1064	256	ok
PROBE-TSV	1	tar.gz	payload	immediate	add_file	commit	1	24.612	0	162820096	162812025	1064	256	ok
PROBE-TSV	1	tar.gz	payload	immediate	add_file	display	1	1.258	0	0	162812025	1064	256	ok
PROBE-TSV	1	tar.gz	payload	immediate	add_file	entry_comparison	1	0.734	0	0	162812025	1064	256	ok
PROBE-TSV	1	tar.gz	payload	immediate	add_file	filter_compute	1	0.000	0	0	162812025	1064	256	ok
PROBE-TSV	1	tar.gz	payload	immediate	add_file	mutate	1	0.856	0	0	162812025	1064	256	ok
PROBE-TSV	1	tar.gz	payload	immediate	add_file	name_index_advance	1	0.125	0	0	162812025	1064	256	ok
PROBE-TSV	1	tar.gz	payload	immediate	add_file	name_index_build	1	1.588	0	0	162812025	1064	256	ok
PROBE-TSV	1	tar.gz	payload	immediate	add_file	password_verification	1	0.031	0	0	162812025	1064	256	ok
PROBE-TSV	1	tar.gz	payload	immediate	add_file	plan_build	3	0.041	0	0	162812025	1064	256	ok
PROBE-TSV	1	tar.gz	payload	immediate	add_file	plan_validation	1	0.086	0	0	162812025	1064	256	ok
PROBE-TSV	1	tar.gz	payload	immediate	add_file	publish	1	0.930	0	0	162812025	1064	256	ok
PROBE-TSV	1	tar.gz	payload	immediate	add_file	reader_adoption	1	0.002	0	0	162812025	1064	256	ok
PROBE-TSV	1	tar.gz	payload	immediate	add_file	reload	1	2.496	0	0	162812025	1064	256	ok
PROBE-TSV	1	tar.gz	payload	immediate	add_file	total	1	82.102	0	162832384	162812025	1064	256	ok
PROBE-TSV	1	tar.gz	payload	immediate	add_file	tree_build	1	0.560	0	0	162812025	1064	256	ok
PROBE-TSV	1	tar.gz	payload	immediate	add_file	updater_open	1	2.873	0	0	162812025	1064	256	ok
PROBE-TSV	1	tar.gz	payload	immediate	add_file	verification_open	1	41.573	0	0	162812025	1064	256	ok
PROBE-PROGRESS	tar.gz	payload	replace_file	43	40	34.964	44.212
PROBE-TSV	1	tar.gz	payload	immediate	replace_file	capability_probe	1	2.073	0	0	160817859	1064	256	ok
PROBE-TSV	1	tar.gz	payload	immediate	replace_file	commit	1	60.350	0	160833536	160817859	1064	256	ok
PROBE-TSV	1	tar.gz	payload	immediate	replace_file	display	1	1.263	0	0	160817859	1064	256	ok
PROBE-TSV	1	tar.gz	payload	immediate	replace_file	entry_comparison	1	0.643	0	0	160817859	1064	256	ok
PROBE-TSV	1	tar.gz	payload	immediate	replace_file	filter_compute	1	0.000	0	0	160817859	1064	256	ok
PROBE-TSV	1	tar.gz	payload	immediate	replace_file	mutate	1	1.591	0	0	160817859	1064	256	ok
PROBE-TSV	1	tar.gz	payload	immediate	replace_file	name_index_advance	1	0.118	0	0	160817859	1064	256	ok
PROBE-TSV	1	tar.gz	payload	immediate	replace_file	name_index_build	1	1.590	0	0	160817859	1064	256	ok
PROBE-TSV	1	tar.gz	payload	immediate	replace_file	password_verification	1	0.026	0	0	160817859	1064	256	ok
PROBE-TSV	1	tar.gz	payload	immediate	replace_file	plan_build	4	0.085	0	0	160817859	1064	256	ok
PROBE-TSV	1	tar.gz	payload	immediate	replace_file	plan_validation	1	0.099	0	0	160817859	1064	256	ok
PROBE-TSV	1	tar.gz	payload	immediate	replace_file	publish	1	0.802	0	0	160817859	1064	256	ok
PROBE-TSV	1	tar.gz	payload	immediate	replace_file	reader_adoption	1	0.002	0	0	160817859	1064	256	ok
PROBE-TSV	1	tar.gz	payload	immediate	replace_file	reload	1	2.402	0	0	160817859	1064	256	ok
PROBE-TSV	1	tar.gz	payload	immediate	replace_file	total	1	118.441	0	160845824	160817859	1064	256	ok
PROBE-TSV	1	tar.gz	payload	immediate	replace_file	tree_build	1	0.551	0	0	160817859	1064	256	ok
PROBE-TSV	1	tar.gz	payload	immediate	replace_file	updater_open	1	2.908	0	0	160817859	1064	256	ok
PROBE-TSV	1	tar.gz	payload	immediate	replace_file	verification_open	1	42.168	0	0	160817859	1064	256	ok
PROBE-TSV	1	tar.gz	payload	deferred	five_changes_reserve_rename	display	1	1.224	0	0	162811987	1064	256	ok
PROBE-TSV	1	tar.gz	payload	deferred	five_changes_reserve_rename	filter_compute	1	0.000	0	0	162811987	1064	256	ok
PROBE-TSV	1	tar.gz	payload	deferred	five_changes_reserve_rename	password_verification	1	0.030	0	0	162811987	1064	256	ok
PROBE-TSV	1	tar.gz	payload	deferred	five_changes_reserve_rename	total	1	6.519	0	0	162811987	1064	256	ok
PROBE-TSV	1	tar.gz	payload	deferred	five_changes_reserve_rename	tree_build	1	0.596	0	0	162811987	1064	256	ok
PROBE-TSV	1	tar.gz	payload	deferred	five_changes_reserve_delete	display	1	0.967	0	0	162811987	1064	256	ok
PROBE-TSV	1	tar.gz	payload	deferred	five_changes_reserve_delete	filter_compute	1	0.000	0	0	162811987	1064	256	ok
PROBE-TSV	1	tar.gz	payload	deferred	five_changes_reserve_delete	password_verification	1	0.021	0	0	162811987	1064	256	ok
PROBE-TSV	1	tar.gz	payload	deferred	five_changes_reserve_delete	total	1	33.221	0	0	162811987	1064	256	ok
PROBE-TSV	1	tar.gz	payload	deferred	five_changes_reserve_delete	tree_build	1	0.566	0	0	162811987	1064	256	ok
PROBE-TSV	1	tar.gz	payload	deferred	five_changes_reserve_new_folder	display	1	1.020	0	0	162811987	1064	256	ok
PROBE-TSV	1	tar.gz	payload	deferred	five_changes_reserve_new_folder	filter_compute	1	0.000	0	0	162811987	1064	256	ok
PROBE-TSV	1	tar.gz	payload	deferred	five_changes_reserve_new_folder	password_verification	1	0.030	0	0	162811987	1064	256	ok
PROBE-TSV	1	tar.gz	payload	deferred	five_changes_reserve_new_folder	total	1	5.534	0	0	162811987	1064	256	ok
PROBE-TSV	1	tar.gz	payload	deferred	five_changes_reserve_new_folder	tree_build	1	0.584	0	0	162811987	1064	256	ok
PROBE-TSV	1	tar.gz	payload	deferred	five_changes_reserve_delete_folder	display	1	1.255	0	0	162811987	1064	256	ok
PROBE-TSV	1	tar.gz	payload	deferred	five_changes_reserve_delete_folder	filter_compute	1	0.000	0	0	162811987	1064	256	ok
PROBE-TSV	1	tar.gz	payload	deferred	five_changes_reserve_delete_folder	password_verification	1	0.029	0	0	162811987	1064	256	ok
PROBE-TSV	1	tar.gz	payload	deferred	five_changes_reserve_delete_folder	total	1	27.231	0	0	162811987	1064	256	ok
PROBE-TSV	1	tar.gz	payload	deferred	five_changes_reserve_delete_folder	tree_build	1	0.044	0	0	162811987	1064	256	ok
PROBE-TSV	1	tar.gz	payload	deferred	five_changes_reserve_add	display	1	1.007	0	0	162811987	1064	256	ok
PROBE-TSV	1	tar.gz	payload	deferred	five_changes_reserve_add	filter_compute	1	0.000	0	0	162811987	1064	256	ok
PROBE-TSV	1	tar.gz	payload	deferred	five_changes_reserve_add	password_verification	1	0.026	0	0	162811987	1064	256	ok
PROBE-TSV	1	tar.gz	payload	deferred	five_changes_reserve_add	plan_build	3	0.045	0	0	162811987	1064	256	ok
PROBE-TSV	1	tar.gz	payload	deferred	five_changes_reserve_add	total	1	36.370	0	4096	162811987	1064	256	ok
PROBE-TSV	1	tar.gz	payload	deferred	five_changes_reserve_add	tree_build	1	0.045	0	0	162811987	1064	256	ok
PROBE-TSV	1	tar.gz	payload	deferred	save_five_changes	capability_probe	1	0.273	0	0	162801548	1064	256	ok
PROBE-TSV	1	tar.gz	payload	deferred	save_five_changes	commit	1	24.539	0	162807808	162801548	1064	256	ok
PROBE-TSV	1	tar.gz	payload	deferred	save_five_changes	display	1	1.268	0	0	162801548	1064	256	ok
PROBE-TSV	1	tar.gz	payload	deferred	save_five_changes	editing_install	1	0.003	0	0	162801548	1064	256	ok
PROBE-TSV	1	tar.gz	payload	deferred	save_five_changes	editing_prepare	1	0.046	0	0	162801548	1064	256	ok
PROBE-TSV	1	tar.gz	payload	deferred	save_five_changes	entry_comparison	1	0.052	0	0	162801548	1064	256	ok
PROBE-TSV	1	tar.gz	payload	deferred	save_five_changes	filter_compute	2	0.000	0	0	162801548	1064	256	ok
PROBE-TSV	1	tar.gz	payload	deferred	save_five_changes	name_index_advance	1	0.759	0	0	162801548	1064	256	ok
PROBE-TSV	1	tar.gz	payload	deferred	save_five_changes	password_verification	1	0.023	0	0	162801548	1064	256	ok
PROBE-TSV	1	tar.gz	payload	deferred	save_five_changes	publish	1	0.984	0	0	162801548	1064	256	ok
PROBE-TSV	1	tar.gz	payload	deferred	save_five_changes	reader_adoption	1	0.002	0	0	162801548	1064	256	ok
PROBE-TSV	1	tar.gz	payload	deferred	save_five_changes	reload	1	2.472	0	0	162801548	1064	256	ok
PROBE-TSV	1	tar.gz	payload	deferred	save_five_changes	replay	1	2.166	4096	0	162801548	1064	256	ok
PROBE-TSV	1	tar.gz	payload	deferred	save_five_changes	replay_plan	1	1.560	0	0	162801548	1064	256	ok
PROBE-TSV	1	tar.gz	payload	deferred	save_five_changes	representability_differential	1	0.774	0	0	162801548	1064	256	ok
PROBE-TSV	1	tar.gz	payload	deferred	save_five_changes	save_sheet	1	92.658	4096	162832384	162801548	1064	256	ok
PROBE-TSV	1	tar.gz	payload	deferred	save_five_changes	total	1	92.818	4096	162832384	162801548	1064	256	ok
PROBE-TSV	1	tar.gz	payload	deferred	save_five_changes	tree_build	1	0.050	0	0	162801548	1064	256	ok
PROBE-TSV	1	tar.gz	payload	deferred	save_five_changes	updater_open	1	2.834	0	0	162801548	1064	256	ok
PROBE-TSV	1	tar.gz	payload	deferred	save_five_changes	verification_open	1	37.277	0	0	162801548	1064	256	ok
PROBE-TSV	1	tar.gz	payload	deferred	rename_only_reserve_rename	display	1	1.058	0	0	162811987	1064	256	ok
PROBE-TSV	1	tar.gz	payload	deferred	rename_only_reserve_rename	filter_compute	1	0.000	0	0	162811987	1064	256	ok
PROBE-TSV	1	tar.gz	payload	deferred	rename_only_reserve_rename	password_verification	1	0.027	0	0	162811987	1064	256	ok
PROBE-TSV	1	tar.gz	payload	deferred	rename_only_reserve_rename	total	1	5.673	0	0	162811987	1064	256	ok
PROBE-TSV	1	tar.gz	payload	deferred	rename_only_reserve_rename	tree_build	1	0.534	0	0	162811987	1064	256	ok
PROBE-TSV	1	tar.gz	payload	deferred	save_rename_only	capability_probe	1	1.993	0	0	162811992	1064	256	ok
PROBE-TSV	1	tar.gz	payload	deferred	save_rename_only	commit	1	62.336	0	162824192	162811992	1064	256	ok
PROBE-TSV	1	tar.gz	payload	deferred	save_rename_only	display	1	1.117	0	0	162811992	1064	256	ok
PROBE-TSV	1	tar.gz	payload	deferred	save_rename_only	editing_install	1	0.003	0	0	162811992	1064	256	ok
PROBE-TSV	1	tar.gz	payload	deferred	save_rename_only	editing_prepare	1	0.227	0	0	162811992	1064	256	ok
PROBE-TSV	1	tar.gz	payload	deferred	save_rename_only	entry_comparison	1	0.615	0	0	162811992	1064	256	ok
PROBE-TSV	1	tar.gz	payload	deferred	save_rename_only	filter_compute	2	0.001	0	0	162811992	1064	256	ok
PROBE-TSV	1	tar.gz	payload	deferred	save_rename_only	name_index_advance	1	0.139	0	0	162811992	1064	256	ok
PROBE-TSV	1	tar.gz	payload	deferred	save_rename_only	password_verification	1	0.035	0	0	162811992	1064	256	ok
PROBE-TSV	1	tar.gz	payload	deferred	save_rename_only	publish	1	0.360	0	0	162811992	1064	256	ok
PROBE-TSV	1	tar.gz	payload	deferred	save_rename_only	reader_adoption	1	0.002	0	0	162811992	1064	256	ok
PROBE-TSV	1	tar.gz	payload	deferred	save_rename_only	reload	1	3.465	0	0	162811992	1064	256	ok
PROBE-TSV	1	tar.gz	payload	deferred	save_rename_only	replay	1	0.625	0	0	162811992	1064	256	ok
PROBE-TSV	1	tar.gz	payload	deferred	save_rename_only	replay_plan	1	0.243	0	0	162811992	1064	256	ok
PROBE-TSV	1	tar.gz	payload	deferred	save_rename_only	representability_differential	1	0.018	0	0	162811992	1064	256	ok
PROBE-TSV	1	tar.gz	payload	deferred	save_rename_only	save_sheet	1	148.587	0	162836480	162811992	1064	256	ok
PROBE-TSV	1	tar.gz	payload	deferred	save_rename_only	total	1	148.920	0	162836480	162811992	1064	256	ok
PROBE-TSV	1	tar.gz	payload	deferred	save_rename_only	tree_build	1	0.748	0	0	162811992	1064	256	ok
PROBE-TSV	1	tar.gz	payload	deferred	save_rename_only	updater_open	1	2.813	0	0	162811992	1064	256	ok
PROBE-TSV	1	tar.gz	payload	deferred	save_rename_only	verification_open	1	43.752	0	0	162811992	1064	256	ok
PROBE-PROGRESS	tar.bz2	entries	delete_start	5	3	59.081	437.041
PROBE-TSV	1	tar.bz2	entries	immediate	delete_start	capability_probe	1	174.586	0	0	216206	100000	0	ok
PROBE-TSV	1	tar.bz2	entries	immediate	delete_start	commit	1	48.335	0	221184	216206	100000	0	ok
PROBE-TSV	1	tar.bz2	entries	immediate	delete_start	display	1	3.079	0	0	216206	100000	0	ok
PROBE-TSV	1	tar.bz2	entries	immediate	delete_start	entry_comparison	1	61.529	0	0	216206	100000	0	ok
PROBE-TSV	1	tar.bz2	entries	immediate	delete_start	filter_compute	1	0.000	0	0	216206	100000	0	ok
PROBE-TSV	1	tar.bz2	entries	immediate	delete_start	mutate	1	59.025	0	0	216206	100000	0	ok
PROBE-TSV	1	tar.bz2	entries	immediate	delete_start	password_verification	1	0.172	0	0	216206	100000	0	ok
PROBE-TSV	1	tar.bz2	entries	immediate	delete_start	plan_build	1	0.013	0	0	216206	100000	0	ok
PROBE-TSV	1	tar.bz2	entries	immediate	delete_start	plan_validation	1	9.956	0	0	216206	100000	0	ok
PROBE-TSV	1	tar.bz2	entries	immediate	delete_start	publish	1	0.811	0	0	216206	100000	0	ok
PROBE-TSV	1	tar.bz2	entries	immediate	delete_start	reader_adoption	1	0.002	0	0	216206	100000	0	ok
PROBE-TSV	1	tar.bz2	entries	immediate	delete_start	reload	1	174.932	0	0	216206	100000	0	ok
PROBE-TSV	1	tar.bz2	entries	immediate	delete_start	total	1	1057.772	0	233472	216206	100000	0	ok
PROBE-TSV	1	tar.bz2	entries	immediate	delete_start	tree_build	1	60.359	0	0	216206	100000	0	ok
PROBE-TSV	1	tar.bz2	entries	immediate	delete_start	updater_open	1	247.277	0	0	216206	100000	0	ok
PROBE-TSV	1	tar.bz2	entries	immediate	delete_start	verification_open	1	369.326	0	0	216206	100000	0	ok
PROBE-PROGRESS	tar.bz2	entries	delete_end	4	2	60.713	444.980
PROBE-TSV	1	tar.bz2	entries	immediate	delete_end	capability_probe	1	179.388	0	0	216204	100000	0	ok
PROBE-TSV	1	tar.bz2	entries	immediate	delete_end	commit	1	34.706	0	221184	216204	100000	0	ok
PROBE-TSV	1	tar.bz2	entries	immediate	delete_end	display	1	2.900	0	0	216204	100000	0	ok
PROBE-TSV	1	tar.bz2	entries	immediate	delete_end	entry_comparison	1	63.341	0	0	216204	100000	0	ok
PROBE-TSV	1	tar.bz2	entries	immediate	delete_end	filter_compute	1	0.000	0	0	216204	100000	0	ok
PROBE-TSV	1	tar.bz2	entries	immediate	delete_end	mutate	1	60.664	0	0	216204	100000	0	ok
PROBE-TSV	1	tar.bz2	entries	immediate	delete_end	password_verification	1	0.209	0	0	216204	100000	0	ok
PROBE-TSV	1	tar.bz2	entries	immediate	delete_end	plan_build	1	0.014	0	0	216204	100000	0	ok
PROBE-TSV	1	tar.bz2	entries	immediate	delete_end	plan_validation	1	10.421	0	0	216204	100000	0	ok
PROBE-TSV	1	tar.bz2	entries	immediate	delete_end	publish	1	0.847	0	0	216204	100000	0	ok
PROBE-TSV	1	tar.bz2	entries	immediate	delete_end	reader_adoption	1	0.003	0	0	216204	100000	0	ok
PROBE-TSV	1	tar.bz2	entries	immediate	delete_end	reload	1	179.838	0	0	216204	100000	0	ok
PROBE-TSV	1	tar.bz2	entries	immediate	delete_end	total	1	1067.242	0	233472	216204	100000	0	ok
PROBE-TSV	1	tar.bz2	entries	immediate	delete_end	tree_build	1	68.002	0	0	216204	100000	0	ok
PROBE-TSV	1	tar.bz2	entries	immediate	delete_end	updater_open	1	248.449	0	0	216204	100000	0	ok
PROBE-TSV	1	tar.bz2	entries	immediate	delete_end	verification_open	1	375.223	0	0	216204	100000	0	ok
PROBE-PROGRESS	tar.bz2	entries	rename_same_length	5	3	56.926	433.551
PROBE-TSV	1	tar.bz2	entries	immediate	rename_same_length	capability_probe	1	171.551	0	0	216243	100000	0	ok
PROBE-TSV	1	tar.bz2	entries	immediate	rename_same_length	commit	1	47.640	0	229376	216243	100000	0	ok
PROBE-TSV	1	tar.bz2	entries	immediate	rename_same_length	display	1	2.970	0	0	216243	100000	0	ok
PROBE-TSV	1	tar.bz2	entries	immediate	rename_same_length	entry_comparison	1	60.530	0	0	216243	100000	0	ok
PROBE-TSV	1	tar.bz2	entries	immediate	rename_same_length	filter_compute	1	0.000	0	0	216243	100000	0	ok
PROBE-TSV	1	tar.bz2	entries	immediate	rename_same_length	mutate	1	56.883	0	0	216243	100000	0	ok
PROBE-TSV	1	tar.bz2	entries	immediate	rename_same_length	name_index_advance	1	13.230	0	0	216243	100000	0	ok
PROBE-TSV	1	tar.bz2	entries	immediate	rename_same_length	name_index_build	1	138.545	0	0	216243	100000	0	ok
PROBE-TSV	1	tar.bz2	entries	immediate	rename_same_length	password_verification	1	0.210	0	0	216243	100000	0	ok
PROBE-TSV	1	tar.bz2	entries	immediate	rename_same_length	plan_build	1	0.032	0	0	216243	100000	0	ok
PROBE-TSV	1	tar.bz2	entries	immediate	rename_same_length	plan_validation	1	8.369	0	0	216243	100000	0	ok
PROBE-TSV	1	tar.bz2	entries	immediate	rename_same_length	publish	1	0.803	0	0	216243	100000	0	ok
PROBE-TSV	1	tar.bz2	entries	immediate	rename_same_length	reader_adoption	1	0.002	0	0	216243	100000	0	ok
PROBE-TSV	1	tar.bz2	entries	immediate	rename_same_length	reload	1	185.444	0	0	216243	100000	0	ok
PROBE-TSV	1	tar.bz2	entries	immediate	rename_same_length	total	1	1193.138	0	241664	216243	100000	0	ok
PROBE-TSV	1	tar.bz2	entries	immediate	rename_same_length	tree_build	1	59.355	0	0	216243	100000	0	ok
PROBE-TSV	1	tar.bz2	entries	immediate	rename_same_length	updater_open	1	241.432	0	0	216243	100000	0	ok
PROBE-TSV	1	tar.bz2	entries	immediate	rename_same_length	verification_open	1	366.645	0	0	216243	100000	0	ok
PROBE-PROGRESS	tar.bz2	entries	rename_different_length	5	3	56.848	434.827
PROBE-TSV	1	tar.bz2	entries	immediate	rename_different_length	capability_probe	1	169.185	0	0	216355	100000	0	ok
PROBE-TSV	1	tar.bz2	entries	immediate	rename_different_length	commit	1	48.127	0	229376	216355	100000	0	ok
PROBE-TSV	1	tar.bz2	entries	immediate	rename_different_length	display	1	2.988	0	0	216355	100000	0	ok
PROBE-TSV	1	tar.bz2	entries	immediate	rename_different_length	entry_comparison	1	63.859	0	0	216355	100000	0	ok
PROBE-TSV	1	tar.bz2	entries	immediate	rename_different_length	filter_compute	1	0.000	0	0	216355	100000	0	ok
PROBE-TSV	1	tar.bz2	entries	immediate	rename_different_length	mutate	1	56.811	0	0	216355	100000	0	ok
PROBE-TSV	1	tar.bz2	entries	immediate	rename_different_length	name_index_advance	1	12.777	0	0	216355	100000	0	ok
PROBE-TSV	1	tar.bz2	entries	immediate	rename_different_length	name_index_build	1	138.649	0	0	216355	100000	0	ok
PROBE-TSV	1	tar.bz2	entries	immediate	rename_different_length	password_verification	1	0.207	0	0	216355	100000	0	ok
PROBE-TSV	1	tar.bz2	entries	immediate	rename_different_length	plan_build	1	0.028	0	0	216355	100000	0	ok
PROBE-TSV	1	tar.bz2	entries	immediate	rename_different_length	plan_validation	1	9.038	0	0	216355	100000	0	ok
PROBE-TSV	1	tar.bz2	entries	immediate	rename_different_length	publish	1	0.823	0	0	216355	100000	0	ok
PROBE-TSV	1	tar.bz2	entries	immediate	rename_different_length	reader_adoption	1	0.002	0	0	216355	100000	0	ok
PROBE-TSV	1	tar.bz2	entries	immediate	rename_different_length	reload	1	182.675	0	0	216355	100000	0	ok
PROBE-TSV	1	tar.bz2	entries	immediate	rename_different_length	total	1	1190.187	0	241664	216355	100000	0	ok
PROBE-TSV	1	tar.bz2	entries	immediate	rename_different_length	tree_build	1	60.882	0	0	216355	100000	0	ok
PROBE-TSV	1	tar.bz2	entries	immediate	rename_different_length	updater_open	1	238.277	0	0	216355	100000	0	ok
PROBE-TSV	1	tar.bz2	entries	immediate	rename_different_length	verification_open	1	364.550	0	0	216355	100000	0	ok
PROBE-PROGRESS	tar.bz2	entries	rename_folder	5	3	61.654	431.777
PROBE-TSV	1	tar.bz2	entries	immediate	rename_folder	capability_probe	1	169.485	0	0	216732	100000	0	ok
PROBE-TSV	1	tar.bz2	entries	immediate	rename_folder	commit	1	59.209	0	217088	216732	100000	0	ok
PROBE-TSV	1	tar.bz2	entries	immediate	rename_folder	display	1	2.638	0	0	216732	100000	0	ok
PROBE-TSV	1	tar.bz2	entries	immediate	rename_folder	entry_comparison	1	60.757	0	0	216732	100000	0	ok
PROBE-TSV	1	tar.bz2	entries	immediate	rename_folder	filter_compute	1	0.000	0	0	216732	100000	0	ok
PROBE-TSV	1	tar.bz2	entries	immediate	rename_folder	mutate	1	61.614	0	0	216732	100000	0	ok
PROBE-TSV	1	tar.bz2	entries	immediate	rename_folder	name_index_advance	1	17.601	0	0	216732	100000	0	ok
PROBE-TSV	1	tar.bz2	entries	immediate	rename_folder	name_index_build	1	137.501	0	0	216732	100000	0	ok
PROBE-TSV	1	tar.bz2	entries	immediate	rename_folder	password_verification	1	0.192	0	0	216732	100000	0	ok
PROBE-TSV	1	tar.bz2	entries	immediate	rename_folder	plan_build	1	5.446	0	0	216732	100000	0	ok
PROBE-TSV	1	tar.bz2	entries	immediate	rename_folder	plan_validation	1	10.823	0	0	216732	100000	0	ok
PROBE-TSV	1	tar.bz2	entries	immediate	rename_folder	publish	1	0.818	0	0	216732	100000	0	ok
PROBE-TSV	1	tar.bz2	entries	immediate	rename_folder	reader_adoption	1	0.002	0	0	216732	100000	0	ok
PROBE-TSV	1	tar.bz2	entries	immediate	rename_folder	reload	1	187.715	0	0	216732	100000	0	ok
PROBE-TSV	1	tar.bz2	entries	immediate	rename_folder	total	1	1215.255	0	229376	216732	100000	0	ok
PROBE-TSV	1	tar.bz2	entries	immediate	rename_folder	tree_build	1	58.213	0	0	216732	100000	0	ok
PROBE-TSV	1	tar.bz2	entries	immediate	rename_folder	updater_open	1	241.795	0	0	216732	100000	0	ok
PROBE-TSV	1	tar.bz2	entries	immediate	rename_folder	verification_open	1	364.491	0	0	216732	100000	0	ok
PROBE-PROGRESS	tar.bz2	entries	new_folder	4	2	60.096	429.332
PROBE-TSV	1	tar.bz2	entries	immediate	new_folder	capability_probe	1	172.095	0	0	216335	100000	0	ok
PROBE-TSV	1	tar.bz2	entries	immediate	new_folder	commit	1	7.728	0	229376	216335	100000	0	ok
PROBE-TSV	1	tar.bz2	entries	immediate	new_folder	display	1	2.988	0	0	216335	100000	0	ok
PROBE-TSV	1	tar.bz2	entries	immediate	new_folder	entry_comparison	1	61.554	0	0	216335	100000	0	ok
PROBE-TSV	1	tar.bz2	entries	immediate	new_folder	filter_compute	1	0.000	0	0	216335	100000	0	ok
PROBE-TSV	1	tar.bz2	entries	immediate	new_folder	mutate	1	60.058	0	0	216335	100000	0	ok
PROBE-TSV	1	tar.bz2	entries	immediate	new_folder	name_index_advance	1	12.323	0	0	216335	100000	0	ok
PROBE-TSV	1	tar.bz2	entries	immediate	new_folder	name_index_build	1	139.530	0	0	216335	100000	0	ok
PROBE-TSV	1	tar.bz2	entries	immediate	new_folder	password_verification	1	0.225	0	0	216335	100000	0	ok
PROBE-TSV	1	tar.bz2	entries	immediate	new_folder	plan_build	1	139.552	0	0	216335	100000	0	ok
PROBE-TSV	1	tar.bz2	entries	immediate	new_folder	plan_validation	1	8.656	0	0	216335	100000	0	ok
PROBE-TSV	1	tar.bz2	entries	immediate	new_folder	publish	1	0.802	0	0	216335	100000	0	ok
PROBE-TSV	1	tar.bz2	entries	immediate	new_folder	reader_adoption	1	0.002	0	0	216335	100000	0	ok
PROBE-TSV	1	tar.bz2	entries	immediate	new_folder	reload	1	185.044	0	0	216335	100000	0	ok
PROBE-TSV	1	tar.bz2	entries	immediate	new_folder	total	1	1154.207	0	241664	216335	100000	0	ok
PROBE-TSV	1	tar.bz2	entries	immediate	new_folder	tree_build	1	59.000	0	0	216335	100000	0	ok
PROBE-TSV	1	tar.bz2	entries	immediate	new_folder	updater_open	1	242.961	0	0	216335	100000	0	ok
PROBE-TSV	1	tar.bz2	entries	immediate	new_folder	verification_open	1	361.984	0	0	216335	100000	0	ok
PROBE-PROGRESS	tar.bz2	entries	add_file	6	3	60.439	423.523
PROBE-TSV	1	tar.bz2	entries	immediate	add_file	capability_probe	1	170.519	0	0	216336	100000	0	ok
PROBE-TSV	1	tar.bz2	entries	immediate	add_file	commit	1	5.974	0	229376	216336	100000	0	ok
PROBE-TSV	1	tar.bz2	entries	immediate	add_file	display	1	3.019	0	0	216336	100000	0	ok
PROBE-TSV	1	tar.bz2	entries	immediate	add_file	entry_comparison	1	60.228	0	0	216336	100000	0	ok
PROBE-TSV	1	tar.bz2	entries	immediate	add_file	filter_compute	1	0.000	0	0	216336	100000	0	ok
PROBE-TSV	1	tar.bz2	entries	immediate	add_file	mutate	1	60.524	0	0	216336	100000	0	ok
PROBE-TSV	1	tar.bz2	entries	immediate	add_file	name_index_advance	1	12.553	0	0	216336	100000	0	ok
PROBE-TSV	1	tar.bz2	entries	immediate	add_file	name_index_build	1	137.402	0	0	216336	100000	0	ok
PROBE-TSV	1	tar.bz2	entries	immediate	add_file	password_verification	1	0.195	0	0	216336	100000	0	ok
PROBE-TSV	1	tar.bz2	entries	immediate	add_file	plan_build	3	0.077	0	0	216336	100000	0	ok
PROBE-TSV	1	tar.bz2	entries	immediate	add_file	plan_validation	1	8.248	0	0	216336	100000	0	ok
PROBE-TSV	1	tar.bz2	entries	immediate	add_file	publish	1	0.765	0	0	216336	100000	0	ok
PROBE-TSV	1	tar.bz2	entries	immediate	add_file	reader_adoption	1	0.002	0	0	216336	100000	0	ok
PROBE-TSV	1	tar.bz2	entries	immediate	add_file	reload	1	183.709	0	0	216336	100000	0	ok
PROBE-TSV	1	tar.bz2	entries	immediate	add_file	total	1	1139.382	0	241664	216336	100000	0	ok
PROBE-TSV	1	tar.bz2	entries	immediate	add_file	tree_build	1	59.318	0	0	216336	100000	0	ok
PROBE-TSV	1	tar.bz2	entries	immediate	add_file	updater_open	1	240.091	0	0	216336	100000	0	ok
PROBE-TSV	1	tar.bz2	entries	immediate	add_file	verification_open	1	357.581	0	0	216336	100000	0	ok
PROBE-PROGRESS	tar.bz2	entries	replace_file	7	4	107.511	427.349
PROBE-TSV	1	tar.bz2	entries	immediate	replace_file	capability_probe	1	167.344	0	0	216315	100000	0	ok
PROBE-TSV	1	tar.bz2	entries	immediate	replace_file	commit	1	47.149	0	229376	216315	100000	0	ok
PROBE-TSV	1	tar.bz2	entries	immediate	replace_file	display	1	2.890	0	0	216315	100000	0	ok
PROBE-TSV	1	tar.bz2	entries	immediate	replace_file	entry_comparison	1	60.494	0	0	216315	100000	0	ok
PROBE-TSV	1	tar.bz2	entries	immediate	replace_file	filter_compute	1	0.000	0	0	216315	100000	0	ok
PROBE-TSV	1	tar.bz2	entries	immediate	replace_file	mutate	1	107.561	0	0	216315	100000	0	ok
PROBE-TSV	1	tar.bz2	entries	immediate	replace_file	name_index_advance	1	12.642	0	0	216315	100000	0	ok
PROBE-TSV	1	tar.bz2	entries	immediate	replace_file	name_index_build	1	136.628	0	0	216315	100000	0	ok
PROBE-TSV	1	tar.bz2	entries	immediate	replace_file	password_verification	1	0.209	0	0	216315	100000	0	ok
PROBE-TSV	1	tar.bz2	entries	immediate	replace_file	plan_build	4	2.352	0	0	216315	100000	0	ok
PROBE-TSV	1	tar.bz2	entries	immediate	replace_file	plan_validation	1	8.391	0	0	216315	100000	0	ok
PROBE-TSV	1	tar.bz2	entries	immediate	replace_file	publish	1	0.786	0	0	216315	100000	0	ok
PROBE-TSV	1	tar.bz2	entries	immediate	replace_file	reader_adoption	1	0.002	0	0	216315	100000	0	ok
PROBE-TSV	1	tar.bz2	entries	immediate	replace_file	reload	1	180.601	0	0	216315	100000	0	ok
PROBE-TSV	1	tar.bz2	entries	immediate	replace_file	total	1	1234.328	0	241664	216315	100000	0	ok
PROBE-TSV	1	tar.bz2	entries	immediate	replace_file	tree_build	1	60.547	0	0	216315	100000	0	ok
PROBE-TSV	1	tar.bz2	entries	immediate	replace_file	updater_open	1	241.355	0	0	216315	100000	0	ok
PROBE-TSV	1	tar.bz2	entries	immediate	replace_file	verification_open	1	360.427	0	0	216315	100000	0	ok
PROBE-TSV	1	tar.bz2	entries	deferred	five_changes_reserve_rename	display	1	2.732	0	0	216235	100000	0	ok
PROBE-TSV	1	tar.bz2	entries	deferred	five_changes_reserve_rename	filter_compute	1	0.001	0	0	216235	100000	0	ok
PROBE-TSV	1	tar.bz2	entries	deferred	five_changes_reserve_rename	password_verification	1	0.562	0	0	216235	100000	0	ok
PROBE-TSV	1	tar.bz2	entries	deferred	five_changes_reserve_rename	total	1	144.542	0	0	216235	100000	0	ok
PROBE-TSV	1	tar.bz2	entries	deferred	five_changes_reserve_rename	tree_build	1	62.110	0	0	216235	100000	0	ok
PROBE-TSV	1	tar.bz2	entries	deferred	five_changes_reserve_delete	display	1	2.716	0	0	216235	100000	0	ok
PROBE-TSV	1	tar.bz2	entries	deferred	five_changes_reserve_delete	filter_compute	1	0.001	0	0	216235	100000	0	ok
PROBE-TSV	1	tar.bz2	entries	deferred	five_changes_reserve_delete	password_verification	1	0.562	0	0	216235	100000	0	ok
PROBE-TSV	1	tar.bz2	entries	deferred	five_changes_reserve_delete	total	1	124.546	0	0	216235	100000	0	ok
PROBE-TSV	1	tar.bz2	entries	deferred	five_changes_reserve_delete	tree_build	1	66.610	0	0	216235	100000	0	ok
PROBE-TSV	1	tar.bz2	entries	deferred	five_changes_reserve_new_folder	display	1	2.851	0	0	216235	100000	0	ok
PROBE-TSV	1	tar.bz2	entries	deferred	five_changes_reserve_new_folder	filter_compute	1	0.001	0	0	216235	100000	0	ok
PROBE-TSV	1	tar.bz2	entries	deferred	five_changes_reserve_new_folder	password_verification	1	0.572	0	0	216235	100000	0	ok
PROBE-TSV	1	tar.bz2	entries	deferred	five_changes_reserve_new_folder	total	1	158.184	0	0	216235	100000	0	ok
PROBE-TSV	1	tar.bz2	entries	deferred	five_changes_reserve_new_folder	tree_build	1	66.578	0	0	216235	100000	0	ok
PROBE-TSV	1	tar.bz2	entries	deferred	five_changes_reserve_delete_folder	display	1	2.895	0	0	216235	100000	0	ok
PROBE-TSV	1	tar.bz2	entries	deferred	five_changes_reserve_delete_folder	filter_compute	1	0.001	0	0	216235	100000	0	ok
PROBE-TSV	1	tar.bz2	entries	deferred	five_changes_reserve_delete_folder	password_verification	1	0.584	0	0	216235	100000	0	ok
PROBE-TSV	1	tar.bz2	entries	deferred	five_changes_reserve_delete_folder	total	1	197.011	0	0	216235	100000	0	ok
PROBE-TSV	1	tar.bz2	entries	deferred	five_changes_reserve_delete_folder	tree_build	1	65.136	0	0	216235	100000	0	ok
PROBE-TSV	1	tar.bz2	entries	deferred	five_changes_reserve_add	display	1	2.965	0	0	216235	100000	0	ok
PROBE-TSV	1	tar.bz2	entries	deferred	five_changes_reserve_add	filter_compute	1	0.001	0	0	216235	100000	0	ok
PROBE-TSV	1	tar.bz2	entries	deferred	five_changes_reserve_add	password_verification	1	0.578	0	0	216235	100000	0	ok
PROBE-TSV	1	tar.bz2	entries	deferred	five_changes_reserve_add	plan_build	3	0.069	0	0	216235	100000	0	ok
PROBE-TSV	1	tar.bz2	entries	deferred	five_changes_reserve_add	total	1	160.510	0	4096	216235	100000	0	ok
PROBE-TSV	1	tar.bz2	entries	deferred	five_changes_reserve_add	tree_build	1	63.355	0	0	216235	100000	0	ok
PROBE-TSV	1	tar.bz2	entries	deferred	save_five_changes	capability_probe	1	179.501	0	0	214689	100000	0	ok
PROBE-TSV	1	tar.bz2	entries	deferred	save_five_changes	commit	1	40.638	0	229376	214689	100000	0	ok
PROBE-TSV	1	tar.bz2	entries	deferred	save_five_changes	display	1	2.840	0	0	214689	100000	0	ok
PROBE-TSV	1	tar.bz2	entries	deferred	save_five_changes	editing_install	1	0.007	0	0	214689	100000	0	ok
PROBE-TSV	1	tar.bz2	entries	deferred	save_five_changes	editing_prepare	1	36.209	0	0	214689	100000	0	ok
PROBE-TSV	1	tar.bz2	entries	deferred	save_five_changes	entry_comparison	1	65.628	0	0	214689	100000	0	ok
PROBE-TSV	1	tar.bz2	entries	deferred	save_five_changes	filter_compute	2	0.001	0	0	214689	100000	0	ok
PROBE-TSV	1	tar.bz2	entries	deferred	save_five_changes	name_index_advance	1	16.954	0	0	214689	100000	0	ok
PROBE-TSV	1	tar.bz2	entries	deferred	save_five_changes	password_verification	1	0.585	0	0	214689	100000	0	ok
PROBE-TSV	1	tar.bz2	entries	deferred	save_five_changes	publish	1	0.984	0	0	214689	100000	0	ok
PROBE-TSV	1	tar.bz2	entries	deferred	save_five_changes	reader_adoption	1	0.004	0	0	214689	100000	0	ok
PROBE-TSV	1	tar.bz2	entries	deferred	save_five_changes	reload	1	197.290	0	0	214689	100000	0	ok
PROBE-TSV	1	tar.bz2	entries	deferred	save_five_changes	replay	1	134.034	4096	0	214689	100000	0	ok
PROBE-TSV	1	tar.bz2	entries	deferred	save_five_changes	replay_plan	1	28.123	0	0	214689	100000	0	ok
PROBE-TSV	1	tar.bz2	entries	deferred	save_five_changes	representability_differential	1	0.808	0	0	214689	100000	0	ok
PROBE-TSV	1	tar.bz2	entries	deferred	save_five_changes	save_sheet	1	1536.153	4096	253952	214689	100000	0	ok
PROBE-TSV	1	tar.bz2	entries	deferred	save_five_changes	total	1	1572.725	4096	253952	214689	100000	0	ok
PROBE-TSV	1	tar.bz2	entries	deferred	save_five_changes	tree_build	1	67.611	0	0	214689	100000	0	ok
PROBE-TSV	1	tar.bz2	entries	deferred	save_five_changes	updater_open	1	249.694	0	0	214689	100000	0	ok
PROBE-TSV	1	tar.bz2	entries	deferred	save_five_changes	verification_open	1	377.113	0	0	214689	100000	0	ok
PROBE-TSV	1	tar.bz2	entries	deferred	rename_only_reserve_rename	display	1	2.711	0	0	216235	100000	0	ok
PROBE-TSV	1	tar.bz2	entries	deferred	rename_only_reserve_rename	filter_compute	1	0.001	0	0	216235	100000	0	ok
PROBE-TSV	1	tar.bz2	entries	deferred	rename_only_reserve_rename	password_verification	1	0.568	0	0	216235	100000	0	ok
PROBE-TSV	1	tar.bz2	entries	deferred	rename_only_reserve_rename	total	1	144.703	0	0	216235	100000	0	ok
PROBE-TSV	1	tar.bz2	entries	deferred	rename_only_reserve_rename	tree_build	1	61.685	0	0	216235	100000	0	ok
PROBE-TSV	1	tar.bz2	entries	deferred	save_rename_only	capability_probe	1	170.956	0	0	216268	100000	0	ok
PROBE-TSV	1	tar.bz2	entries	deferred	save_rename_only	commit	1	48.049	0	229376	216268	100000	0	ok
PROBE-TSV	1	tar.bz2	entries	deferred	save_rename_only	display	1	2.767	0	0	216268	100000	0	ok
PROBE-TSV	1	tar.bz2	entries	deferred	save_rename_only	editing_install	1	0.007	0	0	216268	100000	0	ok
PROBE-TSV	1	tar.bz2	entries	deferred	save_rename_only	editing_prepare	1	26.922	0	0	216268	100000	0	ok
PROBE-TSV	1	tar.bz2	entries	deferred	save_rename_only	entry_comparison	1	61.754	0	0	216268	100000	0	ok
PROBE-TSV	1	tar.bz2	entries	deferred	save_rename_only	filter_compute	2	0.001	0	0	216268	100000	0	ok
PROBE-TSV	1	tar.bz2	entries	deferred	save_rename_only	name_index_advance	1	13.052	0	0	216268	100000	0	ok
PROBE-TSV	1	tar.bz2	entries	deferred	save_rename_only	password_verification	1	0.570	0	0	216268	100000	0	ok
PROBE-TSV	1	tar.bz2	entries	deferred	save_rename_only	publish	1	0.399	0	0	216268	100000	0	ok
PROBE-TSV	1	tar.bz2	entries	deferred	save_rename_only	reader_adoption	1	0.003	0	0	216268	100000	0	ok
PROBE-TSV	1	tar.bz2	entries	deferred	save_rename_only	reload	1	184.703	0	0	216268	100000	0	ok
PROBE-TSV	1	tar.bz2	entries	deferred	save_rename_only	replay	1	59.125	0	0	216268	100000	0	ok
PROBE-TSV	1	tar.bz2	entries	deferred	save_rename_only	replay_plan	1	20.528	0	0	216268	100000	0	ok
PROBE-TSV	1	tar.bz2	entries	deferred	save_rename_only	representability_differential	1	0.026	0	0	216268	100000	0	ok
PROBE-TSV	1	tar.bz2	entries	deferred	save_rename_only	save_sheet	1	1404.031	0	241664	216268	100000	0	ok
PROBE-TSV	1	tar.bz2	entries	deferred	save_rename_only	total	1	1431.266	0	241664	216268	100000	0	ok
PROBE-TSV	1	tar.bz2	entries	deferred	save_rename_only	tree_build	1	62.977	0	0	216268	100000	0	ok
PROBE-TSV	1	tar.bz2	entries	deferred	save_rename_only	updater_open	1	244.008	0	0	216268	100000	0	ok
PROBE-TSV	1	tar.bz2	entries	deferred	save_rename_only	verification_open	1	367.095	0	0	216268	100000	0	ok
PROBE-PROGRESS	tar.bz2	payload	delete_start	35	33	1.414	17.371
PROBE-TSV	1	tar.bz2	payload	immediate	delete_start	capability_probe	1	1.945	0	0	141440895	1064	256	ok
PROBE-TSV	1	tar.bz2	payload	immediate	delete_start	commit	1	21.156	0	141455360	141440895	1064	256	ok
PROBE-TSV	1	tar.bz2	payload	immediate	delete_start	display	1	1.283	0	0	141440895	1064	256	ok
PROBE-TSV	1	tar.bz2	payload	immediate	delete_start	entry_comparison	1	0.647	0	0	141440895	1064	256	ok
PROBE-TSV	1	tar.bz2	payload	immediate	delete_start	filter_compute	1	0.000	0	0	141440895	1064	256	ok
PROBE-TSV	1	tar.bz2	payload	immediate	delete_start	mutate	1	0.613	0	0	141440895	1064	256	ok
PROBE-TSV	1	tar.bz2	payload	immediate	delete_start	password_verification	1	0.026	0	0	141440895	1064	256	ok
PROBE-TSV	1	tar.bz2	payload	immediate	delete_start	plan_build	1	0.010	0	0	141440895	1064	256	ok
PROBE-TSV	1	tar.bz2	payload	immediate	delete_start	plan_validation	1	0.086	0	0	141440895	1064	256	ok
PROBE-TSV	1	tar.bz2	payload	immediate	delete_start	publish	1	0.744	0	0	141440895	1064	256	ok
PROBE-TSV	1	tar.bz2	payload	immediate	delete_start	reader_adoption	1	0.002	0	0	141440895	1064	256	ok
PROBE-TSV	1	tar.bz2	payload	immediate	delete_start	reload	1	2.138	0	0	141440895	1064	256	ok
PROBE-TSV	1	tar.bz2	payload	immediate	delete_start	total	1	49.124	0	141467648	141440895	1064	256	ok
PROBE-TSV	1	tar.bz2	payload	immediate	delete_start	tree_build	1	0.559	0	0	141440895	1064	256	ok
PROBE-TSV	1	tar.bz2	payload	immediate	delete_start	updater_open	1	2.657	0	0	141440895	1064	256	ok
PROBE-TSV	1	tar.bz2	payload	immediate	delete_start	verification_open	1	15.486	0	0	141440895	1064	256	ok
PROBE-PROGRESS	tar.bz2	payload	delete_end	36	34	5.409	17.002
PROBE-TSV	1	tar.bz2	payload	immediate	delete_end	capability_probe	1	1.970	0	0	143016757	1064	256	ok
PROBE-TSV	1	tar.bz2	payload	immediate	delete_end	commit	1	26.721	0	143028224	143016757	1064	256	ok
PROBE-TSV	1	tar.bz2	payload	immediate	delete_end	display	1	1.114	0	0	143016757	1064	256	ok
PROBE-TSV	1	tar.bz2	payload	immediate	delete_end	entry_comparison	1	0.633	0	0	143016757	1064	256	ok
PROBE-TSV	1	tar.bz2	payload	immediate	delete_end	filter_compute	1	0.000	0	0	143016757	1064	256	ok
PROBE-TSV	1	tar.bz2	payload	immediate	delete_end	mutate	1	0.609	0	0	143016757	1064	256	ok
PROBE-TSV	1	tar.bz2	payload	immediate	delete_end	password_verification	1	0.027	0	0	143016757	1064	256	ok
PROBE-TSV	1	tar.bz2	payload	immediate	delete_end	plan_build	1	0.010	0	0	143016757	1064	256	ok
PROBE-TSV	1	tar.bz2	payload	immediate	delete_end	plan_validation	1	0.090	0	0	143016757	1064	256	ok
PROBE-TSV	1	tar.bz2	payload	immediate	delete_end	publish	1	0.733	0	0	143016757	1064	256	ok
PROBE-TSV	1	tar.bz2	payload	immediate	delete_end	reader_adoption	1	0.002	0	0	143016757	1064	256	ok
PROBE-TSV	1	tar.bz2	payload	immediate	delete_end	reload	1	2.168	0	0	143016757	1064	256	ok
PROBE-TSV	1	tar.bz2	payload	immediate	delete_end	total	1	54.064	0	143040512	143016757	1064	256	ok
PROBE-TSV	1	tar.bz2	payload	immediate	delete_end	tree_build	1	0.564	0	0	143016757	1064	256	ok
PROBE-TSV	1	tar.bz2	payload	immediate	delete_end	updater_open	1	2.728	0	0	143016757	1064	256	ok
PROBE-TSV	1	tar.bz2	payload	immediate	delete_end	verification_open	1	15.135	0	0	143016757	1064	256	ok
PROBE-PROGRESS	tar.bz2	payload	rename_same_length	36	34	199.900	107.912
PROBE-TSV	1	tar.bz2	payload	immediate	rename_same_length	capability_probe	1	1.988	0	0	143016710	1064	256	ok
PROBE-TSV	1	tar.bz2	payload	immediate	rename_same_length	commit	1	312.218	0	143028224	143016710	1064	256	ok
PROBE-TSV	1	tar.bz2	payload	immediate	rename_same_length	display	1	1.254	0	0	143016710	1064	256	ok
PROBE-TSV	1	tar.bz2	payload	immediate	rename_same_length	entry_comparison	1	0.638	0	0	143016710	1064	256	ok
PROBE-TSV	1	tar.bz2	payload	immediate	rename_same_length	filter_compute	1	0.000	0	0	143016710	1064	256	ok
PROBE-TSV	1	tar.bz2	payload	immediate	rename_same_length	mutate	1	0.608	0	0	143016710	1064	256	ok
PROBE-TSV	1	tar.bz2	payload	immediate	rename_same_length	name_index_advance	1	0.138	0	0	143016710	1064	256	ok
PROBE-TSV	1	tar.bz2	payload	immediate	rename_same_length	name_index_build	1	1.470	0	0	143016710	1064	256	ok
PROBE-TSV	1	tar.bz2	payload	immediate	rename_same_length	password_verification	1	0.028	0	0	143016710	1064	256	ok
PROBE-TSV	1	tar.bz2	payload	immediate	rename_same_length	plan_build	1	0.017	0	0	143016710	1064	256	ok
PROBE-TSV	1	tar.bz2	payload	immediate	rename_same_length	plan_validation	1	0.096	0	0	143016710	1064	256	ok
PROBE-TSV	1	tar.bz2	payload	immediate	rename_same_length	publish	1	0.743	0	0	143016710	1064	256	ok
PROBE-TSV	1	tar.bz2	payload	immediate	rename_same_length	reader_adoption	1	0.002	0	0	143016710	1064	256	ok
PROBE-TSV	1	tar.bz2	payload	immediate	rename_same_length	reload	1	2.329	0	0	143016710	1064	256	ok
PROBE-TSV	1	tar.bz2	payload	immediate	rename_same_length	total	1	432.536	0	143040512	143016710	1064	256	ok
PROBE-TSV	1	tar.bz2	payload	immediate	rename_same_length	tree_build	1	0.575	0	0	143016710	1064	256	ok
PROBE-TSV	1	tar.bz2	payload	immediate	rename_same_length	updater_open	1	2.725	0	0	143016710	1064	256	ok
PROBE-TSV	1	tar.bz2	payload	immediate	rename_same_length	verification_open	1	105.725	0	0	143016710	1064	256	ok
PROBE-PROGRESS	tar.bz2	payload	rename_different_length	36	34	199.655	107.126
PROBE-TSV	1	tar.bz2	payload	immediate	rename_different_length	capability_probe	1	1.969	0	0	143016945	1064	256	ok
PROBE-TSV	1	tar.bz2	payload	immediate	rename_different_length	commit	1	312.036	0	143028224	143016945	1064	256	ok
PROBE-TSV	1	tar.bz2	payload	immediate	rename_different_length	display	1	1.181	0	0	143016945	1064	256	ok
PROBE-TSV	1	tar.bz2	payload	immediate	rename_different_length	entry_comparison	1	0.646	0	0	143016945	1064	256	ok
PROBE-TSV	1	tar.bz2	payload	immediate	rename_different_length	filter_compute	1	0.000	0	0	143016945	1064	256	ok
PROBE-TSV	1	tar.bz2	payload	immediate	rename_different_length	mutate	1	0.611	0	0	143016945	1064	256	ok
PROBE-TSV	1	tar.bz2	payload	immediate	rename_different_length	name_index_advance	1	0.127	0	0	143016945	1064	256	ok
PROBE-TSV	1	tar.bz2	payload	immediate	rename_different_length	name_index_build	1	1.462	0	0	143016945	1064	256	ok
PROBE-TSV	1	tar.bz2	payload	immediate	rename_different_length	password_verification	1	0.028	0	0	143016945	1064	256	ok
PROBE-TSV	1	tar.bz2	payload	immediate	rename_different_length	plan_build	1	0.018	0	0	143016945	1064	256	ok
PROBE-TSV	1	tar.bz2	payload	immediate	rename_different_length	plan_validation	1	0.096	0	0	143016945	1064	256	ok
PROBE-TSV	1	tar.bz2	payload	immediate	rename_different_length	publish	1	0.757	0	0	143016945	1064	256	ok
PROBE-TSV	1	tar.bz2	payload	immediate	rename_different_length	reader_adoption	1	0.002	0	0	143016945	1064	256	ok
PROBE-TSV	1	tar.bz2	payload	immediate	rename_different_length	reload	1	2.310	0	0	143016945	1064	256	ok
PROBE-TSV	1	tar.bz2	payload	immediate	rename_different_length	total	1	431.214	0	143040512	143016945	1064	256	ok
PROBE-TSV	1	tar.bz2	payload	immediate	rename_different_length	tree_build	1	0.571	0	0	143016945	1064	256	ok
PROBE-TSV	1	tar.bz2	payload	immediate	rename_different_length	updater_open	1	2.703	0	0	143016945	1064	256	ok
PROBE-TSV	1	tar.bz2	payload	immediate	rename_different_length	verification_open	1	104.993	0	0	143016945	1064	256	ok
PROBE-PROGRESS	tar.bz2	payload	rename_folder	100	98	1807.240	6456.155
PROBE-TSV	1	tar.bz2	payload	immediate	rename_folder	capability_probe	1	1.937	0	0	143025409	1064	256	ok
PROBE-TSV	1	tar.bz2	payload	immediate	rename_folder	commit	1	3469.940	0	143065088	143025409	1064	256	ok
PROBE-TSV	1	tar.bz2	payload	immediate	rename_folder	display	1	1.094	0	0	143025409	1064	256	ok
PROBE-TSV	1	tar.bz2	payload	immediate	rename_folder	entry_comparison	1	0.645	0	0	143025409	1064	256	ok
PROBE-TSV	1	tar.bz2	payload	immediate	rename_folder	filter_compute	1	0.000	0	0	143025409	1064	256	ok
PROBE-TSV	1	tar.bz2	payload	immediate	rename_folder	mutate	1	0.881	0	0	143025409	1064	256	ok
PROBE-TSV	1	tar.bz2	payload	immediate	rename_folder	name_index_advance	1	0.376	0	0	143025409	1064	256	ok
PROBE-TSV	1	tar.bz2	payload	immediate	rename_folder	name_index_build	1	1.436	0	0	143025409	1064	256	ok
PROBE-TSV	1	tar.bz2	payload	immediate	rename_folder	password_verification	1	0.027	0	0	143025409	1064	256	ok
PROBE-TSV	1	tar.bz2	payload	immediate	rename_folder	plan_build	1	0.319	0	0	143025409	1064	256	ok
PROBE-TSV	1	tar.bz2	payload	immediate	rename_folder	plan_validation	1	0.234	0	0	143025409	1064	256	ok
PROBE-TSV	1	tar.bz2	payload	immediate	rename_folder	publish	1	0.815	0	0	143025409	1064	256	ok
PROBE-TSV	1	tar.bz2	payload	immediate	rename_folder	reader_adoption	1	0.002	0	0	143025409	1064	256	ok
PROBE-TSV	1	tar.bz2	payload	immediate	rename_folder	reload	1	2.523	0	0	143025409	1064	256	ok
PROBE-TSV	1	tar.bz2	payload	immediate	rename_folder	total	1	9938.718	0	411512832	143025409	1064	256	ok
PROBE-TSV	1	tar.bz2	payload	immediate	rename_folder	tree_build	1	0.593	0	0	143025409	1064	256	ok
PROBE-TSV	1	tar.bz2	payload	immediate	rename_folder	updater_open	1	2.769	0	0	143025409	1064	256	ok
PROBE-TSV	1	tar.bz2	payload	immediate	rename_folder	verification_open	1	6453.754	0	268435456	143025409	1064	256	ok
PROBE-PROGRESS	tar.bz2	payload	new_folder	36	34	1.100	17.179
PROBE-TSV	1	tar.bz2	payload	immediate	new_folder	capability_probe	1	2.115	0	0	143016825	1064	256	ok
PROBE-TSV	1	tar.bz2	payload	immediate	new_folder	commit	1	21.101	0	143024128	143016825	1064	256	ok
PROBE-TSV	1	tar.bz2	payload	immediate	new_folder	display	1	1.135	0	0	143016825	1064	256	ok
PROBE-TSV	1	tar.bz2	payload	immediate	new_folder	entry_comparison	1	0.668	0	0	143016825	1064	256	ok
PROBE-TSV	1	tar.bz2	payload	immediate	new_folder	filter_compute	1	0.000	0	0	143016825	1064	256	ok
PROBE-TSV	1	tar.bz2	payload	immediate	new_folder	mutate	1	0.825	0	0	143016825	1064	256	ok
PROBE-TSV	1	tar.bz2	payload	immediate	new_folder	name_index_advance	1	0.114	0	0	143016825	1064	256	ok
PROBE-TSV	1	tar.bz2	payload	immediate	new_folder	name_index_build	1	1.613	0	0	143016825	1064	256	ok
PROBE-TSV	1	tar.bz2	payload	immediate	new_folder	password_verification	1	0.029	0	0	143016825	1064	256	ok
PROBE-TSV	1	tar.bz2	payload	immediate	new_folder	plan_build	1	1.625	0	0	143016825	1064	256	ok
PROBE-TSV	1	tar.bz2	payload	immediate	new_folder	plan_validation	1	0.086	0	0	143016825	1064	256	ok
PROBE-TSV	1	tar.bz2	payload	immediate	new_folder	publish	1	0.756	0	0	143016825	1064	256	ok
PROBE-TSV	1	tar.bz2	payload	immediate	new_folder	reader_adoption	1	0.002	0	0	143016825	1064	256	ok
PROBE-TSV	1	tar.bz2	payload	immediate	new_folder	reload	1	2.430	0	0	143016825	1064	256	ok
PROBE-TSV	1	tar.bz2	payload	immediate	new_folder	total	1	51.409	0	143036416	143016825	1064	256	ok
PROBE-TSV	1	tar.bz2	payload	immediate	new_folder	tree_build	1	0.562	0	0	143016825	1064	256	ok
PROBE-TSV	1	tar.bz2	payload	immediate	new_folder	updater_open	1	2.944	0	0	143016825	1064	256	ok
PROBE-TSV	1	tar.bz2	payload	immediate	new_folder	verification_open	1	15.252	0	0	143016825	1064	256	ok
PROBE-PROGRESS	tar.bz2	payload	add_file	38	35	1.108	17.047
PROBE-TSV	1	tar.bz2	payload	immediate	add_file	capability_probe	1	2.122	0	0	143016829	1064	256	ok
PROBE-TSV	1	tar.bz2	payload	immediate	add_file	commit	1	20.354	0	143024128	143016829	1064	256	ok
PROBE-TSV	1	tar.bz2	payload	immediate	add_file	display	1	1.273	0	0	143016829	1064	256	ok
PROBE-TSV	1	tar.bz2	payload	immediate	add_file	entry_comparison	1	0.715	0	0	143016829	1064	256	ok
PROBE-TSV	1	tar.bz2	payload	immediate	add_file	filter_compute	1	0.000	0	0	143016829	1064	256	ok
PROBE-TSV	1	tar.bz2	payload	immediate	add_file	mutate	1	0.894	0	0	143016829	1064	256	ok
PROBE-TSV	1	tar.bz2	payload	immediate	add_file	name_index_advance	1	0.135	0	0	143016829	1064	256	ok
PROBE-TSV	1	tar.bz2	payload	immediate	add_file	name_index_build	1	1.633	0	0	143016829	1064	256	ok
PROBE-TSV	1	tar.bz2	payload	immediate	add_file	password_verification	1	0.029	0	0	143016829	1064	256	ok
PROBE-TSV	1	tar.bz2	payload	immediate	add_file	plan_build	3	0.044	0	0	143016829	1064	256	ok
PROBE-TSV	1	tar.bz2	payload	immediate	add_file	plan_validation	1	0.090	0	0	143016829	1064	256	ok
PROBE-TSV	1	tar.bz2	payload	immediate	add_file	publish	1	0.740	0	0	143016829	1064	256	ok
PROBE-TSV	1	tar.bz2	payload	immediate	add_file	reader_adoption	1	0.002	0	0	143016829	1064	256	ok
PROBE-TSV	1	tar.bz2	payload	immediate	add_file	reload	1	2.464	0	0	143016829	1064	256	ok
PROBE-TSV	1	tar.bz2	payload	immediate	add_file	total	1	50.503	0	143036416	143016829	1064	256	ok
PROBE-TSV	1	tar.bz2	payload	immediate	add_file	tree_build	1	0.555	0	0	143016829	1064	256	ok
PROBE-TSV	1	tar.bz2	payload	immediate	add_file	updater_open	1	2.925	0	0	143016829	1064	256	ok
PROBE-TSV	1	tar.bz2	payload	immediate	add_file	verification_open	1	15.120	0	0	143016829	1064	256	ok
PROBE-PROGRESS	tar.bz2	payload	replace_file	37	34	1.458	16.991
PROBE-TSV	1	tar.bz2	payload	immediate	replace_file	capability_probe	1	2.138	0	0	141441004	1064	256	ok
PROBE-TSV	1	tar.bz2	payload	immediate	replace_file	commit	1	20.976	0	141455360	141441004	1064	256	ok
PROBE-TSV	1	tar.bz2	payload	immediate	replace_file	display	1	1.249	0	0	141441004	1064	256	ok
PROBE-TSV	1	tar.bz2	payload	immediate	replace_file	entry_comparison	1	0.700	0	0	141441004	1064	256	ok
PROBE-TSV	1	tar.bz2	payload	immediate	replace_file	filter_compute	1	0.000	0	0	141441004	1064	256	ok
PROBE-TSV	1	tar.bz2	payload	immediate	replace_file	mutate	1	1.465	0	0	141441004	1064	256	ok
PROBE-TSV	1	tar.bz2	payload	immediate	replace_file	name_index_advance	1	0.130	0	0	141441004	1064	256	ok
PROBE-TSV	1	tar.bz2	payload	immediate	replace_file	name_index_build	1	1.599	0	0	141441004	1064	256	ok
PROBE-TSV	1	tar.bz2	payload	immediate	replace_file	password_verification	1	0.034	0	0	141441004	1064	256	ok
PROBE-TSV	1	tar.bz2	payload	immediate	replace_file	plan_build	4	0.074	0	0	141441004	1064	256	ok
PROBE-TSV	1	tar.bz2	payload	immediate	replace_file	plan_validation	1	0.090	0	0	141441004	1064	256	ok
PROBE-TSV	1	tar.bz2	payload	immediate	replace_file	publish	1	0.731	0	0	141441004	1064	256	ok
PROBE-TSV	1	tar.bz2	payload	immediate	replace_file	reader_adoption	1	0.002	0	0	141441004	1064	256	ok
PROBE-TSV	1	tar.bz2	payload	immediate	replace_file	reload	1	2.478	0	0	141441004	1064	256	ok
PROBE-TSV	1	tar.bz2	payload	immediate	replace_file	total	1	51.402	0	141467648	141441004	1064	256	ok
PROBE-TSV	1	tar.bz2	payload	immediate	replace_file	tree_build	1	0.591	0	0	141441004	1064	256	ok
PROBE-TSV	1	tar.bz2	payload	immediate	replace_file	updater_open	1	2.872	0	0	141441004	1064	256	ok
PROBE-TSV	1	tar.bz2	payload	immediate	replace_file	verification_open	1	15.007	0	0	141441004	1064	256	ok
PROBE-TSV	1	tar.bz2	payload	deferred	five_changes_reserve_rename	display	1	1.004	0	0	143016728	1064	256	ok
PROBE-TSV	1	tar.bz2	payload	deferred	five_changes_reserve_rename	filter_compute	1	0.000	0	0	143016728	1064	256	ok
PROBE-TSV	1	tar.bz2	payload	deferred	five_changes_reserve_rename	password_verification	1	0.028	0	0	143016728	1064	256	ok
PROBE-TSV	1	tar.bz2	payload	deferred	five_changes_reserve_rename	total	1	20.831	0	0	143016728	1064	256	ok
PROBE-TSV	1	tar.bz2	payload	deferred	five_changes_reserve_rename	tree_build	1	0.643	0	0	143016728	1064	256	ok
PROBE-TSV	1	tar.bz2	payload	deferred	five_changes_reserve_delete	display	1	0.930	0	0	143016728	1064	256	ok
PROBE-TSV	1	tar.bz2	payload	deferred	five_changes_reserve_delete	filter_compute	1	0.000	0	0	143016728	1064	256	ok
PROBE-TSV	1	tar.bz2	payload	deferred	five_changes_reserve_delete	password_verification	1	0.029	0	0	143016728	1064	256	ok
PROBE-TSV	1	tar.bz2	payload	deferred	five_changes_reserve_delete	total	1	4.172	0	0	143016728	1064	256	ok
PROBE-TSV	1	tar.bz2	payload	deferred	five_changes_reserve_delete	tree_build	1	0.593	0	0	143016728	1064	256	ok
PROBE-TSV	1	tar.bz2	payload	deferred	five_changes_reserve_new_folder	display	1	0.467	0	0	143016728	1064	256	ok
PROBE-TSV	1	tar.bz2	payload	deferred	five_changes_reserve_new_folder	filter_compute	1	0.000	0	0	143016728	1064	256	ok
PROBE-TSV	1	tar.bz2	payload	deferred	five_changes_reserve_new_folder	password_verification	1	0.023	0	0	143016728	1064	256	ok
PROBE-TSV	1	tar.bz2	payload	deferred	five_changes_reserve_new_folder	total	1	3.664	0	0	143016728	1064	256	ok
PROBE-TSV	1	tar.bz2	payload	deferred	five_changes_reserve_new_folder	tree_build	1	0.539	0	0	143016728	1064	256	ok
PROBE-TSV	1	tar.bz2	payload	deferred	five_changes_reserve_delete_folder	display	1	1.239	0	0	143016728	1064	256	ok
PROBE-TSV	1	tar.bz2	payload	deferred	five_changes_reserve_delete_folder	filter_compute	1	0.000	0	0	143016728	1064	256	ok
PROBE-TSV	1	tar.bz2	payload	deferred	five_changes_reserve_delete_folder	password_verification	1	0.028	0	0	143016728	1064	256	ok
PROBE-TSV	1	tar.bz2	payload	deferred	five_changes_reserve_delete_folder	total	1	39.780	0	0	143016728	1064	256	ok
PROBE-TSV	1	tar.bz2	payload	deferred	five_changes_reserve_delete_folder	tree_build	1	0.043	0	0	143016728	1064	256	ok
PROBE-TSV	1	tar.bz2	payload	deferred	five_changes_reserve_add	display	1	0.998	0	0	143016728	1064	256	ok
PROBE-TSV	1	tar.bz2	payload	deferred	five_changes_reserve_add	filter_compute	1	0.000	0	0	143016728	1064	256	ok
PROBE-TSV	1	tar.bz2	payload	deferred	five_changes_reserve_add	password_verification	1	0.028	0	0	143016728	1064	256	ok
PROBE-TSV	1	tar.bz2	payload	deferred	five_changes_reserve_add	plan_build	3	0.051	0	0	143016728	1064	256	ok
PROBE-TSV	1	tar.bz2	payload	deferred	five_changes_reserve_add	total	1	7.156	0	4096	143016728	1064	256	ok
PROBE-TSV	1	tar.bz2	payload	deferred	five_changes_reserve_add	tree_build	1	0.045	0	0	143016728	1064	256	ok
PROBE-TSV	1	tar.bz2	payload	deferred	save_five_changes	capability_probe	1	0.278	0	0	143013391	1064	256	ok
PROBE-TSV	1	tar.bz2	payload	deferred	save_five_changes	commit	1	419.180	0	143020032	143013391	1064	256	ok
PROBE-TSV	1	tar.bz2	payload	deferred	save_five_changes	display	1	1.781	0	0	143013391	1064	256	ok
PROBE-TSV	1	tar.bz2	payload	deferred	save_five_changes	editing_install	1	0.012	0	0	143013391	1064	256	ok
PROBE-TSV	1	tar.bz2	payload	deferred	save_five_changes	editing_prepare	1	1.989	0	0	143013391	1064	256	ok
PROBE-TSV	1	tar.bz2	payload	deferred	save_five_changes	entry_comparison	1	0.052	0	0	143013391	1064	256	ok
PROBE-TSV	1	tar.bz2	payload	deferred	save_five_changes	filter_compute	2	0.001	0	0	143013391	1064	256	ok
PROBE-TSV	1	tar.bz2	payload	deferred	save_five_changes	name_index_advance	1	0.790	0	0	143013391	1064	256	ok
PROBE-TSV	1	tar.bz2	payload	deferred	save_five_changes	password_verification	1	0.036	0	0	143013391	1064	256	ok
PROBE-TSV	1	tar.bz2	payload	deferred	save_five_changes	publish	1	0.961	0	0	143013391	1064	256	ok
PROBE-TSV	1	tar.bz2	payload	deferred	save_five_changes	reader_adoption	1	0.002	0	0	143013391	1064	256	ok
PROBE-TSV	1	tar.bz2	payload	deferred	save_five_changes	reload	1	2.332	0	0	143013391	1064	256	ok
PROBE-TSV	1	tar.bz2	payload	deferred	save_five_changes	replay	1	2.296	4096	0	143013391	1064	256	ok
PROBE-TSV	1	tar.bz2	payload	deferred	save_five_changes	replay_plan	1	1.675	0	0	143013391	1064	256	ok
PROBE-TSV	1	tar.bz2	payload	deferred	save_five_changes	representability_differential	1	0.816	0	0	143013391	1064	256	ok
PROBE-TSV	1	tar.bz2	payload	deferred	save_five_changes	save_sheet	1	1110.623	4096	143044608	143013391	1064	256	ok
PROBE-TSV	1	tar.bz2	payload	deferred	save_five_changes	total	1	1113.073	4096	143044608	143013391	1064	256	ok
PROBE-TSV	1	tar.bz2	payload	deferred	save_five_changes	tree_build	1	0.086	0	0	143013391	1064	256	ok
PROBE-TSV	1	tar.bz2	payload	deferred	save_five_changes	updater_open	1	3.086	0	0	143013391	1064	256	ok
PROBE-TSV	1	tar.bz2	payload	deferred	save_five_changes	verification_open	1	140.896	0	0	143013391	1064	256	ok
PROBE-TSV	1	tar.bz2	payload	deferred	rename_only_reserve_rename	display	1	0.441	0	0	143016728	1064	256	ok
PROBE-TSV	1	tar.bz2	payload	deferred	rename_only_reserve_rename	filter_compute	1	0.000	0	0	143016728	1064	256	ok
PROBE-TSV	1	tar.bz2	payload	deferred	rename_only_reserve_rename	password_verification	1	0.031	0	0	143016728	1064	256	ok
PROBE-TSV	1	tar.bz2	payload	deferred	rename_only_reserve_rename	total	1	56.648	0	0	143016728	1064	256	ok
PROBE-TSV	1	tar.bz2	payload	deferred	rename_only_reserve_rename	tree_build	1	0.594	0	0	143016728	1064	256	ok
PROBE-TSV	1	tar.bz2	payload	deferred	save_rename_only	capability_probe	1	2.035	0	0	143017270	1064	256	ok
PROBE-TSV	1	tar.bz2	payload	deferred	save_rename_only	commit	1	314.641	0	143028224	143017270	1064	256	ok
PROBE-TSV	1	tar.bz2	payload	deferred	save_rename_only	display	1	1.183	0	0	143017270	1064	256	ok
PROBE-TSV	1	tar.bz2	payload	deferred	save_rename_only	editing_install	1	0.003	0	0	143017270	1064	256	ok
PROBE-TSV	1	tar.bz2	payload	deferred	save_rename_only	editing_prepare	1	0.226	0	0	143017270	1064	256	ok
PROBE-TSV	1	tar.bz2	payload	deferred	save_rename_only	entry_comparison	1	0.625	0	0	143017270	1064	256	ok
PROBE-TSV	1	tar.bz2	payload	deferred	save_rename_only	filter_compute	2	0.000	0	0	143017270	1064	256	ok
PROBE-TSV	1	tar.bz2	payload	deferred	save_rename_only	name_index_advance	1	0.121	0	0	143017270	1064	256	ok
PROBE-TSV	1	tar.bz2	payload	deferred	save_rename_only	password_verification	1	0.030	0	0	143017270	1064	256	ok
PROBE-TSV	1	tar.bz2	payload	deferred	save_rename_only	publish	1	0.366	0	0	143017270	1064	256	ok
PROBE-TSV	1	tar.bz2	payload	deferred	save_rename_only	reader_adoption	1	0.001	0	0	143017270	1064	256	ok
PROBE-TSV	1	tar.bz2	payload	deferred	save_rename_only	reload	1	3.367	0	0	143017270	1064	256	ok
PROBE-TSV	1	tar.bz2	payload	deferred	save_rename_only	replay	1	0.657	0	0	143017270	1064	256	ok
PROBE-TSV	1	tar.bz2	payload	deferred	save_rename_only	replay_plan	1	0.260	0	0	143017270	1064	256	ok
PROBE-TSV	1	tar.bz2	payload	deferred	save_rename_only	representability_differential	1	0.018	0	0	143017270	1064	256	ok
PROBE-TSV	1	tar.bz2	payload	deferred	save_rename_only	save_sheet	1	459.373	0	143040512	143017270	1064	256	ok
PROBE-TSV	1	tar.bz2	payload	deferred	save_rename_only	total	1	459.719	0	143040512	143017270	1064	256	ok
PROBE-TSV	1	tar.bz2	payload	deferred	save_rename_only	tree_build	1	0.591	0	0	143017270	1064	256	ok
PROBE-TSV	1	tar.bz2	payload	deferred	save_rename_only	updater_open	1	2.818	0	0	143017270	1064	256	ok
PROBE-TSV	1	tar.bz2	payload	deferred	save_rename_only	verification_open	1	106.595	0	0	143017270	1064	256	ok
PROBE-PROGRESS	tar.xz	entries	delete_start	5	3	160.212	433.728
PROBE-TSV	1	tar.xz	entries	immediate	delete_start	capability_probe	1	168.771	0	0	214848	100000	0	ok
PROBE-TSV	1	tar.xz	entries	immediate	delete_start	commit	1	163.806	0	221184	214848	100000	0	ok
PROBE-TSV	1	tar.xz	entries	immediate	delete_start	display	1	2.849	0	0	214848	100000	0	ok
PROBE-TSV	1	tar.xz	entries	immediate	delete_start	entry_comparison	1	61.344	0	0	214848	100000	0	ok
PROBE-TSV	1	tar.xz	entries	immediate	delete_start	filter_compute	1	0.000	0	0	214848	100000	0	ok
PROBE-TSV	1	tar.xz	entries	immediate	delete_start	mutate	1	56.169	0	0	214848	100000	0	ok
PROBE-TSV	1	tar.xz	entries	immediate	delete_start	password_verification	1	0.215	0	0	214848	100000	0	ok
PROBE-TSV	1	tar.xz	entries	immediate	delete_start	plan_build	1	0.014	0	0	214848	100000	0	ok
PROBE-TSV	1	tar.xz	entries	immediate	delete_start	plan_validation	1	8.416	0	0	214848	100000	0	ok
PROBE-TSV	1	tar.xz	entries	immediate	delete_start	publish	1	0.806	0	0	214848	100000	0	ok
PROBE-TSV	1	tar.xz	entries	immediate	delete_start	reader_adoption	1	0.002	0	0	214848	100000	0	ok
PROBE-TSV	1	tar.xz	entries	immediate	delete_start	reload	1	169.132	0	0	214848	100000	0	ok
PROBE-TSV	1	tar.xz	entries	immediate	delete_start	total	1	1153.304	0	233472	214848	100000	0	ok
PROBE-TSV	1	tar.xz	entries	immediate	delete_start	tree_build	1	59.623	0	0	214848	100000	0	ok
PROBE-TSV	1	tar.xz	entries	immediate	delete_start	updater_open	1	240.798	0	0	214848	100000	0	ok
PROBE-TSV	1	tar.xz	entries	immediate	delete_start	verification_open	1	366.183	0	0	214848	100000	0	ok
PROBE-PROGRESS	tar.xz	entries	delete_end	4	2	69.697	430.480
PROBE-TSV	1	tar.xz	entries	immediate	delete_end	capability_probe	1	169.864	0	0	214892	100000	0	ok
PROBE-TSV	1	tar.xz	entries	immediate	delete_end	commit	1	71.767	0	221184	214892	100000	0	ok
PROBE-TSV	1	tar.xz	entries	immediate	delete_end	display	1	2.832	0	0	214892	100000	0	ok
PROBE-TSV	1	tar.xz	entries	immediate	delete_end	entry_comparison	1	60.716	0	0	214892	100000	0	ok
PROBE-TSV	1	tar.xz	entries	immediate	delete_end	filter_compute	1	0.000	0	0	214892	100000	0	ok
PROBE-TSV	1	tar.xz	entries	immediate	delete_end	mutate	1	57.586	0	0	214892	100000	0	ok
PROBE-TSV	1	tar.xz	entries	immediate	delete_end	password_verification	1	0.224	0	0	214892	100000	0	ok
PROBE-TSV	1	tar.xz	entries	immediate	delete_end	plan_build	1	0.014	0	0	214892	100000	0	ok
PROBE-TSV	1	tar.xz	entries	immediate	delete_end	plan_validation	1	9.214	0	0	214892	100000	0	ok
PROBE-TSV	1	tar.xz	entries	immediate	delete_end	publish	1	0.842	0	0	214892	100000	0	ok
PROBE-TSV	1	tar.xz	entries	immediate	delete_end	reader_adoption	1	0.002	0	0	214892	100000	0	ok
PROBE-TSV	1	tar.xz	entries	immediate	delete_end	reload	1	170.235	0	0	214892	100000	0	ok
PROBE-TSV	1	tar.xz	entries	immediate	delete_end	total	1	1063.628	0	233472	214892	100000	0	ok
PROBE-TSV	1	tar.xz	entries	immediate	delete_end	tree_build	1	59.944	0	0	214892	100000	0	ok
PROBE-TSV	1	tar.xz	entries	immediate	delete_end	updater_open	1	242.987	0	0	214892	100000	0	ok
PROBE-TSV	1	tar.xz	entries	immediate	delete_end	verification_open	1	363.300	0	0	214892	100000	0	ok
PROBE-PROGRESS	tar.xz	entries	rename_same_length	5	3	168.831	433.369
PROBE-TSV	1	tar.xz	entries	immediate	rename_same_length	capability_probe	1	170.320	0	0	214936	100000	0	ok
PROBE-TSV	1	tar.xz	entries	immediate	rename_same_length	commit	1	172.297	0	229376	214936	100000	0	ok
PROBE-TSV	1	tar.xz	entries	immediate	rename_same_length	display	1	2.956	0	0	214936	100000	0	ok
PROBE-TSV	1	tar.xz	entries	immediate	rename_same_length	entry_comparison	1	60.869	0	0	214936	100000	0	ok
PROBE-TSV	1	tar.xz	entries	immediate	rename_same_length	filter_compute	1	0.000	0	0	214936	100000	0	ok
PROBE-TSV	1	tar.xz	entries	immediate	rename_same_length	mutate	1	57.584	0	0	214936	100000	0	ok
PROBE-TSV	1	tar.xz	entries	immediate	rename_same_length	name_index_advance	1	13.294	0	0	214936	100000	0	ok
PROBE-TSV	1	tar.xz	entries	immediate	rename_same_length	name_index_build	1	140.148	0	0	214936	100000	0	ok
PROBE-TSV	1	tar.xz	entries	immediate	rename_same_length	password_verification	1	0.228	0	0	214936	100000	0	ok
PROBE-TSV	1	tar.xz	entries	immediate	rename_same_length	plan_build	1	0.027	0	0	214936	100000	0	ok
PROBE-TSV	1	tar.xz	entries	immediate	rename_same_length	plan_validation	1	8.554	0	0	214936	100000	0	ok
PROBE-TSV	1	tar.xz	entries	immediate	rename_same_length	publish	1	0.744	0	0	214936	100000	0	ok
PROBE-TSV	1	tar.xz	entries	immediate	rename_same_length	reader_adoption	1	0.002	0	0	214936	100000	0	ok
PROBE-TSV	1	tar.xz	entries	immediate	rename_same_length	reload	1	184.243	0	0	214936	100000	0	ok
PROBE-TSV	1	tar.xz	entries	immediate	rename_same_length	total	1	1321.515	0	241664	214936	100000	0	ok
PROBE-TSV	1	tar.xz	entries	immediate	rename_same_length	tree_build	1	59.979	0	0	214936	100000	0	ok
PROBE-TSV	1	tar.xz	entries	immediate	rename_same_length	updater_open	1	243.857	0	0	214936	100000	0	ok
PROBE-TSV	1	tar.xz	entries	immediate	rename_same_length	verification_open	1	366.127	0	0	214936	100000	0	ok
PROBE-PROGRESS	tar.xz	entries	rename_different_length	5	3	162.785	434.427
PROBE-TSV	1	tar.xz	entries	immediate	rename_different_length	capability_probe	1	169.243	0	0	214912	100000	0	ok
PROBE-TSV	1	tar.xz	entries	immediate	rename_different_length	commit	1	166.234	0	229376	214912	100000	0	ok
PROBE-TSV	1	tar.xz	entries	immediate	rename_different_length	display	1	2.969	0	0	214912	100000	0	ok
PROBE-TSV	1	tar.xz	entries	immediate	rename_different_length	entry_comparison	1	62.031	0	0	214912	100000	0	ok
PROBE-TSV	1	tar.xz	entries	immediate	rename_different_length	filter_compute	1	0.000	0	0	214912	100000	0	ok
PROBE-TSV	1	tar.xz	entries	immediate	rename_different_length	mutate	1	57.554	0	0	214912	100000	0	ok
PROBE-TSV	1	tar.xz	entries	immediate	rename_different_length	name_index_advance	1	13.073	0	0	214912	100000	0	ok
PROBE-TSV	1	tar.xz	entries	immediate	rename_different_length	name_index_build	1	138.154	0	0	214912	100000	0	ok
PROBE-TSV	1	tar.xz	entries	immediate	rename_different_length	password_verification	1	0.214	0	0	214912	100000	0	ok
PROBE-TSV	1	tar.xz	entries	immediate	rename_different_length	plan_build	1	0.026	0	0	214912	100000	0	ok
PROBE-TSV	1	tar.xz	entries	immediate	rename_different_length	plan_validation	1	8.656	0	0	214912	100000	0	ok
PROBE-TSV	1	tar.xz	entries	immediate	rename_different_length	publish	1	0.816	0	0	214912	100000	0	ok
PROBE-TSV	1	tar.xz	entries	immediate	rename_different_length	reader_adoption	1	0.002	0	0	214912	100000	0	ok
PROBE-TSV	1	tar.xz	entries	immediate	rename_different_length	reload	1	182.908	0	0	214912	100000	0	ok
PROBE-TSV	1	tar.xz	entries	immediate	rename_different_length	total	1	1308.787	0	241664	214912	100000	0	ok
PROBE-TSV	1	tar.xz	entries	immediate	rename_different_length	tree_build	1	59.347	0	0	214912	100000	0	ok
PROBE-TSV	1	tar.xz	entries	immediate	rename_different_length	updater_open	1	239.866	0	0	214912	100000	0	ok
PROBE-TSV	1	tar.xz	entries	immediate	rename_different_length	verification_open	1	365.953	0	0	214912	100000	0	ok
PROBE-PROGRESS	tar.xz	entries	rename_folder	5	3	185.214	429.469
PROBE-TSV	1	tar.xz	entries	immediate	rename_folder	capability_probe	1	169.663	0	0	215752	100000	0	ok
PROBE-TSV	1	tar.xz	entries	immediate	rename_folder	commit	1	189.391	0	741376	215752	100000	0	ok
PROBE-TSV	1	tar.xz	entries	immediate	rename_folder	display	1	2.744	0	0	215752	100000	0	ok
PROBE-TSV	1	tar.xz	entries	immediate	rename_folder	entry_comparison	1	60.553	0	0	215752	100000	0	ok
PROBE-TSV	1	tar.xz	entries	immediate	rename_folder	filter_compute	1	0.000	0	0	215752	100000	0	ok
PROBE-TSV	1	tar.xz	entries	immediate	rename_folder	mutate	1	60.866	0	0	215752	100000	0	ok
PROBE-TSV	1	tar.xz	entries	immediate	rename_folder	name_index_advance	1	18.057	0	0	215752	100000	0	ok
PROBE-TSV	1	tar.xz	entries	immediate	rename_folder	name_index_build	1	137.878	0	0	215752	100000	0	ok
PROBE-TSV	1	tar.xz	entries	immediate	rename_folder	password_verification	1	0.196	0	0	215752	100000	0	ok
PROBE-TSV	1	tar.xz	entries	immediate	rename_folder	plan_build	1	5.619	0	0	215752	100000	0	ok
PROBE-TSV	1	tar.xz	entries	immediate	rename_folder	plan_validation	1	10.915	0	0	215752	100000	0	ok
PROBE-TSV	1	tar.xz	entries	immediate	rename_folder	publish	1	0.891	0	0	215752	100000	0	ok
PROBE-TSV	1	tar.xz	entries	immediate	rename_folder	reader_adoption	1	0.002	0	0	215752	100000	0	ok
PROBE-TSV	1	tar.xz	entries	immediate	rename_folder	reload	1	188.385	0	0	215752	100000	0	ok
PROBE-TSV	1	tar.xz	entries	immediate	rename_folder	total	1	1343.235	0	753664	215752	100000	0	ok
PROBE-TSV	1	tar.xz	entries	immediate	rename_folder	tree_build	1	59.021	0	0	215752	100000	0	ok
PROBE-TSV	1	tar.xz	entries	immediate	rename_folder	updater_open	1	239.541	0	0	215752	100000	0	ok
PROBE-TSV	1	tar.xz	entries	immediate	rename_folder	verification_open	1	362.259	0	0	215752	100000	0	ok
PROBE-PROGRESS	tar.xz	entries	new_folder	4	2	60.444	430.888
PROBE-TSV	1	tar.xz	entries	immediate	new_folder	capability_probe	1	170.289	0	0	215016	100000	0	ok
PROBE-TSV	1	tar.xz	entries	immediate	new_folder	commit	1	8.005	0	229376	215016	100000	0	ok
PROBE-TSV	1	tar.xz	entries	immediate	new_folder	display	1	2.948	0	0	215016	100000	0	ok
PROBE-TSV	1	tar.xz	entries	immediate	new_folder	entry_comparison	1	62.127	0	0	215016	100000	0	ok
PROBE-TSV	1	tar.xz	entries	immediate	new_folder	filter_compute	1	0.000	0	0	215016	100000	0	ok
PROBE-TSV	1	tar.xz	entries	immediate	new_folder	mutate	1	60.386	0	0	215016	100000	0	ok
PROBE-TSV	1	tar.xz	entries	immediate	new_folder	name_index_advance	1	12.552	0	0	215016	100000	0	ok
PROBE-TSV	1	tar.xz	entries	immediate	new_folder	name_index_build	1	137.444	0	0	215016	100000	0	ok
PROBE-TSV	1	tar.xz	entries	immediate	new_folder	password_verification	1	0.217	0	0	215016	100000	0	ok
PROBE-TSV	1	tar.xz	entries	immediate	new_folder	plan_build	1	137.469	0	0	215016	100000	0	ok
PROBE-TSV	1	tar.xz	entries	immediate	new_folder	plan_validation	1	8.830	0	0	215016	100000	0	ok
PROBE-TSV	1	tar.xz	entries	immediate	new_folder	publish	1	0.809	0	0	215016	100000	0	ok
PROBE-TSV	1	tar.xz	entries	immediate	new_folder	reader_adoption	1	0.003	0	0	215016	100000	0	ok
PROBE-TSV	1	tar.xz	entries	immediate	new_folder	reload	1	183.476	0	0	215016	100000	0	ok
PROBE-TSV	1	tar.xz	entries	immediate	new_folder	total	1	1148.953	0	241664	215016	100000	0	ok
PROBE-TSV	1	tar.xz	entries	immediate	new_folder	tree_build	1	59.140	0	0	215016	100000	0	ok
PROBE-TSV	1	tar.xz	entries	immediate	new_folder	updater_open	1	240.194	0	0	215016	100000	0	ok
PROBE-TSV	1	tar.xz	entries	immediate	new_folder	verification_open	1	362.750	0	0	215016	100000	0	ok
PROBE-PROGRESS	tar.xz	entries	add_file	6	3	60.750	437.213
PROBE-TSV	1	tar.xz	entries	immediate	add_file	capability_probe	1	167.777	0	0	215024	100000	0	ok
PROBE-TSV	1	tar.xz	entries	immediate	add_file	commit	1	6.061	0	229376	215024	100000	0	ok
PROBE-TSV	1	tar.xz	entries	immediate	add_file	display	1	3.032	0	0	215024	100000	0	ok
PROBE-TSV	1	tar.xz	entries	immediate	add_file	entry_comparison	1	62.566	0	0	215024	100000	0	ok
PROBE-TSV	1	tar.xz	entries	immediate	add_file	filter_compute	1	0.000	0	0	215024	100000	0	ok
PROBE-TSV	1	tar.xz	entries	immediate	add_file	mutate	1	60.823	0	0	215024	100000	0	ok
PROBE-TSV	1	tar.xz	entries	immediate	add_file	name_index_advance	1	12.571	0	0	215024	100000	0	ok
PROBE-TSV	1	tar.xz	entries	immediate	add_file	name_index_build	1	138.817	0	0	215024	100000	0	ok
PROBE-TSV	1	tar.xz	entries	immediate	add_file	password_verification	1	0.202	0	0	215024	100000	0	ok
PROBE-TSV	1	tar.xz	entries	immediate	add_file	plan_build	3	0.066	0	0	215024	100000	0	ok
PROBE-TSV	1	tar.xz	entries	immediate	add_file	plan_validation	1	8.500	0	0	215024	100000	0	ok
PROBE-TSV	1	tar.xz	entries	immediate	add_file	publish	1	0.843	0	0	215024	100000	0	ok
PROBE-TSV	1	tar.xz	entries	immediate	add_file	reader_adoption	1	0.002	0	0	215024	100000	0	ok
PROBE-TSV	1	tar.xz	entries	immediate	add_file	reload	1	180.969	0	0	215024	100000	0	ok
PROBE-TSV	1	tar.xz	entries	immediate	add_file	total	1	1152.168	0	241664	215024	100000	0	ok
PROBE-TSV	1	tar.xz	entries	immediate	add_file	tree_build	1	59.211	0	0	215024	100000	0	ok
PROBE-TSV	1	tar.xz	entries	immediate	add_file	updater_open	1	239.731	0	0	215024	100000	0	ok
PROBE-TSV	1	tar.xz	entries	immediate	add_file	verification_open	1	368.892	0	0	215024	100000	0	ok
PROBE-PROGRESS	tar.xz	entries	replace_file	7	4	160.394	428.179
PROBE-TSV	1	tar.xz	entries	immediate	replace_file	capability_probe	1	169.563	0	0	214984	100000	0	ok
PROBE-TSV	1	tar.xz	entries	immediate	replace_file	commit	1	164.074	0	229376	214984	100000	0	ok
PROBE-TSV	1	tar.xz	entries	immediate	replace_file	display	1	3.038	0	0	214984	100000	0	ok
PROBE-TSV	1	tar.xz	entries	immediate	replace_file	entry_comparison	1	61.702	0	0	214984	100000	0	ok
PROBE-TSV	1	tar.xz	entries	immediate	replace_file	filter_compute	1	0.000	0	0	214984	100000	0	ok
PROBE-TSV	1	tar.xz	entries	immediate	replace_file	mutate	1	107.198	0	0	214984	100000	0	ok
PROBE-TSV	1	tar.xz	entries	immediate	replace_file	name_index_advance	1	13.381	0	0	214984	100000	0	ok
PROBE-TSV	1	tar.xz	entries	immediate	replace_file	name_index_build	1	141.426	0	0	214984	100000	0	ok
PROBE-TSV	1	tar.xz	entries	immediate	replace_file	password_verification	1	0.212	0	0	214984	100000	0	ok
PROBE-TSV	1	tar.xz	entries	immediate	replace_file	plan_build	4	2.317	0	0	214984	100000	0	ok
PROBE-TSV	1	tar.xz	entries	immediate	replace_file	plan_validation	1	8.614	0	0	214984	100000	0	ok
PROBE-TSV	1	tar.xz	entries	immediate	replace_file	publish	1	0.821	0	0	214984	100000	0	ok
PROBE-TSV	1	tar.xz	entries	immediate	replace_file	reader_adoption	1	0.002	0	0	214984	100000	0	ok
PROBE-TSV	1	tar.xz	entries	immediate	replace_file	reload	1	183.610	0	0	214984	100000	0	ok
PROBE-TSV	1	tar.xz	entries	immediate	replace_file	total	1	1364.901	0	241664	214984	100000	0	ok
PROBE-TSV	1	tar.xz	entries	immediate	replace_file	tree_build	1	59.683	0	0	214984	100000	0	ok
PROBE-TSV	1	tar.xz	entries	immediate	replace_file	updater_open	1	246.663	0	0	214984	100000	0	ok
PROBE-TSV	1	tar.xz	entries	immediate	replace_file	verification_open	1	360.111	0	0	214984	100000	0	ok
PROBE-TSV	1	tar.xz	entries	deferred	five_changes_reserve_rename	display	1	2.634	0	0	214928	100000	0	ok
PROBE-TSV	1	tar.xz	entries	deferred	five_changes_reserve_rename	filter_compute	1	0.001	0	0	214928	100000	0	ok
PROBE-TSV	1	tar.xz	entries	deferred	five_changes_reserve_rename	password_verification	1	0.571	0	0	214928	100000	0	ok
PROBE-TSV	1	tar.xz	entries	deferred	five_changes_reserve_rename	total	1	152.178	0	0	214928	100000	0	ok
PROBE-TSV	1	tar.xz	entries	deferred	five_changes_reserve_rename	tree_build	1	63.209	0	0	214928	100000	0	ok
PROBE-TSV	1	tar.xz	entries	deferred	five_changes_reserve_delete	display	1	2.737	0	0	214928	100000	0	ok
PROBE-TSV	1	tar.xz	entries	deferred	five_changes_reserve_delete	filter_compute	1	0.001	0	0	214928	100000	0	ok
PROBE-TSV	1	tar.xz	entries	deferred	five_changes_reserve_delete	password_verification	1	0.557	0	0	214928	100000	0	ok
PROBE-TSV	1	tar.xz	entries	deferred	five_changes_reserve_delete	total	1	151.290	0	0	214928	100000	0	ok
PROBE-TSV	1	tar.xz	entries	deferred	five_changes_reserve_delete	tree_build	1	62.407	0	0	214928	100000	0	ok
PROBE-TSV	1	tar.xz	entries	deferred	five_changes_reserve_new_folder	display	1	2.782	0	0	214928	100000	0	ok
PROBE-TSV	1	tar.xz	entries	deferred	five_changes_reserve_new_folder	filter_compute	1	0.001	0	0	214928	100000	0	ok
PROBE-TSV	1	tar.xz	entries	deferred	five_changes_reserve_new_folder	password_verification	1	0.560	0	0	214928	100000	0	ok
PROBE-TSV	1	tar.xz	entries	deferred	five_changes_reserve_new_folder	total	1	144.023	0	0	214928	100000	0	ok
PROBE-TSV	1	tar.xz	entries	deferred	five_changes_reserve_new_folder	tree_build	1	57.053	0	0	214928	100000	0	ok
PROBE-TSV	1	tar.xz	entries	deferred	five_changes_reserve_delete_folder	display	1	2.810	0	0	214928	100000	0	ok
PROBE-TSV	1	tar.xz	entries	deferred	five_changes_reserve_delete_folder	filter_compute	1	0.000	0	0	214928	100000	0	ok
PROBE-TSV	1	tar.xz	entries	deferred	five_changes_reserve_delete_folder	password_verification	1	0.576	0	0	214928	100000	0	ok
PROBE-TSV	1	tar.xz	entries	deferred	five_changes_reserve_delete_folder	total	1	156.718	0	0	214928	100000	0	ok
PROBE-TSV	1	tar.xz	entries	deferred	five_changes_reserve_delete_folder	tree_build	1	62.827	0	0	214928	100000	0	ok
PROBE-TSV	1	tar.xz	entries	deferred	five_changes_reserve_add	display	1	2.886	0	0	214928	100000	0	ok
PROBE-TSV	1	tar.xz	entries	deferred	five_changes_reserve_add	filter_compute	1	0.001	0	0	214928	100000	0	ok
PROBE-TSV	1	tar.xz	entries	deferred	five_changes_reserve_add	password_verification	1	0.594	0	0	214928	100000	0	ok
PROBE-TSV	1	tar.xz	entries	deferred	five_changes_reserve_add	plan_build	3	0.061	0	0	214928	100000	0	ok
PROBE-TSV	1	tar.xz	entries	deferred	five_changes_reserve_add	total	1	148.798	0	4096	214928	100000	0	ok
PROBE-TSV	1	tar.xz	entries	deferred	five_changes_reserve_add	tree_build	1	57.477	0	0	214928	100000	0	ok
PROBE-TSV	1	tar.xz	entries	deferred	save_five_changes	capability_probe	1	170.725	0	0	212720	100000	0	ok
PROBE-TSV	1	tar.xz	entries	deferred	save_five_changes	commit	1	130.109	0	225280	212720	100000	0	ok
PROBE-TSV	1	tar.xz	entries	deferred	save_five_changes	display	1	2.818	0	0	212720	100000	0	ok
PROBE-TSV	1	tar.xz	entries	deferred	save_five_changes	editing_install	1	0.006	0	0	212720	100000	0	ok
PROBE-TSV	1	tar.xz	entries	deferred	save_five_changes	editing_prepare	1	27.593	0	0	212720	100000	0	ok
PROBE-TSV	1	tar.xz	entries	deferred	save_five_changes	entry_comparison	1	62.185	0	0	212720	100000	0	ok
PROBE-TSV	1	tar.xz	entries	deferred	save_five_changes	filter_compute	2	0.001	0	0	212720	100000	0	ok
PROBE-TSV	1	tar.xz	entries	deferred	save_five_changes	name_index_advance	1	17.043	0	0	212720	100000	0	ok
PROBE-TSV	1	tar.xz	entries	deferred	save_five_changes	password_verification	1	0.546	0	0	212720	100000	0	ok
PROBE-TSV	1	tar.xz	entries	deferred	save_five_changes	publish	1	0.943	0	0	212720	100000	0	ok
PROBE-TSV	1	tar.xz	entries	deferred	save_five_changes	reader_adoption	1	0.004	0	0	212720	100000	0	ok
PROBE-TSV	1	tar.xz	entries	deferred	save_five_changes	reload	1	188.583	0	0	212720	100000	0	ok
PROBE-TSV	1	tar.xz	entries	deferred	save_five_changes	replay	1	119.564	4096	0	212720	100000	0	ok
PROBE-TSV	1	tar.xz	entries	deferred	save_five_changes	replay_plan	1	25.398	0	0	212720	100000	0	ok
PROBE-TSV	1	tar.xz	entries	deferred	save_five_changes	representability_differential	1	0.818	0	0	212720	100000	0	ok
PROBE-TSV	1	tar.xz	entries	deferred	save_five_changes	save_sheet	1	1563.152	4096	249856	212720	100000	0	ok
PROBE-TSV	1	tar.xz	entries	deferred	save_five_changes	total	1	1591.082	4096	249856	212720	100000	0	ok
PROBE-TSV	1	tar.xz	entries	deferred	save_five_changes	tree_build	1	62.202	0	0	212720	100000	0	ok
PROBE-TSV	1	tar.xz	entries	deferred	save_five_changes	updater_open	1	245.397	0	0	212720	100000	0	ok
PROBE-TSV	1	tar.xz	entries	deferred	save_five_changes	verification_open	1	370.034	0	0	212720	100000	0	ok
PROBE-TSV	1	tar.xz	entries	deferred	rename_only_reserve_rename	display	1	2.661	0	0	214928	100000	0	ok
PROBE-TSV	1	tar.xz	entries	deferred	rename_only_reserve_rename	filter_compute	1	0.000	0	0	214928	100000	0	ok
PROBE-TSV	1	tar.xz	entries	deferred	rename_only_reserve_rename	password_verification	1	0.572	0	0	214928	100000	0	ok
PROBE-TSV	1	tar.xz	entries	deferred	rename_only_reserve_rename	total	1	142.400	0	0	214928	100000	0	ok
PROBE-TSV	1	tar.xz	entries	deferred	rename_only_reserve_rename	tree_build	1	57.071	0	0	214928	100000	0	ok
PROBE-TSV	1	tar.xz	entries	deferred	save_rename_only	capability_probe	1	174.144	0	0	214896	100000	0	ok
PROBE-TSV	1	tar.xz	entries	deferred	save_rename_only	commit	1	164.098	0	229376	214896	100000	0	ok
PROBE-TSV	1	tar.xz	entries	deferred	save_rename_only	display	1	2.775	0	0	214896	100000	0	ok
PROBE-TSV	1	tar.xz	entries	deferred	save_rename_only	editing_install	1	0.006	0	0	214896	100000	0	ok
PROBE-TSV	1	tar.xz	entries	deferred	save_rename_only	editing_prepare	1	26.995	0	0	214896	100000	0	ok
PROBE-TSV	1	tar.xz	entries	deferred	save_rename_only	entry_comparison	1	62.117	0	0	214896	100000	0	ok
PROBE-TSV	1	tar.xz	entries	deferred	save_rename_only	filter_compute	2	0.001	0	0	214896	100000	0	ok
PROBE-TSV	1	tar.xz	entries	deferred	save_rename_only	name_index_advance	1	13.540	0	0	214896	100000	0	ok
PROBE-TSV	1	tar.xz	entries	deferred	save_rename_only	password_verification	1	0.564	0	0	214896	100000	0	ok
PROBE-TSV	1	tar.xz	entries	deferred	save_rename_only	publish	1	0.417	0	0	214896	100000	0	ok
PROBE-TSV	1	tar.xz	entries	deferred	save_rename_only	reader_adoption	1	0.003	0	0	214896	100000	0	ok
PROBE-TSV	1	tar.xz	entries	deferred	save_rename_only	reload	1	188.376	0	0	214896	100000	0	ok
PROBE-TSV	1	tar.xz	entries	deferred	save_rename_only	replay	1	58.557	0	0	214896	100000	0	ok
PROBE-TSV	1	tar.xz	entries	deferred	save_rename_only	replay_plan	1	19.688	0	0	214896	100000	0	ok
PROBE-TSV	1	tar.xz	entries	deferred	save_rename_only	representability_differential	1	0.023	0	0	214896	100000	0	ok
PROBE-TSV	1	tar.xz	entries	deferred	save_rename_only	save_sheet	1	1535.931	0	241664	214896	100000	0	ok
PROBE-TSV	1	tar.xz	entries	deferred	save_rename_only	total	1	1563.264	0	241664	214896	100000	0	ok
PROBE-TSV	1	tar.xz	entries	deferred	save_rename_only	tree_build	1	65.782	0	0	214896	100000	0	ok
PROBE-TSV	1	tar.xz	entries	deferred	save_rename_only	updater_open	1	243.844	0	0	214896	100000	0	ok
PROBE-TSV	1	tar.xz	entries	deferred	save_rename_only	verification_open	1	374.229	0	0	214896	100000	0	ok
PROBE-PROGRESS	tar.xz	payload	delete_start	35	33	1.312	37.465
PROBE-TSV	1	tar.xz	payload	immediate	delete_start	capability_probe	1	1.964	0	0	135726484	1064	256	ok
PROBE-TSV	1	tar.xz	payload	immediate	delete_start	commit	1	20.592	0	135741440	135726484	1064	256	ok
PROBE-TSV	1	tar.xz	payload	immediate	delete_start	display	1	1.182	0	0	135726484	1064	256	ok
PROBE-TSV	1	tar.xz	payload	immediate	delete_start	entry_comparison	1	0.628	0	0	135726484	1064	256	ok
PROBE-TSV	1	tar.xz	payload	immediate	delete_start	filter_compute	1	0.000	0	0	135726484	1064	256	ok
PROBE-TSV	1	tar.xz	payload	immediate	delete_start	mutate	1	0.617	0	0	135726484	1064	256	ok
PROBE-TSV	1	tar.xz	payload	immediate	delete_start	password_verification	1	0.032	0	0	135726484	1064	256	ok
PROBE-TSV	1	tar.xz	payload	immediate	delete_start	plan_build	1	0.010	0	0	135726484	1064	256	ok
PROBE-TSV	1	tar.xz	payload	immediate	delete_start	plan_validation	1	0.086	0	0	135726484	1064	256	ok
PROBE-TSV	1	tar.xz	payload	immediate	delete_start	publish	1	0.768	0	0	135726484	1064	256	ok
PROBE-TSV	1	tar.xz	payload	immediate	delete_start	reader_adoption	1	0.001	0	0	135726484	1064	256	ok
PROBE-TSV	1	tar.xz	payload	immediate	delete_start	reload	1	2.129	0	0	135726484	1064	256	ok
PROBE-TSV	1	tar.xz	payload	immediate	delete_start	total	1	68.096	0	135753728	135726484	1064	256	ok
PROBE-TSV	1	tar.xz	payload	immediate	delete_start	tree_build	1	0.563	0	0	135726484	1064	256	ok
PROBE-TSV	1	tar.xz	payload	immediate	delete_start	updater_open	1	2.700	0	0	135726484	1064	256	ok
PROBE-TSV	1	tar.xz	payload	immediate	delete_start	verification_open	1	35.551	0	0	135726484	1064	256	ok
PROBE-PROGRESS	tar.xz	payload	delete_end	36	34	37.635	38.111
PROBE-TSV	1	tar.xz	payload	immediate	delete_end	capability_probe	1	1.932	0	0	137187456	1064	256	ok
PROBE-TSV	1	tar.xz	payload	immediate	delete_end	commit	1	58.379	0	137199616	137187456	1064	256	ok
PROBE-TSV	1	tar.xz	payload	immediate	delete_end	display	1	1.172	0	0	137187456	1064	256	ok
PROBE-TSV	1	tar.xz	payload	immediate	delete_end	entry_comparison	1	0.623	0	0	137187456	1064	256	ok
PROBE-TSV	1	tar.xz	payload	immediate	delete_end	filter_compute	1	0.000	0	0	137187456	1064	256	ok
PROBE-TSV	1	tar.xz	payload	immediate	delete_end	mutate	1	0.624	0	0	137187456	1064	256	ok
PROBE-TSV	1	tar.xz	payload	immediate	delete_end	password_verification	1	0.030	0	0	137187456	1064	256	ok
PROBE-TSV	1	tar.xz	payload	immediate	delete_end	plan_build	1	0.010	0	0	137187456	1064	256	ok
PROBE-TSV	1	tar.xz	payload	immediate	delete_end	plan_validation	1	0.093	0	0	137187456	1064	256	ok
PROBE-TSV	1	tar.xz	payload	immediate	delete_end	publish	1	0.777	0	0	137187456	1064	256	ok
PROBE-TSV	1	tar.xz	payload	immediate	delete_end	reader_adoption	1	0.002	0	0	137187456	1064	256	ok
PROBE-TSV	1	tar.xz	payload	immediate	delete_end	reload	1	2.120	0	0	137187456	1064	256	ok
PROBE-TSV	1	tar.xz	payload	immediate	delete_end	total	1	106.670	0	137211904	137187456	1064	256	ok
PROBE-TSV	1	tar.xz	payload	immediate	delete_end	tree_build	1	0.553	0	0	137187456	1064	256	ok
PROBE-TSV	1	tar.xz	payload	immediate	delete_end	updater_open	1	2.751	0	0	137187456	1064	256	ok
PROBE-TSV	1	tar.xz	payload	immediate	delete_end	verification_open	1	36.185	0	0	137187456	1064	256	ok
PROBE-PROGRESS	tar.xz	payload	rename_same_length	36	34	1.469	38.027
PROBE-TSV	1	tar.xz	payload	immediate	rename_same_length	capability_probe	1	1.957	0	0	137187452	1064	256	ok
PROBE-TSV	1	tar.xz	payload	immediate	rename_same_length	commit	1	19.854	0	137199616	137187452	1064	256	ok
PROBE-TSV	1	tar.xz	payload	immediate	rename_same_length	display	1	1.181	0	0	137187452	1064	256	ok
PROBE-TSV	1	tar.xz	payload	immediate	rename_same_length	entry_comparison	1	0.653	0	0	137187452	1064	256	ok
PROBE-TSV	1	tar.xz	payload	immediate	rename_same_length	filter_compute	1	0.000	0	0	137187452	1064	256	ok
PROBE-TSV	1	tar.xz	payload	immediate	rename_same_length	mutate	1	0.599	0	0	137187452	1064	256	ok
PROBE-TSV	1	tar.xz	payload	immediate	rename_same_length	name_index_advance	1	0.154	0	0	137187452	1064	256	ok
PROBE-TSV	1	tar.xz	payload	immediate	rename_same_length	name_index_build	1	1.474	0	0	137187452	1064	256	ok
PROBE-TSV	1	tar.xz	payload	immediate	rename_same_length	password_verification	1	0.027	0	0	137187452	1064	256	ok
PROBE-TSV	1	tar.xz	payload	immediate	rename_same_length	plan_build	1	0.018	0	0	137187452	1064	256	ok
PROBE-TSV	1	tar.xz	payload	immediate	rename_same_length	plan_validation	1	0.093	0	0	137187452	1064	256	ok
PROBE-TSV	1	tar.xz	payload	immediate	rename_same_length	publish	1	0.762	0	0	137187452	1064	256	ok
PROBE-TSV	1	tar.xz	payload	immediate	rename_same_length	reader_adoption	1	0.002	0	0	137187452	1064	256	ok
PROBE-TSV	1	tar.xz	payload	immediate	rename_same_length	reload	1	2.319	0	0	137187452	1064	256	ok
PROBE-TSV	1	tar.xz	payload	immediate	rename_same_length	total	1	70.160	0	137211904	137187452	1064	256	ok
PROBE-TSV	1	tar.xz	payload	immediate	rename_same_length	tree_build	1	0.596	0	0	137187452	1064	256	ok
PROBE-TSV	1	tar.xz	payload	immediate	rename_same_length	updater_open	1	2.687	0	0	137187452	1064	256	ok
PROBE-TSV	1	tar.xz	payload	immediate	rename_same_length	verification_open	1	36.103	0	0	137187452	1064	256	ok
PROBE-PROGRESS	tar.xz	payload	rename_different_length	36	34	1.494	37.469
PROBE-TSV	1	tar.xz	payload	immediate	rename_different_length	capability_probe	1	1.962	0	0	137187472	1064	256	ok
PROBE-TSV	1	tar.xz	payload	immediate	rename_different_length	commit	1	20.646	0	137199616	137187472	1064	256	ok
PROBE-TSV	1	tar.xz	payload	immediate	rename_different_length	display	1	1.189	0	0	137187472	1064	256	ok
PROBE-TSV	1	tar.xz	payload	immediate	rename_different_length	entry_comparison	1	0.652	0	0	137187472	1064	256	ok
PROBE-TSV	1	tar.xz	payload	immediate	rename_different_length	filter_compute	1	0.000	0	0	137187472	1064	256	ok
PROBE-TSV	1	tar.xz	payload	immediate	rename_different_length	mutate	1	0.610	0	0	137187472	1064	256	ok
PROBE-TSV	1	tar.xz	payload	immediate	rename_different_length	name_index_advance	1	0.143	0	0	137187472	1064	256	ok
PROBE-TSV	1	tar.xz	payload	immediate	rename_different_length	name_index_build	1	1.404	0	0	137187472	1064	256	ok
PROBE-TSV	1	tar.xz	payload	immediate	rename_different_length	password_verification	1	0.026	0	0	137187472	1064	256	ok
PROBE-TSV	1	tar.xz	payload	immediate	rename_different_length	plan_build	1	0.018	0	0	137187472	1064	256	ok
PROBE-TSV	1	tar.xz	payload	immediate	rename_different_length	plan_validation	1	0.091	0	0	137187472	1064	256	ok
PROBE-TSV	1	tar.xz	payload	immediate	rename_different_length	publish	1	0.738	0	0	137187472	1064	256	ok
PROBE-TSV	1	tar.xz	payload	immediate	rename_different_length	reader_adoption	1	0.001	0	0	137187472	1064	256	ok
PROBE-TSV	1	tar.xz	payload	immediate	rename_different_length	reload	1	2.291	0	0	137187472	1064	256	ok
PROBE-TSV	1	tar.xz	payload	immediate	rename_different_length	total	1	69.656	0	137211904	137187472	1064	256	ok
PROBE-TSV	1	tar.xz	payload	immediate	rename_different_length	tree_build	1	0.565	0	0	137187472	1064	256	ok
PROBE-TSV	1	tar.xz	payload	immediate	rename_different_length	updater_open	1	2.703	0	0	137187472	1064	256	ok
PROBE-TSV	1	tar.xz	payload	immediate	rename_different_length	verification_open	1	35.548	0	0	137187472	1064	256	ok
PROBE-PROGRESS	tar.xz	payload	rename_folder	36	34	5.314	38.710
PROBE-TSV	1	tar.xz	payload	immediate	rename_folder	capability_probe	1	1.943	0	0	137187912	1064	256	ok
PROBE-TSV	1	tar.xz	payload	immediate	rename_folder	commit	1	26.192	0	137228288	137187912	1064	256	ok
PROBE-TSV	1	tar.xz	payload	immediate	rename_folder	display	1	1.198	0	0	137187912	1064	256	ok
PROBE-TSV	1	tar.xz	payload	immediate	rename_folder	entry_comparison	1	0.688	0	0	137187912	1064	256	ok
PROBE-TSV	1	tar.xz	payload	immediate	rename_folder	filter_compute	1	0.000	0	0	137187912	1064	256	ok
PROBE-TSV	1	tar.xz	payload	immediate	rename_folder	mutate	1	0.884	0	0	137187912	1064	256	ok
PROBE-TSV	1	tar.xz	payload	immediate	rename_folder	name_index_advance	1	0.390	0	0	137187912	1064	256	ok
PROBE-TSV	1	tar.xz	payload	immediate	rename_folder	name_index_build	1	1.379	0	0	137187912	1064	256	ok
PROBE-TSV	1	tar.xz	payload	immediate	rename_folder	password_verification	1	0.025	0	0	137187912	1064	256	ok
PROBE-TSV	1	tar.xz	payload	immediate	rename_folder	plan_build	1	0.324	0	0	137187912	1064	256	ok
PROBE-TSV	1	tar.xz	payload	immediate	rename_folder	plan_validation	1	0.230	0	0	137187912	1064	256	ok
PROBE-TSV	1	tar.xz	payload	immediate	rename_folder	publish	1	0.814	0	0	137187912	1064	256	ok
PROBE-TSV	1	tar.xz	payload	immediate	rename_folder	reader_adoption	1	0.001	0	0	137187912	1064	256	ok
PROBE-TSV	1	tar.xz	payload	immediate	rename_folder	reload	1	2.532	0	0	137187912	1064	256	ok
PROBE-TSV	1	tar.xz	payload	immediate	rename_folder	total	1	77.576	0	137240576	137187912	1064	256	ok
PROBE-TSV	1	tar.xz	payload	immediate	rename_folder	tree_build	1	0.586	0	0	137187912	1064	256	ok
PROBE-TSV	1	tar.xz	payload	immediate	rename_folder	updater_open	1	2.731	0	0	137187912	1064	256	ok
PROBE-TSV	1	tar.xz	payload	immediate	rename_folder	verification_open	1	36.672	0	0	137187912	1064	256	ok
PROBE-PROGRESS	tar.xz	payload	new_folder	36	34	1.468	37.425
PROBE-TSV	1	tar.xz	payload	immediate	new_folder	capability_probe	1	2.087	0	0	137187540	1064	256	ok
PROBE-TSV	1	tar.xz	payload	immediate	new_folder	commit	1	20.292	0	137195520	137187540	1064	256	ok
PROBE-TSV	1	tar.xz	payload	immediate	new_folder	display	1	1.182	0	0	137187540	1064	256	ok
PROBE-TSV	1	tar.xz	payload	immediate	new_folder	entry_comparison	1	0.686	0	0	137187540	1064	256	ok
PROBE-TSV	1	tar.xz	payload	immediate	new_folder	filter_compute	1	0.000	0	0	137187540	1064	256	ok
PROBE-TSV	1	tar.xz	payload	immediate	new_folder	mutate	1	0.779	0	0	137187540	1064	256	ok
PROBE-TSV	1	tar.xz	payload	immediate	new_folder	name_index_advance	1	0.124	0	0	137187540	1064	256	ok
PROBE-TSV	1	tar.xz	payload	immediate	new_folder	name_index_build	1	1.544	0	0	137187540	1064	256	ok
PROBE-TSV	1	tar.xz	payload	immediate	new_folder	password_verification	1	0.030	0	0	137187540	1064	256	ok
PROBE-TSV	1	tar.xz	payload	immediate	new_folder	plan_build	1	1.555	0	0	137187540	1064	256	ok
PROBE-TSV	1	tar.xz	payload	immediate	new_folder	plan_validation	1	0.088	0	0	137187540	1064	256	ok
PROBE-TSV	1	tar.xz	payload	immediate	new_folder	publish	1	0.732	0	0	137187540	1064	256	ok
PROBE-TSV	1	tar.xz	payload	immediate	new_folder	reader_adoption	1	0.002	0	0	137187540	1064	256	ok
PROBE-TSV	1	tar.xz	payload	immediate	new_folder	reload	1	2.397	0	0	137187540	1064	256	ok
PROBE-TSV	1	tar.xz	payload	immediate	new_folder	total	1	70.138	0	137207808	137187540	1064	256	ok
PROBE-TSV	1	tar.xz	payload	immediate	new_folder	tree_build	1	0.565	0	0	137187540	1064	256	ok
PROBE-TSV	1	tar.xz	payload	immediate	new_folder	updater_open	1	2.934	0	0	137187540	1064	256	ok
PROBE-TSV	1	tar.xz	payload	immediate	new_folder	verification_open	1	35.507	0	0	137187540	1064	256	ok
PROBE-PROGRESS	tar.xz	payload	add_file	38	35	1.475	37.661
PROBE-TSV	1	tar.xz	payload	immediate	add_file	capability_probe	1	1.996	0	0	137187544	1064	256	ok
PROBE-TSV	1	tar.xz	payload	immediate	add_file	commit	1	20.412	0	137195520	137187544	1064	256	ok
PROBE-TSV	1	tar.xz	payload	immediate	add_file	display	1	1.142	0	0	137187544	1064	256	ok
PROBE-TSV	1	tar.xz	payload	immediate	add_file	entry_comparison	1	0.640	0	0	137187544	1064	256	ok
PROBE-TSV	1	tar.xz	payload	immediate	add_file	filter_compute	1	0.000	0	0	137187544	1064	256	ok
PROBE-TSV	1	tar.xz	payload	immediate	add_file	mutate	1	0.891	0	0	137187544	1064	256	ok
PROBE-TSV	1	tar.xz	payload	immediate	add_file	name_index_advance	1	0.129	0	0	137187544	1064	256	ok
PROBE-TSV	1	tar.xz	payload	immediate	add_file	name_index_build	1	1.448	0	0	137187544	1064	256	ok
PROBE-TSV	1	tar.xz	payload	immediate	add_file	password_verification	1	0.025	0	0	137187544	1064	256	ok
PROBE-TSV	1	tar.xz	payload	immediate	add_file	plan_build	3	0.053	0	0	137187544	1064	256	ok
PROBE-TSV	1	tar.xz	payload	immediate	add_file	plan_validation	1	0.096	0	0	137187544	1064	256	ok
PROBE-TSV	1	tar.xz	payload	immediate	add_file	publish	1	0.740	0	0	137187544	1064	256	ok
PROBE-TSV	1	tar.xz	payload	immediate	add_file	reader_adoption	1	0.001	0	0	137187544	1064	256	ok
PROBE-TSV	1	tar.xz	payload	immediate	add_file	reload	1	2.296	0	0	137187544	1064	256	ok
PROBE-TSV	1	tar.xz	payload	immediate	add_file	total	1	70.500	0	137207808	137187544	1064	256	ok
PROBE-TSV	1	tar.xz	payload	immediate	add_file	tree_build	1	0.554	0	0	137187544	1064	256	ok
PROBE-TSV	1	tar.xz	payload	immediate	add_file	updater_open	1	3.138	0	0	137187544	1064	256	ok
PROBE-TSV	1	tar.xz	payload	immediate	add_file	verification_open	1	35.798	0	0	137187544	1064	256	ok
PROBE-PROGRESS	tar.xz	payload	replace_file	37	34	1.422	37.451
PROBE-TSV	1	tar.xz	payload	immediate	replace_file	capability_probe	1	2.086	0	0	135726580	1064	256	ok
PROBE-TSV	1	tar.xz	payload	immediate	replace_file	commit	1	19.741	0	135741440	135726580	1064	256	ok
PROBE-TSV	1	tar.xz	payload	immediate	replace_file	display	1	1.184	0	0	135726580	1064	256	ok
PROBE-TSV	1	tar.xz	payload	immediate	replace_file	entry_comparison	1	0.687	0	0	135726580	1064	256	ok
PROBE-TSV	1	tar.xz	payload	immediate	replace_file	filter_compute	1	0.000	0	0	135726580	1064	256	ok
PROBE-TSV	1	tar.xz	payload	immediate	replace_file	mutate	1	1.452	0	0	135726580	1064	256	ok
PROBE-TSV	1	tar.xz	payload	immediate	replace_file	name_index_advance	1	0.150	0	0	135726580	1064	256	ok
PROBE-TSV	1	tar.xz	payload	immediate	replace_file	name_index_build	1	1.422	0	0	135726580	1064	256	ok
PROBE-TSV	1	tar.xz	payload	immediate	replace_file	password_verification	1	0.026	0	0	135726580	1064	256	ok
PROBE-TSV	1	tar.xz	payload	immediate	replace_file	plan_build	4	0.081	0	0	135726580	1064	256	ok
PROBE-TSV	1	tar.xz	payload	immediate	replace_file	plan_validation	1	0.096	0	0	135726580	1064	256	ok
PROBE-TSV	1	tar.xz	payload	immediate	replace_file	publish	1	0.752	0	0	135726580	1064	256	ok
PROBE-TSV	1	tar.xz	payload	immediate	replace_file	reader_adoption	1	0.002	0	0	135726580	1064	256	ok
PROBE-TSV	1	tar.xz	payload	immediate	replace_file	reload	1	2.450	0	0	135726580	1064	256	ok
PROBE-TSV	1	tar.xz	payload	immediate	replace_file	total	1	70.403	0	135753728	135726580	1064	256	ok
PROBE-TSV	1	tar.xz	payload	immediate	replace_file	tree_build	1	0.573	0	0	135726580	1064	256	ok
PROBE-TSV	1	tar.xz	payload	immediate	replace_file	updater_open	1	2.932	0	0	135726580	1064	256	ok
PROBE-TSV	1	tar.xz	payload	immediate	replace_file	verification_open	1	35.489	0	0	135726580	1064	256	ok
PROBE-TSV	1	tar.xz	payload	deferred	five_changes_reserve_rename	display	1	1.137	0	0	137187452	1064	256	ok
PROBE-TSV	1	tar.xz	payload	deferred	five_changes_reserve_rename	filter_compute	1	0.000	0	0	137187452	1064	256	ok
PROBE-TSV	1	tar.xz	payload	deferred	five_changes_reserve_rename	password_verification	1	0.029	0	0	137187452	1064	256	ok
PROBE-TSV	1	tar.xz	payload	deferred	five_changes_reserve_rename	total	1	22.568	0	0	137187452	1064	256	ok
PROBE-TSV	1	tar.xz	payload	deferred	five_changes_reserve_rename	tree_build	1	0.598	0	0	137187452	1064	256	ok
PROBE-TSV	1	tar.xz	payload	deferred	five_changes_reserve_delete	display	1	1.087	0	0	137187452	1064	256	ok
PROBE-TSV	1	tar.xz	payload	deferred	five_changes_reserve_delete	filter_compute	1	0.000	0	0	137187452	1064	256	ok
PROBE-TSV	1	tar.xz	payload	deferred	five_changes_reserve_delete	password_verification	1	0.030	0	0	137187452	1064	256	ok
PROBE-TSV	1	tar.xz	payload	deferred	five_changes_reserve_delete	total	1	4.220	0	0	137187452	1064	256	ok
PROBE-TSV	1	tar.xz	payload	deferred	five_changes_reserve_delete	tree_build	1	0.597	0	0	137187452	1064	256	ok
PROBE-TSV	1	tar.xz	payload	deferred	five_changes_reserve_new_folder	display	1	0.422	0	0	137187452	1064	256	ok
PROBE-TSV	1	tar.xz	payload	deferred	five_changes_reserve_new_folder	filter_compute	1	0.000	0	0	137187452	1064	256	ok
PROBE-TSV	1	tar.xz	payload	deferred	five_changes_reserve_new_folder	password_verification	1	0.024	0	0	137187452	1064	256	ok
PROBE-TSV	1	tar.xz	payload	deferred	five_changes_reserve_new_folder	total	1	25.022	0	0	137187452	1064	256	ok
PROBE-TSV	1	tar.xz	payload	deferred	five_changes_reserve_new_folder	tree_build	1	0.566	0	0	137187452	1064	256	ok
PROBE-TSV	1	tar.xz	payload	deferred	five_changes_reserve_delete_folder	display	1	1.214	0	0	137187452	1064	256	ok
PROBE-TSV	1	tar.xz	payload	deferred	five_changes_reserve_delete_folder	filter_compute	1	0.000	0	0	137187452	1064	256	ok
PROBE-TSV	1	tar.xz	payload	deferred	five_changes_reserve_delete_folder	password_verification	1	0.028	0	0	137187452	1064	256	ok
PROBE-TSV	1	tar.xz	payload	deferred	five_changes_reserve_delete_folder	total	1	10.281	0	0	137187452	1064	256	ok
PROBE-TSV	1	tar.xz	payload	deferred	five_changes_reserve_delete_folder	tree_build	1	0.043	0	0	137187452	1064	256	ok
PROBE-TSV	1	tar.xz	payload	deferred	five_changes_reserve_add	display	1	0.971	0	0	137187452	1064	256	ok
PROBE-TSV	1	tar.xz	payload	deferred	five_changes_reserve_add	filter_compute	1	0.000	0	0	137187452	1064	256	ok
PROBE-TSV	1	tar.xz	payload	deferred	five_changes_reserve_add	password_verification	1	0.030	0	0	137187452	1064	256	ok
PROBE-TSV	1	tar.xz	payload	deferred	five_changes_reserve_add	plan_build	3	0.052	0	0	137187452	1064	256	ok
PROBE-TSV	1	tar.xz	payload	deferred	five_changes_reserve_add	total	1	23.332	0	4096	137187452	1064	256	ok
PROBE-TSV	1	tar.xz	payload	deferred	five_changes_reserve_add	tree_build	1	0.040	0	0	137187452	1064	256	ok
PROBE-TSV	1	tar.xz	payload	deferred	save_five_changes	capability_probe	1	0.306	0	0	137185448	1064	256	ok
PROBE-TSV	1	tar.xz	payload	deferred	save_five_changes	commit	1	19.594	0	137191424	137185448	1064	256	ok
PROBE-TSV	1	tar.xz	payload	deferred	save_five_changes	display	1	1.341	0	0	137185448	1064	256	ok
PROBE-TSV	1	tar.xz	payload	deferred	save_five_changes	editing_install	1	0.003	0	0	137185448	1064	256	ok
PROBE-TSV	1	tar.xz	payload	deferred	save_five_changes	editing_prepare	1	0.046	0	0	137185448	1064	256	ok
PROBE-TSV	1	tar.xz	payload	deferred	save_five_changes	entry_comparison	1	0.053	0	0	137185448	1064	256	ok
PROBE-TSV	1	tar.xz	payload	deferred	save_five_changes	filter_compute	2	0.000	0	0	137185448	1064	256	ok
PROBE-TSV	1	tar.xz	payload	deferred	save_five_changes	name_index_advance	1	0.806	0	0	137185448	1064	256	ok
PROBE-TSV	1	tar.xz	payload	deferred	save_five_changes	password_verification	1	0.022	0	0	137185448	1064	256	ok
PROBE-TSV	1	tar.xz	payload	deferred	save_five_changes	publish	1	1.011	0	0	137185448	1064	256	ok
PROBE-TSV	1	tar.xz	payload	deferred	save_five_changes	reader_adoption	1	0.002	0	0	137185448	1064	256	ok
PROBE-TSV	1	tar.xz	payload	deferred	save_five_changes	reload	1	2.034	0	0	137185448	1064	256	ok
PROBE-TSV	1	tar.xz	payload	deferred	save_five_changes	replay	1	2.236	4096	0	137185448	1064	256	ok
PROBE-TSV	1	tar.xz	payload	deferred	save_five_changes	replay_plan	1	1.692	0	0	137185448	1064	256	ok
PROBE-TSV	1	tar.xz	payload	deferred	save_five_changes	representability_differential	1	0.849	0	0	137185448	1064	256	ok
PROBE-TSV	1	tar.xz	payload	deferred	save_five_changes	save_sheet	1	106.281	4096	137216000	137185448	1064	256	ok
PROBE-TSV	1	tar.xz	payload	deferred	save_five_changes	total	1	106.436	4096	137216000	137185448	1064	256	ok
PROBE-TSV	1	tar.xz	payload	deferred	save_five_changes	tree_build	1	0.044	0	0	137185448	1064	256	ok
PROBE-TSV	1	tar.xz	payload	deferred	save_five_changes	updater_open	1	3.040	0	0	137185448	1064	256	ok
PROBE-TSV	1	tar.xz	payload	deferred	save_five_changes	verification_open	1	31.860	0	0	137185448	1064	256	ok
PROBE-TSV	1	tar.xz	payload	deferred	rename_only_reserve_rename	display	1	1.020	0	0	137187452	1064	256	ok
PROBE-TSV	1	tar.xz	payload	deferred	rename_only_reserve_rename	filter_compute	1	0.000	0	0	137187452	1064	256	ok
PROBE-TSV	1	tar.xz	payload	deferred	rename_only_reserve_rename	password_verification	1	0.031	0	0	137187452	1064	256	ok
PROBE-TSV	1	tar.xz	payload	deferred	rename_only_reserve_rename	total	1	4.268	0	0	137187452	1064	256	ok
PROBE-TSV	1	tar.xz	payload	deferred	rename_only_reserve_rename	tree_build	1	0.582	0	0	137187452	1064	256	ok
PROBE-TSV	1	tar.xz	payload	deferred	save_rename_only	capability_probe	1	1.968	0	0	137187456	1064	256	ok
PROBE-TSV	1	tar.xz	payload	deferred	save_rename_only	commit	1	21.039	0	137199616	137187456	1064	256	ok
PROBE-TSV	1	tar.xz	payload	deferred	save_rename_only	display	1	1.089	0	0	137187456	1064	256	ok
PROBE-TSV	1	tar.xz	payload	deferred	save_rename_only	editing_install	1	0.003	0	0	137187456	1064	256	ok
PROBE-TSV	1	tar.xz	payload	deferred	save_rename_only	editing_prepare	1	0.232	0	0	137187456	1064	256	ok
PROBE-TSV	1	tar.xz	payload	deferred	save_rename_only	entry_comparison	1	0.620	0	0	137187456	1064	256	ok
PROBE-TSV	1	tar.xz	payload	deferred	save_rename_only	filter_compute	2	0.000	0	0	137187456	1064	256	ok
PROBE-TSV	1	tar.xz	payload	deferred	save_rename_only	name_index_advance	1	0.124	0	0	137187456	1064	256	ok
PROBE-TSV	1	tar.xz	payload	deferred	save_rename_only	password_verification	1	0.028	0	0	137187456	1064	256	ok
PROBE-TSV	1	tar.xz	payload	deferred	save_rename_only	publish	1	0.350	0	0	137187456	1064	256	ok
PROBE-TSV	1	tar.xz	payload	deferred	save_rename_only	reader_adoption	1	0.002	0	0	137187456	1064	256	ok
PROBE-TSV	1	tar.xz	payload	deferred	save_rename_only	reload	1	3.075	0	0	137187456	1064	256	ok
PROBE-TSV	1	tar.xz	payload	deferred	save_rename_only	replay	1	0.639	0	0	137187456	1064	256	ok
PROBE-TSV	1	tar.xz	payload	deferred	save_rename_only	replay_plan	1	0.236	0	0	137187456	1064	256	ok
PROBE-TSV	1	tar.xz	payload	deferred	save_rename_only	representability_differential	1	0.017	0	0	137187456	1064	256	ok
PROBE-TSV	1	tar.xz	payload	deferred	save_rename_only	save_sheet	1	101.816	0	137211904	137187456	1064	256	ok
PROBE-TSV	1	tar.xz	payload	deferred	save_rename_only	total	1	102.155	0	137211904	137187456	1064	256	ok
PROBE-TSV	1	tar.xz	payload	deferred	save_rename_only	tree_build	1	0.610	0	0	137187456	1064	256	ok
PROBE-TSV	1	tar.xz	payload	deferred	save_rename_only	updater_open	1	2.788	0	0	137187456	1064	256	ok
PROBE-TSV	1	tar.xz	payload	deferred	save_rename_only	verification_open	1	35.436	0	0	137187456	1064	256	ok
PROBE-PROGRESS	7z	entries	delete_start	5	3	320.466	291.832
PROBE-TSV	1	7z	entries	immediate	delete_start	capability_probe	1	204.098	0	0	7000008	100000	0	ok
PROBE-TSV	1	7z	entries	immediate	delete_start	commit	1	417.271	516096	7020544	7000008	100000	0	ok
PROBE-TSV	1	7z	entries	immediate	delete_start	display	1	2.956	0	0	7000008	100000	0	ok
PROBE-TSV	1	7z	entries	immediate	delete_start	entry_comparison	1	60.633	0	0	7000008	100000	0	ok
PROBE-TSV	1	7z	entries	immediate	delete_start	filter_compute	1	0.000	0	0	7000008	100000	0	ok
PROBE-TSV	1	7z	entries	immediate	delete_start	mutate	1	61.378	0	0	7000008	100000	0	ok
PROBE-TSV	1	7z	entries	immediate	delete_start	password_verification	1	0.199	0	0	7000008	100000	0	ok
PROBE-TSV	1	7z	entries	immediate	delete_start	plan_build	1	0.014	0	0	7000008	100000	0	ok
PROBE-TSV	1	7z	entries	immediate	delete_start	plan_validation	1	13.335	0	0	7000008	100000	0	ok
PROBE-TSV	1	7z	entries	immediate	delete_start	publish	1	0.779	0	0	7000008	100000	0	ok
PROBE-TSV	1	7z	entries	immediate	delete_start	reader_adoption	1	0.015	0	0	7000008	100000	0	ok
PROBE-TSV	1	7z	entries	immediate	delete_start	reload	1	204.662	0	0	7000008	100000	0	ok
PROBE-TSV	1	7z	entries	immediate	delete_start	total	1	1493.112	7045120	7032832	7000008	100000	0	ok
PROBE-TSV	1	7z	entries	immediate	delete_start	tree_build	1	60.175	0	0	7000008	100000	0	ok
PROBE-TSV	1	7z	entries	immediate	delete_start	updater_open	1	416.728	6529024	0	7000008	100000	0	ok
PROBE-TSV	1	7z	entries	immediate	delete_start	verification_open	1	201.208	0	0	7000008	100000	0	ok
PROBE-PROGRESS	7z	entries	delete_end	5	3	246.031	290.646
PROBE-TSV	1	7z	entries	immediate	delete_end	capability_probe	1	202.116	0	0	7000008	100000	0	ok
PROBE-TSV	1	7z	entries	immediate	delete_end	commit	1	309.389	57344	6545408	7000008	100000	0	ok
PROBE-TSV	1	7z	entries	immediate	delete_end	display	1	3.044	0	0	7000008	100000	0	ok
PROBE-TSV	1	7z	entries	immediate	delete_end	entry_comparison	1	59.892	0	0	7000008	100000	0	ok
PROBE-TSV	1	7z	entries	immediate	delete_end	filter_compute	1	0.000	0	0	7000008	100000	0	ok
PROBE-TSV	1	7z	entries	immediate	delete_end	mutate	1	62.745	0	0	7000008	100000	0	ok
PROBE-TSV	1	7z	entries	immediate	delete_end	password_verification	1	0.216	0	0	7000008	100000	0	ok
PROBE-TSV	1	7z	entries	immediate	delete_end	plan_build	1	0.013	0	0	7000008	100000	0	ok
PROBE-TSV	1	7z	entries	immediate	delete_end	plan_validation	1	13.724	0	0	7000008	100000	0	ok
PROBE-TSV	1	7z	entries	immediate	delete_end	publish	1	0.800	0	0	7000008	100000	0	ok
PROBE-TSV	1	7z	entries	immediate	delete_end	reader_adoption	1	0.004	0	0	7000008	100000	0	ok
PROBE-TSV	1	7z	entries	immediate	delete_end	reload	1	202.668	0	0	7000008	100000	0	ok
PROBE-TSV	1	7z	entries	immediate	delete_end	total	1	1371.858	6586368	6557696	7000008	100000	0	ok
PROBE-TSV	1	7z	entries	immediate	delete_end	tree_build	1	59.741	0	0	7000008	100000	0	ok
PROBE-TSV	1	7z	entries	immediate	delete_end	updater_open	1	406.018	6529024	0	7000008	100000	0	ok
PROBE-TSV	1	7z	entries	immediate	delete_end	verification_open	1	202.152	0	0	7000008	100000	0	ok
PROBE-PROGRESS	7z	entries	rename_same_length	5	3	248.594	288.848
PROBE-TSV	1	7z	entries	immediate	rename_same_length	capability_probe	1	201.773	0	0	7000078	100000	0	ok
PROBE-TSV	1	7z	entries	immediate	rename_same_length	commit	1	309.638	49152	6545408	7000078	100000	0	ok
PROBE-TSV	1	7z	entries	immediate	rename_same_length	display	1	2.904	0	0	7000078	100000	0	ok
PROBE-TSV	1	7z	entries	immediate	rename_same_length	entry_comparison	1	60.052	0	0	7000078	100000	0	ok
PROBE-TSV	1	7z	entries	immediate	rename_same_length	filter_compute	1	0.000	0	0	7000078	100000	0	ok
PROBE-TSV	1	7z	entries	immediate	rename_same_length	mutate	1	61.221	0	0	7000078	100000	0	ok
PROBE-TSV	1	7z	entries	immediate	rename_same_length	name_index_advance	1	12.867	0	0	7000078	100000	0	ok
PROBE-TSV	1	7z	entries	immediate	rename_same_length	name_index_build	1	150.083	0	0	7000078	100000	0	ok
PROBE-TSV	1	7z	entries	immediate	rename_same_length	password_verification	1	0.189	0	0	7000078	100000	0	ok
PROBE-TSV	1	7z	entries	immediate	rename_same_length	plan_build	1	0.025	0	0	7000078	100000	0	ok
PROBE-TSV	1	7z	entries	immediate	rename_same_length	plan_validation	1	13.461	0	0	7000078	100000	0	ok
PROBE-TSV	1	7z	entries	immediate	rename_same_length	publish	1	0.754	0	0	7000078	100000	0	ok
PROBE-TSV	1	7z	entries	immediate	rename_same_length	reader_adoption	1	0.004	0	0	7000078	100000	0	ok
PROBE-TSV	1	7z	entries	immediate	rename_same_length	reload	1	215.454	0	0	7000078	100000	0	ok
PROBE-TSV	1	7z	entries	immediate	rename_same_length	total	1	1527.645	6578176	6557696	7000078	100000	0	ok
PROBE-TSV	1	7z	entries	immediate	rename_same_length	tree_build	1	59.989	0	0	7000078	100000	0	ok
PROBE-TSV	1	7z	entries	immediate	rename_same_length	updater_open	1	402.308	6529024	0	7000078	100000	0	ok
PROBE-TSV	1	7z	entries	immediate	rename_same_length	verification_open	1	199.379	0	0	7000078	100000	0	ok
PROBE-PROGRESS	7z	entries	rename_different_length	5	3	247.704	291.129
PROBE-TSV	1	7z	entries	immediate	rename_different_length	capability_probe	1	205.865	0	0	7000114	100000	0	ok
PROBE-TSV	1	7z	entries	immediate	rename_different_length	commit	1	309.564	49152	6545408	7000114	100000	0	ok
PROBE-TSV	1	7z	entries	immediate	rename_different_length	display	1	2.853	0	0	7000114	100000	0	ok
PROBE-TSV	1	7z	entries	immediate	rename_different_length	entry_comparison	1	59.346	0	0	7000114	100000	0	ok
PROBE-TSV	1	7z	entries	immediate	rename_different_length	filter_compute	1	0.000	0	0	7000114	100000	0	ok
PROBE-TSV	1	7z	entries	immediate	rename_different_length	mutate	1	61.626	0	0	7000114	100000	0	ok
PROBE-TSV	1	7z	entries	immediate	rename_different_length	name_index_advance	1	12.975	0	0	7000114	100000	0	ok
PROBE-TSV	1	7z	entries	immediate	rename_different_length	name_index_build	1	150.229	0	0	7000114	100000	0	ok
PROBE-TSV	1	7z	entries	immediate	rename_different_length	password_verification	1	0.223	0	0	7000114	100000	0	ok
PROBE-TSV	1	7z	entries	immediate	rename_different_length	plan_build	1	0.026	0	0	7000114	100000	0	ok
PROBE-TSV	1	7z	entries	immediate	rename_different_length	plan_validation	1	13.283	0	0	7000114	100000	0	ok
PROBE-TSV	1	7z	entries	immediate	rename_different_length	publish	1	0.787	0	0	7000114	100000	0	ok
PROBE-TSV	1	7z	entries	immediate	rename_different_length	reader_adoption	1	0.004	0	0	7000114	100000	0	ok
PROBE-TSV	1	7z	entries	immediate	rename_different_length	reload	1	219.666	0	0	7000114	100000	0	ok
PROBE-TSV	1	7z	entries	immediate	rename_different_length	total	1	1532.441	6578176	6557696	7000114	100000	0	ok
PROBE-TSV	1	7z	entries	immediate	rename_different_length	tree_build	1	60.576	0	0	7000114	100000	0	ok
PROBE-TSV	1	7z	entries	immediate	rename_different_length	updater_open	1	399.126	6529024	0	7000114	100000	0	ok
PROBE-TSV	1	7z	entries	immediate	rename_different_length	verification_open	1	202.136	0	0	7000114	100000	0	ok
PROBE-PROGRESS	7z	entries	rename_folder	5	3	248.879	290.068
PROBE-TSV	1	7z	entries	immediate	rename_folder	capability_probe	1	202.194	0	0	7020078	100000	0	ok
PROBE-TSV	1	7z	entries	immediate	rename_folder	commit	1	311.220	49152	6569984	7020078	100000	0	ok
PROBE-TSV	1	7z	entries	immediate	rename_folder	display	1	2.697	0	0	7020078	100000	0	ok
PROBE-TSV	1	7z	entries	immediate	rename_folder	entry_comparison	1	58.829	0	0	7020078	100000	0	ok
PROBE-TSV	1	7z	entries	immediate	rename_folder	filter_compute	1	0.000	0	0	7020078	100000	0	ok
PROBE-TSV	1	7z	entries	immediate	rename_folder	mutate	1	65.902	0	0	7020078	100000	0	ok
PROBE-TSV	1	7z	entries	immediate	rename_folder	name_index_advance	1	17.893	0	0	7020078	100000	0	ok
PROBE-TSV	1	7z	entries	immediate	rename_folder	name_index_build	1	152.198	0	0	7020078	100000	0	ok
PROBE-TSV	1	7z	entries	immediate	rename_folder	password_verification	1	0.204	0	0	7020078	100000	0	ok
PROBE-TSV	1	7z	entries	immediate	rename_folder	plan_build	1	5.677	0	0	7020078	100000	0	ok
PROBE-TSV	1	7z	entries	immediate	rename_folder	plan_validation	1	16.093	0	0	7020078	100000	0	ok
PROBE-TSV	1	7z	entries	immediate	rename_folder	publish	1	0.824	0	0	7020078	100000	0	ok
PROBE-TSV	1	7z	entries	immediate	rename_folder	reader_adoption	1	0.004	0	0	7020078	100000	0	ok
PROBE-TSV	1	7z	entries	immediate	rename_folder	reload	1	220.914	0	0	7020078	100000	0	ok
PROBE-TSV	1	7z	entries	immediate	rename_folder	total	1	1547.107	6578176	6582272	7020078	100000	0	ok
PROBE-TSV	1	7z	entries	immediate	rename_folder	tree_build	1	60.837	0	0	7020078	100000	0	ok
PROBE-TSV	1	7z	entries	immediate	rename_folder	updater_open	1	398.071	6529024	0	7020078	100000	0	ok
PROBE-TSV	1	7z	entries	immediate	rename_folder	verification_open	1	201.917	0	0	7020078	100000	0	ok
PROBE-PROGRESS	7z	entries	new_folder	5	3	252.503	290.534
PROBE-TSV	1	7z	entries	immediate	new_folder	capability_probe	1	202.683	0	0	7012616	100000	0	ok
PROBE-TSV	1	7z	entries	immediate	new_folder	commit	1	314.106	49152	6569984	7012616	100000	0	ok
PROBE-TSV	1	7z	entries	immediate	new_folder	display	1	2.993	0	0	7012616	100000	0	ok
PROBE-TSV	1	7z	entries	immediate	new_folder	entry_comparison	1	59.084	0	0	7012616	100000	0	ok
PROBE-TSV	1	7z	entries	immediate	new_folder	filter_compute	1	0.000	0	0	7012616	100000	0	ok
PROBE-TSV	1	7z	entries	immediate	new_folder	mutate	1	70.424	0	0	7012616	100000	0	ok
PROBE-TSV	1	7z	entries	immediate	new_folder	name_index_advance	1	12.685	0	0	7012616	100000	0	ok
PROBE-TSV	1	7z	entries	immediate	new_folder	name_index_build	1	150.998	0	0	7012616	100000	0	ok
PROBE-TSV	1	7z	entries	immediate	new_folder	password_verification	1	0.202	0	0	7012616	100000	0	ok
PROBE-TSV	1	7z	entries	immediate	new_folder	plan_build	1	151.026	0	0	7012616	100000	0	ok
PROBE-TSV	1	7z	entries	immediate	new_folder	plan_validation	1	13.527	0	0	7012616	100000	0	ok
PROBE-TSV	1	7z	entries	immediate	new_folder	publish	1	0.796	0	0	7012616	100000	0	ok
PROBE-TSV	1	7z	entries	immediate	new_folder	reader_adoption	1	0.004	0	0	7012616	100000	0	ok
PROBE-TSV	1	7z	entries	immediate	new_folder	reload	1	216.191	0	0	7012616	100000	0	ok
PROBE-TSV	1	7z	entries	immediate	new_folder	total	1	1539.289	6578176	6582272	7012616	100000	0	ok
PROBE-TSV	1	7z	entries	immediate	new_folder	tree_build	1	60.250	0	0	7012616	100000	0	ok
PROBE-TSV	1	7z	entries	immediate	new_folder	updater_open	1	397.149	6529024	0	7012616	100000	0	ok
PROBE-TSV	1	7z	entries	immediate	new_folder	verification_open	1	202.274	0	0	7012616	100000	0	ok
PROBE-PROGRESS	7z	entries	add_file	8	5	225.769	291.255
PROBE-TSV	1	7z	entries	immediate	add_file	capability_probe	1	201.781	0	0	7000126	100000	0	ok
PROBE-TSV	1	7z	entries	immediate	add_file	commit	1	312.187	32768	6545408	7000126	100000	0	ok
PROBE-TSV	1	7z	entries	immediate	add_file	display	1	3.009	0	0	7000126	100000	0	ok
PROBE-TSV	1	7z	entries	immediate	add_file	entry_comparison	1	59.880	0	0	7000126	100000	0	ok
PROBE-TSV	1	7z	entries	immediate	add_file	filter_compute	1	0.000	0	0	7000126	100000	0	ok
PROBE-TSV	1	7z	entries	immediate	add_file	mutate	1	70.427	0	0	7000126	100000	0	ok
PROBE-TSV	1	7z	entries	immediate	add_file	name_index_advance	1	12.538	0	0	7000126	100000	0	ok
PROBE-TSV	1	7z	entries	immediate	add_file	name_index_build	1	151.090	0	0	7000126	100000	0	ok
PROBE-TSV	1	7z	entries	immediate	add_file	password_verification	1	0.216	0	0	7000126	100000	0	ok
PROBE-TSV	1	7z	entries	immediate	add_file	plan_build	3	0.057	0	0	7000126	100000	0	ok
PROBE-TSV	1	7z	entries	immediate	add_file	plan_validation	1	13.432	0	0	7000126	100000	0	ok
PROBE-TSV	1	7z	entries	immediate	add_file	publish	1	0.767	0	0	7000126	100000	0	ok
PROBE-TSV	1	7z	entries	immediate	add_file	reader_adoption	1	0.003	0	0	7000126	100000	0	ok
PROBE-TSV	1	7z	entries	immediate	add_file	reload	1	215.145	0	0	7000126	100000	0	ok
PROBE-TSV	1	7z	entries	immediate	add_file	total	1	1543.560	6578176	6557696	7000126	100000	0	ok
PROBE-TSV	1	7z	entries	immediate	add_file	tree_build	1	59.733	0	0	7000126	100000	0	ok
PROBE-TSV	1	7z	entries	immediate	add_file	updater_open	1	402.411	6529024	0	7000126	100000	0	ok
PROBE-TSV	1	7z	entries	immediate	add_file	verification_open	1	202.579	0	0	7000126	100000	0	ok
PROBE-PROGRESS	7z	entries	replace_file	8	5	283.646	288.516
PROBE-TSV	1	7z	entries	immediate	replace_file	capability_probe	1	207.861	0	0	7000078	100000	0	ok
PROBE-TSV	1	7z	entries	immediate	replace_file	commit	1	400.397	491520	7020544	7000078	100000	0	ok
PROBE-TSV	1	7z	entries	immediate	replace_file	display	1	2.930	0	0	7000078	100000	0	ok
PROBE-TSV	1	7z	entries	immediate	replace_file	entry_comparison	1	59.317	0	0	7000078	100000	0	ok
PROBE-TSV	1	7z	entries	immediate	replace_file	filter_compute	1	0.000	0	0	7000078	100000	0	ok
PROBE-TSV	1	7z	entries	immediate	replace_file	mutate	1	120.855	0	0	7000078	100000	0	ok
PROBE-TSV	1	7z	entries	immediate	replace_file	name_index_advance	1	13.034	0	0	7000078	100000	0	ok
PROBE-TSV	1	7z	entries	immediate	replace_file	name_index_build	1	154.194	0	0	7000078	100000	0	ok
PROBE-TSV	1	7z	entries	immediate	replace_file	password_verification	1	0.201	0	0	7000078	100000	0	ok
PROBE-TSV	1	7z	entries	immediate	replace_file	plan_build	4	2.308	0	0	7000078	100000	0	ok
PROBE-TSV	1	7z	entries	immediate	replace_file	plan_validation	1	13.460	0	0	7000078	100000	0	ok
PROBE-TSV	1	7z	entries	immediate	replace_file	publish	1	0.830	0	0	7000078	100000	0	ok
PROBE-TSV	1	7z	entries	immediate	replace_file	reader_adoption	1	0.004	0	0	7000078	100000	0	ok
PROBE-TSV	1	7z	entries	immediate	replace_file	reload	1	221.728	0	0	7000078	100000	0	ok
PROBE-TSV	1	7z	entries	immediate	replace_file	total	1	1691.103	7036928	7032832	7000078	100000	0	ok
PROBE-TSV	1	7z	entries	immediate	replace_file	tree_build	1	61.333	0	0	7000078	100000	0	ok
PROBE-TSV	1	7z	entries	immediate	replace_file	updater_open	1	400.198	6529024	0	7000078	100000	0	ok
PROBE-TSV	1	7z	entries	immediate	replace_file	verification_open	1	199.338	0	0	7000078	100000	0	ok
PROBE-TSV	1	7z	entries	deferred	five_changes_reserve_rename	display	1	2.488	0	0	7000078	100000	0	ok
PROBE-TSV	1	7z	entries	deferred	five_changes_reserve_rename	filter_compute	1	0.001	0	0	7000078	100000	0	ok
PROBE-TSV	1	7z	entries	deferred	five_changes_reserve_rename	password_verification	1	0.568	0	0	7000078	100000	0	ok
PROBE-TSV	1	7z	entries	deferred	five_changes_reserve_rename	total	1	157.410	0	0	7000078	100000	0	ok
PROBE-TSV	1	7z	entries	deferred	five_changes_reserve_rename	tree_build	1	67.025	0	0	7000078	100000	0	ok
PROBE-TSV	1	7z	entries	deferred	five_changes_reserve_delete	display	1	2.556	0	0	7000078	100000	0	ok
PROBE-TSV	1	7z	entries	deferred	five_changes_reserve_delete	filter_compute	1	0.001	0	0	7000078	100000	0	ok
PROBE-TSV	1	7z	entries	deferred	five_changes_reserve_delete	password_verification	1	0.562	0	0	7000078	100000	0	ok
PROBE-TSV	1	7z	entries	deferred	five_changes_reserve_delete	total	1	158.498	0	0	7000078	100000	0	ok
PROBE-TSV	1	7z	entries	deferred	five_changes_reserve_delete	tree_build	1	62.686	0	0	7000078	100000	0	ok
PROBE-TSV	1	7z	entries	deferred	five_changes_reserve_new_folder	display	1	2.700	0	0	7000078	100000	0	ok
PROBE-TSV	1	7z	entries	deferred	five_changes_reserve_new_folder	filter_compute	1	0.001	0	0	7000078	100000	0	ok
PROBE-TSV	1	7z	entries	deferred	five_changes_reserve_new_folder	password_verification	1	0.583	0	0	7000078	100000	0	ok
PROBE-TSV	1	7z	entries	deferred	five_changes_reserve_new_folder	total	1	153.423	0	0	7000078	100000	0	ok
PROBE-TSV	1	7z	entries	deferred	five_changes_reserve_new_folder	tree_build	1	60.553	0	0	7000078	100000	0	ok
PROBE-TSV	1	7z	entries	deferred	five_changes_reserve_delete_folder	display	1	2.918	0	0	7000078	100000	0	ok
PROBE-TSV	1	7z	entries	deferred	five_changes_reserve_delete_folder	filter_compute	1	0.001	0	0	7000078	100000	0	ok
PROBE-TSV	1	7z	entries	deferred	five_changes_reserve_delete_folder	password_verification	1	0.578	0	0	7000078	100000	0	ok
PROBE-TSV	1	7z	entries	deferred	five_changes_reserve_delete_folder	total	1	157.411	0	0	7000078	100000	0	ok
PROBE-TSV	1	7z	entries	deferred	five_changes_reserve_delete_folder	tree_build	1	61.967	0	0	7000078	100000	0	ok
PROBE-TSV	1	7z	entries	deferred	five_changes_reserve_add	display	1	2.963	0	0	7000078	100000	0	ok
PROBE-TSV	1	7z	entries	deferred	five_changes_reserve_add	filter_compute	1	0.000	0	0	7000078	100000	0	ok
PROBE-TSV	1	7z	entries	deferred	five_changes_reserve_add	password_verification	1	0.573	0	0	7000078	100000	0	ok
PROBE-TSV	1	7z	entries	deferred	five_changes_reserve_add	plan_build	3	0.057	0	0	7000078	100000	0	ok
PROBE-TSV	1	7z	entries	deferred	five_changes_reserve_add	total	1	156.154	0	4096	7000078	100000	0	ok
PROBE-TSV	1	7z	entries	deferred	five_changes_reserve_add	tree_build	1	59.372	0	0	7000078	100000	0	ok
PROBE-TSV	1	7z	entries	deferred	save_five_changes	capability_probe	1	200.320	0	0	6942455	100000	0	ok
PROBE-TSV	1	7z	entries	deferred	save_five_changes	commit	1	410.796	524288	6963200	6942455	100000	0	ok
PROBE-TSV	1	7z	entries	deferred	save_five_changes	display	1	2.788	0	0	6942455	100000	0	ok
PROBE-TSV	1	7z	entries	deferred	save_five_changes	editing_install	1	0.009	0	0	6942455	100000	0	ok
PROBE-TSV	1	7z	entries	deferred	save_five_changes	editing_prepare	1	31.362	0	0	6942455	100000	0	ok
PROBE-TSV	1	7z	entries	deferred	save_five_changes	entry_comparison	1	59.552	0	0	6942455	100000	0	ok
PROBE-TSV	1	7z	entries	deferred	save_five_changes	filter_compute	2	0.001	0	0	6942455	100000	0	ok
PROBE-TSV	1	7z	entries	deferred	save_five_changes	name_index_advance	1	15.619	0	0	6942455	100000	0	ok
PROBE-TSV	1	7z	entries	deferred	save_five_changes	password_verification	1	0.558	0	0	6942455	100000	0	ok
PROBE-TSV	1	7z	entries	deferred	save_five_changes	publish	1	0.959	0	0	6942455	100000	0	ok
PROBE-TSV	1	7z	entries	deferred	save_five_changes	reader_adoption	1	0.003	0	0	6942455	100000	0	ok
PROBE-TSV	1	7z	entries	deferred	save_five_changes	reload	1	225.942	0	0	6942455	100000	0	ok
PROBE-TSV	1	7z	entries	deferred	save_five_changes	replay	1	127.196	4096	0	6942455	100000	0	ok
PROBE-TSV	1	7z	entries	deferred	save_five_changes	replay_plan	1	24.411	0	0	6942455	100000	0	ok
PROBE-TSV	1	7z	entries	deferred	save_five_changes	representability_differential	1	0.768	0	0	6942455	100000	0	ok
PROBE-TSV	1	7z	entries	deferred	save_five_changes	save_sheet	1	1919.187	7073792	6987776	6942455	100000	0	ok
PROBE-TSV	1	7z	entries	deferred	save_five_changes	total	1	1950.958	7073792	6987776	6942455	100000	0	ok
PROBE-TSV	1	7z	entries	deferred	save_five_changes	tree_build	1	60.783	0	0	6942455	100000	0	ok
PROBE-TSV	1	7z	entries	deferred	save_five_changes	updater_open	1	404.901	6529024	0	6942455	100000	0	ok
PROBE-TSV	1	7z	entries	deferred	save_five_changes	verification_open	1	203.611	0	0	6942455	100000	0	ok
PROBE-TSV	1	7z	entries	deferred	rename_only_reserve_rename	display	1	2.621	0	0	7000078	100000	0	ok
PROBE-TSV	1	7z	entries	deferred	rename_only_reserve_rename	filter_compute	1	0.001	0	0	7000078	100000	0	ok
PROBE-TSV	1	7z	entries	deferred	rename_only_reserve_rename	password_verification	1	0.563	0	0	7000078	100000	0	ok
PROBE-TSV	1	7z	entries	deferred	rename_only_reserve_rename	total	1	151.741	0	0	7000078	100000	0	ok
PROBE-TSV	1	7z	entries	deferred	rename_only_reserve_rename	tree_build	1	61.394	0	0	7000078	100000	0	ok
PROBE-TSV	1	7z	entries	deferred	save_rename_only	capability_probe	1	202.534	0	0	7000076	100000	0	ok
PROBE-TSV	1	7z	entries	deferred	save_rename_only	commit	1	314.216	57344	6545408	7000076	100000	0	ok
PROBE-TSV	1	7z	entries	deferred	save_rename_only	display	1	2.798	0	0	7000076	100000	0	ok
PROBE-TSV	1	7z	entries	deferred	save_rename_only	editing_install	1	0.006	0	0	7000076	100000	0	ok
PROBE-TSV	1	7z	entries	deferred	save_rename_only	editing_prepare	1	27.439	0	0	7000076	100000	0	ok
PROBE-TSV	1	7z	entries	deferred	save_rename_only	entry_comparison	1	63.189	0	0	7000076	100000	0	ok
PROBE-TSV	1	7z	entries	deferred	save_rename_only	filter_compute	2	0.001	0	0	7000076	100000	0	ok
PROBE-TSV	1	7z	entries	deferred	save_rename_only	name_index_advance	1	13.744	0	0	7000076	100000	0	ok
PROBE-TSV	1	7z	entries	deferred	save_rename_only	password_verification	1	0.593	0	0	7000076	100000	0	ok
PROBE-TSV	1	7z	entries	deferred	save_rename_only	publish	1	0.387	0	0	7000076	100000	0	ok
PROBE-TSV	1	7z	entries	deferred	save_rename_only	reader_adoption	1	0.004	0	0	7000076	100000	0	ok
PROBE-TSV	1	7z	entries	deferred	save_rename_only	reload	1	226.522	0	0	7000076	100000	0	ok
PROBE-TSV	1	7z	entries	deferred	save_rename_only	replay	1	62.004	0	0	7000076	100000	0	ok
PROBE-TSV	1	7z	entries	deferred	save_rename_only	replay_plan	1	21.864	0	0	7000076	100000	0	ok
PROBE-TSV	1	7z	entries	deferred	save_rename_only	representability_differential	1	0.023	0	0	7000076	100000	0	ok
PROBE-TSV	1	7z	entries	deferred	save_rename_only	save_sheet	1	1754.307	6586368	6557696	7000076	100000	0	ok
PROBE-TSV	1	7z	entries	deferred	save_rename_only	total	1	1782.106	6586368	6557696	7000076	100000	0	ok
PROBE-TSV	1	7z	entries	deferred	save_rename_only	tree_build	1	60.522	0	0	7000076	100000	0	ok
PROBE-TSV	1	7z	entries	deferred	save_rename_only	updater_open	1	409.859	6529024	0	7000076	100000	0	ok
PROBE-TSV	1	7z	entries	deferred	save_rename_only	verification_open	1	204.912	0	0	7000076	100000	0	ok
PROBE-PROGRESS	7z	payload	delete_start	76	74	7.896	5.051
PROBE-TSV	1	7z	payload	immediate	delete_start	capability_probe	1	2.187	0	0	135790639	1064	256	ok
PROBE-TSV	1	7z	payload	immediate	delete_start	commit	1	63.109	135741440	135823360	135790639	1064	256	ok
PROBE-TSV	1	7z	payload	immediate	delete_start	display	1	1.188	0	0	135790639	1064	256	ok
PROBE-TSV	1	7z	payload	immediate	delete_start	entry_comparison	1	0.644	0	0	135790639	1064	256	ok
PROBE-TSV	1	7z	payload	immediate	delete_start	filter_compute	1	0.000	0	0	135790639	1064	256	ok
PROBE-TSV	1	7z	payload	immediate	delete_start	mutate	1	0.648	0	0	135790639	1064	256	ok
PROBE-TSV	1	7z	payload	immediate	delete_start	password_verification	1	0.030	0	0	135790639	1064	256	ok
PROBE-TSV	1	7z	payload	immediate	delete_start	plan_build	1	0.012	0	0	135790639	1064	256	ok
PROBE-TSV	1	7z	payload	immediate	delete_start	plan_validation	1	0.099	0	0	135790639	1064	256	ok
PROBE-TSV	1	7z	payload	immediate	delete_start	publish	1	0.701	0	0	135790639	1064	256	ok
PROBE-TSV	1	7z	payload	immediate	delete_start	reader_adoption	1	0.002	0	0	135790639	1064	256	ok
PROBE-TSV	1	7z	payload	immediate	delete_start	reload	1	2.363	0	0	135790639	1064	256	ok
PROBE-TSV	1	7z	payload	immediate	delete_start	total	1	81.477	135843840	135835648	135790639	1064	256	ok
PROBE-TSV	1	7z	payload	immediate	delete_start	tree_build	1	0.545	0	0	135790639	1064	256	ok
PROBE-TSV	1	7z	payload	immediate	delete_start	updater_open	1	5.171	102400	0	135790639	1064	256	ok
PROBE-TSV	1	7z	payload	immediate	delete_start	verification_open	1	2.107	0	0	135790639	1064	256	ok
PROBE-PROGRESS	7z	payload	delete_end	4	2	3.494	4.061
PROBE-TSV	1	7z	payload	immediate	delete_end	capability_probe	1	2.217	0	0	137251506	1064	256	ok
PROBE-TSV	1	7z	payload	immediate	delete_end	commit	1	4.208	36864	118784	137251506	1064	256	ok
PROBE-TSV	1	7z	payload	immediate	delete_end	display	1	1.181	0	0	137251506	1064	256	ok
PROBE-TSV	1	7z	payload	immediate	delete_end	entry_comparison	1	0.629	0	0	137251506	1064	256	ok
PROBE-TSV	1	7z	payload	immediate	delete_end	filter_compute	1	0.000	0	0	137251506	1064	256	ok
PROBE-TSV	1	7z	payload	immediate	delete_end	mutate	1	0.629	0	0	137251506	1064	256	ok
PROBE-TSV	1	7z	payload	immediate	delete_end	password_verification	1	0.027	0	0	137251506	1064	256	ok
PROBE-TSV	1	7z	payload	immediate	delete_end	plan_build	1	0.015	0	0	137251506	1064	256	ok
PROBE-TSV	1	7z	payload	immediate	delete_end	plan_validation	1	0.101	0	0	137251506	1064	256	ok
PROBE-TSV	1	7z	payload	immediate	delete_end	publish	1	0.669	0	0	137251506	1064	256	ok
PROBE-TSV	1	7z	payload	immediate	delete_end	reader_adoption	1	0.002	0	0	137251506	1064	256	ok
PROBE-TSV	1	7z	payload	immediate	delete_end	reload	1	2.390	0	0	137251506	1064	256	ok
PROBE-TSV	1	7z	payload	immediate	delete_end	total	1	20.261	139264	131072	137251506	1064	256	ok
PROBE-TSV	1	7z	payload	immediate	delete_end	tree_build	1	0.574	0	0	137251506	1064	256	ok
PROBE-TSV	1	7z	payload	immediate	delete_end	updater_open	1	5.010	102400	0	137251506	1064	256	ok
PROBE-TSV	1	7z	payload	immediate	delete_end	verification_open	1	2.116	0	0	137251506	1064	256	ok
PROBE-PROGRESS	7z	payload	rename_same_length	4	2	3.424	3.999
PROBE-TSV	1	7z	payload	immediate	rename_same_length	capability_probe	1	2.196	0	0	137251576	1064	256	ok
PROBE-TSV	1	7z	payload	immediate	rename_same_length	commit	1	4.126	32768	118784	137251576	1064	256	ok
PROBE-TSV	1	7z	payload	immediate	rename_same_length	display	1	1.143	0	0	137251576	1064	256	ok
PROBE-TSV	1	7z	payload	immediate	rename_same_length	entry_comparison	1	0.648	0	0	137251576	1064	256	ok
PROBE-TSV	1	7z	payload	immediate	rename_same_length	filter_compute	1	0.000	0	0	137251576	1064	256	ok
PROBE-TSV	1	7z	payload	immediate	rename_same_length	mutate	1	0.641	0	0	137251576	1064	256	ok
PROBE-TSV	1	7z	payload	immediate	rename_same_length	name_index_advance	1	0.112	0	0	137251576	1064	256	ok
PROBE-TSV	1	7z	payload	immediate	rename_same_length	name_index_build	1	1.625	0	0	137251576	1064	256	ok
PROBE-TSV	1	7z	payload	immediate	rename_same_length	password_verification	1	0.026	0	0	137251576	1064	256	ok
PROBE-TSV	1	7z	payload	immediate	rename_same_length	plan_build	1	0.019	0	0	137251576	1064	256	ok
PROBE-TSV	1	7z	payload	immediate	rename_same_length	plan_validation	1	0.117	0	0	137251576	1064	256	ok
PROBE-TSV	1	7z	payload	immediate	rename_same_length	publish	1	0.605	0	0	137251576	1064	256	ok
PROBE-TSV	1	7z	payload	immediate	rename_same_length	reader_adoption	1	0.002	0	0	137251576	1064	256	ok
PROBE-TSV	1	7z	payload	immediate	rename_same_length	reload	1	2.512	0	0	137251576	1064	256	ok
PROBE-TSV	1	7z	payload	immediate	rename_same_length	total	1	21.588	135168	131072	137251576	1064	256	ok
PROBE-TSV	1	7z	payload	immediate	rename_same_length	tree_build	1	0.530	0	0	137251576	1064	256	ok
PROBE-TSV	1	7z	payload	immediate	rename_same_length	updater_open	1	4.717	102400	0	137251576	1064	256	ok
PROBE-TSV	1	7z	payload	immediate	rename_same_length	verification_open	1	2.138	0	0	137251576	1064	256	ok
PROBE-PROGRESS	7z	payload	rename_different_length	4	2	3.356	4.021
PROBE-TSV	1	7z	payload	immediate	rename_different_length	capability_probe	1	2.202	0	0	137251612	1064	256	ok
PROBE-TSV	1	7z	payload	immediate	rename_different_length	commit	1	4.056	32768	118784	137251612	1064	256	ok
PROBE-TSV	1	7z	payload	immediate	rename_different_length	display	1	1.116	0	0	137251612	1064	256	ok
PROBE-TSV	1	7z	payload	immediate	rename_different_length	entry_comparison	1	0.651	0	0	137251612	1064	256	ok
PROBE-TSV	1	7z	payload	immediate	rename_different_length	filter_compute	1	0.000	0	0	137251612	1064	256	ok
PROBE-TSV	1	7z	payload	immediate	rename_different_length	mutate	1	0.626	0	0	137251612	1064	256	ok
PROBE-TSV	1	7z	payload	immediate	rename_different_length	name_index_advance	1	0.118	0	0	137251612	1064	256	ok
PROBE-TSV	1	7z	payload	immediate	rename_different_length	name_index_build	1	1.492	0	0	137251612	1064	256	ok
PROBE-TSV	1	7z	payload	immediate	rename_different_length	password_verification	1	0.034	0	0	137251612	1064	256	ok
PROBE-TSV	1	7z	payload	immediate	rename_different_length	plan_build	1	0.023	0	0	137251612	1064	256	ok
PROBE-TSV	1	7z	payload	immediate	rename_different_length	plan_validation	1	0.109	0	0	137251612	1064	256	ok
PROBE-TSV	1	7z	payload	immediate	rename_different_length	publish	1	0.600	0	0	137251612	1064	256	ok
PROBE-TSV	1	7z	payload	immediate	rename_different_length	reader_adoption	1	0.002	0	0	137251612	1064	256	ok
PROBE-TSV	1	7z	payload	immediate	rename_different_length	reload	1	2.490	0	0	137251612	1064	256	ok
PROBE-TSV	1	7z	payload	immediate	rename_different_length	total	1	21.094	135168	131072	137251612	1064	256	ok
PROBE-TSV	1	7z	payload	immediate	rename_different_length	tree_build	1	0.581	0	0	137251612	1064	256	ok
PROBE-TSV	1	7z	payload	immediate	rename_different_length	updater_open	1	4.559	102400	0	137251612	1064	256	ok
PROBE-TSV	1	7z	payload	immediate	rename_different_length	verification_open	1	2.153	0	0	137251612	1064	256	ok
PROBE-PROGRESS	7z	payload	rename_folder	4	2	3.537	4.159
PROBE-TSV	1	7z	payload	immediate	rename_folder	capability_probe	1	2.220	0	0	137252472	1064	256	ok
PROBE-TSV	1	7z	payload	immediate	rename_folder	commit	1	4.257	32768	118784	137252472	1064	256	ok
PROBE-TSV	1	7z	payload	immediate	rename_folder	display	1	1.212	0	0	137252472	1064	256	ok
PROBE-TSV	1	7z	payload	immediate	rename_folder	entry_comparison	1	0.627	0	0	137252472	1064	256	ok
PROBE-TSV	1	7z	payload	immediate	rename_folder	filter_compute	1	0.000	0	0	137252472	1064	256	ok
PROBE-TSV	1	7z	payload	immediate	rename_folder	mutate	1	0.967	0	0	137252472	1064	256	ok
PROBE-TSV	1	7z	payload	immediate	rename_folder	name_index_advance	1	0.393	0	0	137252472	1064	256	ok
PROBE-TSV	1	7z	payload	immediate	rename_folder	name_index_build	1	1.624	0	0	137252472	1064	256	ok
PROBE-TSV	1	7z	payload	immediate	rename_folder	password_verification	1	0.027	0	0	137252472	1064	256	ok
PROBE-TSV	1	7z	payload	immediate	rename_folder	plan_build	1	0.349	0	0	137252472	1064	256	ok
PROBE-TSV	1	7z	payload	immediate	rename_folder	plan_validation	1	0.278	0	0	137252472	1064	256	ok
PROBE-TSV	1	7z	payload	immediate	rename_folder	publish	1	0.626	0	0	137252472	1064	256	ok
PROBE-TSV	1	7z	payload	immediate	rename_folder	reader_adoption	1	0.002	0	0	137252472	1064	256	ok
PROBE-TSV	1	7z	payload	immediate	rename_folder	reload	1	2.805	0	0	137252472	1064	256	ok
PROBE-TSV	1	7z	payload	immediate	rename_folder	total	1	23.328	135168	131072	137252472	1064	256	ok
PROBE-TSV	1	7z	payload	immediate	rename_folder	tree_build	1	0.583	0	0	137252472	1064	256	ok
PROBE-TSV	1	7z	payload	immediate	rename_folder	updater_open	1	5.060	102400	0	137252472	1064	256	ok
PROBE-TSV	1	7z	payload	immediate	rename_folder	verification_open	1	2.267	0	0	137252472	1064	256	ok
PROBE-PROGRESS	7z	payload	new_folder	4	2	3.178	3.974
PROBE-TSV	1	7z	payload	immediate	new_folder	capability_probe	1	2.237	0	0	137251747	1064	256	ok
PROBE-TSV	1	7z	payload	immediate	new_folder	commit	1	3.891	32768	118784	137251747	1064	256	ok
PROBE-TSV	1	7z	payload	immediate	new_folder	display	1	1.150	0	0	137251747	1064	256	ok
PROBE-TSV	1	7z	payload	immediate	new_folder	entry_comparison	1	0.637	0	0	137251747	1064	256	ok
PROBE-TSV	1	7z	payload	immediate	new_folder	filter_compute	1	0.000	0	0	137251747	1064	256	ok
PROBE-TSV	1	7z	payload	immediate	new_folder	mutate	1	0.887	0	0	137251747	1064	256	ok
PROBE-TSV	1	7z	payload	immediate	new_folder	name_index_advance	1	0.101	0	0	137251747	1064	256	ok
PROBE-TSV	1	7z	payload	immediate	new_folder	name_index_build	1	1.626	0	0	137251747	1064	256	ok
PROBE-TSV	1	7z	payload	immediate	new_folder	password_verification	1	0.028	0	0	137251747	1064	256	ok
PROBE-TSV	1	7z	payload	immediate	new_folder	plan_build	1	1.638	0	0	137251747	1064	256	ok
PROBE-TSV	1	7z	payload	immediate	new_folder	plan_validation	1	0.096	0	0	137251747	1064	256	ok
PROBE-TSV	1	7z	payload	immediate	new_folder	publish	1	0.595	0	0	137251747	1064	256	ok
PROBE-TSV	1	7z	payload	immediate	new_folder	reader_adoption	1	0.002	0	0	137251747	1064	256	ok
PROBE-TSV	1	7z	payload	immediate	new_folder	reload	1	2.505	0	0	137251747	1064	256	ok
PROBE-TSV	1	7z	payload	immediate	new_folder	total	1	21.548	135168	131072	137251747	1064	256	ok
PROBE-TSV	1	7z	payload	immediate	new_folder	tree_build	1	0.567	0	0	137251747	1064	256	ok
PROBE-TSV	1	7z	payload	immediate	new_folder	updater_open	1	4.655	102400	0	137251747	1064	256	ok
PROBE-TSV	1	7z	payload	immediate	new_folder	verification_open	1	2.127	0	0	137251747	1064	256	ok
PROBE-PROGRESS	7z	payload	add_file	6	3	3.213	3.976
PROBE-TSV	1	7z	payload	immediate	add_file	capability_probe	1	2.189	0	0	137251624	1064	256	ok
PROBE-TSV	1	7z	payload	immediate	add_file	commit	1	3.952	16384	118784	137251624	1064	256	ok
PROBE-TSV	1	7z	payload	immediate	add_file	display	1	1.160	0	0	137251624	1064	256	ok
PROBE-TSV	1	7z	payload	immediate	add_file	entry_comparison	1	0.620	0	0	137251624	1064	256	ok
PROBE-TSV	1	7z	payload	immediate	add_file	filter_compute	1	0.000	0	0	137251624	1064	256	ok
PROBE-TSV	1	7z	payload	immediate	add_file	mutate	1	0.974	0	0	137251624	1064	256	ok
PROBE-TSV	1	7z	payload	immediate	add_file	name_index_advance	1	0.108	0	0	137251624	1064	256	ok
PROBE-TSV	1	7z	payload	immediate	add_file	name_index_build	1	1.542	0	0	137251624	1064	256	ok
PROBE-TSV	1	7z	payload	immediate	add_file	password_verification	1	0.028	0	0	137251624	1064	256	ok
PROBE-TSV	1	7z	payload	immediate	add_file	plan_build	3	0.041	0	0	137251624	1064	256	ok
PROBE-TSV	1	7z	payload	immediate	add_file	plan_validation	1	0.124	0	0	137251624	1064	256	ok
PROBE-TSV	1	7z	payload	immediate	add_file	publish	1	0.647	0	0	137251624	1064	256	ok
PROBE-TSV	1	7z	payload	immediate	add_file	reader_adoption	1	0.002	0	0	137251624	1064	256	ok
PROBE-TSV	1	7z	payload	immediate	add_file	reload	1	2.481	0	0	137251624	1064	256	ok
PROBE-TSV	1	7z	payload	immediate	add_file	total	1	21.900	135168	131072	137251624	1064	256	ok
PROBE-TSV	1	7z	payload	immediate	add_file	tree_build	1	0.556	0	0	137251624	1064	256	ok
PROBE-TSV	1	7z	payload	immediate	add_file	updater_open	1	4.744	102400	0	137251624	1064	256	ok
PROBE-TSV	1	7z	payload	immediate	add_file	verification_open	1	2.058	0	0	137251624	1064	256	ok
PROBE-PROGRESS	7z	payload	replace_file	78	75	4.259	5.086
PROBE-TSV	1	7z	payload	immediate	replace_file	capability_probe	1	2.149	0	0	135790709	1064	256	ok
PROBE-TSV	1	7z	payload	immediate	replace_file	commit	1	63.961	135725056	135839744	135790709	1064	256	ok
PROBE-TSV	1	7z	payload	immediate	replace_file	display	1	1.150	0	0	135790709	1064	256	ok
PROBE-TSV	1	7z	payload	immediate	replace_file	entry_comparison	1	0.649	0	0	135790709	1064	256	ok
PROBE-TSV	1	7z	payload	immediate	replace_file	filter_compute	1	0.000	0	0	135790709	1064	256	ok
PROBE-TSV	1	7z	payload	immediate	replace_file	mutate	1	1.523	0	0	135790709	1064	256	ok
PROBE-TSV	1	7z	payload	immediate	replace_file	name_index_advance	1	0.125	0	0	135790709	1064	256	ok
PROBE-TSV	1	7z	payload	immediate	replace_file	name_index_build	1	1.487	0	0	135790709	1064	256	ok
PROBE-TSV	1	7z	payload	immediate	replace_file	password_verification	1	0.027	0	0	135790709	1064	256	ok
PROBE-TSV	1	7z	payload	immediate	replace_file	plan_build	4	0.068	0	0	135790709	1064	256	ok
PROBE-TSV	1	7z	payload	immediate	replace_file	plan_validation	1	0.097	0	0	135790709	1064	256	ok
PROBE-TSV	1	7z	payload	immediate	replace_file	publish	1	0.720	0	0	135790709	1064	256	ok
PROBE-TSV	1	7z	payload	immediate	replace_file	reader_adoption	1	0.003	0	0	135790709	1064	256	ok
PROBE-TSV	1	7z	payload	immediate	replace_file	reload	1	2.484	0	0	135790709	1064	256	ok
PROBE-TSV	1	7z	payload	immediate	replace_file	total	1	84.377	135843840	135852032	135790709	1064	256	ok
PROBE-TSV	1	7z	payload	immediate	replace_file	tree_build	1	0.569	0	0	135790709	1064	256	ok
PROBE-TSV	1	7z	payload	immediate	replace_file	updater_open	1	4.748	102400	0	135790709	1064	256	ok
PROBE-TSV	1	7z	payload	immediate	replace_file	verification_open	1	2.072	0	0	135790709	1064	256	ok
PROBE-TSV	1	7z	payload	deferred	five_changes_reserve_rename	display	1	1.031	0	0	137251576	1064	256	ok
PROBE-TSV	1	7z	payload	deferred	five_changes_reserve_rename	filter_compute	1	0.000	0	0	137251576	1064	256	ok
PROBE-TSV	1	7z	payload	deferred	five_changes_reserve_rename	password_verification	1	0.031	0	0	137251576	1064	256	ok
PROBE-TSV	1	7z	payload	deferred	five_changes_reserve_rename	total	1	5.849	0	0	137251576	1064	256	ok
PROBE-TSV	1	7z	payload	deferred	five_changes_reserve_rename	tree_build	1	0.649	0	0	137251576	1064	256	ok
PROBE-TSV	1	7z	payload	deferred	five_changes_reserve_delete	display	1	0.438	0	0	137251576	1064	256	ok
PROBE-TSV	1	7z	payload	deferred	five_changes_reserve_delete	filter_compute	1	0.000	0	0	137251576	1064	256	ok
PROBE-TSV	1	7z	payload	deferred	five_changes_reserve_delete	password_verification	1	0.024	0	0	137251576	1064	256	ok
PROBE-TSV	1	7z	payload	deferred	five_changes_reserve_delete	total	1	24.535	0	0	137251576	1064	256	ok
PROBE-TSV	1	7z	payload	deferred	five_changes_reserve_delete	tree_build	1	0.551	0	0	137251576	1064	256	ok
PROBE-TSV	1	7z	payload	deferred	five_changes_reserve_new_folder	display	1	0.994	0	0	137251576	1064	256	ok
PROBE-TSV	1	7z	payload	deferred	five_changes_reserve_new_folder	filter_compute	1	0.000	0	0	137251576	1064	256	ok
PROBE-TSV	1	7z	payload	deferred	five_changes_reserve_new_folder	password_verification	1	0.027	0	0	137251576	1064	256	ok
PROBE-TSV	1	7z	payload	deferred	five_changes_reserve_new_folder	total	1	26.916	0	0	137251576	1064	256	ok
PROBE-TSV	1	7z	payload	deferred	five_changes_reserve_new_folder	tree_build	1	0.585	0	0	137251576	1064	256	ok
PROBE-TSV	1	7z	payload	deferred	five_changes_reserve_delete_folder	display	1	1.115	0	0	137251576	1064	256	ok
PROBE-TSV	1	7z	payload	deferred	five_changes_reserve_delete_folder	filter_compute	1	0.000	0	0	137251576	1064	256	ok
PROBE-TSV	1	7z	payload	deferred	five_changes_reserve_delete_folder	password_verification	1	0.026	0	0	137251576	1064	256	ok
PROBE-TSV	1	7z	payload	deferred	five_changes_reserve_delete_folder	total	1	7.710	0	0	137251576	1064	256	ok
PROBE-TSV	1	7z	payload	deferred	five_changes_reserve_delete_folder	tree_build	1	0.050	0	0	137251576	1064	256	ok
PROBE-TSV	1	7z	payload	deferred	five_changes_reserve_add	display	1	0.963	0	0	137251576	1064	256	ok
PROBE-TSV	1	7z	payload	deferred	five_changes_reserve_add	filter_compute	1	0.000	0	0	137251576	1064	256	ok
PROBE-TSV	1	7z	payload	deferred	five_changes_reserve_add	password_verification	1	0.020	0	0	137251576	1064	256	ok
PROBE-TSV	1	7z	payload	deferred	five_changes_reserve_add	plan_build	3	0.050	0	0	137251576	1064	256	ok
PROBE-TSV	1	7z	payload	deferred	five_changes_reserve_add	total	1	25.156	0	4096	137251576	1064	256	ok
PROBE-TSV	1	7z	payload	deferred	five_changes_reserve_add	tree_build	1	0.042	0	0	137251576	1064	256	ok
PROBE-TSV	1	7z	payload	deferred	save_five_changes	capability_probe	1	0.204	0	0	137181653	1064	256	ok
PROBE-TSV	1	7z	payload	deferred	save_five_changes	commit	1	0.778	16384	49152	137181653	1064	256	ok
PROBE-TSV	1	7z	payload	deferred	save_five_changes	display	1	1.259	0	0	137181653	1064	256	ok
PROBE-TSV	1	7z	payload	deferred	save_five_changes	editing_install	1	0.005	0	0	137181653	1064	256	ok
PROBE-TSV	1	7z	payload	deferred	save_five_changes	editing_prepare	1	0.166	0	0	137181653	1064	256	ok
PROBE-TSV	1	7z	payload	deferred	save_five_changes	entry_comparison	1	0.044	0	0	137181653	1064	256	ok
PROBE-TSV	1	7z	payload	deferred	save_five_changes	filter_compute	2	0.000	0	0	137181653	1064	256	ok
PROBE-TSV	1	7z	payload	deferred	save_five_changes	name_index_advance	1	0.730	0	0	137181653	1064	256	ok
PROBE-TSV	1	7z	payload	deferred	save_five_changes	password_verification	1	0.025	0	0	137181653	1064	256	ok
PROBE-TSV	1	7z	payload	deferred	save_five_changes	publish	1	0.783	0	0	137181653	1064	256	ok
PROBE-TSV	1	7z	payload	deferred	save_five_changes	reader_adoption	1	0.002	0	0	137181653	1064	256	ok
PROBE-TSV	1	7z	payload	deferred	save_five_changes	reload	1	1.244	0	0	137181653	1064	256	ok
PROBE-TSV	1	7z	payload	deferred	save_five_changes	replay	1	2.172	4096	0	137181653	1064	256	ok
PROBE-TSV	1	7z	payload	deferred	save_five_changes	replay_plan	1	1.610	0	0	137181653	1064	256	ok
PROBE-TSV	1	7z	payload	deferred	save_five_changes	representability_differential	1	0.793	0	0	137181653	1064	256	ok
PROBE-TSV	1	7z	payload	deferred	save_five_changes	save_sheet	1	84.492	139264	73728	137181653	1064	256	ok
PROBE-TSV	1	7z	payload	deferred	save_five_changes	total	1	85.104	139264	73728	137181653	1064	256	ok
PROBE-TSV	1	7z	payload	deferred	save_five_changes	tree_build	1	0.047	0	0	137181653	1064	256	ok
PROBE-TSV	1	7z	payload	deferred	save_five_changes	updater_open	1	5.290	102400	0	137181653	1064	256	ok
PROBE-TSV	1	7z	payload	deferred	save_five_changes	verification_open	1	0.180	0	0	137181653	1064	256	ok
PROBE-TSV	1	7z	payload	deferred	rename_only_reserve_rename	display	1	1.103	0	0	137251576	1064	256	ok
PROBE-TSV	1	7z	payload	deferred	rename_only_reserve_rename	filter_compute	1	0.000	0	0	137251576	1064	256	ok
PROBE-TSV	1	7z	payload	deferred	rename_only_reserve_rename	password_verification	1	0.030	0	0	137251576	1064	256	ok
PROBE-TSV	1	7z	payload	deferred	rename_only_reserve_rename	total	1	6.136	0	0	137251576	1064	256	ok
PROBE-TSV	1	7z	payload	deferred	rename_only_reserve_rename	tree_build	1	0.585	0	0	137251576	1064	256	ok
PROBE-TSV	1	7z	payload	deferred	save_rename_only	capability_probe	1	2.176	0	0	137251574	1064	256	ok
PROBE-TSV	1	7z	payload	deferred	save_rename_only	commit	1	4.175	36864	118784	137251574	1064	256	ok
PROBE-TSV	1	7z	payload	deferred	save_rename_only	display	1	1.113	0	0	137251574	1064	256	ok
PROBE-TSV	1	7z	payload	deferred	save_rename_only	editing_install	1	0.005	0	0	137251574	1064	256	ok
PROBE-TSV	1	7z	payload	deferred	save_rename_only	editing_prepare	1	0.251	0	0	137251574	1064	256	ok
PROBE-TSV	1	7z	payload	deferred	save_rename_only	entry_comparison	1	0.606	0	0	137251574	1064	256	ok
PROBE-TSV	1	7z	payload	deferred	save_rename_only	filter_compute	2	0.000	0	0	137251574	1064	256	ok
PROBE-TSV	1	7z	payload	deferred	save_rename_only	name_index_advance	1	0.107	0	0	137251574	1064	256	ok
PROBE-TSV	1	7z	payload	deferred	save_rename_only	password_verification	1	0.029	0	0	137251574	1064	256	ok
PROBE-TSV	1	7z	payload	deferred	save_rename_only	publish	1	0.266	0	0	137251574	1064	256	ok
PROBE-TSV	1	7z	payload	deferred	save_rename_only	reader_adoption	1	0.002	0	0	137251574	1064	256	ok
PROBE-TSV	1	7z	payload	deferred	save_rename_only	reload	1	2.610	0	0	137251574	1064	256	ok
PROBE-TSV	1	7z	payload	deferred	save_rename_only	replay	1	0.616	0	0	137251574	1064	256	ok
PROBE-TSV	1	7z	payload	deferred	save_rename_only	replay_plan	1	0.254	0	0	137251574	1064	256	ok
PROBE-TSV	1	7z	payload	deferred	save_rename_only	representability_differential	1	0.018	0	0	137251574	1064	256	ok
PROBE-TSV	1	7z	payload	deferred	save_rename_only	save_sheet	1	76.589	139264	131072	137251574	1064	256	ok
PROBE-TSV	1	7z	payload	deferred	save_rename_only	total	1	77.120	139264	131072	137251574	1064	256	ok
PROBE-TSV	1	7z	payload	deferred	save_rename_only	tree_build	1	0.612	0	0	137251574	1064	256	ok
PROBE-TSV	1	7z	payload	deferred	save_rename_only	updater_open	1	4.891	102400	0	137251574	1064	256	ok
PROBE-TSV	1	7z	payload	deferred	save_rename_only	verification_open	1	2.076	0	0	137251574	1064	256	ok
PROBE-PROGRESS	lha	entries	delete_start	7	5	66.845	483.124
PROBE-TSV	1	lha	entries	immediate	delete_start	capability_probe	1	391.541	0	0	6999931	100000	0	ok
PROBE-TSV	1	lha	entries	immediate	delete_start	commit	1	10.267	4096	7000064	6999931	100000	0	ok
PROBE-TSV	1	lha	entries	immediate	delete_start	display	1	2.966	0	0	6999931	100000	0	ok
PROBE-TSV	1	lha	entries	immediate	delete_start	entry_comparison	1	66.140	0	0	6999931	100000	0	ok
PROBE-TSV	1	lha	entries	immediate	delete_start	filter_compute	1	0.000	0	0	6999931	100000	0	ok
PROBE-TSV	1	lha	entries	immediate	delete_start	mutate	1	66.808	0	0	6999931	100000	0	ok
PROBE-TSV	1	lha	entries	immediate	delete_start	password_verification	1	0.389	0	0	6999931	100000	0	ok
PROBE-TSV	1	lha	entries	immediate	delete_start	plan_build	1	0.012	0	0	6999931	100000	0	ok
PROBE-TSV	1	lha	entries	immediate	delete_start	plan_validation	1	18.685	0	0	6999931	100000	0	ok
PROBE-TSV	1	lha	entries	immediate	delete_start	publish	1	0.767	0	0	6999931	100000	0	ok
PROBE-TSV	1	lha	entries	immediate	delete_start	reader_adoption	1	0.003	0	0	6999931	100000	0	ok
PROBE-TSV	1	lha	entries	immediate	delete_start	reload	1	391.881	0	0	6999931	100000	0	ok
PROBE-TSV	1	lha	entries	immediate	delete_start	total	1	1976.034	7004160	7012352	6999931	100000	0	ok
PROBE-TSV	1	lha	entries	immediate	delete_start	tree_build	1	75.107	0	0	6999931	100000	0	ok
PROBE-TSV	1	lha	entries	immediate	delete_start	updater_open	1	903.885	7000064	0	6999931	100000	0	ok
PROBE-TSV	1	lha	entries	immediate	delete_start	verification_open	1	403.727	0	0	6999931	100000	0	ok
PROBE-PROGRESS	lha	entries	delete_end	4	2	66.657	489.103
PROBE-TSV	1	lha	entries	immediate	delete_end	capability_probe	1	389.587	0	0	6999931	100000	0	ok
PROBE-TSV	1	lha	entries	immediate	delete_end	commit	1	4.017	20480	4096	6999931	100000	0	ok
PROBE-TSV	1	lha	entries	immediate	delete_end	display	1	2.947	0	0	6999931	100000	0	ok
PROBE-TSV	1	lha	entries	immediate	delete_end	entry_comparison	1	65.203	0	0	6999931	100000	0	ok
PROBE-TSV	1	lha	entries	immediate	delete_end	filter_compute	1	0.000	0	0	6999931	100000	0	ok
PROBE-TSV	1	lha	entries	immediate	delete_end	mutate	1	66.613	0	0	6999931	100000	0	ok
PROBE-TSV	1	lha	entries	immediate	delete_end	password_verification	1	0.229	0	0	6999931	100000	0	ok
PROBE-TSV	1	lha	entries	immediate	delete_end	plan_build	1	0.013	0	0	6999931	100000	0	ok
PROBE-TSV	1	lha	entries	immediate	delete_end	plan_validation	1	18.599	0	0	6999931	100000	0	ok
PROBE-TSV	1	lha	entries	immediate	delete_end	publish	1	0.744	0	0	6999931	100000	0	ok
PROBE-TSV	1	lha	entries	immediate	delete_end	reader_adoption	1	0.003	0	0	6999931	100000	0	ok
PROBE-TSV	1	lha	entries	immediate	delete_end	reload	1	389.962	0	0	6999931	100000	0	ok
PROBE-TSV	1	lha	entries	immediate	delete_end	total	1	1958.556	14000128	16384	6999931	100000	0	ok
PROBE-TSV	1	lha	entries	immediate	delete_end	tree_build	1	73.329	0	0	6999931	100000	0	ok
PROBE-TSV	1	lha	entries	immediate	delete_end	updater_open	1	892.276	7000064	0	6999931	100000	0	ok
PROBE-TSV	1	lha	entries	immediate	delete_end	verification_open	1	411.086	6979584	0	6999931	100000	0	ok
PROBE-PROGRESS	lha	entries	rename_same_length	4	2	67.190	483.095
PROBE-TSV	1	lha	entries	immediate	rename_same_length	capability_probe	1	387.676	0	0	7000001	100000	0	ok
PROBE-TSV	1	lha	entries	immediate	rename_same_length	commit	1	4.471	20480	20480	7000001	100000	0	ok
PROBE-TSV	1	lha	entries	immediate	rename_same_length	display	1	2.982	0	0	7000001	100000	0	ok
PROBE-TSV	1	lha	entries	immediate	rename_same_length	entry_comparison	1	64.965	0	0	7000001	100000	0	ok
PROBE-TSV	1	lha	entries	immediate	rename_same_length	filter_compute	1	0.000	0	0	7000001	100000	0	ok
PROBE-TSV	1	lha	entries	immediate	rename_same_length	mutate	1	67.154	0	0	7000001	100000	0	ok
PROBE-TSV	1	lha	entries	immediate	rename_same_length	name_index_advance	1	18.078	0	0	7000001	100000	0	ok
PROBE-TSV	1	lha	entries	immediate	rename_same_length	name_index_build	1	159.659	0	0	7000001	100000	0	ok
PROBE-TSV	1	lha	entries	immediate	rename_same_length	password_verification	1	0.175	0	0	7000001	100000	0	ok
PROBE-TSV	1	lha	entries	immediate	rename_same_length	plan_build	1	0.025	0	0	7000001	100000	0	ok
PROBE-TSV	1	lha	entries	immediate	rename_same_length	plan_validation	1	18.482	0	0	7000001	100000	0	ok
PROBE-TSV	1	lha	entries	immediate	rename_same_length	publish	1	0.827	0	0	7000001	100000	0	ok
PROBE-TSV	1	lha	entries	immediate	rename_same_length	reader_adoption	1	0.002	0	0	7000001	100000	0	ok
PROBE-TSV	1	lha	entries	immediate	rename_same_length	reload	1	406.355	0	0	7000001	100000	0	ok
PROBE-TSV	1	lha	entries	immediate	rename_same_length	total	1	2141.125	14000128	32768	7000001	100000	0	ok
PROBE-TSV	1	lha	entries	immediate	rename_same_length	tree_build	1	72.718	0	0	7000001	100000	0	ok
PROBE-TSV	1	lha	entries	immediate	rename_same_length	updater_open	1	903.412	7000064	0	7000001	100000	0	ok
PROBE-TSV	1	lha	entries	immediate	rename_same_length	verification_open	1	405.108	6979584	0	7000001	100000	0	ok
PROBE-PROGRESS	lha	entries	rename_different_length	6	4	67.917	482.519
PROBE-TSV	1	lha	entries	immediate	rename_different_length	capability_probe	1	390.926	0	0	7000019	100000	0	ok
PROBE-TSV	1	lha	entries	immediate	rename_different_length	commit	1	8.151	0	7000064	7000019	100000	0	ok
PROBE-TSV	1	lha	entries	immediate	rename_different_length	display	1	3.043	0	0	7000019	100000	0	ok
PROBE-TSV	1	lha	entries	immediate	rename_different_length	entry_comparison	1	65.576	0	0	7000019	100000	0	ok
PROBE-TSV	1	lha	entries	immediate	rename_different_length	filter_compute	1	0.000	0	0	7000019	100000	0	ok
PROBE-TSV	1	lha	entries	immediate	rename_different_length	mutate	1	67.879	0	0	7000019	100000	0	ok
PROBE-TSV	1	lha	entries	immediate	rename_different_length	name_index_advance	1	18.016	0	0	7000019	100000	0	ok
PROBE-TSV	1	lha	entries	immediate	rename_different_length	name_index_build	1	160.322	0	0	7000019	100000	0	ok
PROBE-TSV	1	lha	entries	immediate	rename_different_length	password_verification	1	0.204	0	0	7000019	100000	0	ok
PROBE-TSV	1	lha	entries	immediate	rename_different_length	plan_build	1	0.029	0	0	7000019	100000	0	ok
PROBE-TSV	1	lha	entries	immediate	rename_different_length	plan_validation	1	18.702	0	0	7000019	100000	0	ok
PROBE-TSV	1	lha	entries	immediate	rename_different_length	publish	1	0.782	0	0	7000019	100000	0	ok
PROBE-TSV	1	lha	entries	immediate	rename_different_length	reader_adoption	1	0.002	0	0	7000019	100000	0	ok
PROBE-TSV	1	lha	entries	immediate	rename_different_length	reload	1	409.528	0	0	7000019	100000	0	ok
PROBE-TSV	1	lha	entries	immediate	rename_different_length	total	1	2142.012	7000064	7012352	7000019	100000	0	ok
PROBE-TSV	1	lha	entries	immediate	rename_different_length	tree_build	1	74.170	0	0	7000019	100000	0	ok
PROBE-TSV	1	lha	entries	immediate	rename_different_length	updater_open	1	894.963	7000064	0	7000019	100000	0	ok
PROBE-TSV	1	lha	entries	immediate	rename_different_length	verification_open	1	403.785	0	0	7000019	100000	0	ok
PROBE-PROGRESS	lha	entries	rename_folder	6	4	75.061	478.772
PROBE-TSV	1	lha	entries	immediate	rename_folder	capability_probe	1	380.946	0	0	7010001	100000	0	ok
PROBE-TSV	1	lha	entries	immediate	rename_folder	commit	1	10.176	0	7012352	7010001	100000	0	ok
PROBE-TSV	1	lha	entries	immediate	rename_folder	display	1	2.685	0	0	7010001	100000	0	ok
PROBE-TSV	1	lha	entries	immediate	rename_folder	entry_comparison	1	64.824	0	0	7010001	100000	0	ok
PROBE-TSV	1	lha	entries	immediate	rename_folder	filter_compute	1	0.000	0	0	7010001	100000	0	ok
PROBE-TSV	1	lha	entries	immediate	rename_folder	mutate	1	75.011	0	0	7010001	100000	0	ok
PROBE-TSV	1	lha	entries	immediate	rename_folder	name_index_advance	1	25.932	0	0	7010001	100000	0	ok
PROBE-TSV	1	lha	entries	immediate	rename_folder	name_index_build	1	156.474	0	0	7010001	100000	0	ok
PROBE-TSV	1	lha	entries	immediate	rename_folder	password_verification	1	0.191	0	0	7010001	100000	0	ok
PROBE-TSV	1	lha	entries	immediate	rename_folder	plan_build	1	5.692	0	0	7010001	100000	0	ok
PROBE-TSV	1	lha	entries	immediate	rename_folder	plan_validation	1	20.941	0	0	7010001	100000	0	ok
PROBE-TSV	1	lha	entries	immediate	rename_folder	publish	1	0.812	0	0	7010001	100000	0	ok
PROBE-TSV	1	lha	entries	immediate	rename_folder	reader_adoption	1	0.003	0	0	7010001	100000	0	ok
PROBE-TSV	1	lha	entries	immediate	rename_folder	reload	1	407.510	0	0	7010001	100000	0	ok
PROBE-TSV	1	lha	entries	immediate	rename_folder	total	1	2155.465	7000064	7024640	7010001	100000	0	ok
PROBE-TSV	1	lha	entries	immediate	rename_folder	tree_build	1	74.436	0	0	7010001	100000	0	ok
PROBE-TSV	1	lha	entries	immediate	rename_folder	updater_open	1	901.255	7000064	0	7010001	100000	0	ok
PROBE-TSV	1	lha	entries	immediate	rename_folder	verification_open	1	400.953	0	0	7010001	100000	0	ok
PROBE-PROGRESS	lha	entries	new_folder	4	2	71.398	490.697
PROBE-TSV	1	lha	entries	immediate	new_folder	capability_probe	1	389.256	0	0	7000060	100000	0	ok
PROBE-TSV	1	lha	entries	immediate	new_folder	commit	1	3.070	0	4096	7000060	100000	0	ok
PROBE-TSV	1	lha	entries	immediate	new_folder	display	1	3.159	0	0	7000060	100000	0	ok
PROBE-TSV	1	lha	entries	immediate	new_folder	entry_comparison	1	66.806	0	0	7000060	100000	0	ok
PROBE-TSV	1	lha	entries	immediate	new_folder	filter_compute	1	0.000	0	0	7000060	100000	0	ok
PROBE-TSV	1	lha	entries	immediate	new_folder	mutate	1	71.358	0	0	7000060	100000	0	ok
PROBE-TSV	1	lha	entries	immediate	new_folder	name_index_advance	1	17.646	0	0	7000060	100000	0	ok
PROBE-TSV	1	lha	entries	immediate	new_folder	name_index_build	1	159.833	0	0	7000060	100000	0	ok
PROBE-TSV	1	lha	entries	immediate	new_folder	password_verification	1	0.188	0	0	7000060	100000	0	ok
PROBE-TSV	1	lha	entries	immediate	new_folder	plan_build	1	159.861	0	0	7000060	100000	0	ok
PROBE-TSV	1	lha	entries	immediate	new_folder	plan_validation	1	18.662	0	0	7000060	100000	0	ok
PROBE-TSV	1	lha	entries	immediate	new_folder	publish	1	0.800	0	0	7000060	100000	0	ok
PROBE-TSV	1	lha	entries	immediate	new_folder	reader_adoption	1	0.002	0	0	7000060	100000	0	ok
PROBE-TSV	1	lha	entries	immediate	new_folder	reload	1	407.513	0	0	7000060	100000	0	ok
PROBE-TSV	1	lha	entries	immediate	new_folder	total	1	2148.415	14000128	16384	7000060	100000	0	ok
PROBE-TSV	1	lha	entries	immediate	new_folder	tree_build	1	73.882	0	0	7000060	100000	0	ok
PROBE-TSV	1	lha	entries	immediate	new_folder	updater_open	1	897.502	7000064	0	7000060	100000	0	ok
PROBE-TSV	1	lha	entries	immediate	new_folder	verification_open	1	411.025	6995968	0	7000060	100000	0	ok
PROBE-PROGRESS	lha	entries	add_file	6	3	71.668	489.692
PROBE-TSV	1	lha	entries	immediate	add_file	capability_probe	1	390.176	0	0	7000057	100000	0	ok
PROBE-TSV	1	lha	entries	immediate	add_file	commit	1	3.057	0	4096	7000057	100000	0	ok
PROBE-TSV	1	lha	entries	immediate	add_file	display	1	2.997	0	0	7000057	100000	0	ok
PROBE-TSV	1	lha	entries	immediate	add_file	entry_comparison	1	64.634	0	0	7000057	100000	0	ok
PROBE-TSV	1	lha	entries	immediate	add_file	filter_compute	1	0.000	0	0	7000057	100000	0	ok
PROBE-TSV	1	lha	entries	immediate	add_file	mutate	1	71.690	0	0	7000057	100000	0	ok
PROBE-TSV	1	lha	entries	immediate	add_file	name_index_advance	1	17.748	0	0	7000057	100000	0	ok
PROBE-TSV	1	lha	entries	immediate	add_file	name_index_build	1	160.196	0	0	7000057	100000	0	ok
PROBE-TSV	1	lha	entries	immediate	add_file	password_verification	1	0.188	0	0	7000057	100000	0	ok
PROBE-TSV	1	lha	entries	immediate	add_file	plan_build	3	0.068	0	0	7000057	100000	0	ok
PROBE-TSV	1	lha	entries	immediate	add_file	plan_validation	1	18.492	0	0	7000057	100000	0	ok
PROBE-TSV	1	lha	entries	immediate	add_file	publish	1	0.856	0	0	7000057	100000	0	ok
PROBE-TSV	1	lha	entries	immediate	add_file	reader_adoption	1	0.002	0	0	7000057	100000	0	ok
PROBE-TSV	1	lha	entries	immediate	add_file	reload	1	408.544	0	0	7000057	100000	0	ok
PROBE-TSV	1	lha	entries	immediate	add_file	total	1	2145.743	14000128	16384	7000057	100000	0	ok
PROBE-TSV	1	lha	entries	immediate	add_file	tree_build	1	74.501	0	0	7000057	100000	0	ok
PROBE-TSV	1	lha	entries	immediate	add_file	updater_open	1	893.533	7000064	0	7000057	100000	0	ok
PROBE-TSV	1	lha	entries	immediate	add_file	verification_open	1	412.313	6995968	0	7000057	100000	0	ok
PROBE-PROGRESS	lha	entries	replace_file	9	6	121.742	489.893
PROBE-TSV	1	lha	entries	immediate	replace_file	capability_probe	1	392.623	0	0	7000001	100000	0	ok
PROBE-TSV	1	lha	entries	immediate	replace_file	commit	1	7.030	0	7000064	7000001	100000	0	ok
PROBE-TSV	1	lha	entries	immediate	replace_file	display	1	2.911	0	0	7000001	100000	0	ok
PROBE-TSV	1	lha	entries	immediate	replace_file	entry_comparison	1	65.541	0	0	7000001	100000	0	ok
PROBE-TSV	1	lha	entries	immediate	replace_file	filter_compute	1	0.000	0	0	7000001	100000	0	ok
PROBE-TSV	1	lha	entries	immediate	replace_file	mutate	1	121.748	0	0	7000001	100000	0	ok
PROBE-TSV	1	lha	entries	immediate	replace_file	name_index_advance	1	17.978	0	0	7000001	100000	0	ok
PROBE-TSV	1	lha	entries	immediate	replace_file	name_index_build	1	159.434	0	0	7000001	100000	0	ok
PROBE-TSV	1	lha	entries	immediate	replace_file	password_verification	1	0.185	0	0	7000001	100000	0	ok
PROBE-TSV	1	lha	entries	immediate	replace_file	plan_build	4	2.447	0	0	7000001	100000	0	ok
PROBE-TSV	1	lha	entries	immediate	replace_file	plan_validation	1	18.712	0	0	7000001	100000	0	ok
PROBE-TSV	1	lha	entries	immediate	replace_file	publish	1	0.789	0	0	7000001	100000	0	ok
PROBE-TSV	1	lha	entries	immediate	replace_file	reader_adoption	1	0.002	0	0	7000001	100000	0	ok
PROBE-TSV	1	lha	entries	immediate	replace_file	reload	1	411.233	0	0	7000001	100000	0	ok
PROBE-TSV	1	lha	entries	immediate	replace_file	total	1	2212.324	7004160	7012352	7000001	100000	0	ok
PROBE-TSV	1	lha	entries	immediate	replace_file	tree_build	1	74.883	0	0	7000001	100000	0	ok
PROBE-TSV	1	lha	entries	immediate	replace_file	updater_open	1	900.606	7000064	0	7000001	100000	0	ok
PROBE-TSV	1	lha	entries	immediate	replace_file	verification_open	1	411.116	0	0	7000001	100000	0	ok
PROBE-TSV	1	lha	entries	deferred	five_changes_reserve_rename	display	1	2.662	0	0	7000001	100000	0	ok
PROBE-TSV	1	lha	entries	deferred	five_changes_reserve_rename	filter_compute	1	0.000	0	0	7000001	100000	0	ok
PROBE-TSV	1	lha	entries	deferred	five_changes_reserve_rename	password_verification	1	0.551	0	0	7000001	100000	0	ok
PROBE-TSV	1	lha	entries	deferred	five_changes_reserve_rename	total	1	183.466	0	0	7000001	100000	0	ok
PROBE-TSV	1	lha	entries	deferred	five_changes_reserve_rename	tree_build	1	75.897	0	0	7000001	100000	0	ok
PROBE-TSV	1	lha	entries	deferred	five_changes_reserve_delete	display	1	2.530	0	0	7000001	100000	0	ok
PROBE-TSV	1	lha	entries	deferred	five_changes_reserve_delete	filter_compute	1	0.001	0	0	7000001	100000	0	ok
PROBE-TSV	1	lha	entries	deferred	five_changes_reserve_delete	password_verification	1	0.564	0	0	7000001	100000	0	ok
PROBE-TSV	1	lha	entries	deferred	five_changes_reserve_delete	total	1	185.710	0	0	7000001	100000	0	ok
PROBE-TSV	1	lha	entries	deferred	five_changes_reserve_delete	tree_build	1	73.410	0	0	7000001	100000	0	ok
PROBE-TSV	1	lha	entries	deferred	five_changes_reserve_new_folder	display	1	2.657	0	0	7000001	100000	0	ok
PROBE-TSV	1	lha	entries	deferred	five_changes_reserve_new_folder	filter_compute	1	0.001	0	0	7000001	100000	0	ok
PROBE-TSV	1	lha	entries	deferred	five_changes_reserve_new_folder	password_verification	1	0.566	0	0	7000001	100000	0	ok
PROBE-TSV	1	lha	entries	deferred	five_changes_reserve_new_folder	total	1	179.380	0	0	7000001	100000	0	ok
PROBE-TSV	1	lha	entries	deferred	five_changes_reserve_new_folder	tree_build	1	70.640	0	0	7000001	100000	0	ok
PROBE-TSV	1	lha	entries	deferred	five_changes_reserve_delete_folder	display	1	2.678	0	0	7000001	100000	0	ok
PROBE-TSV	1	lha	entries	deferred	five_changes_reserve_delete_folder	filter_compute	1	0.000	0	0	7000001	100000	0	ok
PROBE-TSV	1	lha	entries	deferred	five_changes_reserve_delete_folder	password_verification	1	0.560	0	0	7000001	100000	0	ok
PROBE-TSV	1	lha	entries	deferred	five_changes_reserve_delete_folder	total	1	184.797	0	0	7000001	100000	0	ok
PROBE-TSV	1	lha	entries	deferred	five_changes_reserve_delete_folder	tree_build	1	71.279	0	0	7000001	100000	0	ok
PROBE-TSV	1	lha	entries	deferred	five_changes_reserve_add	display	1	2.817	0	0	7000001	100000	0	ok
PROBE-TSV	1	lha	entries	deferred	five_changes_reserve_add	filter_compute	1	0.001	0	0	7000001	100000	0	ok
PROBE-TSV	1	lha	entries	deferred	five_changes_reserve_add	password_verification	1	0.579	0	0	7000001	100000	0	ok
PROBE-TSV	1	lha	entries	deferred	five_changes_reserve_add	plan_build	3	0.057	0	0	7000001	100000	0	ok
PROBE-TSV	1	lha	entries	deferred	five_changes_reserve_add	total	1	183.076	0	4096	7000001	100000	0	ok
PROBE-TSV	1	lha	entries	deferred	five_changes_reserve_add	tree_build	1	70.356	0	0	7000001	100000	0	ok
PROBE-TSV	1	lha	entries	deferred	save_five_changes	capability_probe	1	393.220	0	0	6930039	100000	0	ok
PROBE-TSV	1	lha	entries	deferred	save_five_changes	commit	1	8.780	0	6930432	6930039	100000	0	ok
PROBE-TSV	1	lha	entries	deferred	save_five_changes	display	1	2.931	0	0	6930039	100000	0	ok
PROBE-TSV	1	lha	entries	deferred	save_five_changes	editing_install	1	0.005	0	0	6930039	100000	0	ok
PROBE-TSV	1	lha	entries	deferred	save_five_changes	editing_prepare	1	36.948	0	0	6930039	100000	0	ok
PROBE-TSV	1	lha	entries	deferred	save_five_changes	entry_comparison	1	64.456	0	0	6930039	100000	0	ok
PROBE-TSV	1	lha	entries	deferred	save_five_changes	filter_compute	2	0.001	0	0	6930039	100000	0	ok
PROBE-TSV	1	lha	entries	deferred	save_five_changes	name_index_advance	1	19.532	0	0	6930039	100000	0	ok
PROBE-TSV	1	lha	entries	deferred	save_five_changes	password_verification	1	0.565	0	0	6930039	100000	0	ok
PROBE-TSV	1	lha	entries	deferred	save_five_changes	publish	1	0.938	0	0	6930039	100000	0	ok
PROBE-TSV	1	lha	entries	deferred	save_five_changes	reader_adoption	1	0.003	0	0	6930039	100000	0	ok
PROBE-TSV	1	lha	entries	deferred	save_five_changes	reload	1	413.523	0	0	6930039	100000	0	ok
PROBE-TSV	1	lha	entries	deferred	save_five_changes	replay	1	128.804	4096	0	6930039	100000	0	ok
PROBE-TSV	1	lha	entries	deferred	save_five_changes	replay_plan	1	29.041	0	0	6930039	100000	0	ok
PROBE-TSV	1	lha	entries	deferred	save_five_changes	representability_differential	1	0.800	0	0	6930039	100000	0	ok
PROBE-TSV	1	lha	entries	deferred	save_five_changes	save_sheet	1	2450.009	7020544	6955008	6930039	100000	0	ok
PROBE-TSV	1	lha	entries	deferred	save_five_changes	total	1	2487.309	7020544	6955008	6930039	100000	0	ok
PROBE-TSV	1	lha	entries	deferred	save_five_changes	tree_build	1	75.777	0	0	6930039	100000	0	ok
PROBE-TSV	1	lha	entries	deferred	save_five_changes	updater_open	1	918.510	7000064	0	6930039	100000	0	ok
PROBE-TSV	1	lha	entries	deferred	save_five_changes	verification_open	1	404.716	0	0	6930039	100000	0	ok
PROBE-TSV	1	lha	entries	deferred	rename_only_reserve_rename	display	1	2.668	0	0	7000001	100000	0	ok
PROBE-TSV	1	lha	entries	deferred	rename_only_reserve_rename	filter_compute	1	0.000	0	0	7000001	100000	0	ok
PROBE-TSV	1	lha	entries	deferred	rename_only_reserve_rename	password_verification	1	0.578	0	0	7000001	100000	0	ok
PROBE-TSV	1	lha	entries	deferred	rename_only_reserve_rename	total	1	176.625	0	0	7000001	100000	0	ok
PROBE-TSV	1	lha	entries	deferred	rename_only_reserve_rename	tree_build	1	70.980	0	0	7000001	100000	0	ok
PROBE-TSV	1	lha	entries	deferred	save_rename_only	capability_probe	1	392.373	0	0	7000000	100000	0	ok
PROBE-TSV	1	lha	entries	deferred	save_rename_only	commit	1	7.105	4096	7000064	7000000	100000	0	ok
PROBE-TSV	1	lha	entries	deferred	save_rename_only	display	1	2.861	0	0	7000000	100000	0	ok
PROBE-TSV	1	lha	entries	deferred	save_rename_only	editing_install	1	0.011	0	0	7000000	100000	0	ok
PROBE-TSV	1	lha	entries	deferred	save_rename_only	editing_prepare	1	51.087	0	0	7000000	100000	0	ok
PROBE-TSV	1	lha	entries	deferred	save_rename_only	entry_comparison	1	65.812	0	0	7000000	100000	0	ok
PROBE-TSV	1	lha	entries	deferred	save_rename_only	filter_compute	2	0.002	0	0	7000000	100000	0	ok
PROBE-TSV	1	lha	entries	deferred	save_rename_only	name_index_advance	1	18.160	0	0	7000000	100000	0	ok
PROBE-TSV	1	lha	entries	deferred	save_rename_only	password_verification	1	0.572	0	0	7000000	100000	0	ok
PROBE-TSV	1	lha	entries	deferred	save_rename_only	publish	1	0.412	0	0	7000000	100000	0	ok
PROBE-TSV	1	lha	entries	deferred	save_rename_only	reader_adoption	1	0.003	0	0	7000000	100000	0	ok
PROBE-TSV	1	lha	entries	deferred	save_rename_only	reload	1	411.257	0	0	7000000	100000	0	ok
PROBE-TSV	1	lha	entries	deferred	save_rename_only	replay	1	66.415	0	0	7000000	100000	0	ok
PROBE-TSV	1	lha	entries	deferred	save_rename_only	replay_plan	1	26.229	0	0	7000000	100000	0	ok
PROBE-TSV	1	lha	entries	deferred	save_rename_only	representability_differential	1	0.044	0	0	7000000	100000	0	ok
PROBE-TSV	1	lha	entries	deferred	save_rename_only	save_sheet	1	2365.197	7004160	7012352	7000000	100000	0	ok
PROBE-TSV	1	lha	entries	deferred	save_rename_only	total	1	2416.747	7004160	7012352	7000000	100000	0	ok
PROBE-TSV	1	lha	entries	deferred	save_rename_only	tree_build	1	74.007	0	0	7000000	100000	0	ok
PROBE-TSV	1	lha	entries	deferred	save_rename_only	updater_open	1	905.519	7000064	0	7000000	100000	0	ok
PROBE-TSV	1	lha	entries	deferred	save_rename_only	verification_open	1	404.120	0	0	7000000	100000	0	ok
PROBE-PROGRESS	lha	payload	delete_start	84	82	4.195	8.103
PROBE-TSV	1	lha	payload	immediate	delete_start	capability_probe	1	4.319	0	0	168563277	1064	256	ok
PROBE-TSV	1	lha	payload	immediate	delete_start	commit	1	76.309	150962176	168574976	168563277	1064	256	ok
PROBE-TSV	1	lha	payload	immediate	delete_start	display	1	1.282	0	0	168563277	1064	256	ok
PROBE-TSV	1	lha	payload	immediate	delete_start	entry_comparison	1	0.644	0	0	168563277	1064	256	ok
PROBE-TSV	1	lha	payload	immediate	delete_start	filter_compute	1	0.000	0	0	168563277	1064	256	ok
PROBE-TSV	1	lha	payload	immediate	delete_start	mutate	1	0.981	0	0	168563277	1064	256	ok
PROBE-TSV	1	lha	payload	immediate	delete_start	password_verification	1	0.026	0	0	168563277	1064	256	ok
PROBE-TSV	1	lha	payload	immediate	delete_start	plan_build	1	0.008	0	0	168563277	1064	256	ok
PROBE-TSV	1	lha	payload	immediate	delete_start	plan_validation	1	0.468	0	0	168563277	1064	256	ok
PROBE-TSV	1	lha	payload	immediate	delete_start	publish	1	0.668	0	0	168563277	1064	256	ok
PROBE-TSV	1	lha	payload	immediate	delete_start	reader_adoption	1	0.002	0	0	168563277	1064	256	ok
PROBE-TSV	1	lha	payload	immediate	delete_start	reload	1	4.497	0	0	168563277	1064	256	ok
PROBE-TSV	1	lha	payload	immediate	delete_start	total	1	119.548	168853504	168587264	168563277	1064	256	ok
PROBE-TSV	1	lha	payload	immediate	delete_start	tree_build	1	0.593	0	0	168563277	1064	256	ok
PROBE-TSV	1	lha	payload	immediate	delete_start	updater_open	1	24.228	17891328	0	168563277	1064	256	ok
PROBE-TSV	1	lha	payload	immediate	delete_start	verification_open	1	5.285	0	0	168563277	1064	256	ok
PROBE-PROGRESS	lha	payload	delete_end	4	2	0.821	19.841
PROBE-TSV	1	lha	payload	immediate	delete_end	capability_probe	1	4.388	0	0	170720918	1064	256	ok
PROBE-TSV	1	lha	payload	immediate	delete_end	commit	1	0.877	32768	16384	170720918	1064	256	ok
PROBE-TSV	1	lha	payload	immediate	delete_end	display	1	1.192	0	0	170720918	1064	256	ok
PROBE-TSV	1	lha	payload	immediate	delete_end	entry_comparison	1	0.594	0	0	170720918	1064	256	ok
PROBE-TSV	1	lha	payload	immediate	delete_end	filter_compute	1	0.000	0	0	170720918	1064	256	ok
PROBE-TSV	1	lha	payload	immediate	delete_end	mutate	1	0.628	0	0	170720918	1064	256	ok
PROBE-TSV	1	lha	payload	immediate	delete_end	password_verification	1	0.026	0	0	170720918	1064	256	ok
PROBE-TSV	1	lha	payload	immediate	delete_end	plan_build	1	0.012	0	0	170720918	1064	256	ok
PROBE-TSV	1	lha	payload	immediate	delete_end	plan_validation	1	0.117	0	0	170720918	1064	256	ok
PROBE-TSV	1	lha	payload	immediate	delete_end	publish	1	0.682	0	0	170720918	1064	256	ok
PROBE-TSV	1	lha	payload	immediate	delete_end	reader_adoption	1	0.001	0	0	170720918	1064	256	ok
PROBE-TSV	1	lha	payload	immediate	delete_end	reload	1	4.549	0	0	170720918	1064	256	ok
PROBE-TSV	1	lha	payload	immediate	delete_end	total	1	53.988	35782656	28672	170720918	1064	256	ok
PROBE-TSV	1	lha	payload	immediate	delete_end	tree_build	1	0.574	0	0	170720918	1064	256	ok
PROBE-TSV	1	lha	payload	immediate	delete_end	updater_open	1	23.954	17891328	0	170720918	1064	256	ok
PROBE-TSV	1	lha	payload	immediate	delete_end	verification_open	1	18.120	17858560	0	170720918	1064	256	ok
PROBE-PROGRESS	lha	payload	rename_same_length	4	2	0.897	20.040
PROBE-TSV	1	lha	payload	immediate	rename_same_length	capability_probe	1	4.243	0	0	170720988	1064	256	ok
PROBE-TSV	1	lha	payload	immediate	rename_same_length	commit	1	0.954	32768	32768	170720988	1064	256	ok
PROBE-TSV	1	lha	payload	immediate	rename_same_length	display	1	1.167	0	0	170720988	1064	256	ok
PROBE-TSV	1	lha	payload	immediate	rename_same_length	entry_comparison	1	0.631	0	0	170720988	1064	256	ok
PROBE-TSV	1	lha	payload	immediate	rename_same_length	filter_compute	1	0.000	0	0	170720988	1064	256	ok
PROBE-TSV	1	lha	payload	immediate	rename_same_length	mutate	1	0.663	0	0	170720988	1064	256	ok
PROBE-TSV	1	lha	payload	immediate	rename_same_length	name_index_advance	1	0.131	0	0	170720988	1064	256	ok
PROBE-TSV	1	lha	payload	immediate	rename_same_length	name_index_build	1	1.539	0	0	170720988	1064	256	ok
PROBE-TSV	1	lha	payload	immediate	rename_same_length	password_verification	1	0.033	0	0	170720988	1064	256	ok
PROBE-TSV	1	lha	payload	immediate	rename_same_length	plan_build	1	0.016	0	0	170720988	1064	256	ok
PROBE-TSV	1	lha	payload	immediate	rename_same_length	plan_validation	1	0.130	0	0	170720988	1064	256	ok
PROBE-TSV	1	lha	payload	immediate	rename_same_length	publish	1	0.703	0	0	170720988	1064	256	ok
PROBE-TSV	1	lha	payload	immediate	rename_same_length	reader_adoption	1	0.002	0	0	170720988	1064	256	ok
PROBE-TSV	1	lha	payload	immediate	rename_same_length	reload	1	4.598	0	0	170720988	1064	256	ok
PROBE-TSV	1	lha	payload	immediate	rename_same_length	total	1	56.120	35782656	45056	170720988	1064	256	ok
PROBE-TSV	1	lha	payload	immediate	rename_same_length	tree_build	1	0.585	0	0	170720988	1064	256	ok
PROBE-TSV	1	lha	payload	immediate	rename_same_length	updater_open	1	24.034	17891328	0	170720988	1064	256	ok
PROBE-TSV	1	lha	payload	immediate	rename_same_length	verification_open	1	18.272	17858560	0	170720988	1064	256	ok
PROBE-PROGRESS	lha	payload	rename_different_length	84	82	3.767	8.140
PROBE-TSV	1	lha	payload	immediate	rename_different_length	capability_probe	1	4.341	0	0	170721006	1064	256	ok
PROBE-TSV	1	lha	payload	immediate	rename_different_length	commit	1	73.061	152829952	170721280	170721006	1064	256	ok
PROBE-TSV	1	lha	payload	immediate	rename_different_length	display	1	1.161	0	0	170721006	1064	256	ok
PROBE-TSV	1	lha	payload	immediate	rename_different_length	entry_comparison	1	0.646	0	0	170721006	1064	256	ok
PROBE-TSV	1	lha	payload	immediate	rename_different_length	filter_compute	1	0.000	0	0	170721006	1064	256	ok
PROBE-TSV	1	lha	payload	immediate	rename_different_length	mutate	1	0.667	0	0	170721006	1064	256	ok
PROBE-TSV	1	lha	payload	immediate	rename_different_length	name_index_advance	1	0.138	0	0	170721006	1064	256	ok
PROBE-TSV	1	lha	payload	immediate	rename_different_length	name_index_build	1	1.532	0	0	170721006	1064	256	ok
PROBE-TSV	1	lha	payload	immediate	rename_different_length	password_verification	1	0.028	0	0	170721006	1064	256	ok
PROBE-TSV	1	lha	payload	immediate	rename_different_length	plan_build	1	0.019	0	0	170721006	1064	256	ok
PROBE-TSV	1	lha	payload	immediate	rename_different_length	plan_validation	1	0.136	0	0	170721006	1064	256	ok
PROBE-TSV	1	lha	payload	immediate	rename_different_length	publish	1	0.670	0	0	170721006	1064	256	ok
PROBE-TSV	1	lha	payload	immediate	rename_different_length	reader_adoption	1	0.002	0	0	170721006	1064	256	ok
PROBE-TSV	1	lha	payload	immediate	rename_different_length	reload	1	4.666	0	0	170721006	1064	256	ok
PROBE-TSV	1	lha	payload	immediate	rename_different_length	total	1	116.357	170721280	170733568	170721006	1064	256	ok
PROBE-TSV	1	lha	payload	immediate	rename_different_length	tree_build	1	0.552	0	0	170721006	1064	256	ok
PROBE-TSV	1	lha	payload	immediate	rename_different_length	updater_open	1	24.230	17891328	0	170721006	1064	256	ok
PROBE-TSV	1	lha	payload	immediate	rename_different_length	verification_open	1	5.323	0	0	170721006	1064	256	ok
PROBE-PROGRESS	lha	payload	rename_folder	108	106	5.904	8.075
PROBE-TSV	1	lha	payload	immediate	rename_folder	capability_probe	1	4.273	0	0	170721436	1064	256	ok
PROBE-TSV	1	lha	payload	immediate	rename_folder	commit	1	79.435	152829952	170737664	170721436	1064	256	ok
PROBE-TSV	1	lha	payload	immediate	rename_folder	display	1	1.191	0	0	170721436	1064	256	ok
PROBE-TSV	1	lha	payload	immediate	rename_folder	entry_comparison	1	0.677	0	0	170721436	1064	256	ok
PROBE-TSV	1	lha	payload	immediate	rename_folder	filter_compute	1	0.000	0	0	170721436	1064	256	ok
PROBE-TSV	1	lha	payload	immediate	rename_folder	mutate	1	1.174	0	0	170721436	1064	256	ok
PROBE-TSV	1	lha	payload	immediate	rename_folder	name_index_advance	1	0.594	0	0	170721436	1064	256	ok
PROBE-TSV	1	lha	payload	immediate	rename_folder	name_index_build	1	1.555	0	0	170721436	1064	256	ok
PROBE-TSV	1	lha	payload	immediate	rename_folder	password_verification	1	0.026	0	0	170721436	1064	256	ok
PROBE-TSV	1	lha	payload	immediate	rename_folder	plan_build	1	0.359	0	0	170721436	1064	256	ok
PROBE-TSV	1	lha	payload	immediate	rename_folder	plan_validation	1	0.286	0	0	170721436	1064	256	ok
PROBE-TSV	1	lha	payload	immediate	rename_folder	publish	1	0.641	0	0	170721436	1064	256	ok
PROBE-TSV	1	lha	payload	immediate	rename_folder	reader_adoption	1	0.002	0	0	170721436	1064	256	ok
PROBE-TSV	1	lha	payload	immediate	rename_folder	reload	1	5.055	0	0	170721436	1064	256	ok
PROBE-TSV	1	lha	payload	immediate	rename_folder	total	1	124.759	170721280	170749952	170721436	1064	256	ok
PROBE-TSV	1	lha	payload	immediate	rename_folder	tree_build	1	0.578	0	0	170721436	1064	256	ok
PROBE-TSV	1	lha	payload	immediate	rename_folder	updater_open	1	23.887	17891328	0	170721436	1064	256	ok
PROBE-TSV	1	lha	payload	immediate	rename_folder	verification_open	1	5.317	0	0	170721436	1064	256	ok
PROBE-PROGRESS	lha	payload	new_folder	4	2	0.959	19.983
PROBE-TSV	1	lha	payload	immediate	new_folder	capability_probe	1	4.346	0	0	170721047	1064	256	ok
PROBE-TSV	1	lha	payload	immediate	new_folder	commit	1	0.308	0	16384	170721047	1064	256	ok
PROBE-TSV	1	lha	payload	immediate	new_folder	display	1	1.209	0	0	170721047	1064	256	ok
PROBE-TSV	1	lha	payload	immediate	new_folder	entry_comparison	1	0.653	0	0	170721047	1064	256	ok
PROBE-TSV	1	lha	payload	immediate	new_folder	filter_compute	1	0.000	0	0	170721047	1064	256	ok
PROBE-TSV	1	lha	payload	immediate	new_folder	mutate	1	0.934	0	0	170721047	1064	256	ok
PROBE-TSV	1	lha	payload	immediate	new_folder	name_index_advance	1	0.133	0	0	170721047	1064	256	ok
PROBE-TSV	1	lha	payload	immediate	new_folder	name_index_build	1	1.641	0	0	170721047	1064	256	ok
PROBE-TSV	1	lha	payload	immediate	new_folder	password_verification	1	0.022	0	0	170721047	1064	256	ok
PROBE-TSV	1	lha	payload	immediate	new_folder	plan_build	1	1.653	0	0	170721047	1064	256	ok
PROBE-TSV	1	lha	payload	immediate	new_folder	plan_validation	1	0.121	0	0	170721047	1064	256	ok
PROBE-TSV	1	lha	payload	immediate	new_folder	publish	1	0.628	0	0	170721047	1064	256	ok
PROBE-TSV	1	lha	payload	immediate	new_folder	reader_adoption	1	0.001	0	0	170721047	1064	256	ok
PROBE-TSV	1	lha	payload	immediate	new_folder	reload	1	4.660	0	0	170721047	1064	256	ok
PROBE-TSV	1	lha	payload	immediate	new_folder	total	1	55.908	35782656	28672	170721047	1064	256	ok
PROBE-TSV	1	lha	payload	immediate	new_folder	tree_build	1	0.582	0	0	170721047	1064	256	ok
PROBE-TSV	1	lha	payload	immediate	new_folder	updater_open	1	24.108	17891328	0	170721047	1064	256	ok
PROBE-TSV	1	lha	payload	immediate	new_folder	verification_open	1	18.288	17874944	0	170721047	1064	256	ok
PROBE-PROGRESS	lha	payload	add_file	6	3	0.991	19.995
PROBE-TSV	1	lha	payload	immediate	add_file	capability_probe	1	4.345	0	0	170721044	1064	256	ok
PROBE-TSV	1	lha	payload	immediate	add_file	commit	1	0.290	0	16384	170721044	1064	256	ok
PROBE-TSV	1	lha	payload	immediate	add_file	display	1	1.170	0	0	170721044	1064	256	ok
PROBE-TSV	1	lha	payload	immediate	add_file	entry_comparison	1	0.625	0	0	170721044	1064	256	ok
PROBE-TSV	1	lha	payload	immediate	add_file	filter_compute	1	0.000	0	0	170721044	1064	256	ok
PROBE-TSV	1	lha	payload	immediate	add_file	mutate	1	1.009	0	0	170721044	1064	256	ok
PROBE-TSV	1	lha	payload	immediate	add_file	name_index_advance	1	0.128	0	0	170721044	1064	256	ok
PROBE-TSV	1	lha	payload	immediate	add_file	name_index_build	1	1.563	0	0	170721044	1064	256	ok
PROBE-TSV	1	lha	payload	immediate	add_file	password_verification	1	0.028	0	0	170721044	1064	256	ok
PROBE-TSV	1	lha	payload	immediate	add_file	plan_build	3	0.045	0	0	170721044	1064	256	ok
PROBE-TSV	1	lha	payload	immediate	add_file	plan_validation	1	0.114	0	0	170721044	1064	256	ok
PROBE-TSV	1	lha	payload	immediate	add_file	publish	1	0.638	0	0	170721044	1064	256	ok
PROBE-TSV	1	lha	payload	immediate	add_file	reader_adoption	1	0.001	0	0	170721044	1064	256	ok
PROBE-TSV	1	lha	payload	immediate	add_file	reload	1	4.648	0	0	170721044	1064	256	ok
PROBE-TSV	1	lha	payload	immediate	add_file	total	1	55.902	35782656	28672	170721044	1064	256	ok
PROBE-TSV	1	lha	payload	immediate	add_file	tree_build	1	0.579	0	0	170721044	1064	256	ok
PROBE-TSV	1	lha	payload	immediate	add_file	updater_open	1	24.052	17891328	0	170721044	1064	256	ok
PROBE-TSV	1	lha	payload	immediate	add_file	verification_open	1	18.346	17874944	0	170721044	1064	256	ok
PROBE-PROGRESS	lha	payload	replace_file	86	83	4.162	7.968
PROBE-TSV	1	lha	payload	immediate	replace_file	capability_probe	1	4.338	0	0	168563347	1064	256	ok
PROBE-TSV	1	lha	payload	immediate	replace_file	commit	1	80.515	150945792	168591360	168563347	1064	256	ok
PROBE-TSV	1	lha	payload	immediate	replace_file	display	1	1.085	0	0	168563347	1064	256	ok
PROBE-TSV	1	lha	payload	immediate	replace_file	entry_comparison	1	0.634	0	0	168563347	1064	256	ok
PROBE-TSV	1	lha	payload	immediate	replace_file	filter_compute	1	0.000	0	0	168563347	1064	256	ok
PROBE-TSV	1	lha	payload	immediate	replace_file	mutate	1	1.533	0	0	168563347	1064	256	ok
PROBE-TSV	1	lha	payload	immediate	replace_file	name_index_advance	1	0.149	0	0	168563347	1064	256	ok
PROBE-TSV	1	lha	payload	immediate	replace_file	name_index_build	1	1.584	0	0	168563347	1064	256	ok
PROBE-TSV	1	lha	payload	immediate	replace_file	password_verification	1	0.024	0	0	168563347	1064	256	ok
PROBE-TSV	1	lha	payload	immediate	replace_file	plan_build	4	0.084	0	0	168563347	1064	256	ok
PROBE-TSV	1	lha	payload	immediate	replace_file	plan_validation	1	0.112	0	0	168563347	1064	256	ok
PROBE-TSV	1	lha	payload	immediate	replace_file	publish	1	0.651	0	0	168563347	1064	256	ok
PROBE-TSV	1	lha	payload	immediate	replace_file	reader_adoption	1	0.001	0	0	168563347	1064	256	ok
PROBE-TSV	1	lha	payload	immediate	replace_file	reload	1	4.669	0	0	168563347	1064	256	ok
PROBE-TSV	1	lha	payload	immediate	replace_file	total	1	190.786	168853504	168603648	168563347	1064	256	ok
PROBE-TSV	1	lha	payload	immediate	replace_file	tree_build	1	0.592	0	0	168563347	1064	256	ok
PROBE-TSV	1	lha	payload	immediate	replace_file	updater_open	1	24.613	17891328	0	168563347	1064	256	ok
PROBE-TSV	1	lha	payload	immediate	replace_file	verification_open	1	5.221	0	0	168563347	1064	256	ok
PROBE-TSV	1	lha	payload	deferred	five_changes_reserve_rename	display	1	0.965	0	0	170720988	1064	256	ok
PROBE-TSV	1	lha	payload	deferred	five_changes_reserve_rename	filter_compute	1	0.000	0	0	170720988	1064	256	ok
PROBE-TSV	1	lha	payload	deferred	five_changes_reserve_rename	password_verification	1	0.028	0	0	170720988	1064	256	ok
PROBE-TSV	1	lha	payload	deferred	five_changes_reserve_rename	total	1	90.752	0	0	170720988	1064	256	ok
PROBE-TSV	1	lha	payload	deferred	five_changes_reserve_rename	tree_build	1	0.560	0	0	170720988	1064	256	ok
PROBE-TSV	1	lha	payload	deferred	five_changes_reserve_delete	display	1	1.026	0	0	170720988	1064	256	ok
PROBE-TSV	1	lha	payload	deferred	five_changes_reserve_delete	filter_compute	1	0.000	0	0	170720988	1064	256	ok
PROBE-TSV	1	lha	payload	deferred	five_changes_reserve_delete	password_verification	1	0.029	0	0	170720988	1064	256	ok
PROBE-TSV	1	lha	payload	deferred	five_changes_reserve_delete	total	1	24.084	0	0	170720988	1064	256	ok
PROBE-TSV	1	lha	payload	deferred	five_changes_reserve_delete	tree_build	1	0.543	0	0	170720988	1064	256	ok
PROBE-TSV	1	lha	payload	deferred	five_changes_reserve_new_folder	display	1	0.972	0	0	170720988	1064	256	ok
PROBE-TSV	1	lha	payload	deferred	five_changes_reserve_new_folder	filter_compute	1	0.000	0	0	170720988	1064	256	ok
PROBE-TSV	1	lha	payload	deferred	five_changes_reserve_new_folder	password_verification	1	0.026	0	0	170720988	1064	256	ok
PROBE-TSV	1	lha	payload	deferred	five_changes_reserve_new_folder	total	1	28.561	0	0	170720988	1064	256	ok
PROBE-TSV	1	lha	payload	deferred	five_changes_reserve_new_folder	tree_build	1	0.559	0	0	170720988	1064	256	ok
PROBE-TSV	1	lha	payload	deferred	five_changes_reserve_delete_folder	display	1	1.198	0	0	170720988	1064	256	ok
PROBE-TSV	1	lha	payload	deferred	five_changes_reserve_delete_folder	filter_compute	1	0.000	0	0	170720988	1064	256	ok
PROBE-TSV	1	lha	payload	deferred	five_changes_reserve_delete_folder	password_verification	1	0.028	0	0	170720988	1064	256	ok
PROBE-TSV	1	lha	payload	deferred	five_changes_reserve_delete_folder	total	1	30.368	0	0	170720988	1064	256	ok
PROBE-TSV	1	lha	payload	deferred	five_changes_reserve_delete_folder	tree_build	1	0.049	0	0	170720988	1064	256	ok
PROBE-TSV	1	lha	payload	deferred	five_changes_reserve_add	display	1	1.052	0	0	170720988	1064	256	ok
PROBE-TSV	1	lha	payload	deferred	five_changes_reserve_add	filter_compute	1	0.000	0	0	170720988	1064	256	ok
PROBE-TSV	1	lha	payload	deferred	five_changes_reserve_add	password_verification	1	0.028	0	0	170720988	1064	256	ok
PROBE-TSV	1	lha	payload	deferred	five_changes_reserve_add	plan_build	3	0.054	0	0	170720988	1064	256	ok
PROBE-TSV	1	lha	payload	deferred	five_changes_reserve_add	total	1	31.872	0	4096	170720988	1064	256	ok
PROBE-TSV	1	lha	payload	deferred	five_changes_reserve_add	tree_build	1	0.047	0	0	170720988	1064	256	ok
PROBE-TSV	1	lha	payload	deferred	save_five_changes	capability_probe	1	0.336	0	0	170651097	1064	256	ok
PROBE-TSV	1	lha	payload	deferred	save_five_changes	commit	1	0.462	16384	12288	170651097	1064	256	ok
PROBE-TSV	1	lha	payload	deferred	save_five_changes	display	1	1.241	0	0	170651097	1064	256	ok
PROBE-TSV	1	lha	payload	deferred	save_five_changes	editing_install	1	0.003	0	0	170651097	1064	256	ok
PROBE-TSV	1	lha	payload	deferred	save_five_changes	editing_prepare	1	0.044	0	0	170651097	1064	256	ok
PROBE-TSV	1	lha	payload	deferred	save_five_changes	entry_comparison	1	0.046	0	0	170651097	1064	256	ok
PROBE-TSV	1	lha	payload	deferred	save_five_changes	filter_compute	2	0.000	0	0	170651097	1064	256	ok
PROBE-TSV	1	lha	payload	deferred	save_five_changes	name_index_advance	1	0.733	0	0	170651097	1064	256	ok
PROBE-TSV	1	lha	payload	deferred	save_five_changes	password_verification	1	0.023	0	0	170651097	1064	256	ok
PROBE-TSV	1	lha	payload	deferred	save_five_changes	publish	1	0.775	0	0	170651097	1064	256	ok
PROBE-TSV	1	lha	payload	deferred	save_five_changes	reader_adoption	1	0.001	0	0	170651097	1064	256	ok
PROBE-TSV	1	lha	payload	deferred	save_five_changes	reload	1	1.419	0	0	170651097	1064	256	ok
PROBE-TSV	1	lha	payload	deferred	save_five_changes	replay	1	2.291	4096	0	170651097	1064	256	ok
PROBE-TSV	1	lha	payload	deferred	save_five_changes	replay_plan	1	1.528	0	0	170651097	1064	256	ok
PROBE-TSV	1	lha	payload	deferred	save_five_changes	representability_differential	1	0.762	0	0	170651097	1064	256	ok
PROBE-TSV	1	lha	payload	deferred	save_five_changes	save_sheet	1	83.249	35721216	36864	170651097	1064	256	ok
PROBE-TSV	1	lha	payload	deferred	save_five_changes	total	1	83.421	35721216	36864	170651097	1064	256	ok
PROBE-TSV	1	lha	payload	deferred	save_five_changes	tree_build	1	0.049	0	0	170651097	1064	256	ok
PROBE-TSV	1	lha	payload	deferred	save_five_changes	updater_open	1	24.118	17891328	0	170651097	1064	256	ok
PROBE-TSV	1	lha	payload	deferred	save_five_changes	verification_open	1	13.931	17793024	0	170651097	1064	256	ok
PROBE-TSV	1	lha	payload	deferred	rename_only_reserve_rename	display	1	0.378	0	0	170720988	1064	256	ok
PROBE-TSV	1	lha	payload	deferred	rename_only_reserve_rename	filter_compute	1	0.000	0	0	170720988	1064	256	ok
PROBE-TSV	1	lha	payload	deferred	rename_only_reserve_rename	password_verification	1	0.026	0	0	170720988	1064	256	ok
PROBE-TSV	1	lha	payload	deferred	rename_only_reserve_rename	total	1	61.123	0	0	170720988	1064	256	ok
PROBE-TSV	1	lha	payload	deferred	rename_only_reserve_rename	tree_build	1	0.535	0	0	170720988	1064	256	ok
PROBE-TSV	1	lha	payload	deferred	save_rename_only	capability_probe	1	4.607	0	0	170720987	1064	256	ok
PROBE-TSV	1	lha	payload	deferred	save_rename_only	commit	1	73.637	152846336	170721280	170720987	1064	256	ok
PROBE-TSV	1	lha	payload	deferred	save_rename_only	display	1	1.172	0	0	170720987	1064	256	ok
PROBE-TSV	1	lha	payload	deferred	save_rename_only	editing_install	1	0.003	0	0	170720987	1064	256	ok
PROBE-TSV	1	lha	payload	deferred	save_rename_only	editing_prepare	1	0.236	0	0	170720987	1064	256	ok
PROBE-TSV	1	lha	payload	deferred	save_rename_only	entry_comparison	1	0.676	0	0	170720987	1064	256	ok
PROBE-TSV	1	lha	payload	deferred	save_rename_only	filter_compute	2	0.001	0	0	170720987	1064	256	ok
PROBE-TSV	1	lha	payload	deferred	save_rename_only	name_index_advance	1	0.122	0	0	170720987	1064	256	ok
PROBE-TSV	1	lha	payload	deferred	save_rename_only	password_verification	1	0.030	0	0	170720987	1064	256	ok
PROBE-TSV	1	lha	payload	deferred	save_rename_only	publish	1	0.343	0	0	170720987	1064	256	ok
PROBE-TSV	1	lha	payload	deferred	save_rename_only	reader_adoption	1	0.002	0	0	170720987	1064	256	ok
PROBE-TSV	1	lha	payload	deferred	save_rename_only	reload	1	5.102	0	0	170720987	1064	256	ok
PROBE-TSV	1	lha	payload	deferred	save_rename_only	replay	1	0.683	0	0	170720987	1064	256	ok
PROBE-TSV	1	lha	payload	deferred	save_rename_only	replay_plan	1	0.275	0	0	170720987	1064	256	ok
PROBE-TSV	1	lha	payload	deferred	save_rename_only	representability_differential	1	0.032	0	0	170720987	1064	256	ok
PROBE-TSV	1	lha	payload	deferred	save_rename_only	save_sheet	1	147.779	170737664	170733568	170720987	1064	256	ok
PROBE-TSV	1	lha	payload	deferred	save_rename_only	total	1	148.126	170737664	170733568	170720987	1064	256	ok
PROBE-TSV	1	lha	payload	deferred	save_rename_only	tree_build	1	0.597	0	0	170720987	1064	256	ok
PROBE-TSV	1	lha	payload	deferred	save_rename_only	updater_open	1	24.806	17891328	0	170720987	1064	256	ok
PROBE-TSV	1	lha	payload	deferred	save_rename_only	verification_open	1	5.657	0	0	170720987	1064	256	ok
PROBE-TSV-HEADER	version	format	fixture	mode	operation	stage	calls	duration_ms	read_bytes	written_bytes	output_bytes	entries	payload_mib	status
PROBE-TSV	1	zip	entries	immediate	open	total	1	455.521	0	0	14100098	100000	0	ok
PROBE-TSV	1	zip	payload	immediate	open	total	1	106.040	0	0	163003493	1064	256	ok
PROBE-TSV	1	tar	entries	immediate	open	total	1	881.318	0	0	102410240	100000	0	ok
PROBE-TSV	1	tar	payload	immediate	open	total	1	116.921	0	0	269496320	1064	256	ok
PROBE-TSV	1	tar.gz	entries	immediate	open	total	1	863.199	0	100663296	1045427	100000	0	ok
PROBE-TSV	1	tar.gz	payload	immediate	open	total	1	449.679	0	268435456	162811987	1064	256	ok
PROBE-TSV	1	tar.bz2	entries	immediate	open	total	1	867.559	0	100663296	216235	100000	0	ok
PROBE-TSV	1	tar.bz2	payload	immediate	open	total	1	992.726	0	268435456	143016728	1064	256	ok
PROBE-TSV	1	tar.xz	entries	immediate	open	total	1	916.488	0	100663296	214928	100000	0	ok
PROBE-TSV	1	tar.xz	payload	immediate	open	total	1	1910.473	0	268435456	137187452	1064	256	ok
PROBE-TSV	1	7z	entries	immediate	open	total	1	758.030	0	0	7000078	100000	0	ok
PROBE-TSV	1	7z	payload	immediate	open	total	1	106.150	0	0	137251576	1064	256	ok
PROBE-TSV	1	lha	entries	immediate	open	total	1	1175.966	0	0	7000001	100000	0	ok
PROBE-TSV	1	lha	payload	immediate	open	total	1	125.732	0	0	170720988	1064	256	ok
