PROBE-TSV-HEADER	version	format	fixture	mode	operation	stage	calls	duration_ms	read_bytes	written_bytes	output_bytes	entries	payload_mib	status
PROBE-TSV	1	zip	entries	fixture	build	fixture_build	1	1609.066	0	14106624	14100098	100000	0	ok
PROBE-TSV	1	zip	entries	direct	delete_start	commit	1	14.279	12288	14102528	14099957	100000	0	ok
PROBE-TSV	1	zip	entries	direct	delete_start	remove	1	0.017	0	0	14099957	100000	0	ok
PROBE-TSV	1	zip	entries	direct	delete_start	total	1	123.218	14114816	14102528	14099957	100000	0	ok
PROBE-TSV	1	zip	entries	direct	delete_start	updater_open	1	103.108	14102528	0	14099957	100000	0	ok
PROBE-TSV	1	zip	entries	direct	delete_end	commit	1	10.293	45056	7516160	14099957	100000	0	ok
PROBE-TSV	1	zip	entries	direct	delete_end	remove	1	0.006	0	0	14099957	100000	0	ok
PROBE-TSV	1	zip	entries	direct	delete_end	total	1	115.292	14147584	7516160	14099957	100000	0	ok
PROBE-TSV	1	zip	entries	direct	delete_end	updater_open	1	98.962	14102528	0	14099957	100000	0	ok
PROBE-TSV	1	zip	payload	fixture	build	fixture_build	1	1136.073	0	163004416	163003493	1064	256	ok
PROBE-TSV	1	zip	payload	direct	delete_start	commit	1	50.062	158875648	161021952	161008071	1064	256	ok
PROBE-TSV	1	zip	payload	direct	delete_start	remove	1	0.009	0	0	161008071	1064	256	ok
PROBE-TSV	1	zip	payload	direct	delete_start	total	1	62.676	161054720	161021952	161008071	1064	256	ok
PROBE-TSV	1	zip	payload	direct	delete_start	updater_open	1	11.569	2179072	0	161008071	1064	256	ok
PROBE-TSV	1	zip	payload	direct	delete_end	commit	1	1.445	32768	81920	163003352	1064	256	ok
PROBE-TSV	1	zip	payload	direct	delete_end	remove	1	0.003	0	0	163003352	1064	256	ok
PROBE-TSV	1	zip	payload	direct	delete_end	total	1	47.759	2211840	81920	163003352	1064	256	ok
PROBE-TSV	1	zip	payload	direct	delete_end	updater_open	1	46.215	2179072	0	163003352	1064	256	ok
PROBE-TSV	1	tar	entries	fixture	build	fixture_build	1	1262.352	0	102416384	102410240	100000	0	ok
PROBE-TSV	1	tar	entries	direct	delete_start	commit	1	40.093	16384	102400000	102400000	100000	0	ok
PROBE-TSV	1	tar	entries	direct	delete_start	remove	1	50.673	0	0	102400000	100000	0	ok
PROBE-TSV	1	tar	entries	direct	delete_start	total	1	718.967	102428672	102400000	102400000	100000	0	ok
PROBE-TSV	1	tar	entries	direct	delete_start	updater_open	1	612.537	102412288	0	102400000	100000	0	ok
PROBE-TSV	1	tar	entries	direct	delete_end	commit	1	5.492	32768	16384	102400000	100000	0	ok
PROBE-TSV	1	tar	entries	direct	delete_end	remove	1	51.347	0	0	102400000	100000	0	ok
PROBE-TSV	1	tar	entries	direct	delete_end	total	1	671.471	102445056	16384	102400000	100000	0	ok
PROBE-TSV	1	tar	entries	direct	delete_end	updater_open	1	601.503	102412288	0	102400000	100000	0	ok
PROBE-TSV	1	tar	payload	fixture	build	fixture_build	1	335.201	0	269496320	269496320	1064	256	ok
PROBE-TSV	1	tar	payload	direct	delete_start	commit	1	123.151	263045120	265322496	265308160	1064	256	ok
PROBE-TSV	1	tar	payload	direct	delete_start	remove	1	0.503	0	0	265308160	1064	256	ok
PROBE-TSV	1	tar	payload	direct	delete_start	total	1	140.433	265351168	265322496	265308160	1064	256	ok
PROBE-TSV	1	tar	payload	direct	delete_start	updater_open	1	14.973	2306048	0	265308160	1064	256	ok
PROBE-TSV	1	tar	payload	direct	delete_end	commit	1	0.702	28672	12288	269496320	1064	256	ok
PROBE-TSV	1	tar	payload	direct	delete_end	remove	1	0.562	0	0	269496320	1064	256	ok
PROBE-TSV	1	tar	payload	direct	delete_end	total	1	16.871	2334720	12288	269496320	1064	256	ok
PROBE-TSV	1	tar	payload	direct	delete_end	updater_open	1	15.426	2306048	0	269496320	1064	256	ok
PROBE-TSV	1	tar.gz	entries	fixture	build	fixture_build	1	570.334	0	1048576	1045193	100000	0	ok
PROBE-TSV	1	tar.gz	entries	direct	delete_start	commit	1	8.710	0	1052672	1045169	100000	0	ok
PROBE-TSV	1	tar.gz	entries	direct	delete_start	remove	1	49.727	0	0	1045169	100000	0	ok
PROBE-TSV	1	tar.gz	entries	direct	delete_start	total	1	311.128	0	1052672	1045169	100000	0	ok
PROBE-TSV	1	tar.gz	entries	direct	delete_start	updater_open	1	248.019	0	0	1045169	100000	0	ok
PROBE-TSV	1	tar.gz	entries	direct	delete_end	commit	1	8.328	0	1052672	1045166	100000	0	ok
PROBE-TSV	1	tar.gz	entries	direct	delete_end	remove	1	49.672	0	0	1045166	100000	0	ok
PROBE-TSV	1	tar.gz	entries	direct	delete_end	total	1	308.593	0	1052672	1045166	100000	0	ok
PROBE-TSV	1	tar.gz	entries	direct	delete_end	updater_open	1	246.140	0	0	1045166	100000	0	ok
PROBE-TSV	1	tar.gz	payload	fixture	build	fixture_build	1	1217.663	0	161349632	162811954	1064	256	ok
PROBE-TSV	1	tar.gz	payload	direct	delete_start	commit	1	58.486	0	160833536	160817785	1064	256	ok
PROBE-TSV	1	tar.gz	payload	direct	delete_start	remove	1	0.504	0	0	160817785	1064	256	ok
PROBE-TSV	1	tar.gz	payload	direct	delete_start	total	1	61.822	0	160833536	160817785	1064	256	ok
PROBE-TSV	1	tar.gz	payload	direct	delete_start	updater_open	1	2.666	0	0	160817785	1064	256	ok
PROBE-TSV	1	tar.gz	payload	direct	delete_end	commit	1	25.827	0	162824192	162811945	1064	256	ok
PROBE-TSV	1	tar.gz	payload	direct	delete_end	remove	1	0.511	0	0	162811945	1064	256	ok
PROBE-TSV	1	tar.gz	payload	direct	delete_end	total	1	29.152	0	162824192	162811945	1064	256	ok
PROBE-TSV	1	tar.gz	payload	direct	delete_end	updater_open	1	2.638	0	0	162811945	1064	256	ok
PROBE-TSV	1	tar.bz2	entries	fixture	build	fixture_build	1	593.645	0	217088	215734	100000	0	ok
PROBE-TSV	1	tar.bz2	entries	direct	delete_start	commit	1	44.871	0	221184	215674	100000	0	ok
PROBE-TSV	1	tar.bz2	entries	direct	delete_start	remove	1	49.620	0	0	215674	100000	0	ok
PROBE-TSV	1	tar.bz2	entries	direct	delete_start	total	1	342.512	0	221184	215674	100000	0	ok
PROBE-TSV	1	tar.bz2	entries	direct	delete_start	updater_open	1	243.418	0	0	215674	100000	0	ok
PROBE-TSV	1	tar.bz2	entries	direct	delete_end	commit	1	32.542	0	221184	215753	100000	0	ok
PROBE-TSV	1	tar.bz2	entries	direct	delete_end	remove	1	51.930	0	0	215753	100000	0	ok
PROBE-TSV	1	tar.bz2	entries	direct	delete_end	total	1	332.764	0	221184	215753	100000	0	ok
PROBE-TSV	1	tar.bz2	entries	direct	delete_end	updater_open	1	243.563	0	0	215753	100000	0	ok
PROBE-TSV	1	tar.bz2	payload	fixture	build	fixture_build	1	1884.759	0	143032320	143017570	1064	256	ok
PROBE-TSV	1	tar.bz2	payload	direct	delete_start	commit	1	21.039	0	141455360	141441805	1064	256	ok
PROBE-TSV	1	tar.bz2	payload	direct	delete_start	remove	1	0.555	0	0	141441805	1064	256	ok
PROBE-TSV	1	tar.bz2	payload	direct	delete_start	total	1	24.611	0	141455360	141441805	1064	256	ok
PROBE-TSV	1	tar.bz2	payload	direct	delete_start	updater_open	1	2.830	0	0	141441805	1064	256	ok
PROBE-TSV	1	tar.bz2	payload	direct	delete_end	commit	1	25.944	0	143028224	143017598	1064	256	ok
PROBE-TSV	1	tar.bz2	payload	direct	delete_end	remove	1	0.545	0	0	143017598	1064	256	ok
PROBE-TSV	1	tar.bz2	payload	direct	delete_end	total	1	29.456	0	143028224	143017598	1064	256	ok
PROBE-TSV	1	tar.bz2	payload	direct	delete_end	updater_open	1	2.767	0	0	143017598	1064	256	ok
PROBE-TSV	1	tar.xz	entries	fixture	build	fixture_build	1	719.631	0	212992	211428	100000	0	ok
PROBE-TSV	1	tar.xz	entries	direct	delete_start	commit	1	160.954	0	217088	210464	100000	0	ok
PROBE-TSV	1	tar.xz	entries	direct	delete_start	remove	1	48.485	0	0	210464	100000	0	ok
PROBE-TSV	1	tar.xz	entries	direct	delete_start	total	1	455.583	0	217088	210464	100000	0	ok
PROBE-TSV	1	tar.xz	entries	direct	delete_start	updater_open	1	241.436	0	0	210464	100000	0	ok
PROBE-TSV	1	tar.xz	entries	direct	delete_end	commit	1	69.703	0	217088	211392	100000	0	ok
PROBE-TSV	1	tar.xz	entries	direct	delete_end	remove	1	48.384	0	0	211392	100000	0	ok
PROBE-TSV	1	tar.xz	entries	direct	delete_end	total	1	363.861	0	217088	211392	100000	0	ok
PROBE-TSV	1	tar.xz	entries	direct	delete_end	updater_open	1	240.986	0	0	211392	100000	0	ok
PROBE-TSV	1	tar.xz	payload	fixture	build	fixture_build	1	10849.499	0	137199616	137187584	1064	256	ok
PROBE-TSV	1	tar.xz	payload	direct	delete_start	commit	1	20.595	0	135741440	135726616	1064	256	ok
PROBE-TSV	1	tar.xz	payload	direct	delete_start	remove	1	0.560	0	0	135726616	1064	256	ok
PROBE-TSV	1	tar.xz	payload	direct	delete_start	total	1	24.142	0	135741440	135726616	1064	256	ok
PROBE-TSV	1	tar.xz	payload	direct	delete_start	updater_open	1	2.806	0	0	135726616	1064	256	ok
PROBE-TSV	1	tar.xz	payload	direct	delete_end	commit	1	58.265	0	137199616	137187584	1064	256	ok
PROBE-TSV	1	tar.xz	payload	direct	delete_end	remove	1	0.570	0	0	137187584	1064	256	ok
PROBE-TSV	1	tar.xz	payload	direct	delete_end	total	1	61.878	0	137199616	137187584	1064	256	ok
PROBE-TSV	1	tar.xz	payload	direct	delete_end	updater_open	1	2.860	0	0	137187584	1064	256	ok
PROBE-TSV	1	7z	entries	fixture	build	fixture_build	1	3940.657	0	7028736	7000078	100000	0	ok
PROBE-TSV	1	7z	entries	direct	delete_start	commit	1	435.499	516096	7020544	7000008	100000	0	ok
PROBE-TSV	1	7z	entries	direct	delete_start	remove	1	49.038	0	0	7000008	100000	0	ok
PROBE-TSV	1	7z	entries	direct	delete_start	total	1	942.051	7045120	7020544	7000008	100000	0	ok
PROBE-TSV	1	7z	entries	direct	delete_start	updater_open	1	422.682	6529024	0	7000008	100000	0	ok
PROBE-TSV	1	7z	entries	direct	delete_end	commit	1	327.791	57344	6545408	7000008	100000	0	ok
PROBE-TSV	1	7z	entries	direct	delete_end	remove	1	50.081	0	0	7000008	100000	0	ok
PROBE-TSV	1	7z	entries	direct	delete_end	total	1	821.607	6586368	6545408	7000008	100000	0	ok
PROBE-TSV	1	7z	entries	direct	delete_end	updater_open	1	416.530	6529024	0	7000008	100000	0	ok
PROBE-TSV	1	7z	payload	fixture	build	fixture_build	1	11405.390	0	137281536	137251576	1064	256	ok
PROBE-TSV	1	7z	payload	direct	delete_start	commit	1	62.868	135745536	135823360	135790639	1064	256	ok
PROBE-TSV	1	7z	payload	direct	delete_start	remove	1	0.582	0	0	135790639	1064	256	ok
PROBE-TSV	1	7z	payload	direct	delete_start	total	1	69.983	135847936	135823360	135790639	1064	256	ok
PROBE-TSV	1	7z	payload	direct	delete_start	updater_open	1	5.116	102400	0	135790639	1064	256	ok
PROBE-TSV	1	7z	payload	direct	delete_end	commit	1	5.326	36864	118784	137251506	1064	256	ok
PROBE-TSV	1	7z	payload	direct	delete_end	remove	1	0.610	0	0	137251506	1064	256	ok
PROBE-TSV	1	7z	payload	direct	delete_end	total	1	16.042	139264	118784	137251506	1064	256	ok
PROBE-TSV	1	7z	payload	direct	delete_end	updater_open	1	9.610	102400	0	137251506	1064	256	ok
PROBE-TSV	1	lha	entries	fixture	build	fixture_build	1	1324.267	0	7012352	7000001	100000	0	ok
PROBE-TSV	1	lha	entries	direct	delete_start	commit	1	7.016	4096	7000064	6999931	100000	0	ok
PROBE-TSV	1	lha	entries	direct	delete_start	remove	1	51.911	0	0	6999931	100000	0	ok
PROBE-TSV	1	lha	entries	direct	delete_start	total	1	1076.448	7004160	7000064	6999931	100000	0	ok
PROBE-TSV	1	lha	entries	direct	delete_start	updater_open	1	988.444	7000064	0	6999931	100000	0	ok
PROBE-TSV	1	lha	entries	direct	delete_end	commit	1	4.053	20480	4096	6999931	100000	0	ok
PROBE-TSV	1	lha	entries	direct	delete_end	remove	1	52.784	0	0	6999931	100000	0	ok
PROBE-TSV	1	lha	entries	direct	delete_end	total	1	1063.036	7020544	4096	6999931	100000	0	ok
PROBE-TSV	1	lha	entries	direct	delete_end	updater_open	1	993.530	7000064	0	6999931	100000	0	ok
PROBE-TSV	1	lha	payload	fixture	build	fixture_build	1	2067.411	4096	342360064	170720988	1064	256	ok
PROBE-TSV	1	lha	payload	direct	delete_start	commit	1	78.346	150962176	168574976	168563277	1064	256	ok
PROBE-TSV	1	lha	payload	direct	delete_start	remove	1	0.585	0	0	168563277	1064	256	ok
PROBE-TSV	1	lha	payload	direct	delete_start	total	1	106.786	168853504	168574976	168563277	1064	256	ok
PROBE-TSV	1	lha	payload	direct	delete_start	updater_open	1	26.599	17891328	0	168563277	1064	256	ok
PROBE-TSV	1	lha	payload	direct	delete_end	commit	1	0.868	32768	16384	170720918	1064	256	ok
PROBE-TSV	1	lha	payload	direct	delete_end	remove	1	0.579	0	0	170720918	1064	256	ok
PROBE-TSV	1	lha	payload	direct	delete_end	total	1	26.573	17924096	16384	170720918	1064	256	ok
PROBE-TSV	1	lha	payload	direct	delete_end	updater_open	1	24.885	17891328	0	170720918	1064	256	ok
PROBE-TSV-HEADER	version	format	fixture	mode	operation	stage	calls	duration_ms	read_bytes	written_bytes	output_bytes	entries	payload_mib	status
PROBE-TSV	1	zip	entries	immediate	delete_start	capability_probe	1	2.964	0	0	14099957	100000	0	ok
PROBE-TSV	1	zip	entries	immediate	delete_start	commit	1	12.637	12288	14102528	14099957	100000	0	ok
PROBE-TSV	1	zip	entries	immediate	delete_start	display	1	3.096	0	0	14099957	100000	0	ok
PROBE-TSV	1	zip	entries	immediate	delete_start	entry_comparison	1	71.475	0	0	14099957	100000	0	ok
PROBE-TSV	1	zip	entries	immediate	delete_start	filter_compute	1	0.000	0	0	14099957	100000	0	ok
PROBE-TSV	1	zip	entries	immediate	delete_start	mutate	1	9.874	0	0	14099957	100000	0	ok
PROBE-TSV	1	zip	entries	immediate	delete_start	output_probe	1	2.629	0	0	14099957	100000	0	ok
PROBE-TSV	1	zip	entries	immediate	delete_start	password_verification	1	0.223	0	0	14099957	100000	0	ok
PROBE-TSV	1	zip	entries	immediate	delete_start	plan_build	1	0.041	0	0	14099957	100000	0	ok
PROBE-TSV	1	zip	entries	immediate	delete_start	plan_validation	1	9.842	0	0	14099957	100000	0	ok
PROBE-TSV	1	zip	entries	immediate	delete_start	publish	1	1.226	0	0	14099957	100000	0	ok
PROBE-TSV	1	zip	entries	immediate	delete_start	reader_adoption	1	0.003	0	0	14099957	100000	0	ok
PROBE-TSV	1	zip	entries	immediate	delete_start	reload	1	3.377	0	0	14099957	100000	0	ok
PROBE-TSV	1	zip	entries	immediate	delete_start	total	1	361.480	14114816	14114816	14099957	100000	0	ok
PROBE-TSV	1	zip	entries	immediate	delete_start	tree_build	1	57.502	0	0	14099957	100000	0	ok
PROBE-TSV	1	zip	entries	immediate	delete_start	updater_open	1	104.031	14102528	0	14099957	100000	0	ok
PROBE-TSV	1	zip	entries	immediate	delete_start	verification_open	1	72.956	0	0	14099957	100000	0	ok
PROBE-TSV	1	zip	entries	immediate	delete_end	capability_probe	1	2.935	0	0	14099957	100000	0	ok
PROBE-TSV	1	zip	entries	immediate	delete_end	commit	1	10.215	45056	7516160	14099957	100000	0	ok
PROBE-TSV	1	zip	entries	immediate	delete_end	display	1	2.861	0	0	14099957	100000	0	ok
PROBE-TSV	1	zip	entries	immediate	delete_end	entry_comparison	1	73.927	0	0	14099957	100000	0	ok
PROBE-TSV	1	zip	entries	immediate	delete_end	filter_compute	1	0.000	0	0	14099957	100000	0	ok
PROBE-TSV	1	zip	entries	immediate	delete_end	mutate	1	9.619	0	0	14099957	100000	0	ok
PROBE-TSV	1	zip	entries	immediate	delete_end	output_probe	1	2.608	0	0	14099957	100000	0	ok
PROBE-TSV	1	zip	entries	immediate	delete_end	password_verification	1	0.242	0	0	14099957	100000	0	ok
PROBE-TSV	1	zip	entries	immediate	delete_end	plan_build	1	0.014	0	0	14099957	100000	0	ok
PROBE-TSV	1	zip	entries	immediate	delete_end	plan_validation	1	9.589	0	0	14099957	100000	0	ok
PROBE-TSV	1	zip	entries	immediate	delete_end	publish	1	0.794	0	0	14099957	100000	0	ok
PROBE-TSV	1	zip	entries	immediate	delete_end	reader_adoption	1	0.003	0	0	14099957	100000	0	ok
PROBE-TSV	1	zip	entries	immediate	delete_end	reload	1	3.301	0	0	14099957	100000	0	ok
PROBE-TSV	1	zip	entries	immediate	delete_end	total	1	354.634	20733952	7528448	14099957	100000	0	ok
PROBE-TSV	1	zip	entries	immediate	delete_end	tree_build	1	54.199	0	0	14099957	100000	0	ok
PROBE-TSV	1	zip	entries	immediate	delete_end	updater_open	1	100.811	14102528	0	14099957	100000	0	ok
PROBE-TSV	1	zip	entries	immediate	delete_end	verification_open	1	74.293	6586368	0	14099957	100000	0	ok
PROBE-TSV	1	zip	entries	immediate	rename_same_length	capability_probe	1	2.897	0	0	14100098	100000	0	ok
PROBE-TSV	1	zip	entries	immediate	rename_same_length	commit	1	6.061	32768	32768	14100098	100000	0	ok
PROBE-TSV	1	zip	entries	immediate	rename_same_length	display	1	2.775	0	0	14100098	100000	0	ok
PROBE-TSV	1	zip	entries	immediate	rename_same_length	entry_comparison	1	72.313	0	0	14100098	100000	0	ok
PROBE-TSV	1	zip	entries	immediate	rename_same_length	filter_compute	1	0.000	0	0	14100098	100000	0	ok
PROBE-TSV	1	zip	entries	immediate	rename_same_length	mutate	1	11.727	0	0	14100098	100000	0	ok
PROBE-TSV	1	zip	entries	immediate	rename_same_length	name_index_advance	1	9.699	0	0	14100098	100000	0	ok
PROBE-TSV	1	zip	entries	immediate	rename_same_length	name_index_build	1	147.525	0	0	14100098	100000	0	ok
PROBE-TSV	1	zip	entries	immediate	rename_same_length	output_probe	1	2.599	0	0	14100098	100000	0	ok
PROBE-TSV	1	zip	entries	immediate	rename_same_length	password_verification	1	0.221	0	0	14100098	100000	0	ok
PROBE-TSV	1	zip	entries	immediate	rename_same_length	plan_build	1	0.071	0	0	14100098	100000	0	ok
PROBE-TSV	1	zip	entries	immediate	rename_same_length	plan_validation	1	9.504	0	0	14100098	100000	0	ok
PROBE-TSV	1	zip	entries	immediate	rename_same_length	publish	1	0.760	0	0	14100098	100000	0	ok
PROBE-TSV	1	zip	entries	immediate	rename_same_length	reader_adoption	1	0.003	0	0	14100098	100000	0	ok
PROBE-TSV	1	zip	entries	immediate	rename_same_length	reload	1	13.210	0	0	14100098	100000	0	ok
PROBE-TSV	1	zip	entries	immediate	rename_same_length	total	1	513.373	28205056	45056	14100098	100000	0	ok
PROBE-TSV	1	zip	entries	immediate	rename_same_length	tree_build	1	54.194	0	0	14100098	100000	0	ok
PROBE-TSV	1	zip	entries	immediate	rename_same_length	updater_open	1	102.353	14102528	0	14100098	100000	0	ok
PROBE-TSV	1	zip	entries	immediate	rename_same_length	verification_open	1	75.733	14069760	0	14100098	100000	0	ok
PROBE-TSV	1	zip	entries	immediate	rename_different_length	capability_probe	1	2.893	0	0	14100134	100000	0	ok
PROBE-TSV	1	zip	entries	immediate	rename_different_length	commit	1	11.314	0	14102528	14100134	100000	0	ok
PROBE-TSV	1	zip	entries	immediate	rename_different_length	display	1	2.832	0	0	14100134	100000	0	ok
PROBE-TSV	1	zip	entries	immediate	rename_different_length	entry_comparison	1	72.131	0	0	14100134	100000	0	ok
PROBE-TSV	1	zip	entries	immediate	rename_different_length	filter_compute	1	0.000	0	0	14100134	100000	0	ok
PROBE-TSV	1	zip	entries	immediate	rename_different_length	mutate	1	12.028	0	0	14100134	100000	0	ok
PROBE-TSV	1	zip	entries	immediate	rename_different_length	name_index_advance	1	9.824	0	0	14100134	100000	0	ok
PROBE-TSV	1	zip	entries	immediate	rename_different_length	name_index_build	1	149.197	0	0	14100134	100000	0	ok
PROBE-TSV	1	zip	entries	immediate	rename_different_length	output_probe	1	2.653	0	0	14100134	100000	0	ok
PROBE-TSV	1	zip	entries	immediate	rename_different_length	password_verification	1	0.226	0	0	14100134	100000	0	ok
PROBE-TSV	1	zip	entries	immediate	rename_different_length	plan_build	1	0.040	0	0	14100134	100000	0	ok
PROBE-TSV	1	zip	entries	immediate	rename_different_length	plan_validation	1	9.657	0	0	14100134	100000	0	ok
PROBE-TSV	1	zip	entries	immediate	rename_different_length	publish	1	0.759	0	0	14100134	100000	0	ok
PROBE-TSV	1	zip	entries	immediate	rename_different_length	reader_adoption	1	0.003	0	0	14100134	100000	0	ok
PROBE-TSV	1	zip	entries	immediate	rename_different_length	reload	1	13.322	0	0	14100134	100000	0	ok
PROBE-TSV	1	zip	entries	immediate	rename_different_length	total	1	517.410	14102528	14114816	14100134	100000	0	ok
PROBE-TSV	1	zip	entries	immediate	rename_different_length	tree_build	1	54.493	0	0	14100134	100000	0	ok
PROBE-TSV	1	zip	entries	immediate	rename_different_length	updater_open	1	101.891	14102528	0	14100134	100000	0	ok
PROBE-TSV	1	zip	entries	immediate	rename_different_length	verification_open	1	73.361	0	0	14100134	100000	0	ok
PROBE-TSV	1	zip	entries	immediate	rename_folder	capability_probe	1	2.918	0	0	14120098	100000	0	ok
PROBE-TSV	1	zip	entries	immediate	rename_folder	commit	1	15.563	0	14123008	14120098	100000	0	ok
PROBE-TSV	1	zip	entries	immediate	rename_folder	display	1	2.766	0	0	14120098	100000	0	ok
PROBE-TSV	1	zip	entries	immediate	rename_folder	entry_comparison	1	72.518	0	0	14120098	100000	0	ok
PROBE-TSV	1	zip	entries	immediate	rename_folder	filter_compute	1	0.000	0	0	14120098	100000	0	ok
PROBE-TSV	1	zip	entries	immediate	rename_folder	mutate	1	70.241	0	0	14120098	100000	0	ok
PROBE-TSV	1	zip	entries	immediate	rename_folder	name_index_advance	1	15.050	0	0	14120098	100000	0	ok
PROBE-TSV	1	zip	entries	immediate	rename_folder	name_index_build	1	146.952	0	0	14120098	100000	0	ok
PROBE-TSV	1	zip	entries	immediate	rename_folder	output_probe	1	2.601	0	0	14120098	100000	0	ok
PROBE-TSV	1	zip	entries	immediate	rename_folder	password_verification	1	0.206	0	0	14120098	100000	0	ok
PROBE-TSV	1	zip	entries	immediate	rename_folder	plan_build	1	5.883	0	0	14120098	100000	0	ok
PROBE-TSV	1	zip	entries	immediate	rename_folder	plan_validation	1	12.645	0	0	14120098	100000	0	ok
PROBE-TSV	1	zip	entries	immediate	rename_folder	publish	1	0.799	0	0	14120098	100000	0	ok
PROBE-TSV	1	zip	entries	immediate	rename_folder	reader_adoption	1	0.003	0	0	14120098	100000	0	ok
PROBE-TSV	1	zip	entries	immediate	rename_folder	reload	1	18.564	0	0	14120098	100000	0	ok
PROBE-TSV	1	zip	entries	immediate	rename_folder	total	1	592.637	14102528	14135296	14120098	100000	0	ok
PROBE-TSV	1	zip	entries	immediate	rename_folder	tree_build	1	54.386	0	0	14120098	100000	0	ok
PROBE-TSV	1	zip	entries	immediate	rename_folder	updater_open	1	101.750	14102528	0	14120098	100000	0	ok
PROBE-TSV	1	zip	entries	immediate	rename_folder	verification_open	1	74.282	0	0	14120098	100000	0	ok
PROBE-TSV	1	zip	entries	immediate	new_folder	capability_probe	1	2.903	0	0	14100216	100000	0	ok
PROBE-TSV	1	zip	entries	immediate	new_folder	commit	1	11.985	28672	7516160	14100216	100000	0	ok
PROBE-TSV	1	zip	entries	immediate	new_folder	display	1	2.867	0	0	14100216	100000	0	ok
PROBE-TSV	1	zip	entries	immediate	new_folder	entry_comparison	1	72.604	0	0	14100216	100000	0	ok
PROBE-TSV	1	zip	entries	immediate	new_folder	filter_compute	1	0.000	0	0	14100216	100000	0	ok
PROBE-TSV	1	zip	entries	immediate	new_folder	mutate	1	12.618	16384	0	14100216	100000	0	ok
PROBE-TSV	1	zip	entries	immediate	new_folder	name_index_advance	1	8.685	0	0	14100216	100000	0	ok
PROBE-TSV	1	zip	entries	immediate	new_folder	name_index_build	1	147.351	0	0	14100216	100000	0	ok
PROBE-TSV	1	zip	entries	immediate	new_folder	output_probe	1	2.593	0	0	14100216	100000	0	ok
PROBE-TSV	1	zip	entries	immediate	new_folder	password_verification	1	0.244	0	0	14100216	100000	0	ok
PROBE-TSV	1	zip	entries	immediate	new_folder	plan_build	1	147.374	0	0	14100216	100000	0	ok
PROBE-TSV	1	zip	entries	immediate	new_folder	plan_validation	1	9.636	0	0	14100216	100000	0	ok
PROBE-TSV	1	zip	entries	immediate	new_folder	publish	1	0.757	0	0	14100216	100000	0	ok
PROBE-TSV	1	zip	entries	immediate	new_folder	reader_adoption	1	0.003	0	0	14100216	100000	0	ok
PROBE-TSV	1	zip	entries	immediate	new_folder	reload	1	12.175	0	0	14100216	100000	0	ok
PROBE-TSV	1	zip	entries	immediate	new_folder	total	1	515.570	20733952	7528448	14100216	100000	0	ok
PROBE-TSV	1	zip	entries	immediate	new_folder	tree_build	1	53.962	0	0	14100216	100000	0	ok
PROBE-TSV	1	zip	entries	immediate	new_folder	updater_open	1	101.244	14102528	0	14100216	100000	0	ok
PROBE-TSV	1	zip	entries	immediate	new_folder	verification_open	1	75.372	6586368	0	14100216	100000	0	ok
PROBE-TSV	1	zip	entries	immediate	add_file	capability_probe	1	2.962	0	0	14100217	100000	0	ok
PROBE-TSV	1	zip	entries	immediate	add_file	commit	1	12.286	45056	7516160	14100217	100000	0	ok
PROBE-TSV	1	zip	entries	immediate	add_file	display	1	3.024	0	0	14100217	100000	0	ok
PROBE-TSV	1	zip	entries	immediate	add_file	entry_comparison	1	74.383	0	0	14100217	100000	0	ok
PROBE-TSV	1	zip	entries	immediate	add_file	filter_compute	1	0.000	0	0	14100217	100000	0	ok
PROBE-TSV	1	zip	entries	immediate	add_file	mutate	1	12.379	0	0	14100217	100000	0	ok
PROBE-TSV	1	zip	entries	immediate	add_file	name_index_advance	1	8.925	0	0	14100217	100000	0	ok
PROBE-TSV	1	zip	entries	immediate	add_file	name_index_build	1	149.188	0	0	14100217	100000	0	ok
PROBE-TSV	1	zip	entries	immediate	add_file	output_probe	1	2.624	0	0	14100217	100000	0	ok
PROBE-TSV	1	zip	entries	immediate	add_file	password_verification	1	0.233	0	0	14100217	100000	0	ok
PROBE-TSV	1	zip	entries	immediate	add_file	plan_build	3	0.125	0	0	14100217	100000	0	ok
PROBE-TSV	1	zip	entries	immediate	add_file	plan_validation	1	9.792	0	0	14100217	100000	0	ok
PROBE-TSV	1	zip	entries	immediate	add_file	publish	1	0.763	0	0	14100217	100000	0	ok
PROBE-TSV	1	zip	entries	immediate	add_file	reader_adoption	1	0.004	0	0	14100217	100000	0	ok
PROBE-TSV	1	zip	entries	immediate	add_file	reload	1	12.531	0	0	14100217	100000	0	ok
PROBE-TSV	1	zip	entries	immediate	add_file	total	1	526.679	20733952	7528448	14100217	100000	0	ok
PROBE-TSV	1	zip	entries	immediate	add_file	tree_build	1	53.933	0	0	14100217	100000	0	ok
PROBE-TSV	1	zip	entries	immediate	add_file	updater_open	1	107.300	14102528	0	14100217	100000	0	ok
PROBE-TSV	1	zip	entries	immediate	add_file	verification_open	1	75.286	6586368	0	14100217	100000	0	ok
PROBE-TSV	1	zip	entries	immediate	replace_file	capability_probe	1	2.902	0	0	14100098	100000	0	ok
PROBE-TSV	1	zip	entries	immediate	replace_file	commit	1	14.780	32768	14102528	14100098	100000	0	ok
PROBE-TSV	1	zip	entries	immediate	replace_file	display	1	2.848	0	0	14100098	100000	0	ok
PROBE-TSV	1	zip	entries	immediate	replace_file	entry_comparison	1	71.820	0	0	14100098	100000	0	ok
PROBE-TSV	1	zip	entries	immediate	replace_file	filter_compute	1	0.000	0	0	14100098	100000	0	ok
PROBE-TSV	1	zip	entries	immediate	replace_file	mutate	1	13.357	0	0	14100098	100000	0	ok
PROBE-TSV	1	zip	entries	immediate	replace_file	name_index_advance	1	9.679	0	0	14100098	100000	0	ok
PROBE-TSV	1	zip	entries	immediate	replace_file	name_index_build	1	148.599	0	0	14100098	100000	0	ok
PROBE-TSV	1	zip	entries	immediate	replace_file	output_probe	1	2.594	0	0	14100098	100000	0	ok
PROBE-TSV	1	zip	entries	immediate	replace_file	password_verification	1	0.263	0	0	14100098	100000	0	ok
PROBE-TSV	1	zip	entries	immediate	replace_file	plan_build	4	2.339	0	0	14100098	100000	0	ok
PROBE-TSV	1	zip	entries	immediate	replace_file	plan_validation	1	9.754	0	0	14100098	100000	0	ok
PROBE-TSV	1	zip	entries	immediate	replace_file	publish	1	0.821	0	0	14100098	100000	0	ok
PROBE-TSV	1	zip	entries	immediate	replace_file	reader_adoption	1	0.003	0	0	14100098	100000	0	ok
PROBE-TSV	1	zip	entries	immediate	replace_file	reload	1	13.197	0	0	14100098	100000	0	ok
PROBE-TSV	1	zip	entries	immediate	replace_file	total	1	520.999	14135296	14114816	14100098	100000	0	ok
PROBE-TSV	1	zip	entries	immediate	replace_file	tree_build	1	54.366	0	0	14100098	100000	0	ok
PROBE-TSV	1	zip	entries	immediate	replace_file	updater_open	1	100.718	14102528	0	14100098	100000	0	ok
PROBE-TSV	1	zip	entries	immediate	replace_file	verification_open	1	73.221	0	0	14100098	100000	0	ok
PROBE-TSV	1	zip	entries	deferred	five_changes_reserve_rename	display	1	2.686	0	0	14100098	100000	0	ok
PROBE-TSV	1	zip	entries	deferred	five_changes_reserve_rename	filter_compute	1	0.001	0	0	14100098	100000	0	ok
PROBE-TSV	1	zip	entries	deferred	five_changes_reserve_rename	password_verification	1	0.559	0	0	14100098	100000	0	ok
PROBE-TSV	1	zip	entries	deferred	five_changes_reserve_rename	total	1	124.047	0	0	14100098	100000	0	ok
PROBE-TSV	1	zip	entries	deferred	five_changes_reserve_rename	tree_build	1	56.077	0	0	14100098	100000	0	ok
PROBE-TSV	1	zip	entries	deferred	five_changes_reserve_delete	display	1	2.701	0	0	14100098	100000	0	ok
PROBE-TSV	1	zip	entries	deferred	five_changes_reserve_delete	filter_compute	1	0.001	0	0	14100098	100000	0	ok
PROBE-TSV	1	zip	entries	deferred	five_changes_reserve_delete	password_verification	1	0.564	0	0	14100098	100000	0	ok
PROBE-TSV	1	zip	entries	deferred	five_changes_reserve_delete	total	1	122.479	0	0	14100098	100000	0	ok
PROBE-TSV	1	zip	entries	deferred	five_changes_reserve_delete	tree_build	1	52.254	0	0	14100098	100000	0	ok
PROBE-TSV	1	zip	entries	deferred	five_changes_reserve_new_folder	display	1	2.841	0	0	14100098	100000	0	ok
PROBE-TSV	1	zip	entries	deferred	five_changes_reserve_new_folder	filter_compute	1	0.001	0	0	14100098	100000	0	ok
PROBE-TSV	1	zip	entries	deferred	five_changes_reserve_new_folder	password_verification	1	0.569	0	0	14100098	100000	0	ok
PROBE-TSV	1	zip	entries	deferred	five_changes_reserve_new_folder	total	1	122.436	0	0	14100098	100000	0	ok
PROBE-TSV	1	zip	entries	deferred	five_changes_reserve_new_folder	tree_build	1	52.295	0	0	14100098	100000	0	ok
PROBE-TSV	1	zip	entries	deferred	five_changes_reserve_delete_folder	display	1	2.912	0	0	14100098	100000	0	ok
PROBE-TSV	1	zip	entries	deferred	five_changes_reserve_delete_folder	filter_compute	1	0.001	0	0	14100098	100000	0	ok
PROBE-TSV	1	zip	entries	deferred	five_changes_reserve_delete_folder	password_verification	1	0.577	0	0	14100098	100000	0	ok
PROBE-TSV	1	zip	entries	deferred	five_changes_reserve_delete_folder	total	1	127.521	0	0	14100098	100000	0	ok
PROBE-TSV	1	zip	entries	deferred	five_changes_reserve_delete_folder	tree_build	1	52.401	0	0	14100098	100000	0	ok
PROBE-TSV	1	zip	entries	deferred	five_changes_reserve_add	display	1	2.959	0	0	14100098	100000	0	ok
PROBE-TSV	1	zip	entries	deferred	five_changes_reserve_add	filter_compute	1	0.001	0	0	14100098	100000	0	ok
PROBE-TSV	1	zip	entries	deferred	five_changes_reserve_add	password_verification	1	0.587	0	0	14100098	100000	0	ok
PROBE-TSV	1	zip	entries	deferred	five_changes_reserve_add	plan_build	3	0.069	0	0	14100098	100000	0	ok
PROBE-TSV	1	zip	entries	deferred	five_changes_reserve_add	total	1	126.143	0	4096	14100098	100000	0	ok
PROBE-TSV	1	zip	entries	deferred	five_changes_reserve_add	tree_build	1	52.742	0	0	14100098	100000	0	ok
PROBE-TSV	1	zip	entries	deferred	save_five_changes	capability_probe	1	2.949	0	0	13959180	100000	0	ok
PROBE-TSV	1	zip	entries	deferred	save_five_changes	commit	1	16.736	32768	13975552	13959180	100000	0	ok
PROBE-TSV	1	zip	entries	deferred	save_five_changes	display	1	2.835	0	0	13959180	100000	0	ok
PROBE-TSV	1	zip	entries	deferred	save_five_changes	editing_install	1	0.005	0	0	13959180	100000	0	ok
PROBE-TSV	1	zip	entries	deferred	save_five_changes	editing_prepare	1	17.951	0	0	13959180	100000	0	ok
PROBE-TSV	1	zip	entries	deferred	save_five_changes	entry_comparison	1	71.459	0	0	13959180	100000	0	ok
PROBE-TSV	1	zip	entries	deferred	save_five_changes	filter_compute	2	0.001	0	0	13959180	100000	0	ok
PROBE-TSV	1	zip	entries	deferred	save_five_changes	name_index_advance	1	11.875	0	0	13959180	100000	0	ok
PROBE-TSV	1	zip	entries	deferred	save_five_changes	output_probe	1	2.616	0	0	13959180	100000	0	ok
PROBE-TSV	1	zip	entries	deferred	save_five_changes	password_verification	1	0.570	0	0	13959180	100000	0	ok
PROBE-TSV	1	zip	entries	deferred	save_five_changes	publish	1	0.999	0	0	13959180	100000	0	ok
PROBE-TSV	1	zip	entries	deferred	save_five_changes	reader_adoption	1	0.003	0	0	13959180	100000	0	ok
PROBE-TSV	1	zip	entries	deferred	save_five_changes	reload	1	15.492	0	0	13959180	100000	0	ok
PROBE-TSV	1	zip	entries	deferred	save_five_changes	replay	1	19.851	20480	0	13959180	100000	0	ok
PROBE-TSV	1	zip	entries	deferred	save_five_changes	replay_plan	1	17.506	0	0	13959180	100000	0	ok
PROBE-TSV	1	zip	entries	deferred	save_five_changes	representability_differential	1	0.896	0	0	13959180	100000	0	ok
PROBE-TSV	1	zip	entries	deferred	save_five_changes	save_sheet	1	483.823	14188544	14000128	13959180	100000	0	ok
PROBE-TSV	1	zip	entries	deferred	save_five_changes	total	1	502.166	14188544	14000128	13959180	100000	0	ok
PROBE-TSV	1	zip	entries	deferred	save_five_changes	tree_build	1	52.684	0	0	13959180	100000	0	ok
PROBE-TSV	1	zip	entries	deferred	save_five_changes	updater_open	1	103.823	14102528	0	13959180	100000	0	ok
PROBE-TSV	1	zip	entries	deferred	save_five_changes	verification_open	1	73.926	0	0	13959180	100000	0	ok
PROBE-TSV	1	zip	entries	deferred	rename_only_reserve_rename	display	1	2.769	0	0	14100098	100000	0	ok
PROBE-TSV	1	zip	entries	deferred	rename_only_reserve_rename	filter_compute	1	0.001	0	0	14100098	100000	0	ok
PROBE-TSV	1	zip	entries	deferred	rename_only_reserve_rename	password_verification	1	0.569	0	0	14100098	100000	0	ok
PROBE-TSV	1	zip	entries	deferred	rename_only_reserve_rename	total	1	124.281	0	0	14100098	100000	0	ok
PROBE-TSV	1	zip	entries	deferred	rename_only_reserve_rename	tree_build	1	55.614	0	0	14100098	100000	0	ok
PROBE-TSV	1	zip	entries	deferred	save_rename_only	capability_probe	1	2.962	0	0	14100096	100000	0	ok
PROBE-TSV	1	zip	entries	deferred	save_rename_only	commit	1	13.446	12288	14102528	14100096	100000	0	ok
PROBE-TSV	1	zip	entries	deferred	save_rename_only	display	1	2.983	0	0	14100096	100000	0	ok
PROBE-TSV	1	zip	entries	deferred	save_rename_only	editing_install	1	0.005	0	0	14100096	100000	0	ok
PROBE-TSV	1	zip	entries	deferred	save_rename_only	editing_prepare	1	18.622	0	0	14100096	100000	0	ok
PROBE-TSV	1	zip	entries	deferred	save_rename_only	entry_comparison	1	70.414	0	0	14100096	100000	0	ok
PROBE-TSV	1	zip	entries	deferred	save_rename_only	filter_compute	2	0.001	0	0	14100096	100000	0	ok
PROBE-TSV	1	zip	entries	deferred	save_rename_only	name_index_advance	1	9.848	0	0	14100096	100000	0	ok
PROBE-TSV	1	zip	entries	deferred	save_rename_only	output_probe	1	2.627	0	0	14100096	100000	0	ok
PROBE-TSV	1	zip	entries	deferred	save_rename_only	password_verification	1	0.579	0	0	14100096	100000	0	ok
PROBE-TSV	1	zip	entries	deferred	save_rename_only	publish	1	0.366	0	0	14100096	100000	0	ok
PROBE-TSV	1	zip	entries	deferred	save_rename_only	reader_adoption	1	0.003	0	0	14100096	100000	0	ok
PROBE-TSV	1	zip	entries	deferred	save_rename_only	reload	1	13.481	0	0	14100096	100000	0	ok
PROBE-TSV	1	zip	entries	deferred	save_rename_only	replay	1	11.858	0	0	14100096	100000	0	ok
PROBE-TSV	1	zip	entries	deferred	save_rename_only	replay_plan	1	14.738	0	0	14100096	100000	0	ok
PROBE-TSV	1	zip	entries	deferred	save_rename_only	representability_differential	1	0.028	0	0	14100096	100000	0	ok
PROBE-TSV	1	zip	entries	deferred	save_rename_only	save_sheet	1	446.326	14114816	14114816	14100096	100000	0	ok
PROBE-TSV	1	zip	entries	deferred	save_rename_only	total	1	465.187	14114816	14114816	14100096	100000	0	ok
PROBE-TSV	1	zip	entries	deferred	save_rename_only	tree_build	1	56.004	0	0	14100096	100000	0	ok
PROBE-TSV	1	zip	entries	deferred	save_rename_only	updater_open	1	98.087	14102528	0	14100096	100000	0	ok
PROBE-TSV	1	zip	entries	deferred	save_rename_only	verification_open	1	73.004	0	0	14100096	100000	0	ok
PROBE-TSV	1	zip	payload	immediate	delete_start	capability_probe	1	2.527	0	0	161008071	1064	256	ok
PROBE-TSV	1	zip	payload	immediate	delete_start	commit	1	51.776	158875648	161021952	161008071	1064	256	ok
PROBE-TSV	1	zip	payload	immediate	delete_start	display	1	1.379	0	0	161008071	1064	256	ok
PROBE-TSV	1	zip	payload	immediate	delete_start	entry_comparison	1	0.747	0	0	161008071	1064	256	ok
PROBE-TSV	1	zip	payload	immediate	delete_start	filter_compute	1	0.000	0	0	161008071	1064	256	ok
PROBE-TSV	1	zip	payload	immediate	delete_start	mutate	1	0.127	0	0	161008071	1064	256	ok
PROBE-TSV	1	zip	payload	immediate	delete_start	output_probe	1	2.522	0	0	161008071	1064	256	ok
PROBE-TSV	1	zip	payload	immediate	delete_start	password_verification	1	0.030	0	0	161008071	1064	256	ok
PROBE-TSV	1	zip	payload	immediate	delete_start	plan_build	1	0.012	0	0	161008071	1064	256	ok
PROBE-TSV	1	zip	payload	immediate	delete_start	plan_validation	1	0.114	0	0	161008071	1064	256	ok
PROBE-TSV	1	zip	payload	immediate	delete_start	publish	1	0.718	0	0	161008071	1064	256	ok
PROBE-TSV	1	zip	payload	immediate	delete_start	reader_adoption	1	0.002	0	0	161008071	1064	256	ok
PROBE-TSV	1	zip	payload	immediate	delete_start	reload	1	2.744	0	0	161008071	1064	256	ok
PROBE-TSV	1	zip	payload	immediate	delete_start	total	1	76.826	161054720	161034240	161008071	1064	256	ok
PROBE-TSV	1	zip	payload	immediate	delete_start	tree_build	1	0.566	0	0	161008071	1064	256	ok
PROBE-TSV	1	zip	payload	immediate	delete_start	updater_open	1	11.586	2179072	0	161008071	1064	256	ok
PROBE-TSV	1	zip	payload	immediate	delete_start	verification_open	1	0.987	0	0	161008071	1064	256	ok
PROBE-TSV	1	zip	payload	immediate	delete_end	capability_probe	1	2.520	0	0	163003352	1064	256	ok
PROBE-TSV	1	zip	payload	immediate	delete_end	commit	1	0.896	32768	81920	163003352	1064	256	ok
PROBE-TSV	1	zip	payload	immediate	delete_end	display	1	1.296	0	0	163003352	1064	256	ok
PROBE-TSV	1	zip	payload	immediate	delete_end	entry_comparison	1	0.765	0	0	163003352	1064	256	ok
PROBE-TSV	1	zip	payload	immediate	delete_end	filter_compute	1	0.000	0	0	163003352	1064	256	ok
PROBE-TSV	1	zip	payload	immediate	delete_end	mutate	1	0.130	0	0	163003352	1064	256	ok
PROBE-TSV	1	zip	payload	immediate	delete_end	output_probe	1	2.782	983040	0	163003352	1064	256	ok
PROBE-TSV	1	zip	payload	immediate	delete_end	password_verification	1	0.032	0	0	163003352	1064	256	ok
PROBE-TSV	1	zip	payload	immediate	delete_end	plan_build	1	0.013	0	0	163003352	1064	256	ok
PROBE-TSV	1	zip	payload	immediate	delete_end	plan_validation	1	0.116	0	0	163003352	1064	256	ok
PROBE-TSV	1	zip	payload	immediate	delete_end	publish	1	0.680	0	0	163003352	1064	256	ok
PROBE-TSV	1	zip	payload	immediate	delete_end	reader_adoption	1	0.002	0	0	163003352	1064	256	ok
PROBE-TSV	1	zip	payload	immediate	delete_end	reload	1	2.739	0	0	163003352	1064	256	ok
PROBE-TSV	1	zip	payload	immediate	delete_end	total	1	31.419	4308992	94208	163003352	1064	256	ok
PROBE-TSV	1	zip	payload	immediate	delete_end	tree_build	1	0.560	0	0	163003352	1064	256	ok
PROBE-TSV	1	zip	payload	immediate	delete_end	updater_open	1	11.442	2179072	0	163003352	1064	256	ok
PROBE-TSV	1	zip	payload	immediate	delete_end	verification_open	1	7.641	1114112	0	163003352	1064	256	ok
PROBE-TSV	1	zip	payload	immediate	rename_same_length	capability_probe	1	2.524	0	0	163003493	1064	256	ok
PROBE-TSV	1	zip	payload	immediate	rename_same_length	commit	1	0.904	32768	32768	163003493	1064	256	ok
PROBE-TSV	1	zip	payload	immediate	rename_same_length	display	1	1.272	0	0	163003493	1064	256	ok
PROBE-TSV	1	zip	payload	immediate	rename_same_length	entry_comparison	1	0.756	0	0	163003493	1064	256	ok
PROBE-TSV	1	zip	payload	immediate	rename_same_length	filter_compute	1	0.000	0	0	163003493	1064	256	ok
PROBE-TSV	1	zip	payload	immediate	rename_same_length	mutate	1	0.675	0	0	163003493	1064	256	ok
PROBE-TSV	1	zip	payload	immediate	rename_same_length	name_index_advance	1	0.133	0	0	163003493	1064	256	ok
PROBE-TSV	1	zip	payload	immediate	rename_same_length	name_index_build	1	1.627	0	0	163003493	1064	256	ok
PROBE-TSV	1	zip	payload	immediate	rename_same_length	output_probe	1	2.771	983040	0	163003493	1064	256	ok
PROBE-TSV	1	zip	payload	immediate	rename_same_length	password_verification	1	0.034	0	0	163003493	1064	256	ok
PROBE-TSV	1	zip	payload	immediate	rename_same_length	plan_build	1	0.020	0	0	163003493	1064	256	ok
PROBE-TSV	1	zip	payload	immediate	rename_same_length	plan_validation	1	0.129	0	0	163003493	1064	256	ok
PROBE-TSV	1	zip	payload	immediate	rename_same_length	publish	1	0.745	0	0	163003493	1064	256	ok
PROBE-TSV	1	zip	payload	immediate	rename_same_length	reader_adoption	1	0.006	0	0	163003493	1064	256	ok
PROBE-TSV	1	zip	payload	immediate	rename_same_length	reload	1	2.909	0	0	163003493	1064	256	ok
PROBE-TSV	1	zip	payload	immediate	rename_same_length	total	1	34.151	4358144	45056	163003493	1064	256	ok
PROBE-TSV	1	zip	payload	immediate	rename_same_length	tree_build	1	0.571	0	0	163003493	1064	256	ok
PROBE-TSV	1	zip	payload	immediate	rename_same_length	updater_open	1	11.475	2179072	0	163003493	1064	256	ok
PROBE-TSV	1	zip	payload	immediate	rename_same_length	verification_open	1	7.904	1163264	0	163003493	1064	256	ok
PROBE-TSV	1	zip	payload	immediate	rename_different_length	capability_probe	1	2.553	0	0	163003529	1064	256	ok
PROBE-TSV	1	zip	payload	immediate	rename_different_length	commit	1	71.521	160825344	163004416	163003529	1064	256	ok
PROBE-TSV	1	zip	payload	immediate	rename_different_length	display	1	1.280	0	0	163003529	1064	256	ok
PROBE-TSV	1	zip	payload	immediate	rename_different_length	entry_comparison	1	0.731	0	0	163003529	1064	256	ok
PROBE-TSV	1	zip	payload	immediate	rename_different_length	filter_compute	1	0.000	0	0	163003529	1064	256	ok
PROBE-TSV	1	zip	payload	immediate	rename_different_length	mutate	1	0.646	0	0	163003529	1064	256	ok
PROBE-TSV	1	zip	payload	immediate	rename_different_length	name_index_advance	1	0.149	0	0	163003529	1064	256	ok
PROBE-TSV	1	zip	payload	immediate	rename_different_length	name_index_build	1	1.614	0	0	163003529	1064	256	ok
PROBE-TSV	1	zip	payload	immediate	rename_different_length	output_probe	1	2.522	0	0	163003529	1064	256	ok
PROBE-TSV	1	zip	payload	immediate	rename_different_length	password_verification	1	0.028	0	0	163003529	1064	256	ok
PROBE-TSV	1	zip	payload	immediate	rename_different_length	plan_build	1	0.021	0	0	163003529	1064	256	ok
PROBE-TSV	1	zip	payload	immediate	rename_different_length	plan_validation	1	0.118	0	0	163003529	1064	256	ok
PROBE-TSV	1	zip	payload	immediate	rename_different_length	publish	1	0.700	0	0	163003529	1064	256	ok
PROBE-TSV	1	zip	payload	immediate	rename_different_length	reader_adoption	1	0.002	0	0	163003529	1064	256	ok
PROBE-TSV	1	zip	payload	immediate	rename_different_length	reload	1	2.935	0	0	163003529	1064	256	ok
PROBE-TSV	1	zip	payload	immediate	rename_different_length	total	1	98.507	163004416	163016704	163003529	1064	256	ok
PROBE-TSV	1	zip	payload	immediate	rename_different_length	tree_build	1	0.569	0	0	163003529	1064	256	ok
PROBE-TSV	1	zip	payload	immediate	rename_different_length	updater_open	1	11.433	2179072	0	163003529	1064	256	ok
PROBE-TSV	1	zip	payload	immediate	rename_different_length	verification_open	1	0.962	0	0	163003529	1064	256	ok
PROBE-TSV	1	zip	payload	immediate	rename_folder	capability_probe	1	2.504	0	0	163004389	1064	256	ok
PROBE-TSV	1	zip	payload	immediate	rename_folder	commit	1	66.736	160825344	163004416	163004389	1064	256	ok
PROBE-TSV	1	zip	payload	immediate	rename_folder	display	1	1.244	0	0	163004389	1064	256	ok
PROBE-TSV	1	zip	payload	immediate	rename_folder	entry_comparison	1	0.750	0	0	163004389	1064	256	ok
PROBE-TSV	1	zip	payload	immediate	rename_folder	filter_compute	1	0.000	0	0	163004389	1064	256	ok
PROBE-TSV	1	zip	payload	immediate	rename_folder	mutate	1	0.936	0	0	163004389	1064	256	ok
PROBE-TSV	1	zip	payload	immediate	rename_folder	name_index_advance	1	0.409	0	0	163004389	1064	256	ok
PROBE-TSV	1	zip	payload	immediate	rename_folder	name_index_build	1	1.688	0	0	163004389	1064	256	ok
PROBE-TSV	1	zip	payload	immediate	rename_folder	output_probe	1	2.465	0	0	163004389	1064	256	ok
PROBE-TSV	1	zip	payload	immediate	rename_folder	password_verification	1	0.038	0	0	163004389	1064	256	ok
PROBE-TSV	1	zip	payload	immediate	rename_folder	plan_build	1	0.369	0	0	163004389	1064	256	ok
PROBE-TSV	1	zip	payload	immediate	rename_folder	plan_validation	1	0.277	0	0	163004389	1064	256	ok
PROBE-TSV	1	zip	payload	immediate	rename_folder	publish	1	0.707	0	0	163004389	1064	256	ok
PROBE-TSV	1	zip	payload	immediate	rename_folder	reader_adoption	1	0.002	0	0	163004389	1064	256	ok
PROBE-TSV	1	zip	payload	immediate	rename_folder	reload	1	3.112	0	0	163004389	1064	256	ok
PROBE-TSV	1	zip	payload	immediate	rename_folder	total	1	94.860	163004416	163016704	163004389	1064	256	ok
PROBE-TSV	1	zip	payload	immediate	rename_folder	tree_build	1	0.567	0	0	163004389	1064	256	ok
PROBE-TSV	1	zip	payload	immediate	rename_folder	updater_open	1	11.493	2179072	0	163004389	1064	256	ok
PROBE-TSV	1	zip	payload	immediate	rename_folder	verification_open	1	0.998	0	0	163004389	1064	256	ok
PROBE-TSV	1	zip	payload	immediate	new_folder	capability_probe	1	2.507	0	0	163003611	1064	256	ok
PROBE-TSV	1	zip	payload	immediate	new_folder	commit	1	0.346	0	81920	163003611	1064	256	ok
PROBE-TSV	1	zip	payload	immediate	new_folder	display	1	1.244	0	0	163003611	1064	256	ok
PROBE-TSV	1	zip	payload	immediate	new_folder	entry_comparison	1	0.762	0	0	163003611	1064	256	ok
PROBE-TSV	1	zip	payload	immediate	new_folder	filter_compute	1	0.000	0	0	163003611	1064	256	ok
PROBE-TSV	1	zip	payload	immediate	new_folder	mutate	1	1.040	16384	0	163003611	1064	256	ok
PROBE-TSV	1	zip	payload	immediate	new_folder	name_index_advance	1	0.116	0	0	163003611	1064	256	ok
PROBE-TSV	1	zip	payload	immediate	new_folder	name_index_build	1	1.619	0	0	163003611	1064	256	ok
PROBE-TSV	1	zip	payload	immediate	new_folder	output_probe	1	2.787	983040	0	163003611	1064	256	ok
PROBE-TSV	1	zip	payload	immediate	new_folder	password_verification	1	0.029	0	0	163003611	1064	256	ok
PROBE-TSV	1	zip	payload	immediate	new_folder	plan_build	1	1.629	0	0	163003611	1064	256	ok
PROBE-TSV	1	zip	payload	immediate	new_folder	plan_validation	1	0.106	0	0	163003611	1064	256	ok
PROBE-TSV	1	zip	payload	immediate	new_folder	publish	1	0.715	0	0	163003611	1064	256	ok
PROBE-TSV	1	zip	payload	immediate	new_folder	reader_adoption	1	0.002	0	0	163003611	1064	256	ok
PROBE-TSV	1	zip	payload	immediate	new_folder	reload	1	2.835	0	0	163003611	1064	256	ok
PROBE-TSV	1	zip	payload	immediate	new_folder	total	1	33.410	4292608	94208	163003611	1064	256	ok
PROBE-TSV	1	zip	payload	immediate	new_folder	tree_build	1	0.557	0	0	163003611	1064	256	ok
PROBE-TSV	1	zip	payload	immediate	new_folder	updater_open	1	11.432	2179072	0	163003611	1064	256	ok
PROBE-TSV	1	zip	payload	immediate	new_folder	verification_open	1	7.752	1114112	0	163003611	1064	256	ok
PROBE-TSV	1	zip	payload	immediate	add_file	capability_probe	1	2.533	0	0	163003612	1064	256	ok
PROBE-TSV	1	zip	payload	immediate	add_file	commit	1	0.506	16384	81920	163003612	1064	256	ok
PROBE-TSV	1	zip	payload	immediate	add_file	display	1	1.129	0	0	163003612	1064	256	ok
PROBE-TSV	1	zip	payload	immediate	add_file	entry_comparison	1	0.770	0	0	163003612	1064	256	ok
PROBE-TSV	1	zip	payload	immediate	add_file	filter_compute	1	0.000	0	0	163003612	1064	256	ok
PROBE-TSV	1	zip	payload	immediate	add_file	mutate	1	0.961	0	0	163003612	1064	256	ok
PROBE-TSV	1	zip	payload	immediate	add_file	name_index_advance	1	0.112	0	0	163003612	1064	256	ok
PROBE-TSV	1	zip	payload	immediate	add_file	name_index_build	1	1.591	0	0	163003612	1064	256	ok
PROBE-TSV	1	zip	payload	immediate	add_file	output_probe	1	2.792	983040	0	163003612	1064	256	ok
PROBE-TSV	1	zip	payload	immediate	add_file	password_verification	1	0.026	0	0	163003612	1064	256	ok
PROBE-TSV	1	zip	payload	immediate	add_file	plan_build	3	0.043	0	0	163003612	1064	256	ok
PROBE-TSV	1	zip	payload	immediate	add_file	plan_validation	1	0.113	0	0	163003612	1064	256	ok
PROBE-TSV	1	zip	payload	immediate	add_file	publish	1	0.666	0	0	163003612	1064	256	ok
PROBE-TSV	1	zip	payload	immediate	add_file	reader_adoption	1	0.002	0	0	163003612	1064	256	ok
PROBE-TSV	1	zip	payload	immediate	add_file	reload	1	2.873	0	0	163003612	1064	256	ok
PROBE-TSV	1	zip	payload	immediate	add_file	total	1	76.046	4292608	94208	163003612	1064	256	ok
PROBE-TSV	1	zip	payload	immediate	add_file	tree_build	1	0.563	0	0	163003612	1064	256	ok
PROBE-TSV	1	zip	payload	immediate	add_file	updater_open	1	11.625	2179072	0	163003612	1064	256	ok
PROBE-TSV	1	zip	payload	immediate	add_file	verification_open	1	7.893	1114112	0	163003612	1064	256	ok
PROBE-TSV	1	zip	payload	immediate	replace_file	capability_probe	1	2.505	0	0	161008212	1064	256	ok
PROBE-TSV	1	zip	payload	immediate	replace_file	commit	1	61.407	158892032	161038336	161008212	1064	256	ok
PROBE-TSV	1	zip	payload	immediate	replace_file	display	1	1.247	0	0	161008212	1064	256	ok
PROBE-TSV	1	zip	payload	immediate	replace_file	entry_comparison	1	0.744	0	0	161008212	1064	256	ok
PROBE-TSV	1	zip	payload	immediate	replace_file	filter_compute	1	0.000	0	0	161008212	1064	256	ok
PROBE-TSV	1	zip	payload	immediate	replace_file	mutate	1	1.010	0	0	161008212	1064	256	ok
PROBE-TSV	1	zip	payload	immediate	replace_file	name_index_advance	1	0.137	0	0	161008212	1064	256	ok
PROBE-TSV	1	zip	payload	immediate	replace_file	name_index_build	1	1.585	0	0	161008212	1064	256	ok
PROBE-TSV	1	zip	payload	immediate	replace_file	output_probe	1	2.444	0	0	161008212	1064	256	ok
PROBE-TSV	1	zip	payload	immediate	replace_file	password_verification	1	0.031	0	0	161008212	1064	256	ok
PROBE-TSV	1	zip	payload	immediate	replace_file	plan_build	4	0.087	0	0	161008212	1064	256	ok
PROBE-TSV	1	zip	payload	immediate	replace_file	plan_validation	1	0.105	0	0	161008212	1064	256	ok
PROBE-TSV	1	zip	payload	immediate	replace_file	publish	1	0.719	0	0	161008212	1064	256	ok
PROBE-TSV	1	zip	payload	immediate	replace_file	reader_adoption	1	0.002	0	0	161008212	1064	256	ok
PROBE-TSV	1	zip	payload	immediate	replace_file	reload	1	2.875	0	0	161008212	1064	256	ok
PROBE-TSV	1	zip	payload	immediate	replace_file	total	1	88.494	161071104	161050624	161008212	1064	256	ok
PROBE-TSV	1	zip	payload	immediate	replace_file	tree_build	1	0.581	0	0	161008212	1064	256	ok
PROBE-TSV	1	zip	payload	immediate	replace_file	updater_open	1	11.295	2179072	0	161008212	1064	256	ok
PROBE-TSV	1	zip	payload	immediate	replace_file	verification_open	1	0.979	0	0	161008212	1064	256	ok
PROBE-TSV	1	zip	payload	deferred	five_changes_reserve_rename	display	1	1.069	0	0	163003493	1064	256	ok
PROBE-TSV	1	zip	payload	deferred	five_changes_reserve_rename	filter_compute	1	0.000	0	0	163003493	1064	256	ok
PROBE-TSV	1	zip	payload	deferred	five_changes_reserve_rename	password_verification	1	0.033	0	0	163003493	1064	256	ok
PROBE-TSV	1	zip	payload	deferred	five_changes_reserve_rename	total	1	5.534	0	0	163003493	1064	256	ok
PROBE-TSV	1	zip	payload	deferred	five_changes_reserve_rename	tree_build	1	0.560	0	0	163003493	1064	256	ok
PROBE-TSV	1	zip	payload	deferred	five_changes_reserve_delete	display	1	1.013	0	0	163003493	1064	256	ok
PROBE-TSV	1	zip	payload	deferred	five_changes_reserve_delete	filter_compute	1	0.000	0	0	163003493	1064	256	ok
PROBE-TSV	1	zip	payload	deferred	five_changes_reserve_delete	password_verification	1	0.026	0	0	163003493	1064	256	ok
PROBE-TSV	1	zip	payload	deferred	five_changes_reserve_delete	total	1	14.282	0	0	163003493	1064	256	ok
PROBE-TSV	1	zip	payload	deferred	five_changes_reserve_delete	tree_build	1	0.547	0	0	163003493	1064	256	ok
PROBE-TSV	1	zip	payload	deferred	five_changes_reserve_new_folder	display	1	0.446	0	0	163003493	1064	256	ok
PROBE-TSV	1	zip	payload	deferred	five_changes_reserve_new_folder	filter_compute	1	0.000	0	0	163003493	1064	256	ok
PROBE-TSV	1	zip	payload	deferred	five_changes_reserve_new_folder	password_verification	1	0.028	0	0	163003493	1064	256	ok
PROBE-TSV	1	zip	payload	deferred	five_changes_reserve_new_folder	total	1	16.157	0	0	163003493	1064	256	ok
PROBE-TSV	1	zip	payload	deferred	five_changes_reserve_new_folder	tree_build	1	0.562	0	0	163003493	1064	256	ok
PROBE-TSV	1	zip	payload	deferred	five_changes_reserve_delete_folder	display	1	1.604	0	0	163003493	1064	256	ok
PROBE-TSV	1	zip	payload	deferred	five_changes_reserve_delete_folder	filter_compute	1	0.000	0	0	163003493	1064	256	ok
PROBE-TSV	1	zip	payload	deferred	five_changes_reserve_delete_folder	password_verification	1	0.029	0	0	163003493	1064	256	ok
PROBE-TSV	1	zip	payload	deferred	five_changes_reserve_delete_folder	total	1	22.316	0	0	163003493	1064	256	ok
PROBE-TSV	1	zip	payload	deferred	five_changes_reserve_delete_folder	tree_build	1	0.054	0	0	163003493	1064	256	ok
PROBE-TSV	1	zip	payload	deferred	five_changes_reserve_add	display	1	1.299	0	0	163003493	1064	256	ok
PROBE-TSV	1	zip	payload	deferred	five_changes_reserve_add	filter_compute	1	0.000	0	0	163003493	1064	256	ok
PROBE-TSV	1	zip	payload	deferred	five_changes_reserve_add	password_verification	1	0.030	0	0	163003493	1064	256	ok
PROBE-TSV	1	zip	payload	deferred	five_changes_reserve_add	plan_build	3	0.050	0	0	163003493	1064	256	ok
PROBE-TSV	1	zip	payload	deferred	five_changes_reserve_add	total	1	22.186	0	4096	163003493	1064	256	ok
PROBE-TSV	1	zip	payload	deferred	five_changes_reserve_add	tree_build	1	0.056	0	0	163003493	1064	256	ok
PROBE-TSV	1	zip	payload	deferred	save_five_changes	capability_probe	1	2.505	0	0	162862718	1064	256	ok
PROBE-TSV	1	zip	payload	deferred	save_five_changes	commit	1	0.272	0	16384	162862718	1064	256	ok
PROBE-TSV	1	zip	payload	deferred	save_five_changes	display	1	1.371	0	0	162862718	1064	256	ok
PROBE-TSV	1	zip	payload	deferred	save_five_changes	editing_install	1	0.007	0	0	162862718	1064	256	ok
PROBE-TSV	1	zip	payload	deferred	save_five_changes	editing_prepare	1	0.121	0	0	162862718	1064	256	ok
PROBE-TSV	1	zip	payload	deferred	save_five_changes	entry_comparison	1	0.057	0	0	162862718	1064	256	ok
PROBE-TSV	1	zip	payload	deferred	save_five_changes	filter_compute	2	0.000	0	0	162862718	1064	256	ok
PROBE-TSV	1	zip	payload	deferred	save_five_changes	name_index_advance	1	0.776	0	0	162862718	1064	256	ok
PROBE-TSV	1	zip	payload	deferred	save_five_changes	output_probe	1	2.800	1048576	0	162862718	1064	256	ok
PROBE-TSV	1	zip	payload	deferred	save_five_changes	password_verification	1	0.027	0	0	162862718	1064	256	ok
PROBE-TSV	1	zip	payload	deferred	save_five_changes	publish	1	0.859	0	0	162862718	1064	256	ok
PROBE-TSV	1	zip	payload	deferred	save_five_changes	reader_adoption	1	0.002	0	0	162862718	1064	256	ok
PROBE-TSV	1	zip	payload	deferred	save_five_changes	reload	1	3.548	0	0	162862718	1064	256	ok
PROBE-TSV	1	zip	payload	deferred	save_five_changes	replay	1	1.640	20480	0	162862718	1064	256	ok
PROBE-TSV	1	zip	payload	deferred	save_five_changes	replay_plan	1	1.607	0	0	162862718	1064	256	ok
PROBE-TSV	1	zip	payload	deferred	save_five_changes	representability_differential	1	0.794	0	0	162862718	1064	256	ok
PROBE-TSV	1	zip	payload	deferred	save_five_changes	save_sheet	1	93.833	4362240	40960	162862718	1064	256	ok
PROBE-TSV	1	zip	payload	deferred	save_five_changes	total	1	94.209	4362240	40960	162862718	1064	256	ok
PROBE-TSV	1	zip	payload	deferred	save_five_changes	tree_build	1	0.047	0	0	162862718	1064	256	ok
PROBE-TSV	1	zip	payload	deferred	save_five_changes	updater_open	1	11.441	2179072	0	162862718	1064	256	ok
PROBE-TSV	1	zip	payload	deferred	save_five_changes	verification_open	1	6.854	1114112	0	162862718	1064	256	ok
PROBE-TSV	1	zip	payload	deferred	rename_only_reserve_rename	display	1	1.110	0	0	163003493	1064	256	ok
PROBE-TSV	1	zip	payload	deferred	rename_only_reserve_rename	filter_compute	1	0.000	0	0	163003493	1064	256	ok
PROBE-TSV	1	zip	payload	deferred	rename_only_reserve_rename	password_verification	1	0.031	0	0	163003493	1064	256	ok
PROBE-TSV	1	zip	payload	deferred	rename_only_reserve_rename	total	1	60.962	0	0	163003493	1064	256	ok
PROBE-TSV	1	zip	payload	deferred	rename_only_reserve_rename	tree_build	1	0.576	0	0	163003493	1064	256	ok
PROBE-TSV	1	zip	payload	deferred	save_rename_only	capability_probe	1	2.499	0	0	163003491	1064	256	ok
PROBE-TSV	1	zip	payload	deferred	save_rename_only	commit	1	52.592	160841728	163004416	163003491	1064	256	ok
PROBE-TSV	1	zip	payload	deferred	save_rename_only	display	1	1.128	0	0	163003491	1064	256	ok
PROBE-TSV	1	zip	payload	deferred	save_rename_only	editing_install	1	0.004	0	0	163003491	1064	256	ok
PROBE-TSV	1	zip	payload	deferred	save_rename_only	editing_prepare	1	0.242	0	0	163003491	1064	256	ok
PROBE-TSV	1	zip	payload	deferred	save_rename_only	entry_comparison	1	0.752	0	0	163003491	1064	256	ok
PROBE-TSV	1	zip	payload	deferred	save_rename_only	filter_compute	2	0.000	0	0	163003491	1064	256	ok
PROBE-TSV	1	zip	payload	deferred	save_rename_only	name_index_advance	1	0.125	0	0	163003491	1064	256	ok
PROBE-TSV	1	zip	payload	deferred	save_rename_only	output_probe	1	2.429	0	0	163003491	1064	256	ok
PROBE-TSV	1	zip	payload	deferred	save_rename_only	password_verification	1	0.029	0	0	163003491	1064	256	ok
PROBE-TSV	1	zip	payload	deferred	save_rename_only	publish	1	0.306	0	0	163003491	1064	256	ok
PROBE-TSV	1	zip	payload	deferred	save_rename_only	reader_adoption	1	0.002	0	0	163003491	1064	256	ok
PROBE-TSV	1	zip	payload	deferred	save_rename_only	reload	1	2.867	0	0	163003491	1064	256	ok
PROBE-TSV	1	zip	payload	deferred	save_rename_only	replay	1	0.649	0	0	163003491	1064	256	ok
PROBE-TSV	1	zip	payload	deferred	save_rename_only	replay_plan	1	0.226	0	0	163003491	1064	256	ok
PROBE-TSV	1	zip	payload	deferred	save_rename_only	representability_differential	1	0.018	0	0	163003491	1064	256	ok
PROBE-TSV	1	zip	payload	deferred	save_rename_only	save_sheet	1	119.934	163020800	163016704	163003491	1064	256	ok
PROBE-TSV	1	zip	payload	deferred	save_rename_only	total	1	120.307	163020800	163016704	163003491	1064	256	ok
PROBE-TSV	1	zip	payload	deferred	save_rename_only	tree_build	1	0.558	0	0	163003491	1064	256	ok
PROBE-TSV	1	zip	payload	deferred	save_rename_only	updater_open	1	11.608	2179072	0	163003491	1064	256	ok
PROBE-TSV	1	zip	payload	deferred	save_rename_only	verification_open	1	0.993	0	0	163003491	1064	256	ok
PROBE-TSV	1	tar	entries	immediate	delete_start	capability_probe	1	171.668	0	0	102400000	100000	0	ok
PROBE-TSV	1	tar	entries	immediate	delete_start	commit	1	45.506	16384	102400000	102400000	100000	0	ok
PROBE-TSV	1	tar	entries	immediate	delete_start	display	1	2.856	0	0	102400000	100000	0	ok
PROBE-TSV	1	tar	entries	immediate	delete_start	entry_comparison	1	57.622	0	0	102400000	100000	0	ok
PROBE-TSV	1	tar	entries	immediate	delete_start	filter_compute	1	0.000	0	0	102400000	100000	0	ok
PROBE-TSV	1	tar	entries	immediate	delete_start	mutate	1	59.189	0	0	102400000	100000	0	ok
PROBE-TSV	1	tar	entries	immediate	delete_start	password_verification	1	0.202	0	0	102400000	100000	0	ok
PROBE-TSV	1	tar	entries	immediate	delete_start	plan_build	1	0.013	0	0	102400000	100000	0	ok
PROBE-TSV	1	tar	entries	immediate	delete_start	plan_validation	1	10.054	0	0	102400000	100000	0	ok
PROBE-TSV	1	tar	entries	immediate	delete_start	publish	1	0.751	0	0	102400000	100000	0	ok
PROBE-TSV	1	tar	entries	immediate	delete_start	reader_adoption	1	0.003	0	0	102400000	100000	0	ok
PROBE-TSV	1	tar	entries	immediate	delete_start	reload	1	172.009	0	0	102400000	100000	0	ok
PROBE-TSV	1	tar	entries	immediate	delete_start	total	1	1413.211	102428672	102412288	102400000	100000	0	ok
PROBE-TSV	1	tar	entries	immediate	delete_start	tree_build	1	59.347	0	0	102400000	100000	0	ok
PROBE-TSV	1	tar	entries	immediate	delete_start	updater_open	1	614.163	102412288	0	102400000	100000	0	ok
PROBE-TSV	1	tar	entries	immediate	delete_start	verification_open	1	369.339	0	0	102400000	100000	0	ok
PROBE-TSV	1	tar	entries	immediate	delete_end	capability_probe	1	169.612	0	0	102400000	100000	0	ok
PROBE-TSV	1	tar	entries	immediate	delete_end	commit	1	8.042	32768	16384	102400000	100000	0	ok
PROBE-TSV	1	tar	entries	immediate	delete_end	display	1	2.959	0	0	102400000	100000	0	ok
PROBE-TSV	1	tar	entries	immediate	delete_end	entry_comparison	1	57.032	0	0	102400000	100000	0	ok
PROBE-TSV	1	tar	entries	immediate	delete_end	filter_compute	1	0.000	0	0	102400000	100000	0	ok
PROBE-TSV	1	tar	entries	immediate	delete_end	mutate	1	59.383	0	0	102400000	100000	0	ok
PROBE-TSV	1	tar	entries	immediate	delete_end	password_verification	1	0.232	0	0	102400000	100000	0	ok
PROBE-TSV	1	tar	entries	immediate	delete_end	plan_build	1	0.013	0	0	102400000	100000	0	ok
PROBE-TSV	1	tar	entries	immediate	delete_end	plan_validation	1	9.869	0	0	102400000	100000	0	ok
PROBE-TSV	1	tar	entries	immediate	delete_end	publish	1	0.718	0	0	102400000	100000	0	ok
PROBE-TSV	1	tar	entries	immediate	delete_end	reader_adoption	1	0.003	0	0	102400000	100000	0	ok
PROBE-TSV	1	tar	entries	immediate	delete_end	reload	1	170.000	0	0	102400000	100000	0	ok
PROBE-TSV	1	tar	entries	immediate	delete_end	total	1	1368.051	204812288	28672	102400000	100000	0	ok
PROBE-TSV	1	tar	entries	immediate	delete_end	tree_build	1	60.111	0	0	102400000	100000	0	ok
PROBE-TSV	1	tar	entries	immediate	delete_end	updater_open	1	616.789	102412288	0	102400000	100000	0	ok
PROBE-TSV	1	tar	entries	immediate	delete_end	verification_open	1	360.498	102367232	0	102400000	100000	0	ok
PROBE-TSV	1	tar	entries	immediate	rename_same_length	capability_probe	1	174.350	0	0	102410240	100000	0	ok
PROBE-TSV	1	tar	entries	immediate	rename_same_length	commit	1	5.528	16384	28672	102410240	100000	0	ok
PROBE-TSV	1	tar	entries	immediate	rename_same_length	display	1	2.845	0	0	102410240	100000	0	ok
PROBE-TSV	1	tar	entries	immediate	rename_same_length	entry_comparison	1	57.688	0	0	102410240	100000	0	ok
PROBE-TSV	1	tar	entries	immediate	rename_same_length	filter_compute	1	0.000	0	0	102410240	100000	0	ok
PROBE-TSV	1	tar	entries	immediate	rename_same_length	mutate	1	59.119	0	0	102410240	100000	0	ok
PROBE-TSV	1	tar	entries	immediate	rename_same_length	name_index_advance	1	10.466	0	0	102410240	100000	0	ok
PROBE-TSV	1	tar	entries	immediate	rename_same_length	name_index_build	1	131.326	0	0	102410240	100000	0	ok
PROBE-TSV	1	tar	entries	immediate	rename_same_length	password_verification	1	0.233	0	0	102410240	100000	0	ok
PROBE-TSV	1	tar	entries	immediate	rename_same_length	plan_build	1	0.024	0	0	102410240	100000	0	ok
PROBE-TSV	1	tar	entries	immediate	rename_same_length	plan_validation	1	10.107	0	0	102410240	100000	0	ok
PROBE-TSV	1	tar	entries	immediate	rename_same_length	publish	1	0.731	0	0	102410240	100000	0	ok
PROBE-TSV	1	tar	entries	immediate	rename_same_length	reader_adoption	1	0.003	0	0	102410240	100000	0	ok
PROBE-TSV	1	tar	entries	immediate	rename_same_length	reload	1	185.446	0	0	102410240	100000	0	ok
PROBE-TSV	1	tar	entries	immediate	rename_same_length	total	1	1511.267	204812288	40960	102410240	100000	0	ok
PROBE-TSV	1	tar	entries	immediate	rename_same_length	tree_build	1	58.371	0	0	102410240	100000	0	ok
PROBE-TSV	1	tar	entries	immediate	rename_same_length	updater_open	1	612.731	102412288	0	102410240	100000	0	ok
PROBE-TSV	1	tar	entries	immediate	rename_same_length	verification_open	1	364.332	102383616	0	102410240	100000	0	ok
PROBE-TSV	1	tar	entries	immediate	rename_different_length	capability_probe	1	171.553	0	0	102410240	100000	0	ok
PROBE-TSV	1	tar	entries	immediate	rename_different_length	commit	1	5.436	16384	28672	102410240	100000	0	ok
PROBE-TSV	1	tar	entries	immediate	rename_different_length	display	1	2.991	0	0	102410240	100000	0	ok
PROBE-TSV	1	tar	entries	immediate	rename_different_length	entry_comparison	1	57.160	0	0	102410240	100000	0	ok
PROBE-TSV	1	tar	entries	immediate	rename_different_length	filter_compute	1	0.000	0	0	102410240	100000	0	ok
PROBE-TSV	1	tar	entries	immediate	rename_different_length	mutate	1	60.815	0	0	102410240	100000	0	ok
PROBE-TSV	1	tar	entries	immediate	rename_different_length	name_index_advance	1	10.723	0	0	102410240	100000	0	ok
PROBE-TSV	1	tar	entries	immediate	rename_different_length	name_index_build	1	129.260	0	0	102410240	100000	0	ok
PROBE-TSV	1	tar	entries	immediate	rename_different_length	password_verification	1	0.194	0	0	102410240	100000	0	ok
PROBE-TSV	1	tar	entries	immediate	rename_different_length	plan_build	1	0.024	0	0	102410240	100000	0	ok
PROBE-TSV	1	tar	entries	immediate	rename_different_length	plan_validation	1	10.591	0	0	102410240	100000	0	ok
PROBE-TSV	1	tar	entries	immediate	rename_different_length	publish	1	0.736	0	0	102410240	100000	0	ok
PROBE-TSV	1	tar	entries	immediate	rename_different_length	reader_adoption	1	0.003	0	0	102410240	100000	0	ok
PROBE-TSV	1	tar	entries	immediate	rename_different_length	reload	1	182.932	0	0	102410240	100000	0	ok
PROBE-TSV	1	tar	entries	immediate	rename_different_length	total	1	1518.874	204812288	40960	102410240	100000	0	ok
PROBE-TSV	1	tar	entries	immediate	rename_different_length	tree_build	1	61.429	0	0	102410240	100000	0	ok
PROBE-TSV	1	tar	entries	immediate	rename_different_length	updater_open	1	611.171	102412288	0	102410240	100000	0	ok
PROBE-TSV	1	tar	entries	immediate	rename_different_length	verification_open	1	372.101	102383616	0	102410240	100000	0	ok
PROBE-TSV	1	tar	entries	immediate	rename_folder	capability_probe	1	172.978	0	0	102410240	100000	0	ok
PROBE-TSV	1	tar	entries	immediate	rename_folder	commit	1	21.392	1032192	1044480	102410240	100000	0	ok
PROBE-TSV	1	tar	entries	immediate	rename_folder	display	1	2.702	0	0	102410240	100000	0	ok
PROBE-TSV	1	tar	entries	immediate	rename_folder	entry_comparison	1	58.392	0	0	102410240	100000	0	ok
PROBE-TSV	1	tar	entries	immediate	rename_folder	filter_compute	1	0.000	0	0	102410240	100000	0	ok
PROBE-TSV	1	tar	entries	immediate	rename_folder	mutate	1	65.029	0	0	102410240	100000	0	ok
PROBE-TSV	1	tar	entries	immediate	rename_folder	name_index_advance	1	16.463	0	0	102410240	100000	0	ok
PROBE-TSV	1	tar	entries	immediate	rename_folder	name_index_build	1	134.978	0	0	102410240	100000	0	ok
PROBE-TSV	1	tar	entries	immediate	rename_folder	password_verification	1	0.224	0	0	102410240	100000	0	ok
PROBE-TSV	1	tar	entries	immediate	rename_folder	plan_build	1	5.441	0	0	102410240	100000	0	ok
PROBE-TSV	1	tar	entries	immediate	rename_folder	plan_validation	1	13.929	0	0	102410240	100000	0	ok
PROBE-TSV	1	tar	entries	immediate	rename_folder	publish	1	0.724	0	0	102410240	100000	0	ok
PROBE-TSV	1	tar	entries	immediate	rename_folder	reader_adoption	1	0.004	0	0	102410240	100000	0	ok
PROBE-TSV	1	tar	entries	immediate	rename_folder	reload	1	190.045	0	0	102410240	100000	0	ok
PROBE-TSV	1	tar	entries	immediate	rename_folder	total	1	1575.711	204812288	1056768	102410240	100000	0	ok
PROBE-TSV	1	tar	entries	immediate	rename_folder	tree_build	1	62.328	0	0	102410240	100000	0	ok
PROBE-TSV	1	tar	entries	immediate	rename_folder	updater_open	1	617.637	102412288	0	102410240	100000	0	ok
PROBE-TSV	1	tar	entries	immediate	rename_folder	verification_open	1	380.070	101367808	0	102410240	100000	0	ok
PROBE-TSV	1	tar	entries	immediate	new_folder	capability_probe	1	170.243	0	0	102410240	100000	0	ok
PROBE-TSV	1	tar	entries	immediate	new_folder	commit	1	5.120	16384	12288	102410240	100000	0	ok
PROBE-TSV	1	tar	entries	immediate	new_folder	display	1	3.315	0	0	102410240	100000	0	ok
PROBE-TSV	1	tar	entries	immediate	new_folder	entry_comparison	1	59.361	0	0	102410240	100000	0	ok
PROBE-TSV	1	tar	entries	immediate	new_folder	filter_compute	1	0.000	0	0	102410240	100000	0	ok
PROBE-TSV	1	tar	entries	immediate	new_folder	mutate	1	74.177	12288	0	102410240	100000	0	ok
PROBE-TSV	1	tar	entries	immediate	new_folder	name_index_advance	1	10.605	0	0	102410240	100000	0	ok
PROBE-TSV	1	tar	entries	immediate	new_folder	name_index_build	1	134.149	0	0	102410240	100000	0	ok
PROBE-TSV	1	tar	entries	immediate	new_folder	password_verification	1	0.218	0	0	102410240	100000	0	ok
PROBE-TSV	1	tar	entries	immediate	new_folder	plan_build	1	134.170	0	0	102410240	100000	0	ok
PROBE-TSV	1	tar	entries	immediate	new_folder	plan_validation	1	11.737	0	0	102410240	100000	0	ok
PROBE-TSV	1	tar	entries	immediate	new_folder	publish	1	0.709	0	0	102410240	100000	0	ok
PROBE-TSV	1	tar	entries	immediate	new_folder	reader_adoption	1	0.003	0	0	102410240	100000	0	ok
PROBE-TSV	1	tar	entries	immediate	new_folder	reload	1	181.474	0	0	102410240	100000	0	ok
PROBE-TSV	1	tar	entries	immediate	new_folder	total	1	1541.298	204824576	24576	102410240	100000	0	ok
PROBE-TSV	1	tar	entries	immediate	new_folder	tree_build	1	58.996	0	0	102410240	100000	0	ok
PROBE-TSV	1	tar	entries	immediate	new_folder	updater_open	1	620.343	102412288	0	102410240	100000	0	ok
PROBE-TSV	1	tar	entries	immediate	new_folder	verification_open	1	369.914	102383616	0	102410240	100000	0	ok
PROBE-TSV	1	tar	entries	immediate	add_file	capability_probe	1	174.370	0	0	102410240	100000	0	ok
PROBE-TSV	1	tar	entries	immediate	add_file	commit	1	5.122	16384	12288	102410240	100000	0	ok
PROBE-TSV	1	tar	entries	immediate	add_file	display	1	3.037	0	0	102410240	100000	0	ok
PROBE-TSV	1	tar	entries	immediate	add_file	entry_comparison	1	58.071	0	0	102410240	100000	0	ok
PROBE-TSV	1	tar	entries	immediate	add_file	filter_compute	1	0.000	0	0	102410240	100000	0	ok
PROBE-TSV	1	tar	entries	immediate	add_file	mutate	1	72.675	12288	0	102410240	100000	0	ok
PROBE-TSV	1	tar	entries	immediate	add_file	name_index_advance	1	10.857	0	0	102410240	100000	0	ok
PROBE-TSV	1	tar	entries	immediate	add_file	name_index_build	1	137.359	0	0	102410240	100000	0	ok
PROBE-TSV	1	tar	entries	immediate	add_file	password_verification	1	0.217	0	0	102410240	100000	0	ok
PROBE-TSV	1	tar	entries	immediate	add_file	plan_build	3	0.071	0	0	102410240	100000	0	ok
PROBE-TSV	1	tar	entries	immediate	add_file	plan_validation	1	11.809	0	0	102410240	100000	0	ok
PROBE-TSV	1	tar	entries	immediate	add_file	publish	1	0.748	0	0	102410240	100000	0	ok
PROBE-TSV	1	tar	entries	immediate	add_file	reader_adoption	1	0.003	0	0	102410240	100000	0	ok
PROBE-TSV	1	tar	entries	immediate	add_file	reload	1	185.879	0	0	102410240	100000	0	ok
PROBE-TSV	1	tar	entries	immediate	add_file	total	1	1544.916	204824576	24576	102410240	100000	0	ok
PROBE-TSV	1	tar	entries	immediate	add_file	tree_build	1	59.760	0	0	102410240	100000	0	ok
PROBE-TSV	1	tar	entries	immediate	add_file	updater_open	1	619.807	102412288	0	102410240	100000	0	ok
PROBE-TSV	1	tar	entries	immediate	add_file	verification_open	1	368.761	102383616	0	102410240	100000	0	ok
PROBE-TSV	1	tar	entries	immediate	replace_file	capability_probe	1	173.531	0	0	102410240	100000	0	ok
PROBE-TSV	1	tar	entries	immediate	replace_file	commit	1	39.023	0	102428672	102410240	100000	0	ok
PROBE-TSV	1	tar	entries	immediate	replace_file	display	1	3.320	0	0	102410240	100000	0	ok
PROBE-TSV	1	tar	entries	immediate	replace_file	entry_comparison	1	60.284	0	0	102410240	100000	0	ok
PROBE-TSV	1	tar	entries	immediate	replace_file	filter_compute	1	0.000	0	0	102410240	100000	0	ok
PROBE-TSV	1	tar	entries	immediate	replace_file	mutate	1	123.732	16384	0	102410240	100000	0	ok
PROBE-TSV	1	tar	entries	immediate	replace_file	name_index_advance	1	11.550	0	0	102410240	100000	0	ok
PROBE-TSV	1	tar	entries	immediate	replace_file	name_index_build	1	138.636	0	0	102410240	100000	0	ok
PROBE-TSV	1	tar	entries	immediate	replace_file	password_verification	1	0.226	0	0	102410240	100000	0	ok
PROBE-TSV	1	tar	entries	immediate	replace_file	plan_build	4	2.378	0	0	102410240	100000	0	ok
PROBE-TSV	1	tar	entries	immediate	replace_file	plan_validation	1	11.718	0	0	102410240	100000	0	ok
PROBE-TSV	1	tar	entries	immediate	replace_file	publish	1	0.719	0	0	102410240	100000	0	ok
PROBE-TSV	1	tar	entries	immediate	replace_file	reader_adoption	1	0.003	0	0	102410240	100000	0	ok
PROBE-TSV	1	tar	entries	immediate	replace_file	reload	1	185.754	0	0	102410240	100000	0	ok
PROBE-TSV	1	tar	entries	immediate	replace_file	total	1	1643.224	102428672	102440960	102410240	100000	0	ok
PROBE-TSV	1	tar	entries	immediate	replace_file	tree_build	1	61.061	0	0	102410240	100000	0	ok
PROBE-TSV	1	tar	entries	immediate	replace_file	updater_open	1	623.773	102412288	0	102410240	100000	0	ok
PROBE-TSV	1	tar	entries	immediate	replace_file	verification_open	1	367.778	0	0	102410240	100000	0	ok
PROBE-TSV	1	tar	entries	deferred	five_changes_reserve_rename	display	1	3.157	0	0	102410240	100000	0	ok
PROBE-TSV	1	tar	entries	deferred	five_changes_reserve_rename	filter_compute	1	0.001	0	0	102410240	100000	0	ok
PROBE-TSV	1	tar	entries	deferred	five_changes_reserve_rename	password_verification	1	0.569	0	0	102410240	100000	0	ok
PROBE-TSV	1	tar	entries	deferred	five_changes_reserve_rename	total	1	142.068	0	0	102410240	100000	0	ok
PROBE-TSV	1	tar	entries	deferred	five_changes_reserve_rename	tree_build	1	64.519	0	0	102410240	100000	0	ok
PROBE-TSV	1	tar	entries	deferred	five_changes_reserve_delete	display	1	2.826	0	0	102410240	100000	0	ok
PROBE-TSV	1	tar	entries	deferred	five_changes_reserve_delete	filter_compute	1	0.001	0	0	102410240	100000	0	ok
PROBE-TSV	1	tar	entries	deferred	five_changes_reserve_delete	password_verification	1	0.571	0	0	102410240	100000	0	ok
PROBE-TSV	1	tar	entries	deferred	five_changes_reserve_delete	total	1	142.842	0	0	102410240	100000	0	ok
PROBE-TSV	1	tar	entries	deferred	five_changes_reserve_delete	tree_build	1	62.931	0	0	102410240	100000	0	ok
PROBE-TSV	1	tar	entries	deferred	five_changes_reserve_new_folder	display	1	3.079	0	0	102410240	100000	0	ok
PROBE-TSV	1	tar	entries	deferred	five_changes_reserve_new_folder	filter_compute	1	0.001	0	0	102410240	100000	0	ok
PROBE-TSV	1	tar	entries	deferred	five_changes_reserve_new_folder	password_verification	1	0.568	0	0	102410240	100000	0	ok
PROBE-TSV	1	tar	entries	deferred	five_changes_reserve_new_folder	total	1	140.489	0	0	102410240	100000	0	ok
PROBE-TSV	1	tar	entries	deferred	five_changes_reserve_new_folder	tree_build	1	57.290	0	0	102410240	100000	0	ok
PROBE-TSV	1	tar	entries	deferred	five_changes_reserve_delete_folder	display	1	2.908	0	0	102410240	100000	0	ok
PROBE-TSV	1	tar	entries	deferred	five_changes_reserve_delete_folder	filter_compute	1	0.001	0	0	102410240	100000	0	ok
PROBE-TSV	1	tar	entries	deferred	five_changes_reserve_delete_folder	password_verification	1	0.575	0	0	102410240	100000	0	ok
PROBE-TSV	1	tar	entries	deferred	five_changes_reserve_delete_folder	total	1	141.993	0	0	102410240	100000	0	ok
PROBE-TSV	1	tar	entries	deferred	five_changes_reserve_delete_folder	tree_build	1	59.770	0	0	102410240	100000	0	ok
PROBE-TSV	1	tar	entries	deferred	five_changes_reserve_add	display	1	2.983	0	0	102410240	100000	0	ok
PROBE-TSV	1	tar	entries	deferred	five_changes_reserve_add	filter_compute	1	0.001	0	0	102410240	100000	0	ok
PROBE-TSV	1	tar	entries	deferred	five_changes_reserve_add	password_verification	1	0.573	0	0	102410240	100000	0	ok
PROBE-TSV	1	tar	entries	deferred	five_changes_reserve_add	plan_build	3	0.058	0	0	102410240	100000	0	ok
PROBE-TSV	1	tar	entries	deferred	five_changes_reserve_add	total	1	141.770	0	4096	102410240	100000	0	ok
PROBE-TSV	1	tar	entries	deferred	five_changes_reserve_add	tree_build	1	59.642	0	0	102410240	100000	0	ok
PROBE-TSV	1	tar	entries	deferred	save_five_changes	capability_probe	1	170.614	0	0	101386240	100000	0	ok
PROBE-TSV	1	tar	entries	deferred	save_five_changes	commit	1	76.163	425984	101416960	101386240	100000	0	ok
PROBE-TSV	1	tar	entries	deferred	save_five_changes	display	1	2.858	0	0	101386240	100000	0	ok
PROBE-TSV	1	tar	entries	deferred	save_five_changes	editing_install	1	0.006	0	0	101386240	100000	0	ok
PROBE-TSV	1	tar	entries	deferred	save_five_changes	editing_prepare	1	23.663	0	0	101386240	100000	0	ok
PROBE-TSV	1	tar	entries	deferred	save_five_changes	entry_comparison	1	60.700	0	0	101386240	100000	0	ok
PROBE-TSV	1	tar	entries	deferred	save_five_changes	filter_compute	2	0.002	0	0	101386240	100000	0	ok
PROBE-TSV	1	tar	entries	deferred	save_five_changes	name_index_advance	1	15.438	0	0	101386240	100000	0	ok
PROBE-TSV	1	tar	entries	deferred	save_five_changes	password_verification	1	0.559	0	0	101386240	100000	0	ok
PROBE-TSV	1	tar	entries	deferred	save_five_changes	publish	1	0.947	0	0	101386240	100000	0	ok
PROBE-TSV	1	tar	entries	deferred	save_five_changes	reader_adoption	1	0.003	0	0	101386240	100000	0	ok
PROBE-TSV	1	tar	entries	deferred	save_five_changes	reload	1	187.476	0	0	101386240	100000	0	ok
PROBE-TSV	1	tar	entries	deferred	save_five_changes	replay	1	134.856	20480	0	101386240	100000	0	ok
PROBE-TSV	1	tar	entries	deferred	save_five_changes	replay_plan	1	23.058	0	0	101386240	100000	0	ok
PROBE-TSV	1	tar	entries	deferred	save_five_changes	representability_differential	1	0.845	0	0	101386240	100000	0	ok
PROBE-TSV	1	tar	entries	deferred	save_five_changes	save_sheet	1	1923.400	102858752	101441536	101386240	100000	0	ok
PROBE-TSV	1	tar	entries	deferred	save_five_changes	total	1	1947.295	102858752	101441536	101386240	100000	0	ok
PROBE-TSV	1	tar	entries	deferred	save_five_changes	tree_build	1	61.247	0	0	101386240	100000	0	ok
PROBE-TSV	1	tar	entries	deferred	save_five_changes	updater_open	1	624.128	102412288	0	101386240	100000	0	ok
PROBE-TSV	1	tar	entries	deferred	save_five_changes	verification_open	1	367.392	0	0	101386240	100000	0	ok
PROBE-TSV	1	tar	entries	deferred	rename_only_reserve_rename	display	1	2.876	0	0	102410240	100000	0	ok
PROBE-TSV	1	tar	entries	deferred	rename_only_reserve_rename	filter_compute	1	0.000	0	0	102410240	100000	0	ok
PROBE-TSV	1	tar	entries	deferred	rename_only_reserve_rename	password_verification	1	0.578	0	0	102410240	100000	0	ok
PROBE-TSV	1	tar	entries	deferred	rename_only_reserve_rename	total	1	139.739	0	0	102410240	100000	0	ok
PROBE-TSV	1	tar	entries	deferred	rename_only_reserve_rename	tree_build	1	60.778	0	0	102410240	100000	0	ok
PROBE-TSV	1	tar	entries	deferred	save_rename_only	capability_probe	1	175.266	0	0	102410240	100000	0	ok
PROBE-TSV	1	tar	entries	deferred	save_rename_only	commit	1	5.900	16384	28672	102410240	100000	0	ok
PROBE-TSV	1	tar	entries	deferred	save_rename_only	display	1	2.915	0	0	102410240	100000	0	ok
PROBE-TSV	1	tar	entries	deferred	save_rename_only	editing_install	1	0.005	0	0	102410240	100000	0	ok
PROBE-TSV	1	tar	entries	deferred	save_rename_only	editing_prepare	1	23.735	0	0	102410240	100000	0	ok
PROBE-TSV	1	tar	entries	deferred	save_rename_only	entry_comparison	1	60.522	0	0	102410240	100000	0	ok
PROBE-TSV	1	tar	entries	deferred	save_rename_only	filter_compute	2	0.001	0	0	102410240	100000	0	ok
PROBE-TSV	1	tar	entries	deferred	save_rename_only	name_index_advance	1	12.587	0	0	102410240	100000	0	ok
PROBE-TSV	1	tar	entries	deferred	save_rename_only	password_verification	1	0.572	0	0	102410240	100000	0	ok
PROBE-TSV	1	tar	entries	deferred	save_rename_only	publish	1	0.374	0	0	102410240	100000	0	ok
PROBE-TSV	1	tar	entries	deferred	save_rename_only	reader_adoption	1	0.003	0	0	102410240	100000	0	ok
PROBE-TSV	1	tar	entries	deferred	save_rename_only	reload	1	189.280	0	0	102410240	100000	0	ok
PROBE-TSV	1	tar	entries	deferred	save_rename_only	replay	1	64.247	0	0	102410240	100000	0	ok
PROBE-TSV	1	tar	entries	deferred	save_rename_only	replay_plan	1	20.337	0	0	102410240	100000	0	ok
PROBE-TSV	1	tar	entries	deferred	save_rename_only	representability_differential	1	0.025	0	0	102410240	100000	0	ok
PROBE-TSV	1	tar	entries	deferred	save_rename_only	save_sheet	1	1766.205	204812288	40960	102410240	100000	0	ok
PROBE-TSV	1	tar	entries	deferred	save_rename_only	total	1	1790.229	204812288	40960	102410240	100000	0	ok
PROBE-TSV	1	tar	entries	deferred	save_rename_only	tree_build	1	59.764	0	0	102410240	100000	0	ok
PROBE-TSV	1	tar	entries	deferred	save_rename_only	updater_open	1	629.024	102412288	0	102410240	100000	0	ok
PROBE-TSV	1	tar	entries	deferred	save_rename_only	verification_open	1	375.758	102383616	0	102410240	100000	0	ok
PROBE-TSV	1	tar	payload	immediate	delete_start	capability_probe	1	1.984	0	0	265308160	1064	256	ok
PROBE-TSV	1	tar	payload	immediate	delete_start	commit	1	113.517	263045120	265322496	265308160	1064	256	ok
PROBE-TSV	1	tar	payload	immediate	delete_start	display	1	1.298	0	0	265308160	1064	256	ok
PROBE-TSV	1	tar	payload	immediate	delete_start	entry_comparison	1	0.664	0	0	265308160	1064	256	ok
PROBE-TSV	1	tar	payload	immediate	delete_start	filter_compute	1	0.000	0	0	265308160	1064	256	ok
PROBE-TSV	1	tar	payload	immediate	delete_start	mutate	1	0.645	0	0	265308160	1064	256	ok
PROBE-TSV	1	tar	payload	immediate	delete_start	password_verification	1	0.032	0	0	265308160	1064	256	ok
PROBE-TSV	1	tar	payload	immediate	delete_start	plan_build	1	0.012	0	0	265308160	1064	256	ok
PROBE-TSV	1	tar	payload	immediate	delete_start	plan_validation	1	0.106	0	0	265308160	1064	256	ok
PROBE-TSV	1	tar	payload	immediate	delete_start	publish	1	0.629	0	0	265308160	1064	256	ok
PROBE-TSV	1	tar	payload	immediate	delete_start	reader_adoption	1	0.001	0	0	265308160	1064	256	ok
PROBE-TSV	1	tar	payload	immediate	delete_start	reload	1	2.146	0	0	265308160	1064	256	ok
PROBE-TSV	1	tar	payload	immediate	delete_start	total	1	142.953	265351168	265334784	265308160	1064	256	ok
PROBE-TSV	1	tar	payload	immediate	delete_start	tree_build	1	0.594	0	0	265308160	1064	256	ok
PROBE-TSV	1	tar	payload	immediate	delete_start	updater_open	1	14.946	2306048	0	265308160	1064	256	ok
PROBE-TSV	1	tar	payload	immediate	delete_start	verification_open	1	3.945	0	0	265308160	1064	256	ok
PROBE-TSV	1	tar	payload	immediate	delete_end	capability_probe	1	2.018	0	0	269496320	1064	256	ok
PROBE-TSV	1	tar	payload	immediate	delete_end	commit	1	0.784	28672	12288	269496320	1064	256	ok
PROBE-TSV	1	tar	payload	immediate	delete_end	display	1	1.191	0	0	269496320	1064	256	ok
PROBE-TSV	1	tar	payload	immediate	delete_end	entry_comparison	1	0.651	0	0	269496320	1064	256	ok
PROBE-TSV	1	tar	payload	immediate	delete_end	filter_compute	1	0.000	0	0	269496320	1064	256	ok
PROBE-TSV	1	tar	payload	immediate	delete_end	mutate	1	0.637	0	0	269496320	1064	256	ok
PROBE-TSV	1	tar	payload	immediate	delete_end	password_verification	1	0.030	0	0	269496320	1064	256	ok
PROBE-TSV	1	tar	payload	immediate	delete_end	plan_build	1	0.010	0	0	269496320	1064	256	ok
PROBE-TSV	1	tar	payload	immediate	delete_end	plan_validation	1	0.114	0	0	269496320	1064	256	ok
PROBE-TSV	1	tar	payload	immediate	delete_end	publish	1	0.649	0	0	269496320	1064	256	ok
PROBE-TSV	1	tar	payload	immediate	delete_end	reader_adoption	1	0.001	0	0	269496320	1064	256	ok
PROBE-TSV	1	tar	payload	immediate	delete_end	reload	1	2.201	0	0	269496320	1064	256	ok
PROBE-TSV	1	tar	payload	immediate	delete_end	total	1	36.448	4612096	24576	269496320	1064	256	ok
PROBE-TSV	1	tar	payload	immediate	delete_end	tree_build	1	0.594	0	0	269496320	1064	256	ok
PROBE-TSV	1	tar	payload	immediate	delete_end	updater_open	1	14.819	2306048	0	269496320	1064	256	ok
PROBE-TSV	1	tar	payload	immediate	delete_end	verification_open	1	12.146	2277376	0	269496320	1064	256	ok
PROBE-TSV	1	tar	payload	immediate	rename_same_length	capability_probe	1	1.945	0	0	269496320	1064	256	ok
PROBE-TSV	1	tar	payload	immediate	rename_same_length	commit	1	0.867	28672	28672	269496320	1064	256	ok
PROBE-TSV	1	tar	payload	immediate	rename_same_length	display	1	1.219	0	0	269496320	1064	256	ok
PROBE-TSV	1	tar	payload	immediate	rename_same_length	entry_comparison	1	0.654	0	0	269496320	1064	256	ok
PROBE-TSV	1	tar	payload	immediate	rename_same_length	filter_compute	1	0.000	0	0	269496320	1064	256	ok
PROBE-TSV	1	tar	payload	immediate	rename_same_length	mutate	1	0.664	0	0	269496320	1064	256	ok
PROBE-TSV	1	tar	payload	immediate	rename_same_length	name_index_advance	1	0.130	0	0	269496320	1064	256	ok
PROBE-TSV	1	tar	payload	immediate	rename_same_length	name_index_build	1	1.488	0	0	269496320	1064	256	ok
PROBE-TSV	1	tar	payload	immediate	rename_same_length	password_verification	1	0.031	0	0	269496320	1064	256	ok
PROBE-TSV	1	tar	payload	immediate	rename_same_length	plan_build	1	0.018	0	0	269496320	1064	256	ok
PROBE-TSV	1	tar	payload	immediate	rename_same_length	plan_validation	1	0.123	0	0	269496320	1064	256	ok
PROBE-TSV	1	tar	payload	immediate	rename_same_length	publish	1	0.631	0	0	269496320	1064	256	ok
PROBE-TSV	1	tar	payload	immediate	rename_same_length	reader_adoption	1	0.002	0	0	269496320	1064	256	ok
PROBE-TSV	1	tar	payload	immediate	rename_same_length	reload	1	2.250	0	0	269496320	1064	256	ok
PROBE-TSV	1	tar	payload	immediate	rename_same_length	total	1	37.752	4612096	40960	269496320	1064	256	ok
PROBE-TSV	1	tar	payload	immediate	rename_same_length	tree_build	1	0.573	0	0	269496320	1064	256	ok
PROBE-TSV	1	tar	payload	immediate	rename_same_length	updater_open	1	14.925	2306048	0	269496320	1064	256	ok
PROBE-TSV	1	tar	payload	immediate	rename_same_length	verification_open	1	12.109	2277376	0	269496320	1064	256	ok
PROBE-TSV	1	tar	payload	immediate	rename_different_length	capability_probe	1	1.960	0	0	269496320	1064	256	ok
PROBE-TSV	1	tar	payload	immediate	rename_different_length	commit	1	0.913	28672	28672	269496320	1064	256	ok
PROBE-TSV	1	tar	payload	immediate	rename_different_length	display	1	1.284	0	0	269496320	1064	256	ok
PROBE-TSV	1	tar	payload	immediate	rename_different_length	entry_comparison	1	0.661	0	0	269496320	1064	256	ok
PROBE-TSV	1	tar	payload	immediate	rename_different_length	filter_compute	1	0.000	0	0	269496320	1064	256	ok
PROBE-TSV	1	tar	payload	immediate	rename_different_length	mutate	1	0.665	0	0	269496320	1064	256	ok
PROBE-TSV	1	tar	payload	immediate	rename_different_length	name_index_advance	1	0.136	0	0	269496320	1064	256	ok
PROBE-TSV	1	tar	payload	immediate	rename_different_length	name_index_build	1	1.447	0	0	269496320	1064	256	ok
PROBE-TSV	1	tar	payload	immediate	rename_different_length	password_verification	1	0.029	0	0	269496320	1064	256	ok
PROBE-TSV	1	tar	payload	immediate	rename_different_length	plan_build	1	0.017	0	0	269496320	1064	256	ok
PROBE-TSV	1	tar	payload	immediate	rename_different_length	plan_validation	1	0.134	0	0	269496320	1064	256	ok
PROBE-TSV	1	tar	payload	immediate	rename_different_length	publish	1	0.738	0	0	269496320	1064	256	ok
PROBE-TSV	1	tar	payload	immediate	rename_different_length	reader_adoption	1	0.002	0	0	269496320	1064	256	ok
PROBE-TSV	1	tar	payload	immediate	rename_different_length	reload	1	2.278	0	0	269496320	1064	256	ok
PROBE-TSV	1	tar	payload	immediate	rename_different_length	total	1	37.893	4612096	40960	269496320	1064	256	ok
PROBE-TSV	1	tar	payload	immediate	rename_different_length	tree_build	1	0.589	0	0	269496320	1064	256	ok
PROBE-TSV	1	tar	payload	immediate	rename_different_length	updater_open	1	15.074	2306048	0	269496320	1064	256	ok
PROBE-TSV	1	tar	payload	immediate	rename_different_length	verification_open	1	11.791	2277376	0	269496320	1064	256	ok
PROBE-TSV	1	tar	payload	immediate	rename_folder	capability_probe	1	1.964	0	0	269496320	1064	256	ok
PROBE-TSV	1	tar	payload	immediate	rename_folder	commit	1	11.650	1064960	1060864	269496320	1064	256	ok
PROBE-TSV	1	tar	payload	immediate	rename_folder	display	1	1.189	0	0	269496320	1064	256	ok
PROBE-TSV	1	tar	payload	immediate	rename_folder	entry_comparison	1	0.647	0	0	269496320	1064	256	ok
PROBE-TSV	1	tar	payload	immediate	rename_folder	filter_compute	1	0.000	0	0	269496320	1064	256	ok
PROBE-TSV	1	tar	payload	immediate	rename_folder	mutate	1	0.916	0	0	269496320	1064	256	ok
PROBE-TSV	1	tar	payload	immediate	rename_folder	name_index_advance	1	0.386	0	0	269496320	1064	256	ok
PROBE-TSV	1	tar	payload	immediate	rename_folder	name_index_build	1	1.444	0	0	269496320	1064	256	ok
PROBE-TSV	1	tar	payload	immediate	rename_folder	password_verification	1	0.031	0	0	269496320	1064	256	ok
PROBE-TSV	1	tar	payload	immediate	rename_folder	plan_build	1	0.347	0	0	269496320	1064	256	ok
PROBE-TSV	1	tar	payload	immediate	rename_folder	plan_validation	1	0.268	0	0	269496320	1064	256	ok
PROBE-TSV	1	tar	payload	immediate	rename_folder	publish	1	0.572	0	0	269496320	1064	256	ok
PROBE-TSV	1	tar	payload	immediate	rename_folder	reader_adoption	1	0.001	0	0	269496320	1064	256	ok
PROBE-TSV	1	tar	payload	immediate	rename_folder	reload	1	2.522	0	0	269496320	1064	256	ok
PROBE-TSV	1	tar	payload	immediate	rename_folder	total	1	42.599	4616192	1073152	269496320	1064	256	ok
PROBE-TSV	1	tar	payload	immediate	rename_folder	tree_build	1	0.586	0	0	269496320	1064	256	ok
PROBE-TSV	1	tar	payload	immediate	rename_folder	updater_open	1	14.797	2306048	0	269496320	1064	256	ok
PROBE-TSV	1	tar	payload	immediate	rename_folder	verification_open	1	5.679	1245184	0	269496320	1064	256	ok
PROBE-TSV	1	tar	payload	immediate	new_folder	capability_probe	1	1.959	0	0	269496320	1064	256	ok
PROBE-TSV	1	tar	payload	immediate	new_folder	commit	1	0.405	16384	12288	269496320	1064	256	ok
PROBE-TSV	1	tar	payload	immediate	new_folder	display	1	1.350	0	0	269496320	1064	256	ok
PROBE-TSV	1	tar	payload	immediate	new_folder	entry_comparison	1	0.643	0	0	269496320	1064	256	ok
PROBE-TSV	1	tar	payload	immediate	new_folder	filter_compute	1	0.000	0	0	269496320	1064	256	ok
PROBE-TSV	1	tar	payload	immediate	new_folder	mutate	1	1.086	12288	0	269496320	1064	256	ok
PROBE-TSV	1	tar	payload	immediate	new_folder	name_index_advance	1	0.136	0	0	269496320	1064	256	ok
PROBE-TSV	1	tar	payload	immediate	new_folder	name_index_build	1	1.490	0	0	269496320	1064	256	ok
PROBE-TSV	1	tar	payload	immediate	new_folder	password_verification	1	0.031	0	0	269496320	1064	256	ok
PROBE-TSV	1	tar	payload	immediate	new_folder	plan_build	1	1.503	0	0	269496320	1064	256	ok
PROBE-TSV	1	tar	payload	immediate	new_folder	plan_validation	1	0.118	0	0	269496320	1064	256	ok
PROBE-TSV	1	tar	payload	immediate	new_folder	publish	1	0.618	0	0	269496320	1064	256	ok
PROBE-TSV	1	tar	payload	immediate	new_folder	reader_adoption	1	0.001	0	0	269496320	1064	256	ok
PROBE-TSV	1	tar	payload	immediate	new_folder	reload	1	2.275	0	0	269496320	1064	256	ok
PROBE-TSV	1	tar	payload	immediate	new_folder	total	1	37.696	4612096	24576	269496320	1064	256	ok
PROBE-TSV	1	tar	payload	immediate	new_folder	tree_build	1	0.587	0	0	269496320	1064	256	ok
PROBE-TSV	1	tar	payload	immediate	new_folder	updater_open	1	15.058	2306048	0	269496320	1064	256	ok
PROBE-TSV	1	tar	payload	immediate	new_folder	verification_open	1	11.714	2277376	0	269496320	1064	256	ok
PROBE-TSV	1	tar	payload	immediate	add_file	capability_probe	1	2.021	0	0	269496320	1064	256	ok
PROBE-TSV	1	tar	payload	immediate	add_file	commit	1	0.440	16384	12288	269496320	1064	256	ok
PROBE-TSV	1	tar	payload	immediate	add_file	display	1	1.309	0	0	269496320	1064	256	ok
PROBE-TSV	1	tar	payload	immediate	add_file	entry_comparison	1	0.651	0	0	269496320	1064	256	ok
PROBE-TSV	1	tar	payload	immediate	add_file	filter_compute	1	0.000	0	0	269496320	1064	256	ok
PROBE-TSV	1	tar	payload	immediate	add_file	mutate	1	1.211	12288	0	269496320	1064	256	ok
PROBE-TSV	1	tar	payload	immediate	add_file	name_index_advance	1	0.135	0	0	269496320	1064	256	ok
PROBE-TSV	1	tar	payload	immediate	add_file	name_index_build	1	1.416	0	0	269496320	1064	256	ok
PROBE-TSV	1	tar	payload	immediate	add_file	password_verification	1	0.029	0	0	269496320	1064	256	ok
PROBE-TSV	1	tar	payload	immediate	add_file	plan_build	3	0.042	0	0	269496320	1064	256	ok
PROBE-TSV	1	tar	payload	immediate	add_file	plan_validation	1	0.127	0	0	269496320	1064	256	ok
PROBE-TSV	1	tar	payload	immediate	add_file	publish	1	0.679	0	0	269496320	1064	256	ok
PROBE-TSV	1	tar	payload	immediate	add_file	reader_adoption	1	0.002	0	0	269496320	1064	256	ok
PROBE-TSV	1	tar	payload	immediate	add_file	reload	1	2.362	0	0	269496320	1064	256	ok
PROBE-TSV	1	tar	payload	immediate	add_file	total	1	37.286	4612096	24576	269496320	1064	256	ok
PROBE-TSV	1	tar	payload	immediate	add_file	tree_build	1	0.583	0	0	269496320	1064	256	ok
PROBE-TSV	1	tar	payload	immediate	add_file	updater_open	1	14.474	2306048	0	269496320	1064	256	ok
PROBE-TSV	1	tar	payload	immediate	add_file	verification_open	1	11.730	2277376	0	269496320	1064	256	ok
PROBE-TSV	1	tar	payload	immediate	replace_file	capability_probe	1	1.961	0	0	265308160	1064	256	ok
PROBE-TSV	1	tar	payload	immediate	replace_file	commit	1	134.730	263028736	265338880	265308160	1064	256	ok
PROBE-TSV	1	tar	payload	immediate	replace_file	display	1	1.244	0	0	265308160	1064	256	ok
PROBE-TSV	1	tar	payload	immediate	replace_file	entry_comparison	1	0.668	0	0	265308160	1064	256	ok
PROBE-TSV	1	tar	payload	immediate	replace_file	filter_compute	1	0.000	0	0	265308160	1064	256	ok
PROBE-TSV	1	tar	payload	immediate	replace_file	mutate	1	1.601	16384	0	265308160	1064	256	ok
PROBE-TSV	1	tar	payload	immediate	replace_file	name_index_advance	1	0.148	0	0	265308160	1064	256	ok
PROBE-TSV	1	tar	payload	immediate	replace_file	name_index_build	1	1.466	0	0	265308160	1064	256	ok
PROBE-TSV	1	tar	payload	immediate	replace_file	password_verification	1	0.029	0	0	265308160	1064	256	ok
PROBE-TSV	1	tar	payload	immediate	replace_file	plan_build	4	0.080	0	0	265308160	1064	256	ok
PROBE-TSV	1	tar	payload	immediate	replace_file	plan_validation	1	0.112	0	0	265308160	1064	256	ok
PROBE-TSV	1	tar	payload	immediate	replace_file	publish	1	0.655	0	0	265308160	1064	256	ok
PROBE-TSV	1	tar	payload	immediate	replace_file	reader_adoption	1	0.001	0	0	265308160	1064	256	ok
PROBE-TSV	1	tar	payload	immediate	replace_file	reload	1	2.285	0	0	265308160	1064	256	ok
PROBE-TSV	1	tar	payload	immediate	replace_file	total	1	166.328	265351168	265351168	265308160	1064	256	ok
PROBE-TSV	1	tar	payload	immediate	replace_file	tree_build	1	0.586	0	0	265308160	1064	256	ok
PROBE-TSV	1	tar	payload	immediate	replace_file	updater_open	1	14.407	2306048	0	265308160	1064	256	ok
PROBE-TSV	1	tar	payload	immediate	replace_file	verification_open	1	3.896	0	0	265308160	1064	256	ok
PROBE-TSV	1	tar	payload	deferred	five_changes_reserve_rename	display	1	1.156	0	0	269496320	1064	256	ok
PROBE-TSV	1	tar	payload	deferred	five_changes_reserve_rename	filter_compute	1	0.000	0	0	269496320	1064	256	ok
PROBE-TSV	1	tar	payload	deferred	five_changes_reserve_rename	password_verification	1	0.032	0	0	269496320	1064	256	ok
PROBE-TSV	1	tar	payload	deferred	five_changes_reserve_rename	total	1	5.770	0	0	269496320	1064	256	ok
PROBE-TSV	1	tar	payload	deferred	five_changes_reserve_rename	tree_build	1	0.624	0	0	269496320	1064	256	ok
PROBE-TSV	1	tar	payload	deferred	five_changes_reserve_delete	display	1	0.393	0	0	269496320	1064	256	ok
PROBE-TSV	1	tar	payload	deferred	five_changes_reserve_delete	filter_compute	1	0.000	0	0	269496320	1064	256	ok
PROBE-TSV	1	tar	payload	deferred	five_changes_reserve_delete	password_verification	1	0.027	0	0	269496320	1064	256	ok
PROBE-TSV	1	tar	payload	deferred	five_changes_reserve_delete	total	1	2.537	0	0	269496320	1064	256	ok
PROBE-TSV	1	tar	payload	deferred	five_changes_reserve_delete	tree_build	1	0.603	0	0	269496320	1064	256	ok
PROBE-TSV	1	tar	payload	deferred	five_changes_reserve_new_folder	display	1	0.357	0	0	269496320	1064	256	ok
PROBE-TSV	1	tar	payload	deferred	five_changes_reserve_new_folder	filter_compute	1	0.000	0	0	269496320	1064	256	ok
PROBE-TSV	1	tar	payload	deferred	five_changes_reserve_new_folder	password_verification	1	0.024	0	0	269496320	1064	256	ok
PROBE-TSV	1	tar	payload	deferred	five_changes_reserve_new_folder	total	1	3.463	0	0	269496320	1064	256	ok
PROBE-TSV	1	tar	payload	deferred	five_changes_reserve_new_folder	tree_build	1	0.587	0	0	269496320	1064	256	ok
PROBE-TSV	1	tar	payload	deferred	five_changes_reserve_delete_folder	display	1	1.370	0	0	269496320	1064	256	ok
PROBE-TSV	1	tar	payload	deferred	five_changes_reserve_delete_folder	filter_compute	1	0.000	0	0	269496320	1064	256	ok
PROBE-TSV	1	tar	payload	deferred	five_changes_reserve_delete_folder	password_verification	1	0.034	0	0	269496320	1064	256	ok
PROBE-TSV	1	tar	payload	deferred	five_changes_reserve_delete_folder	total	1	38.846	0	0	269496320	1064	256	ok
PROBE-TSV	1	tar	payload	deferred	five_changes_reserve_delete_folder	tree_build	1	0.054	0	0	269496320	1064	256	ok
PROBE-TSV	1	tar	payload	deferred	five_changes_reserve_add	display	1	0.961	0	0	269496320	1064	256	ok
PROBE-TSV	1	tar	payload	deferred	five_changes_reserve_add	filter_compute	1	0.000	0	0	269496320	1064	256	ok
PROBE-TSV	1	tar	payload	deferred	five_changes_reserve_add	password_verification	1	0.030	0	0	269496320	1064	256	ok
PROBE-TSV	1	tar	payload	deferred	five_changes_reserve_add	plan_build	3	0.047	0	0	269496320	1064	256	ok
PROBE-TSV	1	tar	payload	deferred	five_changes_reserve_add	total	1	18.721	0	4096	269496320	1064	256	ok
PROBE-TSV	1	tar	payload	deferred	five_changes_reserve_add	tree_build	1	0.052	0	0	269496320	1064	256	ok
PROBE-TSV	1	tar	payload	deferred	save_five_changes	capability_probe	1	0.262	0	0	268472320	1064	256	ok
PROBE-TSV	1	tar	payload	deferred	save_five_changes	commit	1	0.361	16384	4096	268472320	1064	256	ok
PROBE-TSV	1	tar	payload	deferred	save_five_changes	display	1	1.756	0	0	268472320	1064	256	ok
PROBE-TSV	1	tar	payload	deferred	save_five_changes	editing_install	1	0.004	0	0	268472320	1064	256	ok
PROBE-TSV	1	tar	payload	deferred	save_five_changes	editing_prepare	1	0.049	0	0	268472320	1064	256	ok
PROBE-TSV	1	tar	payload	deferred	save_five_changes	entry_comparison	1	0.052	0	0	268472320	1064	256	ok
PROBE-TSV	1	tar	payload	deferred	save_five_changes	filter_compute	2	0.000	0	0	268472320	1064	256	ok
PROBE-TSV	1	tar	payload	deferred	save_five_changes	name_index_advance	1	0.846	0	0	268472320	1064	256	ok
PROBE-TSV	1	tar	payload	deferred	save_five_changes	password_verification	1	0.026	0	0	268472320	1064	256	ok
PROBE-TSV	1	tar	payload	deferred	save_five_changes	publish	1	0.884	0	0	268472320	1064	256	ok
PROBE-TSV	1	tar	payload	deferred	save_five_changes	reader_adoption	1	0.001	0	0	268472320	1064	256	ok
PROBE-TSV	1	tar	payload	deferred	save_five_changes	reload	1	1.336	0	0	268472320	1064	256	ok
PROBE-TSV	1	tar	payload	deferred	save_five_changes	replay	1	2.464	20480	0	268472320	1064	256	ok
PROBE-TSV	1	tar	payload	deferred	save_five_changes	replay_plan	1	1.704	0	0	268472320	1064	256	ok
PROBE-TSV	1	tar	payload	deferred	save_five_changes	representability_differential	1	0.861	0	0	268472320	1064	256	ok
PROBE-TSV	1	tar	payload	deferred	save_five_changes	save_sheet	1	47.149	3604480	28672	268472320	1064	256	ok
PROBE-TSV	1	tar	payload	deferred	save_five_changes	total	1	47.341	3604480	28672	268472320	1064	256	ok
PROBE-TSV	1	tar	payload	deferred	save_five_changes	tree_build	1	0.046	0	0	268472320	1064	256	ok
PROBE-TSV	1	tar	payload	deferred	save_five_changes	updater_open	1	15.052	2306048	0	268472320	1064	256	ok
PROBE-TSV	1	tar	payload	deferred	save_five_changes	verification_open	1	8.050	1261568	0	268472320	1064	256	ok
PROBE-TSV	1	tar	payload	deferred	rename_only_reserve_rename	display	1	1.065	0	0	269496320	1064	256	ok
PROBE-TSV	1	tar	payload	deferred	rename_only_reserve_rename	filter_compute	1	0.000	0	0	269496320	1064	256	ok
PROBE-TSV	1	tar	payload	deferred	rename_only_reserve_rename	password_verification	1	0.033	0	0	269496320	1064	256	ok
PROBE-TSV	1	tar	payload	deferred	rename_only_reserve_rename	total	1	64.060	0	0	269496320	1064	256	ok
PROBE-TSV	1	tar	payload	deferred	rename_only_reserve_rename	tree_build	1	0.685	0	0	269496320	1064	256	ok
PROBE-TSV	1	tar	payload	deferred	save_rename_only	capability_probe	1	1.995	0	0	269496320	1064	256	ok
PROBE-TSV	1	tar	payload	deferred	save_rename_only	commit	1	0.932	28672	28672	269496320	1064	256	ok
PROBE-TSV	1	tar	payload	deferred	save_rename_only	display	1	1.165	0	0	269496320	1064	256	ok
PROBE-TSV	1	tar	payload	deferred	save_rename_only	editing_install	1	0.003	0	0	269496320	1064	256	ok
PROBE-TSV	1	tar	payload	deferred	save_rename_only	editing_prepare	1	0.257	0	0	269496320	1064	256	ok
PROBE-TSV	1	tar	payload	deferred	save_rename_only	entry_comparison	1	0.634	0	0	269496320	1064	256	ok
PROBE-TSV	1	tar	payload	deferred	save_rename_only	filter_compute	2	0.000	0	0	269496320	1064	256	ok
PROBE-TSV	1	tar	payload	deferred	save_rename_only	name_index_advance	1	0.122	0	0	269496320	1064	256	ok
PROBE-TSV	1	tar	payload	deferred	save_rename_only	password_verification	1	0.034	0	0	269496320	1064	256	ok
PROBE-TSV	1	tar	payload	deferred	save_rename_only	publish	1	0.237	0	0	269496320	1064	256	ok
PROBE-TSV	1	tar	payload	deferred	save_rename_only	reader_adoption	1	0.002	0	0	269496320	1064	256	ok
PROBE-TSV	1	tar	payload	deferred	save_rename_only	reload	1	2.331	0	0	269496320	1064	256	ok
PROBE-TSV	1	tar	payload	deferred	save_rename_only	replay	1	0.694	0	0	269496320	1064	256	ok
PROBE-TSV	1	tar	payload	deferred	save_rename_only	replay_plan	1	0.245	0	0	269496320	1064	256	ok
PROBE-TSV	1	tar	payload	deferred	save_rename_only	representability_differential	1	0.018	0	0	269496320	1064	256	ok
PROBE-TSV	1	tar	payload	deferred	save_rename_only	save_sheet	1	52.247	4612096	40960	269496320	1064	256	ok
PROBE-TSV	1	tar	payload	deferred	save_rename_only	total	1	52.631	4612096	40960	269496320	1064	256	ok
PROBE-TSV	1	tar	payload	deferred	save_rename_only	tree_build	1	0.602	0	0	269496320	1064	256	ok
PROBE-TSV	1	tar	payload	deferred	save_rename_only	updater_open	1	14.461	2306048	0	269496320	1064	256	ok
PROBE-TSV	1	tar	payload	deferred	save_rename_only	verification_open	1	11.635	2277376	0	269496320	1064	256	ok
PROBE-TSV	1	tar.gz	entries	immediate	delete_start	capability_probe	1	174.708	0	0	1045169	100000	0	ok
PROBE-TSV	1	tar.gz	entries	immediate	delete_start	commit	1	8.568	0	1052672	1045169	100000	0	ok
PROBE-TSV	1	tar.gz	entries	immediate	delete_start	display	1	2.878	0	0	1045169	100000	0	ok
PROBE-TSV	1	tar.gz	entries	immediate	delete_start	entry_comparison	1	58.692	0	0	1045169	100000	0	ok
PROBE-TSV	1	tar.gz	entries	immediate	delete_start	filter_compute	1	0.000	0	0	1045169	100000	0	ok
PROBE-TSV	1	tar.gz	entries	immediate	delete_start	mutate	1	58.431	0	0	1045169	100000	0	ok
PROBE-TSV	1	tar.gz	entries	immediate	delete_start	password_verification	1	0.218	0	0	1045169	100000	0	ok
PROBE-TSV	1	tar.gz	entries	immediate	delete_start	plan_build	1	0.014	0	0	1045169	100000	0	ok
PROBE-TSV	1	tar.gz	entries	immediate	delete_start	plan_validation	1	8.833	0	0	1045169	100000	0	ok
PROBE-TSV	1	tar.gz	entries	immediate	delete_start	publish	1	0.756	0	0	1045169	100000	0	ok
PROBE-TSV	1	tar.gz	entries	immediate	delete_start	reader_adoption	1	0.002	0	0	1045169	100000	0	ok
PROBE-TSV	1	tar.gz	entries	immediate	delete_start	reload	1	175.081	0	0	1045169	100000	0	ok
PROBE-TSV	1	tar.gz	entries	immediate	delete_start	total	1	1014.238	0	1064960	1045169	100000	0	ok
PROBE-TSV	1	tar.gz	entries	immediate	delete_start	tree_build	1	58.267	0	0	1045169	100000	0	ok
PROBE-TSV	1	tar.gz	entries	immediate	delete_start	updater_open	1	252.780	0	0	1045169	100000	0	ok
PROBE-TSV	1	tar.gz	entries	immediate	delete_start	verification_open	1	374.355	0	0	1045169	100000	0	ok
PROBE-TSV	1	tar.gz	entries	immediate	delete_end	capability_probe	1	172.632	0	0	1045166	100000	0	ok
PROBE-TSV	1	tar.gz	entries	immediate	delete_end	commit	1	7.586	0	1052672	1045166	100000	0	ok
PROBE-TSV	1	tar.gz	entries	immediate	delete_end	display	1	2.887	0	0	1045166	100000	0	ok
PROBE-TSV	1	tar.gz	entries	immediate	delete_end	entry_comparison	1	60.860	0	0	1045166	100000	0	ok
PROBE-TSV	1	tar.gz	entries	immediate	delete_end	filter_compute	1	0.000	0	0	1045166	100000	0	ok
PROBE-TSV	1	tar.gz	entries	immediate	delete_end	mutate	1	56.113	0	0	1045166	100000	0	ok
PROBE-TSV	1	tar.gz	entries	immediate	delete_end	password_verification	1	0.222	0	0	1045166	100000	0	ok
PROBE-TSV	1	tar.gz	entries	immediate	delete_end	plan_build	1	0.014	0	0	1045166	100000	0	ok
PROBE-TSV	1	tar.gz	entries	immediate	delete_end	plan_validation	1	8.702	0	0	1045166	100000	0	ok
PROBE-TSV	1	tar.gz	entries	immediate	delete_end	publish	1	0.762	0	0	1045166	100000	0	ok
PROBE-TSV	1	tar.gz	entries	immediate	delete_end	reader_adoption	1	0.002	0	0	1045166	100000	0	ok
PROBE-TSV	1	tar.gz	entries	immediate	delete_end	reload	1	172.967	0	0	1045166	100000	0	ok
PROBE-TSV	1	tar.gz	entries	immediate	delete_end	total	1	1006.737	0	1064960	1045166	100000	0	ok
PROBE-TSV	1	tar.gz	entries	immediate	delete_end	tree_build	1	59.260	0	0	1045166	100000	0	ok
PROBE-TSV	1	tar.gz	entries	immediate	delete_end	updater_open	1	249.806	0	0	1045166	100000	0	ok
PROBE-TSV	1	tar.gz	entries	immediate	delete_end	verification_open	1	372.431	0	0	1045166	100000	0	ok
PROBE-TSV	1	tar.gz	entries	immediate	rename_same_length	capability_probe	1	172.467	0	0	1045199	100000	0	ok
PROBE-TSV	1	tar.gz	entries	immediate	rename_same_length	commit	1	9.613	0	1060864	1045199	100000	0	ok
PROBE-TSV	1	tar.gz	entries	immediate	rename_same_length	display	1	2.862	0	0	1045199	100000	0	ok
PROBE-TSV	1	tar.gz	entries	immediate	rename_same_length	entry_comparison	1	59.398	0	0	1045199	100000	0	ok
PROBE-TSV	1	tar.gz	entries	immediate	rename_same_length	filter_compute	1	0.000	0	0	1045199	100000	0	ok
PROBE-TSV	1	tar.gz	entries	immediate	rename_same_length	mutate	1	56.547	0	0	1045199	100000	0	ok
PROBE-TSV	1	tar.gz	entries	immediate	rename_same_length	name_index_advance	1	11.972	0	0	1045199	100000	0	ok
PROBE-TSV	1	tar.gz	entries	immediate	rename_same_length	name_index_build	1	132.423	0	0	1045199	100000	0	ok
PROBE-TSV	1	tar.gz	entries	immediate	rename_same_length	password_verification	1	0.214	0	0	1045199	100000	0	ok
PROBE-TSV	1	tar.gz	entries	immediate	rename_same_length	plan_build	1	0.023	0	0	1045199	100000	0	ok
PROBE-TSV	1	tar.gz	entries	immediate	rename_same_length	plan_validation	1	8.277	0	0	1045199	100000	0	ok
PROBE-TSV	1	tar.gz	entries	immediate	rename_same_length	publish	1	0.840	0	0	1045199	100000	0	ok
PROBE-TSV	1	tar.gz	entries	immediate	rename_same_length	reader_adoption	1	0.002	0	0	1045199	100000	0	ok
PROBE-TSV	1	tar.gz	entries	immediate	rename_same_length	reload	1	185.050	0	0	1045199	100000	0	ok
PROBE-TSV	1	tar.gz	entries	immediate	rename_same_length	total	1	1147.133	0	1073152	1045199	100000	0	ok
PROBE-TSV	1	tar.gz	entries	immediate	rename_same_length	tree_build	1	58.927	0	0	1045199	100000	0	ok
PROBE-TSV	1	tar.gz	entries	immediate	rename_same_length	updater_open	1	245.125	0	0	1045199	100000	0	ok
PROBE-TSV	1	tar.gz	entries	immediate	rename_same_length	verification_open	1	370.822	0	0	1045199	100000	0	ok
PROBE-TSV	1	tar.gz	entries	immediate	rename_different_length	capability_probe	1	172.350	0	0	1045241	100000	0	ok
PROBE-TSV	1	tar.gz	entries	immediate	rename_different_length	commit	1	9.605	0	1060864	1045241	100000	0	ok
PROBE-TSV	1	tar.gz	entries	immediate	rename_different_length	display	1	2.983	0	0	1045241	100000	0	ok
PROBE-TSV	1	tar.gz	entries	immediate	rename_different_length	entry_comparison	1	58.452	0	0	1045241	100000	0	ok
PROBE-TSV	1	tar.gz	entries	immediate	rename_different_length	filter_compute	1	0.000	0	0	1045241	100000	0	ok
PROBE-TSV	1	tar.gz	entries	immediate	rename_different_length	mutate	1	57.811	0	0	1045241	100000	0	ok
PROBE-TSV	1	tar.gz	entries	immediate	rename_different_length	name_index_advance	1	12.174	0	0	1045241	100000	0	ok
PROBE-TSV	1	tar.gz	entries	immediate	rename_different_length	name_index_build	1	134.086	0	0	1045241	100000	0	ok
PROBE-TSV	1	tar.gz	entries	immediate	rename_different_length	password_verification	1	0.200	0	0	1045241	100000	0	ok
PROBE-TSV	1	tar.gz	entries	immediate	rename_different_length	plan_build	1	0.025	0	0	1045241	100000	0	ok
PROBE-TSV	1	tar.gz	entries	immediate	rename_different_length	plan_validation	1	8.764	0	0	1045241	100000	0	ok
PROBE-TSV	1	tar.gz	entries	immediate	rename_different_length	publish	1	0.696	0	0	1045241	100000	0	ok
PROBE-TSV	1	tar.gz	entries	immediate	rename_different_length	reader_adoption	1	0.002	0	0	1045241	100000	0	ok
PROBE-TSV	1	tar.gz	entries	immediate	rename_different_length	reload	1	185.153	0	0	1045241	100000	0	ok
PROBE-TSV	1	tar.gz	entries	immediate	rename_different_length	total	1	1158.172	0	1073152	1045241	100000	0	ok
PROBE-TSV	1	tar.gz	entries	immediate	rename_different_length	tree_build	1	57.784	0	0	1045241	100000	0	ok
PROBE-TSV	1	tar.gz	entries	immediate	rename_different_length	updater_open	1	251.572	0	0	1045241	100000	0	ok
PROBE-TSV	1	tar.gz	entries	immediate	rename_different_length	verification_open	1	374.351	0	0	1045241	100000	0	ok
PROBE-TSV	1	tar.gz	entries	immediate	rename_folder	capability_probe	1	169.732	0	0	1045214	100000	0	ok
PROBE-TSV	1	tar.gz	entries	immediate	rename_folder	commit	1	21.809	0	1572864	1045214	100000	0	ok
PROBE-TSV	1	tar.gz	entries	immediate	rename_folder	display	1	2.620	0	0	1045214	100000	0	ok
PROBE-TSV	1	tar.gz	entries	immediate	rename_folder	entry_comparison	1	60.367	0	0	1045214	100000	0	ok
PROBE-TSV	1	tar.gz	entries	immediate	rename_folder	filter_compute	1	0.000	0	0	1045214	100000	0	ok
PROBE-TSV	1	tar.gz	entries	immediate	rename_folder	mutate	1	62.988	0	0	1045214	100000	0	ok
PROBE-TSV	1	tar.gz	entries	immediate	rename_folder	name_index_advance	1	17.321	0	0	1045214	100000	0	ok
PROBE-TSV	1	tar.gz	entries	immediate	rename_folder	name_index_build	1	134.220	0	0	1045214	100000	0	ok
PROBE-TSV	1	tar.gz	entries	immediate	rename_folder	password_verification	1	0.232	0	0	1045214	100000	0	ok
PROBE-TSV	1	tar.gz	entries	immediate	rename_folder	plan_build	1	5.400	0	0	1045214	100000	0	ok
PROBE-TSV	1	tar.gz	entries	immediate	rename_folder	plan_validation	1	11.356	0	0	1045214	100000	0	ok
PROBE-TSV	1	tar.gz	entries	immediate	rename_folder	publish	1	0.767	0	0	1045214	100000	0	ok
PROBE-TSV	1	tar.gz	entries	immediate	rename_folder	reader_adoption	1	0.002	0	0	1045214	100000	0	ok
PROBE-TSV	1	tar.gz	entries	immediate	rename_folder	reload	1	187.650	0	0	1045214	100000	0	ok
PROBE-TSV	1	tar.gz	entries	immediate	rename_folder	total	1	1179.251	0	1585152	1045214	100000	0	ok
PROBE-TSV	1	tar.gz	entries	immediate	rename_folder	tree_build	1	58.131	0	0	1045214	100000	0	ok
PROBE-TSV	1	tar.gz	entries	immediate	rename_folder	updater_open	1	247.862	0	0	1045214	100000	0	ok
PROBE-TSV	1	tar.gz	entries	immediate	rename_folder	verification_open	1	369.298	0	0	1045214	100000	0	ok
PROBE-TSV	1	tar.gz	entries	immediate	new_folder	capability_probe	1	174.546	0	0	1045241	100000	0	ok
PROBE-TSV	1	tar.gz	entries	immediate	new_folder	commit	1	11.693	0	1060864	1045241	100000	0	ok
PROBE-TSV	1	tar.gz	entries	immediate	new_folder	display	1	3.010	0	0	1045241	100000	0	ok
PROBE-TSV	1	tar.gz	entries	immediate	new_folder	entry_comparison	1	58.253	0	0	1045241	100000	0	ok
PROBE-TSV	1	tar.gz	entries	immediate	new_folder	filter_compute	1	0.000	0	0	1045241	100000	0	ok
PROBE-TSV	1	tar.gz	entries	immediate	new_folder	mutate	1	60.825	0	0	1045241	100000	0	ok
PROBE-TSV	1	tar.gz	entries	immediate	new_folder	name_index_advance	1	11.563	0	0	1045241	100000	0	ok
PROBE-TSV	1	tar.gz	entries	immediate	new_folder	name_index_build	1	133.457	0	0	1045241	100000	0	ok
PROBE-TSV	1	tar.gz	entries	immediate	new_folder	password_verification	1	0.222	0	0	1045241	100000	0	ok
PROBE-TSV	1	tar.gz	entries	immediate	new_folder	plan_build	1	133.481	0	0	1045241	100000	0	ok
PROBE-TSV	1	tar.gz	entries	immediate	new_folder	plan_validation	1	8.887	0	0	1045241	100000	0	ok
PROBE-TSV	1	tar.gz	entries	immediate	new_folder	publish	1	0.676	0	0	1045241	100000	0	ok
PROBE-TSV	1	tar.gz	entries	immediate	new_folder	reader_adoption	1	0.003	0	0	1045241	100000	0	ok
PROBE-TSV	1	tar.gz	entries	immediate	new_folder	reload	1	186.776	0	0	1045241	100000	0	ok
PROBE-TSV	1	tar.gz	entries	immediate	new_folder	total	1	1161.923	0	1073152	1045241	100000	0	ok
PROBE-TSV	1	tar.gz	entries	immediate	new_folder	tree_build	1	61.709	0	0	1045241	100000	0	ok
PROBE-TSV	1	tar.gz	entries	immediate	new_folder	updater_open	1	248.493	0	0	1045241	100000	0	ok
PROBE-TSV	1	tar.gz	entries	immediate	new_folder	verification_open	1	372.879	0	0	1045241	100000	0	ok
PROBE-TSV	1	tar.gz	entries	immediate	add_file	capability_probe	1	173.670	0	0	1045231	100000	0	ok
PROBE-TSV	1	tar.gz	entries	immediate	add_file	commit	1	6.033	0	1060864	1045231	100000	0	ok
PROBE-TSV	1	tar.gz	entries	immediate	add_file	display	1	3.144	0	0	1045231	100000	0	ok
PROBE-TSV	1	tar.gz	entries	immediate	add_file	entry_comparison	1	60.715	0	0	1045231	100000	0	ok
PROBE-TSV	1	tar.gz	entries	immediate	add_file	filter_compute	1	0.000	0	0	1045231	100000	0	ok
PROBE-TSV	1	tar.gz	entries	immediate	add_file	mutate	1	60.725	0	0	1045231	100000	0	ok
PROBE-TSV	1	tar.gz	entries	immediate	add_file	name_index_advance	1	12.050	0	0	1045231	100000	0	ok
PROBE-TSV	1	tar.gz	entries	immediate	add_file	name_index_build	1	133.270	0	0	1045231	100000	0	ok
PROBE-TSV	1	tar.gz	entries	immediate	add_file	password_verification	1	0.212	0	0	1045231	100000	0	ok
PROBE-TSV	1	tar.gz	entries	immediate	add_file	plan_build	3	0.069	0	0	1045231	100000	0	ok
PROBE-TSV	1	tar.gz	entries	immediate	add_file	plan_validation	1	8.699	0	0	1045231	100000	0	ok
PROBE-TSV	1	tar.gz	entries	immediate	add_file	publish	1	0.757	0	0	1045231	100000	0	ok
PROBE-TSV	1	tar.gz	entries	immediate	add_file	reader_adoption	1	0.003	0	0	1045231	100000	0	ok
PROBE-TSV	1	tar.gz	entries	immediate	add_file	reload	1	186.388	0	0	1045231	100000	0	ok
PROBE-TSV	1	tar.gz	entries	immediate	add_file	total	1	1149.244	0	1073152	1045231	100000	0	ok
PROBE-TSV	1	tar.gz	entries	immediate	add_file	tree_build	1	61.222	0	0	1045231	100000	0	ok
PROBE-TSV	1	tar.gz	entries	immediate	add_file	updater_open	1	242.568	0	0	1045231	100000	0	ok
PROBE-TSV	1	tar.gz	entries	immediate	add_file	verification_open	1	370.110	0	0	1045231	100000	0	ok
PROBE-TSV	1	tar.gz	entries	immediate	replace_file	capability_probe	1	170.930	0	0	1045223	100000	0	ok
PROBE-TSV	1	tar.gz	entries	immediate	replace_file	commit	1	9.618	0	1060864	1045223	100000	0	ok
PROBE-TSV	1	tar.gz	entries	immediate	replace_file	display	1	2.900	0	0	1045223	100000	0	ok
PROBE-TSV	1	tar.gz	entries	immediate	replace_file	entry_comparison	1	59.046	0	0	1045223	100000	0	ok
PROBE-TSV	1	tar.gz	entries	immediate	replace_file	filter_compute	1	0.000	0	0	1045223	100000	0	ok
PROBE-TSV	1	tar.gz	entries	immediate	replace_file	mutate	1	109.768	0	0	1045223	100000	0	ok
PROBE-TSV	1	tar.gz	entries	immediate	replace_file	name_index_advance	1	12.067	0	0	1045223	100000	0	ok
PROBE-TSV	1	tar.gz	entries	immediate	replace_file	name_index_build	1	132.681	0	0	1045223	100000	0	ok
PROBE-TSV	1	tar.gz	entries	immediate	replace_file	password_verification	1	0.197	0	0	1045223	100000	0	ok
PROBE-TSV	1	tar.gz	entries	immediate	replace_file	plan_build	4	2.177	0	0	1045223	100000	0	ok
PROBE-TSV	1	tar.gz	entries	immediate	replace_file	plan_validation	1	8.871	0	0	1045223	100000	0	ok
PROBE-TSV	1	tar.gz	entries	immediate	replace_file	publish	1	0.846	0	0	1045223	100000	0	ok
PROBE-TSV	1	tar.gz	entries	immediate	replace_file	reader_adoption	1	0.003	0	0	1045223	100000	0	ok
PROBE-TSV	1	tar.gz	entries	immediate	replace_file	reload	1	183.597	0	0	1045223	100000	0	ok
PROBE-TSV	1	tar.gz	entries	immediate	replace_file	total	1	1195.672	4096	1073152	1045223	100000	0	ok
PROBE-TSV	1	tar.gz	entries	immediate	replace_file	tree_build	1	56.717	0	0	1045223	100000	0	ok
PROBE-TSV	1	tar.gz	entries	immediate	replace_file	updater_open	1	243.237	0	0	1045223	100000	0	ok
PROBE-TSV	1	tar.gz	entries	immediate	replace_file	verification_open	1	369.348	4096	0	1045223	100000	0	ok
PROBE-TSV	1	tar.gz	entries	deferred	five_changes_reserve_rename	display	1	2.623	0	0	1045193	100000	0	ok
PROBE-TSV	1	tar.gz	entries	deferred	five_changes_reserve_rename	filter_compute	1	0.001	0	0	1045193	100000	0	ok
PROBE-TSV	1	tar.gz	entries	deferred	five_changes_reserve_rename	password_verification	1	0.554	0	0	1045193	100000	0	ok
PROBE-TSV	1	tar.gz	entries	deferred	five_changes_reserve_rename	total	1	136.699	0	0	1045193	100000	0	ok
PROBE-TSV	1	tar.gz	entries	deferred	five_changes_reserve_rename	tree_build	1	59.766	0	0	1045193	100000	0	ok
PROBE-TSV	1	tar.gz	entries	deferred	five_changes_reserve_delete	display	1	2.650	0	0	1045193	100000	0	ok
PROBE-TSV	1	tar.gz	entries	deferred	five_changes_reserve_delete	filter_compute	1	0.001	0	0	1045193	100000	0	ok
PROBE-TSV	1	tar.gz	entries	deferred	five_changes_reserve_delete	password_verification	1	0.545	0	0	1045193	100000	0	ok
PROBE-TSV	1	tar.gz	entries	deferred	five_changes_reserve_delete	total	1	140.303	0	0	1045193	100000	0	ok
PROBE-TSV	1	tar.gz	entries	deferred	five_changes_reserve_delete	tree_build	1	60.779	0	0	1045193	100000	0	ok
PROBE-TSV	1	tar.gz	entries	deferred	five_changes_reserve_new_folder	display	1	3.196	0	0	1045193	100000	0	ok
PROBE-TSV	1	tar.gz	entries	deferred	five_changes_reserve_new_folder	filter_compute	1	0.000	0	0	1045193	100000	0	ok
PROBE-TSV	1	tar.gz	entries	deferred	five_changes_reserve_new_folder	password_verification	1	0.571	0	0	1045193	100000	0	ok
PROBE-TSV	1	tar.gz	entries	deferred	five_changes_reserve_new_folder	total	1	143.365	0	0	1045193	100000	0	ok
PROBE-TSV	1	tar.gz	entries	deferred	five_changes_reserve_new_folder	tree_build	1	58.774	0	0	1045193	100000	0	ok
PROBE-TSV	1	tar.gz	entries	deferred	five_changes_reserve_delete_folder	display	1	2.933	0	0	1045193	100000	0	ok
PROBE-TSV	1	tar.gz	entries	deferred	five_changes_reserve_delete_folder	filter_compute	1	0.001	0	0	1045193	100000	0	ok
PROBE-TSV	1	tar.gz	entries	deferred	five_changes_reserve_delete_folder	password_verification	1	0.568	0	0	1045193	100000	0	ok
PROBE-TSV	1	tar.gz	entries	deferred	five_changes_reserve_delete_folder	total	1	149.294	0	0	1045193	100000	0	ok
PROBE-TSV	1	tar.gz	entries	deferred	five_changes_reserve_delete_folder	tree_build	1	60.862	0	0	1045193	100000	0	ok
PROBE-TSV	1	tar.gz	entries	deferred	five_changes_reserve_add	display	1	2.948	0	0	1045193	100000	0	ok
PROBE-TSV	1	tar.gz	entries	deferred	five_changes_reserve_add	filter_compute	1	0.000	0	0	1045193	100000	0	ok
PROBE-TSV	1	tar.gz	entries	deferred	five_changes_reserve_add	password_verification	1	0.552	0	0	1045193	100000	0	ok
PROBE-TSV	1	tar.gz	entries	deferred	five_changes_reserve_add	plan_build	3	0.063	0	0	1045193	100000	0	ok
PROBE-TSV	1	tar.gz	entries	deferred	five_changes_reserve_add	total	1	142.438	0	4096	1045193	100000	0	ok
PROBE-TSV	1	tar.gz	entries	deferred	five_changes_reserve_add	tree_build	1	57.861	0	0	1045193	100000	0	ok
PROBE-TSV	1	tar.gz	entries	deferred	save_five_changes	capability_probe	1	170.768	0	0	1034821	100000	0	ok
PROBE-TSV	1	tar.gz	entries	deferred	save_five_changes	commit	1	12.367	0	1048576	1034821	100000	0	ok
PROBE-TSV	1	tar.gz	entries	deferred	save_five_changes	display	1	2.842	0	0	1034821	100000	0	ok
PROBE-TSV	1	tar.gz	entries	deferred	save_five_changes	editing_install	1	0.005	0	0	1034821	100000	0	ok
PROBE-TSV	1	tar.gz	entries	deferred	save_five_changes	editing_prepare	1	22.892	0	0	1034821	100000	0	ok
PROBE-TSV	1	tar.gz	entries	deferred	save_five_changes	entry_comparison	1	59.584	0	0	1034821	100000	0	ok
PROBE-TSV	1	tar.gz	entries	deferred	save_five_changes	filter_compute	2	0.001	0	0	1034821	100000	0	ok
PROBE-TSV	1	tar.gz	entries	deferred	save_five_changes	name_index_advance	1	15.914	0	0	1034821	100000	0	ok
PROBE-TSV	1	tar.gz	entries	deferred	save_five_changes	password_verification	1	0.576	0	0	1034821	100000	0	ok
PROBE-TSV	1	tar.gz	entries	deferred	save_five_changes	publish	1	0.931	0	0	1034821	100000	0	ok
PROBE-TSV	1	tar.gz	entries	deferred	save_five_changes	reader_adoption	1	0.003	0	0	1034821	100000	0	ok
PROBE-TSV	1	tar.gz	entries	deferred	save_five_changes	reload	1	187.388	0	0	1034821	100000	0	ok
PROBE-TSV	1	tar.gz	entries	deferred	save_five_changes	replay	1	114.601	4096	0	1034821	100000	0	ok
PROBE-TSV	1	tar.gz	entries	deferred	save_five_changes	replay_plan	1	21.954	0	0	1034821	100000	0	ok
PROBE-TSV	1	tar.gz	entries	deferred	save_five_changes	representability_differential	1	0.769	0	0	1034821	100000	0	ok
PROBE-TSV	1	tar.gz	entries	deferred	save_five_changes	save_sheet	1	1437.032	4096	1073152	1034821	100000	0	ok
PROBE-TSV	1	tar.gz	entries	deferred	save_five_changes	total	1	1460.195	4096	1073152	1034821	100000	0	ok
PROBE-TSV	1	tar.gz	entries	deferred	save_five_changes	tree_build	1	59.752	0	0	1034821	100000	0	ok
PROBE-TSV	1	tar.gz	entries	deferred	save_five_changes	updater_open	1	245.810	0	0	1034821	100000	0	ok
PROBE-TSV	1	tar.gz	entries	deferred	save_five_changes	verification_open	1	373.916	0	0	1034821	100000	0	ok
PROBE-TSV	1	tar.gz	entries	deferred	rename_only_reserve_rename	display	1	2.718	0	0	1045193	100000	0	ok
PROBE-TSV	1	tar.gz	entries	deferred	rename_only_reserve_rename	filter_compute	1	0.001	0	0	1045193	100000	0	ok
PROBE-TSV	1	tar.gz	entries	deferred	rename_only_reserve_rename	password_verification	1	0.556	0	0	1045193	100000	0	ok
PROBE-TSV	1	tar.gz	entries	deferred	rename_only_reserve_rename	total	1	137.264	0	0	1045193	100000	0	ok
PROBE-TSV	1	tar.gz	entries	deferred	rename_only_reserve_rename	tree_build	1	58.506	0	0	1045193	100000	0	ok
PROBE-TSV	1	tar.gz	entries	deferred	save_rename_only	capability_probe	1	172.883	0	0	1045215	100000	0	ok
PROBE-TSV	1	tar.gz	entries	deferred	save_rename_only	commit	1	9.647	0	1060864	1045215	100000	0	ok
PROBE-TSV	1	tar.gz	entries	deferred	save_rename_only	display	1	2.949	0	0	1045215	100000	0	ok
PROBE-TSV	1	tar.gz	entries	deferred	save_rename_only	editing_install	1	0.005	0	0	1045215	100000	0	ok
PROBE-TSV	1	tar.gz	entries	deferred	save_rename_only	editing_prepare	1	22.748	0	0	1045215	100000	0	ok
PROBE-TSV	1	tar.gz	entries	deferred	save_rename_only	entry_comparison	1	60.887	0	0	1045215	100000	0	ok
PROBE-TSV	1	tar.gz	entries	deferred	save_rename_only	filter_compute	2	0.001	0	0	1045215	100000	0	ok
PROBE-TSV	1	tar.gz	entries	deferred	save_rename_only	name_index_advance	1	13.307	0	0	1045215	100000	0	ok
PROBE-TSV	1	tar.gz	entries	deferred	save_rename_only	password_verification	1	0.571	0	0	1045215	100000	0	ok
PROBE-TSV	1	tar.gz	entries	deferred	save_rename_only	publish	1	0.333	0	0	1045215	100000	0	ok
PROBE-TSV	1	tar.gz	entries	deferred	save_rename_only	reader_adoption	1	0.003	0	0	1045215	100000	0	ok
PROBE-TSV	1	tar.gz	entries	deferred	save_rename_only	reload	1	186.915	0	0	1045215	100000	0	ok
PROBE-TSV	1	tar.gz	entries	deferred	save_rename_only	replay	1	59.240	0	0	1045215	100000	0	ok
PROBE-TSV	1	tar.gz	entries	deferred	save_rename_only	replay_plan	1	23.591	0	0	1045215	100000	0	ok
PROBE-TSV	1	tar.gz	entries	deferred	save_rename_only	representability_differential	1	0.025	0	0	1045215	100000	0	ok
PROBE-TSV	1	tar.gz	entries	deferred	save_rename_only	save_sheet	1	1396.981	0	1073152	1045215	100000	0	ok
PROBE-TSV	1	tar.gz	entries	deferred	save_rename_only	total	1	1420.005	0	1073152	1045215	100000	0	ok
PROBE-TSV	1	tar.gz	entries	deferred	save_rename_only	tree_build	1	63.591	0	0	1045215	100000	0	ok
PROBE-TSV	1	tar.gz	entries	deferred	save_rename_only	updater_open	1	247.741	0	0	1045215	100000	0	ok
PROBE-TSV	1	tar.gz	entries	deferred	save_rename_only	verification_open	1	379.270	0	0	1045215	100000	0	ok
PROBE-TSV	1	tar.gz	payload	immediate	delete_start	capability_probe	1	1.995	0	0	160817785	1064	256	ok
PROBE-TSV	1	tar.gz	payload	immediate	delete_start	commit	1	59.114	0	160833536	160817785	1064	256	ok
PROBE-TSV	1	tar.gz	payload	immediate	delete_start	display	1	1.325	0	0	160817785	1064	256	ok
PROBE-TSV	1	tar.gz	payload	immediate	delete_start	entry_comparison	1	0.640	0	0	160817785	1064	256	ok
PROBE-TSV	1	tar.gz	payload	immediate	delete_start	filter_compute	1	0.000	0	0	160817785	1064	256	ok
PROBE-TSV	1	tar.gz	payload	immediate	delete_start	mutate	1	0.625	0	0	160817785	1064	256	ok
PROBE-TSV	1	tar.gz	payload	immediate	delete_start	password_verification	1	0.034	0	0	160817785	1064	256	ok
PROBE-TSV	1	tar.gz	payload	immediate	delete_start	plan_build	1	0.012	0	0	160817785	1064	256	ok
PROBE-TSV	1	tar.gz	payload	immediate	delete_start	plan_validation	1	0.094	0	0	160817785	1064	256	ok
PROBE-TSV	1	tar.gz	payload	immediate	delete_start	publish	1	0.749	0	0	160817785	1064	256	ok
PROBE-TSV	1	tar.gz	payload	immediate	delete_start	reader_adoption	1	0.002	0	0	160817785	1064	256	ok
PROBE-TSV	1	tar.gz	payload	immediate	delete_start	reload	1	2.170	0	0	160817785	1064	256	ok
PROBE-TSV	1	tar.gz	payload	immediate	delete_start	total	1	112.707	0	160845824	160817785	1064	256	ok
PROBE-TSV	1	tar.gz	payload	immediate	delete_start	tree_build	1	0.594	0	0	160817785	1064	256	ok
PROBE-TSV	1	tar.gz	payload	immediate	delete_start	updater_open	1	2.687	0	0	160817785	1064	256	ok
PROBE-TSV	1	tar.gz	payload	immediate	delete_start	verification_open	1	41.166	0	0	160817785	1064	256	ok
PROBE-TSV	1	tar.gz	payload	immediate	delete_end	capability_probe	1	2.055	0	0	162811945	1064	256	ok
PROBE-TSV	1	tar.gz	payload	immediate	delete_end	commit	1	26.552	0	162824192	162811945	1064	256	ok
PROBE-TSV	1	tar.gz	payload	immediate	delete_end	display	1	1.347	0	0	162811945	1064	256	ok
PROBE-TSV	1	tar.gz	payload	immediate	delete_end	entry_comparison	1	0.642	0	0	162811945	1064	256	ok
PROBE-TSV	1	tar.gz	payload	immediate	delete_end	filter_compute	1	0.000	0	0	162811945	1064	256	ok
PROBE-TSV	1	tar.gz	payload	immediate	delete_end	mutate	1	0.618	0	0	162811945	1064	256	ok
PROBE-TSV	1	tar.gz	payload	immediate	delete_end	password_verification	1	0.036	0	0	162811945	1064	256	ok
PROBE-TSV	1	tar.gz	payload	immediate	delete_end	plan_build	1	0.021	0	0	162811945	1064	256	ok
PROBE-TSV	1	tar.gz	payload	immediate	delete_end	plan_validation	1	0.097	0	0	162811945	1064	256	ok
PROBE-TSV	1	tar.gz	payload	immediate	delete_end	publish	1	0.709	0	0	162811945	1064	256	ok
PROBE-TSV	1	tar.gz	payload	immediate	delete_end	reader_adoption	1	0.002	0	0	162811945	1064	256	ok
PROBE-TSV	1	tar.gz	payload	immediate	delete_end	reload	1	2.236	0	0	162811945	1064	256	ok
PROBE-TSV	1	tar.gz	payload	immediate	delete_end	total	1	79.548	0	162836480	162811945	1064	256	ok
PROBE-TSV	1	tar.gz	payload	immediate	delete_end	tree_build	1	0.585	0	0	162811945	1064	256	ok
PROBE-TSV	1	tar.gz	payload	immediate	delete_end	updater_open	1	2.786	0	0	162811945	1064	256	ok
PROBE-TSV	1	tar.gz	payload	immediate	delete_end	verification_open	1	40.409	0	0	162811945	1064	256	ok
PROBE-TSV	1	tar.gz	payload	immediate	rename_same_length	capability_probe	1	2.001	0	0	162811954	1064	256	ok
PROBE-TSV	1	tar.gz	payload	immediate	rename_same_length	commit	1	59.407	0	162824192	162811954	1064	256	ok
PROBE-TSV	1	tar.gz	payload	immediate	rename_same_length	display	1	1.258	0	0	162811954	1064	256	ok
PROBE-TSV	1	tar.gz	payload	immediate	rename_same_length	entry_comparison	1	0.667	0	0	162811954	1064	256	ok
PROBE-TSV	1	tar.gz	payload	immediate	rename_same_length	filter_compute	1	0.000	0	0	162811954	1064	256	ok
PROBE-TSV	1	tar.gz	payload	immediate	rename_same_length	mutate	1	0.642	0	0	162811954	1064	256	ok
PROBE-TSV	1	tar.gz	payload	immediate	rename_same_length	name_index_advance	1	0.158	0	0	162811954	1064	256	ok
PROBE-TSV	1	tar.gz	payload	immediate	rename_same_length	name_index_build	1	1.446	0	0	162811954	1064	256	ok
PROBE-TSV	1	tar.gz	payload	immediate	rename_same_length	password_verification	1	0.031	0	0	162811954	1064	256	ok
PROBE-TSV	1	tar.gz	payload	immediate	rename_same_length	plan_build	1	0.019	0	0	162811954	1064	256	ok
PROBE-TSV	1	tar.gz	payload	immediate	rename_same_length	plan_validation	1	0.104	0	0	162811954	1064	256	ok
PROBE-TSV	1	tar.gz	payload	immediate	rename_same_length	publish	1	0.780	0	0	162811954	1064	256	ok
PROBE-TSV	1	tar.gz	payload	immediate	rename_same_length	reader_adoption	1	0.001	0	0	162811954	1064	256	ok
PROBE-TSV	1	tar.gz	payload	immediate	rename_same_length	reload	1	2.356	0	0	162811954	1064	256	ok
PROBE-TSV	1	tar.gz	payload	immediate	rename_same_length	total	1	115.690	0	162836480	162811954	1064	256	ok
PROBE-TSV	1	tar.gz	payload	immediate	rename_same_length	tree_build	1	0.574	0	0	162811954	1064	256	ok
PROBE-TSV	1	tar.gz	payload	immediate	rename_same_length	updater_open	1	2.828	0	0	162811954	1064	256	ok
PROBE-TSV	1	tar.gz	payload	immediate	rename_same_length	verification_open	1	42.009	0	0	162811954	1064	256	ok
PROBE-TSV	1	tar.gz	payload	immediate	rename_different_length	capability_probe	1	2.013	0	0	162811971	1064	256	ok
PROBE-TSV	1	tar.gz	payload	immediate	rename_different_length	commit	1	59.572	0	162824192	162811971	1064	256	ok
PROBE-TSV	1	tar.gz	payload	immediate	rename_different_length	display	1	1.120	0	0	162811971	1064	256	ok
PROBE-TSV	1	tar.gz	payload	immediate	rename_different_length	entry_comparison	1	0.658	0	0	162811971	1064	256	ok
PROBE-TSV	1	tar.gz	payload	immediate	rename_different_length	filter_compute	1	0.000	0	0	162811971	1064	256	ok
PROBE-TSV	1	tar.gz	payload	immediate	rename_different_length	mutate	1	0.627	0	0	162811971	1064	256	ok
PROBE-TSV	1	tar.gz	payload	immediate	rename_different_length	name_index_advance	1	0.146	0	0	162811971	1064	256	ok
PROBE-TSV	1	tar.gz	payload	immediate	rename_different_length	name_index_build	1	1.401	0	0	162811971	1064	256	ok
PROBE-TSV	1	tar.gz	payload	immediate	rename_different_length	password_verification	1	0.030	0	0	162811971	1064	256	ok
PROBE-TSV	1	tar.gz	payload	immediate	rename_different_length	plan_build	1	0.020	0	0	162811971	1064	256	ok
PROBE-TSV	1	tar.gz	payload	immediate	rename_different_length	plan_validation	1	0.105	0	0	162811971	1064	256	ok
PROBE-TSV	1	tar.gz	payload	immediate	rename_different_length	publish	1	0.783	0	0	162811971	1064	256	ok
PROBE-TSV	1	tar.gz	payload	immediate	rename_different_length	reader_adoption	1	0.002	0	0	162811971	1064	256	ok
PROBE-TSV	1	tar.gz	payload	immediate	rename_different_length	reload	1	2.364	0	0	162811971	1064	256	ok
PROBE-TSV	1	tar.gz	payload	immediate	rename_different_length	total	1	115.026	0	162836480	162811971	1064	256	ok
PROBE-TSV	1	tar.gz	payload	immediate	rename_different_length	tree_build	1	0.555	0	0	162811971	1064	256	ok
PROBE-TSV	1	tar.gz	payload	immediate	rename_different_length	updater_open	1	2.776	0	0	162811971	1064	256	ok
PROBE-TSV	1	tar.gz	payload	immediate	rename_different_length	verification_open	1	41.466	0	0	162811971	1064	256	ok
PROBE-TSV	1	tar.gz	payload	immediate	rename_folder	capability_probe	1	1.981	0	0	162812248	1064	256	ok
PROBE-TSV	1	tar.gz	payload	immediate	rename_folder	commit	1	922.660	0	162852864	162812248	1064	256	ok
PROBE-TSV	1	tar.gz	payload	immediate	rename_folder	display	1	1.224	0	0	162812248	1064	256	ok
PROBE-TSV	1	tar.gz	payload	immediate	rename_folder	entry_comparison	1	0.669	0	0	162812248	1064	256	ok
PROBE-TSV	1	tar.gz	payload	immediate	rename_folder	filter_compute	1	0.000	0	0	162812248	1064	256	ok
PROBE-TSV	1	tar.gz	payload	immediate	rename_folder	mutate	1	0.859	0	0	162812248	1064	256	ok
PROBE-TSV	1	tar.gz	payload	immediate	rename_folder	name_index_advance	1	0.398	0	0	162812248	1064	256	ok
PROBE-TSV	1	tar.gz	payload	immediate	rename_folder	name_index_build	1	1.360	0	0	162812248	1064	256	ok
PROBE-TSV	1	tar.gz	payload	immediate	rename_folder	password_verification	1	0.024	0	0	162812248	1064	256	ok
PROBE-TSV	1	tar.gz	payload	immediate	rename_folder	plan_build	1	0.313	0	0	162812248	1064	256	ok
PROBE-TSV	1	tar.gz	payload	immediate	rename_folder	plan_validation	1	0.223	0	0	162812248	1064	256	ok
PROBE-TSV	1	tar.gz	payload	immediate	rename_folder	publish	1	0.777	0	0	162812248	1064	256	ok
PROBE-TSV	1	tar.gz	payload	immediate	rename_folder	reader_adoption	1	0.001	0	0	162812248	1064	256	ok
PROBE-TSV	1	tar.gz	payload	immediate	rename_folder	reload	1	2.580	0	0	162812248	1064	256	ok
PROBE-TSV	1	tar.gz	payload	immediate	rename_folder	total	1	1055.436	0	229974016	162812248	1064	256	ok
PROBE-TSV	1	tar.gz	payload	immediate	rename_folder	tree_build	1	0.568	0	0	162812248	1064	256	ok
PROBE-TSV	1	tar.gz	payload	immediate	rename_folder	updater_open	1	2.625	0	0	162812248	1064	256	ok
PROBE-TSV	1	tar.gz	payload	immediate	rename_folder	verification_open	1	118.010	0	67108864	162812248	1064	256	ok
PROBE-TSV	1	tar.gz	payload	immediate	new_folder	capability_probe	1	1.985	0	0	162812002	1064	256	ok
PROBE-TSV	1	tar.gz	payload	immediate	new_folder	commit	1	23.171	0	162820096	162812002	1064	256	ok
PROBE-TSV	1	tar.gz	payload	immediate	new_folder	display	1	1.209	0	0	162812002	1064	256	ok
PROBE-TSV	1	tar.gz	payload	immediate	new_folder	entry_comparison	1	0.668	0	0	162812002	1064	256	ok
PROBE-TSV	1	tar.gz	payload	immediate	new_folder	filter_compute	1	0.000	0	0	162812002	1064	256	ok
PROBE-TSV	1	tar.gz	payload	immediate	new_folder	mutate	1	0.745	0	0	162812002	1064	256	ok
PROBE-TSV	1	tar.gz	payload	immediate	new_folder	name_index_advance	1	0.126	0	0	162812002	1064	256	ok
PROBE-TSV	1	tar.gz	payload	immediate	new_folder	name_index_build	1	1.453	0	0	162812002	1064	256	ok
PROBE-TSV	1	tar.gz	payload	immediate	new_folder	password_verification	1	0.033	0	0	162812002	1064	256	ok
PROBE-TSV	1	tar.gz	payload	immediate	new_folder	plan_build	1	1.463	0	0	162812002	1064	256	ok
PROBE-TSV	1	tar.gz	payload	immediate	new_folder	plan_validation	1	0.095	0	0	162812002	1064	256	ok
PROBE-TSV	1	tar.gz	payload	immediate	new_folder	publish	1	0.721	0	0	162812002	1064	256	ok
PROBE-TSV	1	tar.gz	payload	immediate	new_folder	reader_adoption	1	0.002	0	0	162812002	1064	256	ok
PROBE-TSV	1	tar.gz	payload	immediate	new_folder	reload	1	2.332	0	0	162812002	1064	256	ok
PROBE-TSV	1	tar.gz	payload	immediate	new_folder	total	1	77.949	0	162832384	162812002	1064	256	ok
PROBE-TSV	1	tar.gz	payload	immediate	new_folder	tree_build	1	0.581	0	0	162812002	1064	256	ok
PROBE-TSV	1	tar.gz	payload	immediate	new_folder	updater_open	1	2.720	0	0	162812002	1064	256	ok
PROBE-TSV	1	tar.gz	payload	immediate	new_folder	verification_open	1	40.680	0	0	162812002	1064	256	ok
PROBE-TSV	1	tar.gz	payload	immediate	add_file	capability_probe	1	2.096	0	0	162811992	1064	256	ok
PROBE-TSV	1	tar.gz	payload	immediate	add_file	commit	1	23.245	0	162820096	162811992	1064	256	ok
PROBE-TSV	1	tar.gz	payload	immediate	add_file	display	1	1.184	0	0	162811992	1064	256	ok
PROBE-TSV	1	tar.gz	payload	immediate	add_file	entry_comparison	1	0.772	0	0	162811992	1064	256	ok
PROBE-TSV	1	tar.gz	payload	immediate	add_file	filter_compute	1	0.000	0	0	162811992	1064	256	ok
PROBE-TSV	1	tar.gz	payload	immediate	add_file	mutate	1	0.821	0	0	162811992	1064	256	ok
PROBE-TSV	1	tar.gz	payload	immediate	add_file	name_index_advance	1	0.143	0	0	162811992	1064	256	ok
PROBE-TSV	1	tar.gz	payload	immediate	add_file	name_index_build	1	1.444	0	0	162811992	1064	256	ok
PROBE-TSV	1	tar.gz	payload	immediate	add_file	password_verification	1	0.029	0	0	162811992	1064	256	ok
PROBE-TSV	1	tar.gz	payload	immediate	add_file	plan_build	3	0.044	0	0	162811992	1064	256	ok
PROBE-TSV	1	tar.gz	payload	immediate	add_file	plan_validation	1	0.100	0	0	162811992	1064	256	ok
PROBE-TSV	1	tar.gz	payload	immediate	add_file	publish	1	0.790	0	0	162811992	1064	256	ok
PROBE-TSV	1	tar.gz	payload	immediate	add_file	reader_adoption	1	0.002	0	0	162811992	1064	256	ok
PROBE-TSV	1	tar.gz	payload	immediate	add_file	reload	1	2.452	0	0	162811992	1064	256	ok
PROBE-TSV	1	tar.gz	payload	immediate	add_file	total	1	78.046	0	162832384	162811992	1064	256	ok
PROBE-TSV	1	tar.gz	payload	immediate	add_file	tree_build	1	0.581	0	0	162811992	1064	256	ok
PROBE-TSV	1	tar.gz	payload	immediate	add_file	updater_open	1	2.875	0	0	162811992	1064	256	ok
PROBE-TSV	1	tar.gz	payload	immediate	add_file	verification_open	1	40.206	0	0	162811992	1064	256	ok
PROBE-TSV	1	tar.gz	payload	immediate	replace_file	capability_probe	1	2.143	0	0	160817826	1064	256	ok
PROBE-TSV	1	tar.gz	payload	immediate	replace_file	commit	1	58.137	0	160833536	160817826	1064	256	ok
PROBE-TSV	1	tar.gz	payload	immediate	replace_file	display	1	1.224	0	0	160817826	1064	256	ok
PROBE-TSV	1	tar.gz	payload	immediate	replace_file	entry_comparison	1	0.745	0	0	160817826	1064	256	ok
PROBE-TSV	1	tar.gz	payload	immediate	replace_file	filter_compute	1	0.000	0	0	160817826	1064	256	ok
PROBE-TSV	1	tar.gz	payload	immediate	replace_file	mutate	1	1.429	0	0	160817826	1064	256	ok
PROBE-TSV	1	tar.gz	payload	immediate	replace_file	name_index_advance	1	0.141	0	0	160817826	1064	256	ok
PROBE-TSV	1	tar.gz	payload	immediate	replace_file	name_index_build	1	1.572	0	0	160817826	1064	256	ok
PROBE-TSV	1	tar.gz	payload	immediate	replace_file	password_verification	1	0.029	0	0	160817826	1064	256	ok
PROBE-TSV	1	tar.gz	payload	immediate	replace_file	plan_build	4	0.097	0	0	160817826	1064	256	ok
PROBE-TSV	1	tar.gz	payload	immediate	replace_file	plan_validation	1	0.098	0	0	160817826	1064	256	ok
PROBE-TSV	1	tar.gz	payload	immediate	replace_file	publish	1	0.738	0	0	160817826	1064	256	ok
PROBE-TSV	1	tar.gz	payload	immediate	replace_file	reader_adoption	1	0.002	0	0	160817826	1064	256	ok
PROBE-TSV	1	tar.gz	payload	immediate	replace_file	reload	1	2.483	0	0	160817826	1064	256	ok
PROBE-TSV	1	tar.gz	payload	immediate	replace_file	total	1	115.245	0	160845824	160817826	1064	256	ok
PROBE-TSV	1	tar.gz	payload	immediate	replace_file	tree_build	1	0.570	0	0	160817826	1064	256	ok
PROBE-TSV	1	tar.gz	payload	immediate	replace_file	updater_open	1	2.937	0	0	160817826	1064	256	ok
PROBE-TSV	1	tar.gz	payload	immediate	replace_file	verification_open	1	41.491	0	0	160817826	1064	256	ok
PROBE-TSV	1	tar.gz	payload	deferred	five_changes_reserve_rename	display	1	1.018	0	0	162811954	1064	256	ok
PROBE-TSV	1	tar.gz	payload	deferred	five_changes_reserve_rename	filter_compute	1	0.000	0	0	162811954	1064	256	ok
PROBE-TSV	1	tar.gz	payload	deferred	five_changes_reserve_rename	password_verification	1	0.028	0	0	162811954	1064	256	ok
PROBE-TSV	1	tar.gz	payload	deferred	five_changes_reserve_rename	total	1	5.536	0	0	162811954	1064	256	ok
PROBE-TSV	1	tar.gz	payload	deferred	five_changes_reserve_rename	tree_build	1	0.603	0	0	162811954	1064	256	ok
PROBE-TSV	1	tar.gz	payload	deferred	five_changes_reserve_delete	display	1	1.000	0	0	162811954	1064	256	ok
PROBE-TSV	1	tar.gz	payload	deferred	five_changes_reserve_delete	filter_compute	1	0.000	0	0	162811954	1064	256	ok
PROBE-TSV	1	tar.gz	payload	deferred	five_changes_reserve_delete	password_verification	1	0.027	0	0	162811954	1064	256	ok
PROBE-TSV	1	tar.gz	payload	deferred	five_changes_reserve_delete	total	1	16.279	0	0	162811954	1064	256	ok
PROBE-TSV	1	tar.gz	payload	deferred	five_changes_reserve_delete	tree_build	1	0.594	0	0	162811954	1064	256	ok
PROBE-TSV	1	tar.gz	payload	deferred	five_changes_reserve_new_folder	display	1	0.876	0	0	162811954	1064	256	ok
PROBE-TSV	1	tar.gz	payload	deferred	five_changes_reserve_new_folder	filter_compute	1	0.000	0	0	162811954	1064	256	ok
PROBE-TSV	1	tar.gz	payload	deferred	five_changes_reserve_new_folder	password_verification	1	0.025	0	0	162811954	1064	256	ok
PROBE-TSV	1	tar.gz	payload	deferred	five_changes_reserve_new_folder	total	1	13.947	0	0	162811954	1064	256	ok
PROBE-TSV	1	tar.gz	payload	deferred	five_changes_reserve_new_folder	tree_build	1	0.528	0	0	162811954	1064	256	ok
PROBE-TSV	1	tar.gz	payload	deferred	five_changes_reserve_delete_folder	display	1	0.994	0	0	162811954	1064	256	ok
PROBE-TSV	1	tar.gz	payload	deferred	five_changes_reserve_delete_folder	filter_compute	1	0.000	0	0	162811954	1064	256	ok
PROBE-TSV	1	tar.gz	payload	deferred	five_changes_reserve_delete_folder	password_verification	1	0.028	0	0	162811954	1064	256	ok
PROBE-TSV	1	tar.gz	payload	deferred	five_changes_reserve_delete_folder	total	1	31.946	0	0	162811954	1064	256	ok
PROBE-TSV	1	tar.gz	payload	deferred	five_changes_reserve_delete_folder	tree_build	1	0.043	0	0	162811954	1064	256	ok
PROBE-TSV	1	tar.gz	payload	deferred	five_changes_reserve_add	display	1	0.868	0	0	162811954	1064	256	ok
PROBE-TSV	1	tar.gz	payload	deferred	five_changes_reserve_add	filter_compute	1	0.000	0	0	162811954	1064	256	ok
PROBE-TSV	1	tar.gz	payload	deferred	five_changes_reserve_add	password_verification	1	0.024	0	0	162811954	1064	256	ok
PROBE-TSV	1	tar.gz	payload	deferred	five_changes_reserve_add	plan_build	3	0.048	0	0	162811954	1064	256	ok
PROBE-TSV	1	tar.gz	payload	deferred	five_changes_reserve_add	total	1	18.869	0	4096	162811954	1064	256	ok
PROBE-TSV	1	tar.gz	payload	deferred	five_changes_reserve_add	tree_build	1	0.041	0	0	162811954	1064	256	ok
PROBE-TSV	1	tar.gz	payload	deferred	save_five_changes	capability_probe	1	0.286	0	0	162801520	1064	256	ok
PROBE-TSV	1	tar.gz	payload	deferred	save_five_changes	commit	1	24.344	0	162807808	162801520	1064	256	ok
PROBE-TSV	1	tar.gz	payload	deferred	save_five_changes	display	1	1.253	0	0	162801520	1064	256	ok
PROBE-TSV	1	tar.gz	payload	deferred	save_five_changes	editing_install	1	0.005	0	0	162801520	1064	256	ok
PROBE-TSV	1	tar.gz	payload	deferred	save_five_changes	editing_prepare	1	0.056	0	0	162801520	1064	256	ok
PROBE-TSV	1	tar.gz	payload	deferred	save_five_changes	entry_comparison	1	0.056	0	0	162801520	1064	256	ok
PROBE-TSV	1	tar.gz	payload	deferred	save_five_changes	filter_compute	2	0.000	0	0	162801520	1064	256	ok
PROBE-TSV	1	tar.gz	payload	deferred	save_five_changes	name_index_advance	1	0.796	0	0	162801520	1064	256	ok
PROBE-TSV	1	tar.gz	payload	deferred	save_five_changes	password_verification	1	0.021	0	0	162801520	1064	256	ok
PROBE-TSV	1	tar.gz	payload	deferred	save_five_changes	publish	1	0.972	0	0	162801520	1064	256	ok
PROBE-TSV	1	tar.gz	payload	deferred	save_five_changes	reader_adoption	1	0.002	0	0	162801520	1064	256	ok
PROBE-TSV	1	tar.gz	payload	deferred	save_five_changes	reload	1	2.529	0	0	162801520	1064	256	ok
PROBE-TSV	1	tar.gz	payload	deferred	save_five_changes	replay	1	2.093	4096	0	162801520	1064	256	ok
PROBE-TSV	1	tar.gz	payload	deferred	save_five_changes	replay_plan	1	1.450	0	0	162801520	1064	256	ok
PROBE-TSV	1	tar.gz	payload	deferred	save_five_changes	representability_differential	1	0.764	0	0	162801520	1064	256	ok
PROBE-TSV	1	tar.gz	payload	deferred	save_five_changes	save_sheet	1	114.335	4096	162832384	162801520	1064	256	ok
PROBE-TSV	1	tar.gz	payload	deferred	save_five_changes	total	1	114.595	4096	162832384	162801520	1064	256	ok
PROBE-TSV	1	tar.gz	payload	deferred	save_five_changes	tree_build	1	0.045	0	0	162801520	1064	256	ok
PROBE-TSV	1	tar.gz	payload	deferred	save_five_changes	updater_open	1	2.726	0	0	162801520	1064	256	ok
PROBE-TSV	1	tar.gz	payload	deferred	save_five_changes	verification_open	1	36.471	0	0	162801520	1064	256	ok
PROBE-TSV	1	tar.gz	payload	deferred	rename_only_reserve_rename	display	1	1.197	0	0	162811954	1064	256	ok
PROBE-TSV	1	tar.gz	payload	deferred	rename_only_reserve_rename	filter_compute	1	0.000	0	0	162811954	1064	256	ok
PROBE-TSV	1	tar.gz	payload	deferred	rename_only_reserve_rename	password_verification	1	0.032	0	0	162811954	1064	256	ok
PROBE-TSV	1	tar.gz	payload	deferred	rename_only_reserve_rename	total	1	6.515	0	0	162811954	1064	256	ok
PROBE-TSV	1	tar.gz	payload	deferred	rename_only_reserve_rename	tree_build	1	0.630	0	0	162811954	1064	256	ok
PROBE-TSV	1	tar.gz	payload	deferred	save_rename_only	capability_probe	1	1.962	0	0	162811959	1064	256	ok
PROBE-TSV	1	tar.gz	payload	deferred	save_rename_only	commit	1	60.191	0	162824192	162811959	1064	256	ok
PROBE-TSV	1	tar.gz	payload	deferred	save_rename_only	display	1	1.025	0	0	162811959	1064	256	ok
PROBE-TSV	1	tar.gz	payload	deferred	save_rename_only	editing_install	1	0.003	0	0	162811959	1064	256	ok
PROBE-TSV	1	tar.gz	payload	deferred	save_rename_only	editing_prepare	1	0.229	0	0	162811959	1064	256	ok
PROBE-TSV	1	tar.gz	payload	deferred	save_rename_only	entry_comparison	1	0.672	0	0	162811959	1064	256	ok
PROBE-TSV	1	tar.gz	payload	deferred	save_rename_only	filter_compute	2	0.000	0	0	162811959	1064	256	ok
PROBE-TSV	1	tar.gz	payload	deferred	save_rename_only	name_index_advance	1	0.114	0	0	162811959	1064	256	ok
PROBE-TSV	1	tar.gz	payload	deferred	save_rename_only	password_verification	1	0.032	0	0	162811959	1064	256	ok
PROBE-TSV	1	tar.gz	payload	deferred	save_rename_only	publish	1	0.358	0	0	162811959	1064	256	ok
PROBE-TSV	1	tar.gz	payload	deferred	save_rename_only	reader_adoption	1	0.002	0	0	162811959	1064	256	ok
PROBE-TSV	1	tar.gz	payload	deferred	save_rename_only	reload	1	3.438	0	0	162811959	1064	256	ok
PROBE-TSV	1	tar.gz	payload	deferred	save_rename_only	replay	1	0.650	0	0	162811959	1064	256	ok
PROBE-TSV	1	tar.gz	payload	deferred	save_rename_only	replay_plan	1	0.243	0	0	162811959	1064	256	ok
PROBE-TSV	1	tar.gz	payload	deferred	save_rename_only	representability_differential	1	0.018	0	0	162811959	1064	256	ok
PROBE-TSV	1	tar.gz	payload	deferred	save_rename_only	save_sheet	1	122.873	0	162836480	162811959	1064	256	ok
PROBE-TSV	1	tar.gz	payload	deferred	save_rename_only	total	1	123.201	0	162836480	162811959	1064	256	ok
PROBE-TSV	1	tar.gz	payload	deferred	save_rename_only	tree_build	1	0.589	0	0	162811959	1064	256	ok
PROBE-TSV	1	tar.gz	payload	deferred	save_rename_only	updater_open	1	2.797	0	0	162811959	1064	256	ok
PROBE-TSV	1	tar.gz	payload	deferred	save_rename_only	verification_open	1	41.881	0	0	162811959	1064	256	ok
PROBE-TSV	1	tar.bz2	entries	immediate	delete_start	capability_probe	1	173.681	0	0	215674	100000	0	ok
PROBE-TSV	1	tar.bz2	entries	immediate	delete_start	commit	1	45.277	0	221184	215674	100000	0	ok
PROBE-TSV	1	tar.bz2	entries	immediate	delete_start	display	1	2.922	0	0	215674	100000	0	ok
PROBE-TSV	1	tar.bz2	entries	immediate	delete_start	entry_comparison	1	59.886	0	0	215674	100000	0	ok
PROBE-TSV	1	tar.bz2	entries	immediate	delete_start	filter_compute	1	0.000	0	0	215674	100000	0	ok
PROBE-TSV	1	tar.bz2	entries	immediate	delete_start	mutate	1	56.253	0	0	215674	100000	0	ok
PROBE-TSV	1	tar.bz2	entries	immediate	delete_start	password_verification	1	0.227	0	0	215674	100000	0	ok
PROBE-TSV	1	tar.bz2	entries	immediate	delete_start	plan_build	1	0.014	0	0	215674	100000	0	ok
PROBE-TSV	1	tar.bz2	entries	immediate	delete_start	plan_validation	1	8.927	0	0	215674	100000	0	ok
PROBE-TSV	1	tar.bz2	entries	immediate	delete_start	publish	1	0.766	0	0	215674	100000	0	ok
PROBE-TSV	1	tar.bz2	entries	immediate	delete_start	reader_adoption	1	0.002	0	0	215674	100000	0	ok
PROBE-TSV	1	tar.bz2	entries	immediate	delete_start	reload	1	174.038	0	0	215674	100000	0	ok
PROBE-TSV	1	tar.bz2	entries	immediate	delete_start	total	1	1042.553	0	233472	215674	100000	0	ok
PROBE-TSV	1	tar.bz2	entries	immediate	delete_start	tree_build	1	60.438	0	0	215674	100000	0	ok
PROBE-TSV	1	tar.bz2	entries	immediate	delete_start	updater_open	1	247.701	0	0	215674	100000	0	ok
PROBE-TSV	1	tar.bz2	entries	immediate	delete_start	verification_open	1	370.179	0	0	215674	100000	0	ok
PROBE-TSV	1	tar.bz2	entries	immediate	delete_end	capability_probe	1	174.079	0	0	215753	100000	0	ok
PROBE-TSV	1	tar.bz2	entries	immediate	delete_end	commit	1	32.381	0	221184	215753	100000	0	ok
PROBE-TSV	1	tar.bz2	entries	immediate	delete_end	display	1	2.888	0	0	215753	100000	0	ok
PROBE-TSV	1	tar.bz2	entries	immediate	delete_end	entry_comparison	1	60.345	0	0	215753	100000	0	ok
PROBE-TSV	1	tar.bz2	entries	immediate	delete_end	filter_compute	1	0.000	0	0	215753	100000	0	ok
PROBE-TSV	1	tar.bz2	entries	immediate	delete_end	mutate	1	58.381	0	0	215753	100000	0	ok
PROBE-TSV	1	tar.bz2	entries	immediate	delete_end	password_verification	1	0.224	0	0	215753	100000	0	ok
PROBE-TSV	1	tar.bz2	entries	immediate	delete_end	plan_build	1	0.018	0	0	215753	100000	0	ok
PROBE-TSV	1	tar.bz2	entries	immediate	delete_end	plan_validation	1	9.547	0	0	215753	100000	0	ok
PROBE-TSV	1	tar.bz2	entries	immediate	delete_end	publish	1	0.815	0	0	215753	100000	0	ok
PROBE-TSV	1	tar.bz2	entries	immediate	delete_end	reader_adoption	1	0.003	0	0	215753	100000	0	ok
PROBE-TSV	1	tar.bz2	entries	immediate	delete_end	reload	1	174.469	0	0	215753	100000	0	ok
PROBE-TSV	1	tar.bz2	entries	immediate	delete_end	total	1	1026.660	0	233472	215753	100000	0	ok
PROBE-TSV	1	tar.bz2	entries	immediate	delete_end	tree_build	1	59.570	0	0	215753	100000	0	ok
PROBE-TSV	1	tar.bz2	entries	immediate	delete_end	updater_open	1	247.652	0	0	215753	100000	0	ok
PROBE-TSV	1	tar.bz2	entries	immediate	delete_end	verification_open	1	364.504	0	0	215753	100000	0	ok
PROBE-TSV	1	tar.bz2	entries	immediate	rename_same_length	capability_probe	1	168.525	0	0	215716	100000	0	ok
PROBE-TSV	1	tar.bz2	entries	immediate	rename_same_length	commit	1	45.394	0	229376	215716	100000	0	ok
PROBE-TSV	1	tar.bz2	entries	immediate	rename_same_length	display	1	2.900	0	0	215716	100000	0	ok
PROBE-TSV	1	tar.bz2	entries	immediate	rename_same_length	entry_comparison	1	59.830	0	0	215716	100000	0	ok
PROBE-TSV	1	tar.bz2	entries	immediate	rename_same_length	filter_compute	1	0.000	0	0	215716	100000	0	ok
PROBE-TSV	1	tar.bz2	entries	immediate	rename_same_length	mutate	1	57.534	0	0	215716	100000	0	ok
PROBE-TSV	1	tar.bz2	entries	immediate	rename_same_length	name_index_advance	1	12.880	0	0	215716	100000	0	ok
PROBE-TSV	1	tar.bz2	entries	immediate	rename_same_length	name_index_build	1	136.663	0	0	215716	100000	0	ok
PROBE-TSV	1	tar.bz2	entries	immediate	rename_same_length	password_verification	1	0.184	0	0	215716	100000	0	ok
PROBE-TSV	1	tar.bz2	entries	immediate	rename_same_length	plan_build	1	0.021	0	0	215716	100000	0	ok
PROBE-TSV	1	tar.bz2	entries	immediate	rename_same_length	plan_validation	1	8.975	0	0	215716	100000	0	ok
PROBE-TSV	1	tar.bz2	entries	immediate	rename_same_length	publish	1	0.766	0	0	215716	100000	0	ok
PROBE-TSV	1	tar.bz2	entries	immediate	rename_same_length	reader_adoption	1	0.002	0	0	215716	100000	0	ok
PROBE-TSV	1	tar.bz2	entries	immediate	rename_same_length	reload	1	181.997	0	0	215716	100000	0	ok
PROBE-TSV	1	tar.bz2	entries	immediate	rename_same_length	total	1	1188.149	0	241664	215716	100000	0	ok
PROBE-TSV	1	tar.bz2	entries	immediate	rename_same_length	tree_build	1	58.600	0	0	215716	100000	0	ok
PROBE-TSV	1	tar.bz2	entries	immediate	rename_same_length	updater_open	1	249.809	0	0	215716	100000	0	ok
PROBE-TSV	1	tar.bz2	entries	immediate	rename_same_length	verification_open	1	368.311	0	0	215716	100000	0	ok
PROBE-TSV	1	tar.bz2	entries	immediate	rename_different_length	capability_probe	1	169.588	0	0	215829	100000	0	ok
PROBE-TSV	1	tar.bz2	entries	immediate	rename_different_length	commit	1	45.934	0	229376	215829	100000	0	ok
PROBE-TSV	1	tar.bz2	entries	immediate	rename_different_length	display	1	2.889	0	0	215829	100000	0	ok
PROBE-TSV	1	tar.bz2	entries	immediate	rename_different_length	entry_comparison	1	60.214	0	0	215829	100000	0	ok
PROBE-TSV	1	tar.bz2	entries	immediate	rename_different_length	filter_compute	1	0.000	0	0	215829	100000	0	ok
PROBE-TSV	1	tar.bz2	entries	immediate	rename_different_length	mutate	1	58.223	0	0	215829	100000	0	ok
PROBE-TSV	1	tar.bz2	entries	immediate	rename_different_length	name_index_advance	1	12.807	0	0	215829	100000	0	ok
PROBE-TSV	1	tar.bz2	entries	immediate	rename_different_length	name_index_build	1	134.600	0	0	215829	100000	0	ok
PROBE-TSV	1	tar.bz2	entries	immediate	rename_different_length	password_verification	1	0.191	0	0	215829	100000	0	ok
PROBE-TSV	1	tar.bz2	entries	immediate	rename_different_length	plan_build	1	0.021	0	0	215829	100000	0	ok
PROBE-TSV	1	tar.bz2	entries	immediate	rename_different_length	plan_validation	1	9.714	0	0	215829	100000	0	ok
PROBE-TSV	1	tar.bz2	entries	immediate	rename_different_length	publish	1	0.751	0	0	215829	100000	0	ok
PROBE-TSV	1	tar.bz2	entries	immediate	rename_different_length	reader_adoption	1	0.002	0	0	215829	100000	0	ok
PROBE-TSV	1	tar.bz2	entries	immediate	rename_different_length	reload	1	182.992	0	0	215829	100000	0	ok
PROBE-TSV	1	tar.bz2	entries	immediate	rename_different_length	total	1	1187.289	0	241664	215829	100000	0	ok
PROBE-TSV	1	tar.bz2	entries	immediate	rename_different_length	tree_build	1	61.030	0	0	215829	100000	0	ok
PROBE-TSV	1	tar.bz2	entries	immediate	rename_different_length	updater_open	1	247.721	0	0	215829	100000	0	ok
PROBE-TSV	1	tar.bz2	entries	immediate	rename_different_length	verification_open	1	366.033	0	0	215829	100000	0	ok
PROBE-TSV	1	tar.bz2	entries	immediate	rename_folder	capability_probe	1	170.935	0	0	216153	100000	0	ok
PROBE-TSV	1	tar.bz2	entries	immediate	rename_folder	commit	1	55.967	0	741376	216153	100000	0	ok
PROBE-TSV	1	tar.bz2	entries	immediate	rename_folder	display	1	2.650	0	0	216153	100000	0	ok
PROBE-TSV	1	tar.bz2	entries	immediate	rename_folder	entry_comparison	1	59.074	0	0	216153	100000	0	ok
PROBE-TSV	1	tar.bz2	entries	immediate	rename_folder	filter_compute	1	0.000	0	0	216153	100000	0	ok
PROBE-TSV	1	tar.bz2	entries	immediate	rename_folder	mutate	1	63.276	0	0	216153	100000	0	ok
PROBE-TSV	1	tar.bz2	entries	immediate	rename_folder	name_index_advance	1	17.553	0	0	216153	100000	0	ok
PROBE-TSV	1	tar.bz2	entries	immediate	rename_folder	name_index_build	1	135.662	0	0	216153	100000	0	ok
PROBE-TSV	1	tar.bz2	entries	immediate	rename_folder	password_verification	1	0.225	0	0	216153	100000	0	ok
PROBE-TSV	1	tar.bz2	entries	immediate	rename_folder	plan_build	1	5.498	0	0	216153	100000	0	ok
PROBE-TSV	1	tar.bz2	entries	immediate	rename_folder	plan_validation	1	11.977	0	0	216153	100000	0	ok
PROBE-TSV	1	tar.bz2	entries	immediate	rename_folder	publish	1	0.760	0	0	216153	100000	0	ok
PROBE-TSV	1	tar.bz2	entries	immediate	rename_folder	reader_adoption	1	0.002	0	0	216153	100000	0	ok
PROBE-TSV	1	tar.bz2	entries	immediate	rename_folder	reload	1	189.095	0	0	216153	100000	0	ok
PROBE-TSV	1	tar.bz2	entries	immediate	rename_folder	total	1	1219.655	0	753664	216153	100000	0	ok
PROBE-TSV	1	tar.bz2	entries	immediate	rename_folder	tree_build	1	59.068	0	0	216153	100000	0	ok
PROBE-TSV	1	tar.bz2	entries	immediate	rename_folder	updater_open	1	253.409	0	0	216153	100000	0	ok
PROBE-TSV	1	tar.bz2	entries	immediate	rename_folder	verification_open	1	365.914	0	0	216153	100000	0	ok
PROBE-TSV	1	tar.bz2	entries	immediate	new_folder	capability_probe	1	171.287	0	0	215831	100000	0	ok
PROBE-TSV	1	tar.bz2	entries	immediate	new_folder	commit	1	5.890	0	229376	215831	100000	0	ok
PROBE-TSV	1	tar.bz2	entries	immediate	new_folder	display	1	2.959	0	0	215831	100000	0	ok
PROBE-TSV	1	tar.bz2	entries	immediate	new_folder	entry_comparison	1	59.682	0	0	215831	100000	0	ok
PROBE-TSV	1	tar.bz2	entries	immediate	new_folder	filter_compute	1	0.000	0	0	215831	100000	0	ok
PROBE-TSV	1	tar.bz2	entries	immediate	new_folder	mutate	1	61.254	0	0	215831	100000	0	ok
PROBE-TSV	1	tar.bz2	entries	immediate	new_folder	name_index_advance	1	12.338	0	0	215831	100000	0	ok
PROBE-TSV	1	tar.bz2	entries	immediate	new_folder	name_index_build	1	138.267	0	0	215831	100000	0	ok
PROBE-TSV	1	tar.bz2	entries	immediate	new_folder	password_verification	1	0.210	0	0	215831	100000	0	ok
PROBE-TSV	1	tar.bz2	entries	immediate	new_folder	plan_build	1	138.291	0	0	215831	100000	0	ok
PROBE-TSV	1	tar.bz2	entries	immediate	new_folder	plan_validation	1	9.423	0	0	215831	100000	0	ok
PROBE-TSV	1	tar.bz2	entries	immediate	new_folder	publish	1	0.771	0	0	215831	100000	0	ok
PROBE-TSV	1	tar.bz2	entries	immediate	new_folder	reader_adoption	1	0.002	0	0	215831	100000	0	ok
PROBE-TSV	1	tar.bz2	entries	immediate	new_folder	reload	1	184.219	0	0	215831	100000	0	ok
PROBE-TSV	1	tar.bz2	entries	immediate	new_folder	total	1	1145.436	0	241664	215831	100000	0	ok
PROBE-TSV	1	tar.bz2	entries	immediate	new_folder	tree_build	1	60.716	0	0	215831	100000	0	ok
PROBE-TSV	1	tar.bz2	entries	immediate	new_folder	updater_open	1	243.027	0	0	215831	100000	0	ok
PROBE-TSV	1	tar.bz2	entries	immediate	new_folder	verification_open	1	363.876	0	0	215831	100000	0	ok
PROBE-TSV	1	tar.bz2	entries	immediate	add_file	capability_probe	1	170.618	0	0	215835	100000	0	ok
PROBE-TSV	1	tar.bz2	entries	immediate	add_file	commit	1	5.912	0	229376	215835	100000	0	ok
PROBE-TSV	1	tar.bz2	entries	immediate	add_file	display	1	3.016	0	0	215835	100000	0	ok
PROBE-TSV	1	tar.bz2	entries	immediate	add_file	entry_comparison	1	60.094	0	0	215835	100000	0	ok
PROBE-TSV	1	tar.bz2	entries	immediate	add_file	filter_compute	1	0.000	0	0	215835	100000	0	ok
PROBE-TSV	1	tar.bz2	entries	immediate	add_file	mutate	1	64.093	0	0	215835	100000	0	ok
PROBE-TSV	1	tar.bz2	entries	immediate	add_file	name_index_advance	1	12.329	0	0	215835	100000	0	ok
PROBE-TSV	1	tar.bz2	entries	immediate	add_file	name_index_build	1	136.020	0	0	215835	100000	0	ok
PROBE-TSV	1	tar.bz2	entries	immediate	add_file	password_verification	1	0.220	0	0	215835	100000	0	ok
PROBE-TSV	1	tar.bz2	entries	immediate	add_file	plan_build	3	0.071	0	0	215835	100000	0	ok
PROBE-TSV	1	tar.bz2	entries	immediate	add_file	plan_validation	1	9.678	0	0	215835	100000	0	ok
PROBE-TSV	1	tar.bz2	entries	immediate	add_file	publish	1	0.828	0	0	215835	100000	0	ok
PROBE-TSV	1	tar.bz2	entries	immediate	add_file	reader_adoption	1	0.003	0	0	215835	100000	0	ok
PROBE-TSV	1	tar.bz2	entries	immediate	add_file	reload	1	183.638	0	0	215835	100000	0	ok
PROBE-TSV	1	tar.bz2	entries	immediate	add_file	total	1	1155.252	0	241664	215835	100000	0	ok
PROBE-TSV	1	tar.bz2	entries	immediate	add_file	tree_build	1	60.311	0	0	215835	100000	0	ok
PROBE-TSV	1	tar.bz2	entries	immediate	add_file	updater_open	1	247.268	0	0	215835	100000	0	ok
PROBE-TSV	1	tar.bz2	entries	immediate	add_file	verification_open	1	367.537	0	0	215835	100000	0	ok
PROBE-TSV	1	tar.bz2	entries	immediate	replace_file	capability_probe	1	168.704	0	0	215785	100000	0	ok
PROBE-TSV	1	tar.bz2	entries	immediate	replace_file	commit	1	45.062	0	229376	215785	100000	0	ok
PROBE-TSV	1	tar.bz2	entries	immediate	replace_file	display	1	2.866	0	0	215785	100000	0	ok
PROBE-TSV	1	tar.bz2	entries	immediate	replace_file	entry_comparison	1	59.855	0	0	215785	100000	0	ok
PROBE-TSV	1	tar.bz2	entries	immediate	replace_file	filter_compute	1	0.000	0	0	215785	100000	0	ok
PROBE-TSV	1	tar.bz2	entries	immediate	replace_file	mutate	1	110.897	0	0	215785	100000	0	ok
PROBE-TSV	1	tar.bz2	entries	immediate	replace_file	name_index_advance	1	12.648	0	0	215785	100000	0	ok
PROBE-TSV	1	tar.bz2	entries	immediate	replace_file	name_index_build	1	134.601	0	0	215785	100000	0	ok
PROBE-TSV	1	tar.bz2	entries	immediate	replace_file	password_verification	1	0.238	0	0	215785	100000	0	ok
PROBE-TSV	1	tar.bz2	entries	immediate	replace_file	plan_build	4	2.146	0	0	215785	100000	0	ok
PROBE-TSV	1	tar.bz2	entries	immediate	replace_file	plan_validation	1	9.313	0	0	215785	100000	0	ok
PROBE-TSV	1	tar.bz2	entries	immediate	replace_file	publish	1	0.755	0	0	215785	100000	0	ok
PROBE-TSV	1	tar.bz2	entries	immediate	replace_file	reader_adoption	1	0.002	0	0	215785	100000	0	ok
PROBE-TSV	1	tar.bz2	entries	immediate	replace_file	reload	1	181.979	0	0	215785	100000	0	ok
PROBE-TSV	1	tar.bz2	entries	immediate	replace_file	total	1	1229.849	0	241664	215785	100000	0	ok
PROBE-TSV	1	tar.bz2	entries	immediate	replace_file	tree_build	1	57.526	0	0	215785	100000	0	ok
PROBE-TSV	1	tar.bz2	entries	immediate	replace_file	updater_open	1	244.841	0	0	215785	100000	0	ok
PROBE-TSV	1	tar.bz2	entries	immediate	replace_file	verification_open	1	363.403	0	0	215785	100000	0	ok
PROBE-TSV	1	tar.bz2	entries	deferred	five_changes_reserve_rename	display	1	2.942	0	0	215734	100000	0	ok
PROBE-TSV	1	tar.bz2	entries	deferred	five_changes_reserve_rename	filter_compute	1	0.001	0	0	215734	100000	0	ok
PROBE-TSV	1	tar.bz2	entries	deferred	five_changes_reserve_rename	password_verification	1	0.574	0	0	215734	100000	0	ok
PROBE-TSV	1	tar.bz2	entries	deferred	five_changes_reserve_rename	total	1	146.239	0	0	215734	100000	0	ok
PROBE-TSV	1	tar.bz2	entries	deferred	five_changes_reserve_rename	tree_build	1	63.034	0	0	215734	100000	0	ok
PROBE-TSV	1	tar.bz2	entries	deferred	five_changes_reserve_delete	display	1	2.868	0	0	215734	100000	0	ok
PROBE-TSV	1	tar.bz2	entries	deferred	five_changes_reserve_delete	filter_compute	1	0.001	0	0	215734	100000	0	ok
PROBE-TSV	1	tar.bz2	entries	deferred	five_changes_reserve_delete	password_verification	1	0.574	0	0	215734	100000	0	ok
PROBE-TSV	1	tar.bz2	entries	deferred	five_changes_reserve_delete	total	1	119.215	0	0	215734	100000	0	ok
PROBE-TSV	1	tar.bz2	entries	deferred	five_changes_reserve_delete	tree_build	1	62.517	0	0	215734	100000	0	ok
PROBE-TSV	1	tar.bz2	entries	deferred	five_changes_reserve_new_folder	display	1	2.971	0	0	215734	100000	0	ok
PROBE-TSV	1	tar.bz2	entries	deferred	five_changes_reserve_new_folder	filter_compute	1	0.000	0	0	215734	100000	0	ok
PROBE-TSV	1	tar.bz2	entries	deferred	five_changes_reserve_new_folder	password_verification	1	0.580	0	0	215734	100000	0	ok
PROBE-TSV	1	tar.bz2	entries	deferred	five_changes_reserve_new_folder	total	1	176.836	0	0	215734	100000	0	ok
PROBE-TSV	1	tar.bz2	entries	deferred	five_changes_reserve_new_folder	tree_build	1	57.588	0	0	215734	100000	0	ok
PROBE-TSV	1	tar.bz2	entries	deferred	five_changes_reserve_delete_folder	display	1	2.953	0	0	215734	100000	0	ok
PROBE-TSV	1	tar.bz2	entries	deferred	five_changes_reserve_delete_folder	filter_compute	1	0.001	0	0	215734	100000	0	ok
PROBE-TSV	1	tar.bz2	entries	deferred	five_changes_reserve_delete_folder	password_verification	1	0.572	0	0	215734	100000	0	ok
PROBE-TSV	1	tar.bz2	entries	deferred	five_changes_reserve_delete_folder	total	1	151.793	0	0	215734	100000	0	ok
PROBE-TSV	1	tar.bz2	entries	deferred	five_changes_reserve_delete_folder	tree_build	1	59.687	0	0	215734	100000	0	ok
PROBE-TSV	1	tar.bz2	entries	deferred	five_changes_reserve_add	display	1	3.069	0	0	215734	100000	0	ok
PROBE-TSV	1	tar.bz2	entries	deferred	five_changes_reserve_add	filter_compute	1	0.001	0	0	215734	100000	0	ok
PROBE-TSV	1	tar.bz2	entries	deferred	five_changes_reserve_add	password_verification	1	0.570	0	0	215734	100000	0	ok
PROBE-TSV	1	tar.bz2	entries	deferred	five_changes_reserve_add	plan_build	3	0.058	0	0	215734	100000	0	ok
PROBE-TSV	1	tar.bz2	entries	deferred	five_changes_reserve_add	total	1	145.865	0	4096	215734	100000	0	ok
PROBE-TSV	1	tar.bz2	entries	deferred	five_changes_reserve_add	tree_build	1	57.017	0	0	215734	100000	0	ok
PROBE-TSV	1	tar.bz2	entries	deferred	save_five_changes	capability_probe	1	172.348	0	0	214218	100000	0	ok
PROBE-TSV	1	tar.bz2	entries	deferred	save_five_changes	commit	1	39.490	0	229376	214218	100000	0	ok
PROBE-TSV	1	tar.bz2	entries	deferred	save_five_changes	display	1	2.879	0	0	214218	100000	0	ok
PROBE-TSV	1	tar.bz2	entries	deferred	save_five_changes	editing_install	1	0.005	0	0	214218	100000	0	ok
PROBE-TSV	1	tar.bz2	entries	deferred	save_five_changes	editing_prepare	1	22.618	0	0	214218	100000	0	ok
PROBE-TSV	1	tar.bz2	entries	deferred	save_five_changes	entry_comparison	1	61.726	0	0	214218	100000	0	ok
PROBE-TSV	1	tar.bz2	entries	deferred	save_five_changes	filter_compute	2	0.001	0	0	214218	100000	0	ok
PROBE-TSV	1	tar.bz2	entries	deferred	save_five_changes	name_index_advance	1	16.421	0	0	214218	100000	0	ok
PROBE-TSV	1	tar.bz2	entries	deferred	save_five_changes	password_verification	1	0.576	0	0	214218	100000	0	ok
PROBE-TSV	1	tar.bz2	entries	deferred	save_five_changes	publish	1	0.956	0	0	214218	100000	0	ok
PROBE-TSV	1	tar.bz2	entries	deferred	save_five_changes	reader_adoption	1	0.002	0	0	214218	100000	0	ok
PROBE-TSV	1	tar.bz2	entries	deferred	save_five_changes	reload	1	189.512	0	0	214218	100000	0	ok
PROBE-TSV	1	tar.bz2	entries	deferred	save_five_changes	replay	1	119.356	4096	0	214218	100000	0	ok
PROBE-TSV	1	tar.bz2	entries	deferred	save_five_changes	replay_plan	1	22.695	0	0	214218	100000	0	ok
PROBE-TSV	1	tar.bz2	entries	deferred	save_five_changes	representability_differential	1	0.983	0	0	214218	100000	0	ok
PROBE-TSV	1	tar.bz2	entries	deferred	save_five_changes	save_sheet	1	1497.059	4096	253952	214218	100000	0	ok
PROBE-TSV	1	tar.bz2	entries	deferred	save_five_changes	total	1	1519.943	4096	253952	214218	100000	0	ok
PROBE-TSV	1	tar.bz2	entries	deferred	save_five_changes	tree_build	1	61.799	0	0	214218	100000	0	ok
PROBE-TSV	1	tar.bz2	entries	deferred	save_five_changes	updater_open	1	250.111	0	0	214218	100000	0	ok
PROBE-TSV	1	tar.bz2	entries	deferred	save_five_changes	verification_open	1	377.858	0	0	214218	100000	0	ok
PROBE-TSV	1	tar.bz2	entries	deferred	rename_only_reserve_rename	display	1	2.790	0	0	215734	100000	0	ok
PROBE-TSV	1	tar.bz2	entries	deferred	rename_only_reserve_rename	filter_compute	1	0.001	0	0	215734	100000	0	ok
PROBE-TSV	1	tar.bz2	entries	deferred	rename_only_reserve_rename	password_verification	1	0.571	0	0	215734	100000	0	ok
PROBE-TSV	1	tar.bz2	entries	deferred	rename_only_reserve_rename	total	1	142.811	0	0	215734	100000	0	ok
PROBE-TSV	1	tar.bz2	entries	deferred	rename_only_reserve_rename	tree_build	1	58.840	0	0	215734	100000	0	ok
PROBE-TSV	1	tar.bz2	entries	deferred	save_rename_only	capability_probe	1	174.339	0	0	215736	100000	0	ok
PROBE-TSV	1	tar.bz2	entries	deferred	save_rename_only	commit	1	47.981	0	229376	215736	100000	0	ok
PROBE-TSV	1	tar.bz2	entries	deferred	save_rename_only	display	1	2.865	0	0	215736	100000	0	ok
PROBE-TSV	1	tar.bz2	entries	deferred	save_rename_only	editing_install	1	0.006	0	0	215736	100000	0	ok
PROBE-TSV	1	tar.bz2	entries	deferred	save_rename_only	editing_prepare	1	22.377	0	0	215736	100000	0	ok
PROBE-TSV	1	tar.bz2	entries	deferred	save_rename_only	entry_comparison	1	60.112	0	0	215736	100000	0	ok
PROBE-TSV	1	tar.bz2	entries	deferred	save_rename_only	filter_compute	2	0.001	0	0	215736	100000	0	ok
PROBE-TSV	1	tar.bz2	entries	deferred	save_rename_only	name_index_advance	1	13.270	0	0	215736	100000	0	ok
PROBE-TSV	1	tar.bz2	entries	deferred	save_rename_only	password_verification	1	0.581	0	0	215736	100000	0	ok
PROBE-TSV	1	tar.bz2	entries	deferred	save_rename_only	publish	1	0.413	0	0	215736	100000	0	ok
PROBE-TSV	1	tar.bz2	entries	deferred	save_rename_only	reader_adoption	1	0.003	0	0	215736	100000	0	ok
PROBE-TSV	1	tar.bz2	entries	deferred	save_rename_only	reload	1	188.339	0	0	215736	100000	0	ok
PROBE-TSV	1	tar.bz2	entries	deferred	save_rename_only	replay	1	61.502	0	0	215736	100000	0	ok
PROBE-TSV	1	tar.bz2	entries	deferred	save_rename_only	replay_plan	1	19.958	0	0	215736	100000	0	ok
PROBE-TSV	1	tar.bz2	entries	deferred	save_rename_only	representability_differential	1	0.023	0	0	215736	100000	0	ok
PROBE-TSV	1	tar.bz2	entries	deferred	save_rename_only	save_sheet	1	1427.002	0	241664	215736	100000	0	ok
PROBE-TSV	1	tar.bz2	entries	deferred	save_rename_only	total	1	1450.738	0	241664	215736	100000	0	ok
PROBE-TSV	1	tar.bz2	entries	deferred	save_rename_only	tree_build	1	60.819	0	0	215736	100000	0	ok
PROBE-TSV	1	tar.bz2	entries	deferred	save_rename_only	updater_open	1	250.203	0	0	215736	100000	0	ok
PROBE-TSV	1	tar.bz2	entries	deferred	save_rename_only	verification_open	1	375.394	0	0	215736	100000	0	ok
PROBE-TSV	1	tar.bz2	payload	immediate	delete_start	capability_probe	1	2.002	0	0	141441805	1064	256	ok
PROBE-TSV	1	tar.bz2	payload	immediate	delete_start	commit	1	21.101	0	141455360	141441805	1064	256	ok
PROBE-TSV	1	tar.bz2	payload	immediate	delete_start	display	1	1.309	0	0	141441805	1064	256	ok
PROBE-TSV	1	tar.bz2	payload	immediate	delete_start	entry_comparison	1	0.633	0	0	141441805	1064	256	ok
PROBE-TSV	1	tar.bz2	payload	immediate	delete_start	filter_compute	1	0.000	0	0	141441805	1064	256	ok
PROBE-TSV	1	tar.bz2	payload	immediate	delete_start	mutate	1	0.625	0	0	141441805	1064	256	ok
PROBE-TSV	1	tar.bz2	payload	immediate	delete_start	password_verification	1	0.030	0	0	141441805	1064	256	ok
PROBE-TSV	1	tar.bz2	payload	immediate	delete_start	plan_build	1	0.011	0	0	141441805	1064	256	ok
PROBE-TSV	1	tar.bz2	payload	immediate	delete_start	plan_validation	1	0.098	0	0	141441805	1064	256	ok
PROBE-TSV	1	tar.bz2	payload	immediate	delete_start	publish	1	0.733	0	0	141441805	1064	256	ok
PROBE-TSV	1	tar.bz2	payload	immediate	delete_start	reader_adoption	1	0.002	0	0	141441805	1064	256	ok
PROBE-TSV	1	tar.bz2	payload	immediate	delete_start	reload	1	2.168	0	0	141441805	1064	256	ok
PROBE-TSV	1	tar.bz2	payload	immediate	delete_start	total	1	48.834	0	141467648	141441805	1064	256	ok
PROBE-TSV	1	tar.bz2	payload	immediate	delete_start	tree_build	1	0.607	0	0	141441805	1064	256	ok
PROBE-TSV	1	tar.bz2	payload	immediate	delete_start	updater_open	1	2.837	0	0	141441805	1064	256	ok
PROBE-TSV	1	tar.bz2	payload	immediate	delete_start	verification_open	1	15.073	0	0	141441805	1064	256	ok
PROBE-TSV	1	tar.bz2	payload	immediate	delete_end	capability_probe	1	2.009	0	0	143017598	1064	256	ok
PROBE-TSV	1	tar.bz2	payload	immediate	delete_end	commit	1	26.658	0	143028224	143017598	1064	256	ok
PROBE-TSV	1	tar.bz2	payload	immediate	delete_end	display	1	1.306	0	0	143017598	1064	256	ok
PROBE-TSV	1	tar.bz2	payload	immediate	delete_end	entry_comparison	1	0.676	0	0	143017598	1064	256	ok
PROBE-TSV	1	tar.bz2	payload	immediate	delete_end	filter_compute	1	0.000	0	0	143017598	1064	256	ok
PROBE-TSV	1	tar.bz2	payload	immediate	delete_end	mutate	1	0.649	0	0	143017598	1064	256	ok
PROBE-TSV	1	tar.bz2	payload	immediate	delete_end	password_verification	1	0.030	0	0	143017598	1064	256	ok
PROBE-TSV	1	tar.bz2	payload	immediate	delete_end	plan_build	1	0.010	0	0	143017598	1064	256	ok
PROBE-TSV	1	tar.bz2	payload	immediate	delete_end	plan_validation	1	0.106	0	0	143017598	1064	256	ok
PROBE-TSV	1	tar.bz2	payload	immediate	delete_end	publish	1	0.712	0	0	143017598	1064	256	ok
PROBE-TSV	1	tar.bz2	payload	immediate	delete_end	reader_adoption	1	0.002	0	0	143017598	1064	256	ok
PROBE-TSV	1	tar.bz2	payload	immediate	delete_end	reload	1	2.206	0	0	143017598	1064	256	ok
PROBE-TSV	1	tar.bz2	payload	immediate	delete_end	total	1	55.185	0	143040512	143017598	1064	256	ok
PROBE-TSV	1	tar.bz2	payload	immediate	delete_end	tree_build	1	0.602	0	0	143017598	1064	256	ok
PROBE-TSV	1	tar.bz2	payload	immediate	delete_end	updater_open	1	2.856	0	0	143017598	1064	256	ok
PROBE-TSV	1	tar.bz2	payload	immediate	delete_end	verification_open	1	15.607	0	0	143017598	1064	256	ok
PROBE-TSV	1	tar.bz2	payload	immediate	rename_same_length	capability_probe	1	1.977	0	0	143017570	1064	256	ok
PROBE-TSV	1	tar.bz2	payload	immediate	rename_same_length	commit	1	314.169	0	143028224	143017570	1064	256	ok
PROBE-TSV	1	tar.bz2	payload	immediate	rename_same_length	display	1	1.305	0	0	143017570	1064	256	ok
PROBE-TSV	1	tar.bz2	payload	immediate	rename_same_length	entry_comparison	1	0.664	0	0	143017570	1064	256	ok
PROBE-TSV	1	tar.bz2	payload	immediate	rename_same_length	filter_compute	1	0.000	0	0	143017570	1064	256	ok
PROBE-TSV	1	tar.bz2	payload	immediate	rename_same_length	mutate	1	0.652	0	0	143017570	1064	256	ok
PROBE-TSV	1	tar.bz2	payload	immediate	rename_same_length	name_index_advance	1	0.155	0	0	143017570	1064	256	ok
PROBE-TSV	1	tar.bz2	payload	immediate	rename_same_length	name_index_build	1	1.490	0	0	143017570	1064	256	ok
PROBE-TSV	1	tar.bz2	payload	immediate	rename_same_length	password_verification	1	0.030	0	0	143017570	1064	256	ok
PROBE-TSV	1	tar.bz2	payload	immediate	rename_same_length	plan_build	1	0.020	0	0	143017570	1064	256	ok
PROBE-TSV	1	tar.bz2	payload	immediate	rename_same_length	plan_validation	1	0.104	0	0	143017570	1064	256	ok
PROBE-TSV	1	tar.bz2	payload	immediate	rename_same_length	publish	1	0.724	0	0	143017570	1064	256	ok
PROBE-TSV	1	tar.bz2	payload	immediate	rename_same_length	reader_adoption	1	0.002	0	0	143017570	1064	256	ok
PROBE-TSV	1	tar.bz2	payload	immediate	rename_same_length	reload	1	2.323	0	0	143017570	1064	256	ok
PROBE-TSV	1	tar.bz2	payload	immediate	rename_same_length	total	1	436.103	0	143040512	143017570	1064	256	ok
PROBE-TSV	1	tar.bz2	payload	immediate	rename_same_length	tree_build	1	0.606	0	0	143017570	1064	256	ok
PROBE-TSV	1	tar.bz2	payload	immediate	rename_same_length	updater_open	1	2.872	0	0	143017570	1064	256	ok
PROBE-TSV	1	tar.bz2	payload	immediate	rename_same_length	verification_open	1	107.280	0	0	143017570	1064	256	ok
PROBE-TSV	1	tar.bz2	payload	immediate	rename_different_length	capability_probe	1	2.156	0	0	143017985	1064	256	ok
PROBE-TSV	1	tar.bz2	payload	immediate	rename_different_length	commit	1	313.448	0	143028224	143017985	1064	256	ok
PROBE-TSV	1	tar.bz2	payload	immediate	rename_different_length	display	1	1.366	0	0	143017985	1064	256	ok
PROBE-TSV	1	tar.bz2	payload	immediate	rename_different_length	entry_comparison	1	0.722	0	0	143017985	1064	256	ok
PROBE-TSV	1	tar.bz2	payload	immediate	rename_different_length	filter_compute	1	0.000	0	0	143017985	1064	256	ok
PROBE-TSV	1	tar.bz2	payload	immediate	rename_different_length	mutate	1	0.688	0	0	143017985	1064	256	ok
PROBE-TSV	1	tar.bz2	payload	immediate	rename_different_length	name_index_advance	1	0.144	0	0	143017985	1064	256	ok
PROBE-TSV	1	tar.bz2	payload	immediate	rename_different_length	name_index_build	1	1.605	0	0	143017985	1064	256	ok
PROBE-TSV	1	tar.bz2	payload	immediate	rename_different_length	password_verification	1	0.027	0	0	143017985	1064	256	ok
PROBE-TSV	1	tar.bz2	payload	immediate	rename_different_length	plan_build	1	0.021	0	0	143017985	1064	256	ok
PROBE-TSV	1	tar.bz2	payload	immediate	rename_different_length	plan_validation	1	0.108	0	0	143017985	1064	256	ok
PROBE-TSV	1	tar.bz2	payload	immediate	rename_different_length	publish	1	0.757	0	0	143017985	1064	256	ok
PROBE-TSV	1	tar.bz2	payload	immediate	rename_different_length	reader_adoption	1	0.002	0	0	143017985	1064	256	ok
PROBE-TSV	1	tar.bz2	payload	immediate	rename_different_length	reload	1	2.508	0	0	143017985	1064	256	ok
PROBE-TSV	1	tar.bz2	payload	immediate	rename_different_length	total	1	435.570	0	143040512	143017985	1064	256	ok
PROBE-TSV	1	tar.bz2	payload	immediate	rename_different_length	tree_build	1	0.596	0	0	143017985	1064	256	ok
PROBE-TSV	1	tar.bz2	payload	immediate	rename_different_length	updater_open	1	3.009	0	0	143017985	1064	256	ok
PROBE-TSV	1	tar.bz2	payload	immediate	rename_different_length	verification_open	1	107.143	0	0	143017985	1064	256	ok
PROBE-TSV	1	tar.bz2	payload	immediate	rename_folder	capability_probe	1	1.926	0	0	143026149	1064	256	ok
PROBE-TSV	1	tar.bz2	payload	immediate	rename_folder	commit	1	3471.826	0	143065088	143026149	1064	256	ok
PROBE-TSV	1	tar.bz2	payload	immediate	rename_folder	display	1	1.195	0	0	143026149	1064	256	ok
PROBE-TSV	1	tar.bz2	payload	immediate	rename_folder	entry_comparison	1	0.656	0	0	143026149	1064	256	ok
PROBE-TSV	1	tar.bz2	payload	immediate	rename_folder	filter_compute	1	0.000	0	0	143026149	1064	256	ok
PROBE-TSV	1	tar.bz2	payload	immediate	rename_folder	mutate	1	0.898	0	0	143026149	1064	256	ok
PROBE-TSV	1	tar.bz2	payload	immediate	rename_folder	name_index_advance	1	0.400	0	0	143026149	1064	256	ok
PROBE-TSV	1	tar.bz2	payload	immediate	rename_folder	name_index_build	1	1.444	0	0	143026149	1064	256	ok
PROBE-TSV	1	tar.bz2	payload	immediate	rename_folder	password_verification	1	0.028	0	0	143026149	1064	256	ok
PROBE-TSV	1	tar.bz2	payload	immediate	rename_folder	plan_build	1	0.335	0	0	143026149	1064	256	ok
PROBE-TSV	1	tar.bz2	payload	immediate	rename_folder	plan_validation	1	0.243	0	0	143026149	1064	256	ok
PROBE-TSV	1	tar.bz2	payload	immediate	rename_folder	publish	1	0.764	0	0	143026149	1064	256	ok
PROBE-TSV	1	tar.bz2	payload	immediate	rename_folder	reader_adoption	1	0.002	0	0	143026149	1064	256	ok
PROBE-TSV	1	tar.bz2	payload	immediate	rename_folder	reload	1	2.542	0	0	143026149	1064	256	ok
PROBE-TSV	1	tar.bz2	payload	immediate	rename_folder	total	1	9989.117	0	411512832	143026149	1064	256	ok
PROBE-TSV	1	tar.bz2	payload	immediate	rename_folder	tree_build	1	0.584	0	0	143026149	1064	256	ok
PROBE-TSV	1	tar.bz2	payload	immediate	rename_folder	updater_open	1	2.780	0	0	143026149	1064	256	ok
PROBE-TSV	1	tar.bz2	payload	immediate	rename_folder	verification_open	1	6502.244	0	268435456	143026149	1064	256	ok
PROBE-TSV	1	tar.bz2	payload	immediate	new_folder	capability_probe	1	2.179	0	0	143017666	1064	256	ok
PROBE-TSV	1	tar.bz2	payload	immediate	new_folder	commit	1	20.443	0	143024128	143017666	1064	256	ok
PROBE-TSV	1	tar.bz2	payload	immediate	new_folder	display	1	1.322	0	0	143017666	1064	256	ok
PROBE-TSV	1	tar.bz2	payload	immediate	new_folder	entry_comparison	1	0.750	0	0	143017666	1064	256	ok
PROBE-TSV	1	tar.bz2	payload	immediate	new_folder	filter_compute	1	0.000	0	0	143017666	1064	256	ok
PROBE-TSV	1	tar.bz2	payload	immediate	new_folder	mutate	1	0.796	0	0	143017666	1064	256	ok
PROBE-TSV	1	tar.bz2	payload	immediate	new_folder	name_index_advance	1	0.144	0	0	143017666	1064	256	ok
PROBE-TSV	1	tar.bz2	payload	immediate	new_folder	name_index_build	1	1.531	0	0	143017666	1064	256	ok
PROBE-TSV	1	tar.bz2	payload	immediate	new_folder	password_verification	1	0.028	0	0	143017666	1064	256	ok
PROBE-TSV	1	tar.bz2	payload	immediate	new_folder	plan_build	1	1.541	0	0	143017666	1064	256	ok
PROBE-TSV	1	tar.bz2	payload	immediate	new_folder	plan_validation	1	0.097	0	0	143017666	1064	256	ok
PROBE-TSV	1	tar.bz2	payload	immediate	new_folder	publish	1	0.748	0	0	143017666	1064	256	ok
PROBE-TSV	1	tar.bz2	payload	immediate	new_folder	reader_adoption	1	0.002	0	0	143017666	1064	256	ok
PROBE-TSV	1	tar.bz2	payload	immediate	new_folder	reload	1	2.513	0	0	143017666	1064	256	ok
PROBE-TSV	1	tar.bz2	payload	immediate	new_folder	total	1	50.348	0	143036416	143017666	1064	256	ok
PROBE-TSV	1	tar.bz2	payload	immediate	new_folder	tree_build	1	0.570	0	0	143017666	1064	256	ok
PROBE-TSV	1	tar.bz2	payload	immediate	new_folder	updater_open	1	2.928	0	0	143017666	1064	256	ok
PROBE-TSV	1	tar.bz2	payload	immediate	new_folder	verification_open	1	15.245	0	0	143017666	1064	256	ok
PROBE-TSV	1	tar.bz2	payload	immediate	add_file	capability_probe	1	2.125	0	0	143017671	1064	256	ok
PROBE-TSV	1	tar.bz2	payload	immediate	add_file	commit	1	20.755	0	143024128	143017671	1064	256	ok
PROBE-TSV	1	tar.bz2	payload	immediate	add_file	display	1	1.182	0	0	143017671	1064	256	ok
PROBE-TSV	1	tar.bz2	payload	immediate	add_file	entry_comparison	1	0.721	0	0	143017671	1064	256	ok
PROBE-TSV	1	tar.bz2	payload	immediate	add_file	filter_compute	1	0.000	0	0	143017671	1064	256	ok
PROBE-TSV	1	tar.bz2	payload	immediate	add_file	mutate	1	0.836	0	0	143017671	1064	256	ok
PROBE-TSV	1	tar.bz2	payload	immediate	add_file	name_index_advance	1	0.134	0	0	143017671	1064	256	ok
PROBE-TSV	1	tar.bz2	payload	immediate	add_file	name_index_build	1	1.549	0	0	143017671	1064	256	ok
PROBE-TSV	1	tar.bz2	payload	immediate	add_file	password_verification	1	0.025	0	0	143017671	1064	256	ok
PROBE-TSV	1	tar.bz2	payload	immediate	add_file	plan_build	3	0.046	0	0	143017671	1064	256	ok
PROBE-TSV	1	tar.bz2	payload	immediate	add_file	plan_validation	1	0.092	0	0	143017671	1064	256	ok
PROBE-TSV	1	tar.bz2	payload	immediate	add_file	publish	1	0.714	0	0	143017671	1064	256	ok
PROBE-TSV	1	tar.bz2	payload	immediate	add_file	reader_adoption	1	0.002	0	0	143017671	1064	256	ok
PROBE-TSV	1	tar.bz2	payload	immediate	add_file	reload	1	2.467	0	0	143017671	1064	256	ok
PROBE-TSV	1	tar.bz2	payload	immediate	add_file	total	1	50.672	0	143036416	143017671	1064	256	ok
PROBE-TSV	1	tar.bz2	payload	immediate	add_file	tree_build	1	0.558	0	0	143017671	1064	256	ok
PROBE-TSV	1	tar.bz2	payload	immediate	add_file	updater_open	1	2.928	0	0	143017671	1064	256	ok
PROBE-TSV	1	tar.bz2	payload	immediate	add_file	verification_open	1	15.245	0	0	143017671	1064	256	ok
PROBE-TSV	1	tar.bz2	payload	immediate	replace_file	capability_probe	1	2.099	0	0	141441917	1064	256	ok
PROBE-TSV	1	tar.bz2	payload	immediate	replace_file	commit	1	21.117	0	141455360	141441917	1064	256	ok
PROBE-TSV	1	tar.bz2	payload	immediate	replace_file	display	1	1.212	0	0	141441917	1064	256	ok
PROBE-TSV	1	tar.bz2	payload	immediate	replace_file	entry_comparison	1	0.705	0	0	141441917	1064	256	ok
PROBE-TSV	1	tar.bz2	payload	immediate	replace_file	filter_compute	1	0.000	0	0	141441917	1064	256	ok
PROBE-TSV	1	tar.bz2	payload	immediate	replace_file	mutate	1	1.413	0	0	141441917	1064	256	ok
PROBE-TSV	1	tar.bz2	payload	immediate	replace_file	name_index_advance	1	0.139	0	0	141441917	1064	256	ok
PROBE-TSV	1	tar.bz2	payload	immediate	replace_file	name_index_build	1	1.557	0	0	141441917	1064	256	ok
PROBE-TSV	1	tar.bz2	payload	immediate	replace_file	password_verification	1	0.033	0	0	141441917	1064	256	ok
PROBE-TSV	1	tar.bz2	payload	immediate	replace_file	plan_build	4	0.077	0	0	141441917	1064	256	ok
PROBE-TSV	1	tar.bz2	payload	immediate	replace_file	plan_validation	1	0.096	0	0	141441917	1064	256	ok
PROBE-TSV	1	tar.bz2	payload	immediate	replace_file	publish	1	0.698	0	0	141441917	1064	256	ok
PROBE-TSV	1	tar.bz2	payload	immediate	replace_file	reader_adoption	1	0.002	0	0	141441917	1064	256	ok
PROBE-TSV	1	tar.bz2	payload	immediate	replace_file	reload	1	2.438	0	0	141441917	1064	256	ok
PROBE-TSV	1	tar.bz2	payload	immediate	replace_file	total	1	51.541	0	141467648	141441917	1064	256	ok
PROBE-TSV	1	tar.bz2	payload	immediate	replace_file	tree_build	1	0.583	0	0	141441917	1064	256	ok
PROBE-TSV	1	tar.bz2	payload	immediate	replace_file	updater_open	1	2.913	0	0	141441917	1064	256	ok
PROBE-TSV	1	tar.bz2	payload	immediate	replace_file	verification_open	1	15.070	0	0	141441917	1064	256	ok
PROBE-TSV	1	tar.bz2	payload	deferred	five_changes_reserve_rename	display	1	1.090	0	0	143017570	1064	256	ok
PROBE-TSV	1	tar.bz2	payload	deferred	five_changes_reserve_rename	filter_compute	1	0.000	0	0	143017570	1064	256	ok
PROBE-TSV	1	tar.bz2	payload	deferred	five_changes_reserve_rename	password_verification	1	0.030	0	0	143017570	1064	256	ok
PROBE-TSV	1	tar.bz2	payload	deferred	five_changes_reserve_rename	total	1	22.124	0	0	143017570	1064	256	ok
PROBE-TSV	1	tar.bz2	payload	deferred	five_changes_reserve_rename	tree_build	1	0.647	0	0	143017570	1064	256	ok
PROBE-TSV	1	tar.bz2	payload	deferred	five_changes_reserve_delete	display	1	0.958	0	0	143017570	1064	256	ok
PROBE-TSV	1	tar.bz2	payload	deferred	five_changes_reserve_delete	filter_compute	1	0.000	0	0	143017570	1064	256	ok
PROBE-TSV	1	tar.bz2	payload	deferred	five_changes_reserve_delete	password_verification	1	0.027	0	0	143017570	1064	256	ok
PROBE-TSV	1	tar.bz2	payload	deferred	five_changes_reserve_delete	total	1	17.219	0	0	143017570	1064	256	ok
PROBE-TSV	1	tar.bz2	payload	deferred	five_changes_reserve_delete	tree_build	1	0.614	0	0	143017570	1064	256	ok
PROBE-TSV	1	tar.bz2	payload	deferred	five_changes_reserve_new_folder	display	1	0.957	0	0	143017570	1064	256	ok
PROBE-TSV	1	tar.bz2	payload	deferred	five_changes_reserve_new_folder	filter_compute	1	0.000	0	0	143017570	1064	256	ok
PROBE-TSV	1	tar.bz2	payload	deferred	five_changes_reserve_new_folder	password_verification	1	0.025	0	0	143017570	1064	256	ok
PROBE-TSV	1	tar.bz2	payload	deferred	five_changes_reserve_new_folder	total	1	20.359	0	0	143017570	1064	256	ok
PROBE-TSV	1	tar.bz2	payload	deferred	five_changes_reserve_new_folder	tree_build	1	0.565	0	0	143017570	1064	256	ok
PROBE-TSV	1	tar.bz2	payload	deferred	five_changes_reserve_delete_folder	display	1	1.130	0	0	143017570	1064	256	ok
PROBE-TSV	1	tar.bz2	payload	deferred	five_changes_reserve_delete_folder	filter_compute	1	0.000	0	0	143017570	1064	256	ok
PROBE-TSV	1	tar.bz2	payload	deferred	five_changes_reserve_delete_folder	password_verification	1	0.028	0	0	143017570	1064	256	ok
PROBE-TSV	1	tar.bz2	payload	deferred	five_changes_reserve_delete_folder	total	1	22.048	0	0	143017570	1064	256	ok
PROBE-TSV	1	tar.bz2	payload	deferred	five_changes_reserve_delete_folder	tree_build	1	0.046	0	0	143017570	1064	256	ok
PROBE-TSV	1	tar.bz2	payload	deferred	five_changes_reserve_add	display	1	0.971	0	0	143017570	1064	256	ok
PROBE-TSV	1	tar.bz2	payload	deferred	five_changes_reserve_add	filter_compute	1	0.000	0	0	143017570	1064	256	ok
PROBE-TSV	1	tar.bz2	payload	deferred	five_changes_reserve_add	password_verification	1	0.028	0	0	143017570	1064	256	ok
PROBE-TSV	1	tar.bz2	payload	deferred	five_changes_reserve_add	plan_build	3	0.050	0	0	143017570	1064	256	ok
PROBE-TSV	1	tar.bz2	payload	deferred	five_changes_reserve_add	total	1	5.475	0	4096	143017570	1064	256	ok
PROBE-TSV	1	tar.bz2	payload	deferred	five_changes_reserve_add	tree_build	1	0.050	0	0	143017570	1064	256	ok
PROBE-TSV	1	tar.bz2	payload	deferred	save_five_changes	capability_probe	1	0.288	0	0	143014011	1064	256	ok
PROBE-TSV	1	tar.bz2	payload	deferred	save_five_changes	commit	1	419.826	0	143020032	143014011	1064	256	ok
PROBE-TSV	1	tar.bz2	payload	deferred	save_five_changes	display	1	1.480	0	0	143014011	1064	256	ok
PROBE-TSV	1	tar.bz2	payload	deferred	save_five_changes	editing_install	1	0.007	0	0	143014011	1064	256	ok
PROBE-TSV	1	tar.bz2	payload	deferred	save_five_changes	editing_prepare	1	0.223	0	0	143014011	1064	256	ok
PROBE-TSV	1	tar.bz2	payload	deferred	save_five_changes	entry_comparison	1	0.055	0	0	143014011	1064	256	ok
PROBE-TSV	1	tar.bz2	payload	deferred	save_five_changes	filter_compute	2	0.001	0	0	143014011	1064	256	ok
PROBE-TSV	1	tar.bz2	payload	deferred	save_five_changes	name_index_advance	1	0.873	0	0	143014011	1064	256	ok
PROBE-TSV	1	tar.bz2	payload	deferred	save_five_changes	password_verification	1	0.025	0	0	143014011	1064	256	ok
PROBE-TSV	1	tar.bz2	payload	deferred	save_five_changes	publish	1	0.966	0	0	143014011	1064	256	ok
PROBE-TSV	1	tar.bz2	payload	deferred	save_five_changes	reader_adoption	1	0.002	0	0	143014011	1064	256	ok
PROBE-TSV	1	tar.bz2	payload	deferred	save_five_changes	reload	1	2.487	0	0	143014011	1064	256	ok
PROBE-TSV	1	tar.bz2	payload	deferred	save_five_changes	replay	1	2.239	4096	0	143014011	1064	256	ok
PROBE-TSV	1	tar.bz2	payload	deferred	save_five_changes	replay_plan	1	1.720	0	0	143014011	1064	256	ok
PROBE-TSV	1	tar.bz2	payload	deferred	save_five_changes	representability_differential	1	0.846	0	0	143014011	1064	256	ok
PROBE-TSV	1	tar.bz2	payload	deferred	save_five_changes	save_sheet	1	1185.043	4096	143044608	143014011	1064	256	ok
PROBE-TSV	1	tar.bz2	payload	deferred	save_five_changes	total	1	1185.567	4096	143044608	143014011	1064	256	ok
PROBE-TSV	1	tar.bz2	payload	deferred	save_five_changes	tree_build	1	0.078	0	0	143014011	1064	256	ok
PROBE-TSV	1	tar.bz2	payload	deferred	save_five_changes	updater_open	1	3.117	0	0	143014011	1064	256	ok
PROBE-TSV	1	tar.bz2	payload	deferred	save_five_changes	verification_open	1	142.463	0	0	143014011	1064	256	ok
PROBE-TSV	1	tar.bz2	payload	deferred	rename_only_reserve_rename	display	1	1.103	0	0	143017570	1064	256	ok
PROBE-TSV	1	tar.bz2	payload	deferred	rename_only_reserve_rename	filter_compute	1	0.000	0	0	143017570	1064	256	ok
PROBE-TSV	1	tar.bz2	payload	deferred	rename_only_reserve_rename	password_verification	1	0.030	0	0	143017570	1064	256	ok
PROBE-TSV	1	tar.bz2	payload	deferred	rename_only_reserve_rename	total	1	5.773	0	0	143017570	1064	256	ok
PROBE-TSV	1	tar.bz2	payload	deferred	rename_only_reserve_rename	tree_build	1	0.612	0	0	143017570	1064	256	ok
PROBE-TSV	1	tar.bz2	payload	deferred	save_rename_only	capability_probe	1	2.117	0	0	143018185	1064	256	ok
PROBE-TSV	1	tar.bz2	payload	deferred	save_rename_only	commit	1	311.710	0	143028224	143018185	1064	256	ok
PROBE-TSV	1	tar.bz2	payload	deferred	save_rename_only	display	1	1.115	0	0	143018185	1064	256	ok
PROBE-TSV	1	tar.bz2	payload	deferred	save_rename_only	editing_install	1	0.003	0	0	143018185	1064	256	ok
PROBE-TSV	1	tar.bz2	payload	deferred	save_rename_only	editing_prepare	1	0.220	0	0	143018185	1064	256	ok
PROBE-TSV	1	tar.bz2	payload	deferred	save_rename_only	entry_comparison	1	0.682	0	0	143018185	1064	256	ok
PROBE-TSV	1	tar.bz2	payload	deferred	save_rename_only	filter_compute	2	0.000	0	0	143018185	1064	256	ok
PROBE-TSV	1	tar.bz2	payload	deferred	save_rename_only	name_index_advance	1	0.124	0	0	143018185	1064	256	ok
PROBE-TSV	1	tar.bz2	payload	deferred	save_rename_only	password_verification	1	0.025	0	0	143018185	1064	256	ok
PROBE-TSV	1	tar.bz2	payload	deferred	save_rename_only	publish	1	0.371	0	0	143018185	1064	256	ok
PROBE-TSV	1	tar.bz2	payload	deferred	save_rename_only	reader_adoption	1	0.001	0	0	143018185	1064	256	ok
PROBE-TSV	1	tar.bz2	payload	deferred	save_rename_only	reload	1	3.568	0	0	143018185	1064	256	ok
PROBE-TSV	1	tar.bz2	payload	deferred	save_rename_only	replay	1	0.670	0	0	143018185	1064	256	ok
PROBE-TSV	1	tar.bz2	payload	deferred	save_rename_only	replay_plan	1	0.207	0	0	143018185	1064	256	ok
PROBE-TSV	1	tar.bz2	payload	deferred	save_rename_only	representability_differential	1	0.014	0	0	143018185	1064	256	ok
PROBE-TSV	1	tar.bz2	payload	deferred	save_rename_only	save_sheet	1	441.596	0	143040512	143018185	1064	256	ok
PROBE-TSV	1	tar.bz2	payload	deferred	save_rename_only	total	1	441.934	0	143040512	143018185	1064	256	ok
PROBE-TSV	1	tar.bz2	payload	deferred	save_rename_only	tree_build	1	0.599	0	0	143018185	1064	256	ok
PROBE-TSV	1	tar.bz2	payload	deferred	save_rename_only	updater_open	1	3.201	0	0	143018185	1064	256	ok
PROBE-TSV	1	tar.bz2	payload	deferred	save_rename_only	verification_open	1	106.255	0	0	143018185	1064	256	ok
PROBE-TSV	1	tar.xz	entries	immediate	delete_start	capability_probe	1	173.771	0	0	210464	100000	0	ok
PROBE-TSV	1	tar.xz	entries	immediate	delete_start	commit	1	160.753	0	217088	210464	100000	0	ok
PROBE-TSV	1	tar.xz	entries	immediate	delete_start	display	1	2.922	0	0	210464	100000	0	ok
PROBE-TSV	1	tar.xz	entries	immediate	delete_start	entry_comparison	1	60.960	0	0	210464	100000	0	ok
PROBE-TSV	1	tar.xz	entries	immediate	delete_start	filter_compute	1	0.000	0	0	210464	100000	0	ok
PROBE-TSV	1	tar.xz	entries	immediate	delete_start	mutate	1	58.112	0	0	210464	100000	0	ok
PROBE-TSV	1	tar.xz	entries	immediate	delete_start	password_verification	1	0.228	0	0	210464	100000	0	ok
PROBE-TSV	1	tar.xz	entries	immediate	delete_start	plan_build	1	0.015	0	0	210464	100000	0	ok
PROBE-TSV	1	tar.xz	entries	immediate	delete_start	plan_validation	1	9.698	0	0	210464	100000	0	ok
PROBE-TSV	1	tar.xz	entries	immediate	delete_start	publish	1	0.798	0	0	210464	100000	0	ok
PROBE-TSV	1	tar.xz	entries	immediate	delete_start	reader_adoption	1	0.002	0	0	210464	100000	0	ok
PROBE-TSV	1	tar.xz	entries	immediate	delete_start	reload	1	174.221	0	0	210464	100000	0	ok
PROBE-TSV	1	tar.xz	entries	immediate	delete_start	total	1	1173.649	0	229376	210464	100000	0	ok
PROBE-TSV	1	tar.xz	entries	immediate	delete_start	tree_build	1	59.044	0	0	210464	100000	0	ok
PROBE-TSV	1	tar.xz	entries	immediate	delete_start	updater_open	1	250.462	0	0	210464	100000	0	ok
PROBE-TSV	1	tar.xz	entries	immediate	delete_start	verification_open	1	380.037	0	0	210464	100000	0	ok
PROBE-TSV	1	tar.xz	entries	immediate	delete_end	capability_probe	1	172.506	0	0	211392	100000	0	ok
PROBE-TSV	1	tar.xz	entries	immediate	delete_end	commit	1	70.781	0	217088	211392	100000	0	ok
PROBE-TSV	1	tar.xz	entries	immediate	delete_end	display	1	3.041	0	0	211392	100000	0	ok
PROBE-TSV	1	tar.xz	entries	immediate	delete_end	entry_comparison	1	62.262	0	0	211392	100000	0	ok
PROBE-TSV	1	tar.xz	entries	immediate	delete_end	filter_compute	1	0.000	0	0	211392	100000	0	ok
PROBE-TSV	1	tar.xz	entries	immediate	delete_end	mutate	1	58.296	0	0	211392	100000	0	ok
PROBE-TSV	1	tar.xz	entries	immediate	delete_end	password_verification	1	0.209	0	0	211392	100000	0	ok
PROBE-TSV	1	tar.xz	entries	immediate	delete_end	plan_build	1	0.014	0	0	211392	100000	0	ok
PROBE-TSV	1	tar.xz	entries	immediate	delete_end	plan_validation	1	9.898	0	0	211392	100000	0	ok
PROBE-TSV	1	tar.xz	entries	immediate	delete_end	publish	1	0.779	0	0	211392	100000	0	ok
PROBE-TSV	1	tar.xz	entries	immediate	delete_end	reader_adoption	1	0.002	0	0	211392	100000	0	ok
PROBE-TSV	1	tar.xz	entries	immediate	delete_end	reload	1	172.880	0	0	211392	100000	0	ok
PROBE-TSV	1	tar.xz	entries	immediate	delete_end	total	1	1085.531	0	229376	211392	100000	0	ok
PROBE-TSV	1	tar.xz	entries	immediate	delete_end	tree_build	1	59.901	0	0	211392	100000	0	ok
PROBE-TSV	1	tar.xz	entries	immediate	delete_end	updater_open	1	252.530	0	0	211392	100000	0	ok
PROBE-TSV	1	tar.xz	entries	immediate	delete_end	verification_open	1	378.205	0	0	211392	100000	0	ok
PROBE-TSV	1	tar.xz	entries	immediate	rename_same_length	capability_probe	1	168.765	0	0	210460	100000	0	ok
PROBE-TSV	1	tar.xz	entries	immediate	rename_same_length	commit	1	174.502	0	225280	210460	100000	0	ok
PROBE-TSV	1	tar.xz	entries	immediate	rename_same_length	display	1	2.961	0	0	210460	100000	0	ok
PROBE-TSV	1	tar.xz	entries	immediate	rename_same_length	entry_comparison	1	60.641	0	0	210460	100000	0	ok
PROBE-TSV	1	tar.xz	entries	immediate	rename_same_length	filter_compute	1	0.000	0	0	210460	100000	0	ok
PROBE-TSV	1	tar.xz	entries	immediate	rename_same_length	mutate	1	59.199	0	0	210460	100000	0	ok
PROBE-TSV	1	tar.xz	entries	immediate	rename_same_length	name_index_advance	1	13.421	0	0	210460	100000	0	ok
PROBE-TSV	1	tar.xz	entries	immediate	rename_same_length	name_index_build	1	139.156	0	0	210460	100000	0	ok
PROBE-TSV	1	tar.xz	entries	immediate	rename_same_length	password_verification	1	0.222	0	0	210460	100000	0	ok
PROBE-TSV	1	tar.xz	entries	immediate	rename_same_length	plan_build	1	0.025	0	0	210460	100000	0	ok
PROBE-TSV	1	tar.xz	entries	immediate	rename_same_length	plan_validation	1	9.836	0	0	210460	100000	0	ok
PROBE-TSV	1	tar.xz	entries	immediate	rename_same_length	publish	1	0.820	0	0	210460	100000	0	ok
PROBE-TSV	1	tar.xz	entries	immediate	rename_same_length	reader_adoption	1	0.002	0	0	210460	100000	0	ok
PROBE-TSV	1	tar.xz	entries	immediate	rename_same_length	reload	1	182.829	0	0	210460	100000	0	ok
PROBE-TSV	1	tar.xz	entries	immediate	rename_same_length	total	1	1332.623	0	237568	210460	100000	0	ok
PROBE-TSV	1	tar.xz	entries	immediate	rename_same_length	tree_build	1	57.534	0	0	210460	100000	0	ok
PROBE-TSV	1	tar.xz	entries	immediate	rename_same_length	updater_open	1	252.052	0	0	210460	100000	0	ok
PROBE-TSV	1	tar.xz	entries	immediate	rename_same_length	verification_open	1	375.739	0	0	210460	100000	0	ok
PROBE-TSV	1	tar.xz	entries	immediate	rename_different_length	capability_probe	1	172.459	0	0	210540	100000	0	ok
PROBE-TSV	1	tar.xz	entries	immediate	rename_different_length	commit	1	163.598	0	225280	210540	100000	0	ok
PROBE-TSV	1	tar.xz	entries	immediate	rename_different_length	display	1	2.908	0	0	210540	100000	0	ok
PROBE-TSV	1	tar.xz	entries	immediate	rename_different_length	entry_comparison	1	61.702	0	0	210540	100000	0	ok
PROBE-TSV	1	tar.xz	entries	immediate	rename_different_length	filter_compute	1	0.000	0	0	210540	100000	0	ok
PROBE-TSV	1	tar.xz	entries	immediate	rename_different_length	mutate	1	59.226	0	0	210540	100000	0	ok
PROBE-TSV	1	tar.xz	entries	immediate	rename_different_length	name_index_advance	1	13.526	0	0	210540	100000	0	ok
PROBE-TSV	1	tar.xz	entries	immediate	rename_different_length	name_index_build	1	137.462	0	0	210540	100000	0	ok
PROBE-TSV	1	tar.xz	entries	immediate	rename_different_length	password_verification	1	0.209	0	0	210540	100000	0	ok
PROBE-TSV	1	tar.xz	entries	immediate	rename_different_length	plan_build	1	0.026	0	0	210540	100000	0	ok
PROBE-TSV	1	tar.xz	entries	immediate	rename_different_length	plan_validation	1	10.477	0	0	210540	100000	0	ok
PROBE-TSV	1	tar.xz	entries	immediate	rename_different_length	publish	1	0.762	0	0	210540	100000	0	ok
PROBE-TSV	1	tar.xz	entries	immediate	rename_different_length	reader_adoption	1	0.002	0	0	210540	100000	0	ok
PROBE-TSV	1	tar.xz	entries	immediate	rename_different_length	reload	1	186.591	0	0	210540	100000	0	ok
PROBE-TSV	1	tar.xz	entries	immediate	rename_different_length	total	1	1326.226	0	237568	210540	100000	0	ok
PROBE-TSV	1	tar.xz	entries	immediate	rename_different_length	tree_build	1	59.529	0	0	210540	100000	0	ok
PROBE-TSV	1	tar.xz	entries	immediate	rename_different_length	updater_open	1	250.241	0	0	210540	100000	0	ok
PROBE-TSV	1	tar.xz	entries	immediate	rename_different_length	verification_open	1	377.086	0	0	210540	100000	0	ok
PROBE-TSV	1	tar.xz	entries	immediate	rename_folder	capability_probe	1	171.376	0	0	211560	100000	0	ok
PROBE-TSV	1	tar.xz	entries	immediate	rename_folder	commit	1	190.890	0	737280	211560	100000	0	ok
PROBE-TSV	1	tar.xz	entries	immediate	rename_folder	display	1	2.738	0	0	211560	100000	0	ok
PROBE-TSV	1	tar.xz	entries	immediate	rename_folder	entry_comparison	1	61.695	0	0	211560	100000	0	ok
PROBE-TSV	1	tar.xz	entries	immediate	rename_folder	filter_compute	1	0.000	0	0	211560	100000	0	ok
PROBE-TSV	1	tar.xz	entries	immediate	rename_folder	mutate	1	63.960	0	0	211560	100000	0	ok
PROBE-TSV	1	tar.xz	entries	immediate	rename_folder	name_index_advance	1	18.023	0	0	211560	100000	0	ok
PROBE-TSV	1	tar.xz	entries	immediate	rename_folder	name_index_build	1	136.848	0	0	211560	100000	0	ok
PROBE-TSV	1	tar.xz	entries	immediate	rename_folder	password_verification	1	0.234	0	0	211560	100000	0	ok
PROBE-TSV	1	tar.xz	entries	immediate	rename_folder	plan_build	1	5.614	0	0	211560	100000	0	ok
PROBE-TSV	1	tar.xz	entries	immediate	rename_folder	plan_validation	1	12.735	0	0	211560	100000	0	ok
PROBE-TSV	1	tar.xz	entries	immediate	rename_folder	publish	1	0.778	0	0	211560	100000	0	ok
PROBE-TSV	1	tar.xz	entries	immediate	rename_folder	reader_adoption	1	0.002	0	0	211560	100000	0	ok
PROBE-TSV	1	tar.xz	entries	immediate	rename_folder	reload	1	190.046	0	0	211560	100000	0	ok
PROBE-TSV	1	tar.xz	entries	immediate	rename_folder	total	1	1367.330	0	749568	211560	100000	0	ok
PROBE-TSV	1	tar.xz	entries	immediate	rename_folder	tree_build	1	57.852	0	0	211560	100000	0	ok
PROBE-TSV	1	tar.xz	entries	immediate	rename_folder	updater_open	1	251.248	0	0	211560	100000	0	ok
PROBE-TSV	1	tar.xz	entries	immediate	rename_folder	verification_open	1	376.050	0	0	211560	100000	0	ok
PROBE-TSV	1	tar.xz	entries	immediate	new_folder	capability_probe	1	173.814	0	0	211516	100000	0	ok
PROBE-TSV	1	tar.xz	entries	immediate	new_folder	commit	1	6.073	0	225280	211516	100000	0	ok
PROBE-TSV	1	tar.xz	entries	immediate	new_folder	display	1	3.000	0	0	211516	100000	0	ok
PROBE-TSV	1	tar.xz	entries	immediate	new_folder	entry_comparison	1	61.578	0	0	211516	100000	0	ok
PROBE-TSV	1	tar.xz	entries	immediate	new_folder	filter_compute	1	0.000	0	0	211516	100000	0	ok
PROBE-TSV	1	tar.xz	entries	immediate	new_folder	mutate	1	62.149	0	0	211516	100000	0	ok
PROBE-TSV	1	tar.xz	entries	immediate	new_folder	name_index_advance	1	12.772	0	0	211516	100000	0	ok
PROBE-TSV	1	tar.xz	entries	immediate	new_folder	name_index_build	1	137.661	0	0	211516	100000	0	ok
PROBE-TSV	1	tar.xz	entries	immediate	new_folder	password_verification	1	0.257	0	0	211516	100000	0	ok
PROBE-TSV	1	tar.xz	entries	immediate	new_folder	plan_build	1	137.682	0	0	211516	100000	0	ok
PROBE-TSV	1	tar.xz	entries	immediate	new_folder	plan_validation	1	10.028	0	0	211516	100000	0	ok
PROBE-TSV	1	tar.xz	entries	immediate	new_folder	publish	1	0.773	0	0	211516	100000	0	ok
PROBE-TSV	1	tar.xz	entries	immediate	new_folder	reader_adoption	1	0.003	0	0	211516	100000	0	ok
PROBE-TSV	1	tar.xz	entries	immediate	new_folder	reload	1	187.197	0	0	211516	100000	0	ok
PROBE-TSV	1	tar.xz	entries	immediate	new_folder	total	1	1168.432	0	237568	211516	100000	0	ok
PROBE-TSV	1	tar.xz	entries	immediate	new_folder	tree_build	1	59.426	0	0	211516	100000	0	ok
PROBE-TSV	1	tar.xz	entries	immediate	new_folder	updater_open	1	247.408	0	0	211516	100000	0	ok
PROBE-TSV	1	tar.xz	entries	immediate	new_folder	verification_open	1	376.872	0	0	211516	100000	0	ok
PROBE-TSV	1	tar.xz	entries	immediate	add_file	capability_probe	1	171.319	0	0	211524	100000	0	ok
PROBE-TSV	1	tar.xz	entries	immediate	add_file	commit	1	6.172	0	225280	211524	100000	0	ok
PROBE-TSV	1	tar.xz	entries	immediate	add_file	display	1	3.242	0	0	211524	100000	0	ok
PROBE-TSV	1	tar.xz	entries	immediate	add_file	entry_comparison	1	61.814	0	0	211524	100000	0	ok
PROBE-TSV	1	tar.xz	entries	immediate	add_file	filter_compute	1	0.000	0	0	211524	100000	0	ok
PROBE-TSV	1	tar.xz	entries	immediate	add_file	mutate	1	64.489	0	0	211524	100000	0	ok
PROBE-TSV	1	tar.xz	entries	immediate	add_file	name_index_advance	1	12.923	0	0	211524	100000	0	ok
PROBE-TSV	1	tar.xz	entries	immediate	add_file	name_index_build	1	136.596	0	0	211524	100000	0	ok
PROBE-TSV	1	tar.xz	entries	immediate	add_file	password_verification	1	0.216	0	0	211524	100000	0	ok
PROBE-TSV	1	tar.xz	entries	immediate	add_file	plan_build	3	0.068	0	0	211524	100000	0	ok
PROBE-TSV	1	tar.xz	entries	immediate	add_file	plan_validation	1	10.350	0	0	211524	100000	0	ok
PROBE-TSV	1	tar.xz	entries	immediate	add_file	publish	1	0.897	0	0	211524	100000	0	ok
PROBE-TSV	1	tar.xz	entries	immediate	add_file	reader_adoption	1	0.002	0	0	211524	100000	0	ok
PROBE-TSV	1	tar.xz	entries	immediate	add_file	reload	1	184.924	0	0	211524	100000	0	ok
PROBE-TSV	1	tar.xz	entries	immediate	add_file	total	1	1172.511	0	237568	211524	100000	0	ok
PROBE-TSV	1	tar.xz	entries	immediate	add_file	tree_build	1	60.483	0	0	211524	100000	0	ok
PROBE-TSV	1	tar.xz	entries	immediate	add_file	updater_open	1	246.902	0	0	211524	100000	0	ok
PROBE-TSV	1	tar.xz	entries	immediate	add_file	verification_open	1	381.684	0	0	211524	100000	0	ok
PROBE-TSV	1	tar.xz	entries	immediate	replace_file	capability_probe	1	172.687	0	0	210596	100000	0	ok
PROBE-TSV	1	tar.xz	entries	immediate	replace_file	commit	1	167.845	0	225280	210596	100000	0	ok
PROBE-TSV	1	tar.xz	entries	immediate	replace_file	display	1	3.010	0	0	210596	100000	0	ok
PROBE-TSV	1	tar.xz	entries	immediate	replace_file	entry_comparison	1	64.153	0	0	210596	100000	0	ok
PROBE-TSV	1	tar.xz	entries	immediate	replace_file	filter_compute	1	0.000	0	0	210596	100000	0	ok
PROBE-TSV	1	tar.xz	entries	immediate	replace_file	mutate	1	114.284	0	0	210596	100000	0	ok
PROBE-TSV	1	tar.xz	entries	immediate	replace_file	name_index_advance	1	13.262	0	0	210596	100000	0	ok
PROBE-TSV	1	tar.xz	entries	immediate	replace_file	name_index_build	1	146.665	0	0	210596	100000	0	ok
PROBE-TSV	1	tar.xz	entries	immediate	replace_file	password_verification	1	0.226	0	0	210596	100000	0	ok
PROBE-TSV	1	tar.xz	entries	immediate	replace_file	plan_build	4	2.370	0	0	210596	100000	0	ok
PROBE-TSV	1	tar.xz	entries	immediate	replace_file	plan_validation	1	10.501	0	0	210596	100000	0	ok
PROBE-TSV	1	tar.xz	entries	immediate	replace_file	publish	1	0.905	0	0	210596	100000	0	ok
PROBE-TSV	1	tar.xz	entries	immediate	replace_file	reader_adoption	1	0.003	0	0	210596	100000	0	ok
PROBE-TSV	1	tar.xz	entries	immediate	replace_file	reload	1	186.645	0	0	210596	100000	0	ok
PROBE-TSV	1	tar.xz	entries	immediate	replace_file	total	1	1407.287	0	237568	210596	100000	0	ok
PROBE-TSV	1	tar.xz	entries	immediate	replace_file	tree_build	1	59.357	0	0	210596	100000	0	ok
PROBE-TSV	1	tar.xz	entries	immediate	replace_file	updater_open	1	250.788	0	0	210596	100000	0	ok
PROBE-TSV	1	tar.xz	entries	immediate	replace_file	verification_open	1	382.932	0	0	210596	100000	0	ok
PROBE-TSV	1	tar.xz	entries	deferred	five_changes_reserve_rename	display	1	2.861	0	0	211428	100000	0	ok
PROBE-TSV	1	tar.xz	entries	deferred	five_changes_reserve_rename	filter_compute	1	0.000	0	0	211428	100000	0	ok
PROBE-TSV	1	tar.xz	entries	deferred	five_changes_reserve_rename	password_verification	1	0.589	0	0	211428	100000	0	ok
PROBE-TSV	1	tar.xz	entries	deferred	five_changes_reserve_rename	total	1	150.977	0	0	211428	100000	0	ok
PROBE-TSV	1	tar.xz	entries	deferred	five_changes_reserve_rename	tree_build	1	64.367	0	0	211428	100000	0	ok
PROBE-TSV	1	tar.xz	entries	deferred	five_changes_reserve_delete	display	1	2.875	0	0	211428	100000	0	ok
PROBE-TSV	1	tar.xz	entries	deferred	five_changes_reserve_delete	filter_compute	1	0.001	0	0	211428	100000	0	ok
PROBE-TSV	1	tar.xz	entries	deferred	five_changes_reserve_delete	password_verification	1	0.582	0	0	211428	100000	0	ok
PROBE-TSV	1	tar.xz	entries	deferred	five_changes_reserve_delete	total	1	157.113	0	0	211428	100000	0	ok
PROBE-TSV	1	tar.xz	entries	deferred	five_changes_reserve_delete	tree_build	1	62.486	0	0	211428	100000	0	ok
PROBE-TSV	1	tar.xz	entries	deferred	five_changes_reserve_new_folder	display	1	2.967	0	0	211428	100000	0	ok
PROBE-TSV	1	tar.xz	entries	deferred	five_changes_reserve_new_folder	filter_compute	1	0.001	0	0	211428	100000	0	ok
PROBE-TSV	1	tar.xz	entries	deferred	five_changes_reserve_new_folder	password_verification	1	0.584	0	0	211428	100000	0	ok
PROBE-TSV	1	tar.xz	entries	deferred	five_changes_reserve_new_folder	total	1	150.302	0	0	211428	100000	0	ok
PROBE-TSV	1	tar.xz	entries	deferred	five_changes_reserve_new_folder	tree_build	1	59.866	0	0	211428	100000	0	ok
PROBE-TSV	1	tar.xz	entries	deferred	five_changes_reserve_delete_folder	display	1	3.012	0	0	211428	100000	0	ok
PROBE-TSV	1	tar.xz	entries	deferred	five_changes_reserve_delete_folder	filter_compute	1	0.001	0	0	211428	100000	0	ok
PROBE-TSV	1	tar.xz	entries	deferred	five_changes_reserve_delete_folder	password_verification	1	0.587	0	0	211428	100000	0	ok
PROBE-TSV	1	tar.xz	entries	deferred	five_changes_reserve_delete_folder	total	1	158.932	0	0	211428	100000	0	ok
PROBE-TSV	1	tar.xz	entries	deferred	five_changes_reserve_delete_folder	tree_build	1	63.031	0	0	211428	100000	0	ok
PROBE-TSV	1	tar.xz	entries	deferred	five_changes_reserve_add	display	1	3.182	0	0	211428	100000	0	ok
PROBE-TSV	1	tar.xz	entries	deferred	five_changes_reserve_add	filter_compute	1	0.001	0	0	211428	100000	0	ok
PROBE-TSV	1	tar.xz	entries	deferred	five_changes_reserve_add	password_verification	1	0.586	0	0	211428	100000	0	ok
PROBE-TSV	1	tar.xz	entries	deferred	five_changes_reserve_add	plan_build	3	0.060	0	0	211428	100000	0	ok
PROBE-TSV	1	tar.xz	entries	deferred	five_changes_reserve_add	total	1	153.947	0	4096	211428	100000	0	ok
PROBE-TSV	1	tar.xz	entries	deferred	five_changes_reserve_add	tree_build	1	60.078	0	0	211428	100000	0	ok
PROBE-TSV	1	tar.xz	entries	deferred	save_five_changes	capability_probe	1	172.678	0	0	208468	100000	0	ok
PROBE-TSV	1	tar.xz	entries	deferred	save_five_changes	commit	1	129.801	0	221184	208468	100000	0	ok
PROBE-TSV	1	tar.xz	entries	deferred	save_five_changes	display	1	2.927	0	0	208468	100000	0	ok
PROBE-TSV	1	tar.xz	entries	deferred	save_five_changes	editing_install	1	0.005	0	0	208468	100000	0	ok
PROBE-TSV	1	tar.xz	entries	deferred	save_five_changes	editing_prepare	1	22.419	0	0	208468	100000	0	ok
PROBE-TSV	1	tar.xz	entries	deferred	save_five_changes	entry_comparison	1	61.311	0	0	208468	100000	0	ok
PROBE-TSV	1	tar.xz	entries	deferred	save_five_changes	filter_compute	2	0.002	0	0	208468	100000	0	ok
PROBE-TSV	1	tar.xz	entries	deferred	save_five_changes	name_index_advance	1	16.913	0	0	208468	100000	0	ok
PROBE-TSV	1	tar.xz	entries	deferred	save_five_changes	password_verification	1	0.573	0	0	208468	100000	0	ok
PROBE-TSV	1	tar.xz	entries	deferred	save_five_changes	publish	1	0.980	0	0	208468	100000	0	ok
PROBE-TSV	1	tar.xz	entries	deferred	save_five_changes	reader_adoption	1	0.003	0	0	208468	100000	0	ok
PROBE-TSV	1	tar.xz	entries	deferred	save_five_changes	reload	1	190.318	0	0	208468	100000	0	ok
PROBE-TSV	1	tar.xz	entries	deferred	save_five_changes	replay	1	123.739	4096	0	208468	100000	0	ok
PROBE-TSV	1	tar.xz	entries	deferred	save_five_changes	replay_plan	1	24.567	0	0	208468	100000	0	ok
PROBE-TSV	1	tar.xz	entries	deferred	save_five_changes	representability_differential	1	0.826	0	0	208468	100000	0	ok
PROBE-TSV	1	tar.xz	entries	deferred	save_five_changes	save_sheet	1	1599.666	4096	245760	208468	100000	0	ok
PROBE-TSV	1	tar.xz	entries	deferred	save_five_changes	total	1	1622.380	4096	245760	208468	100000	0	ok
PROBE-TSV	1	tar.xz	entries	deferred	save_five_changes	tree_build	1	62.078	0	0	208468	100000	0	ok
PROBE-TSV	1	tar.xz	entries	deferred	save_five_changes	updater_open	1	249.890	0	0	208468	100000	0	ok
PROBE-TSV	1	tar.xz	entries	deferred	save_five_changes	verification_open	1	381.696	0	0	208468	100000	0	ok
PROBE-TSV	1	tar.xz	entries	deferred	rename_only_reserve_rename	display	1	2.926	0	0	211428	100000	0	ok
PROBE-TSV	1	tar.xz	entries	deferred	rename_only_reserve_rename	filter_compute	1	0.001	0	0	211428	100000	0	ok
PROBE-TSV	1	tar.xz	entries	deferred	rename_only_reserve_rename	password_verification	1	0.588	0	0	211428	100000	0	ok
PROBE-TSV	1	tar.xz	entries	deferred	rename_only_reserve_rename	total	1	145.818	0	0	211428	100000	0	ok
PROBE-TSV	1	tar.xz	entries	deferred	rename_only_reserve_rename	tree_build	1	59.448	0	0	211428	100000	0	ok
PROBE-TSV	1	tar.xz	entries	deferred	save_rename_only	capability_probe	1	176.242	0	0	210520	100000	0	ok
PROBE-TSV	1	tar.xz	entries	deferred	save_rename_only	commit	1	166.087	0	225280	210520	100000	0	ok
PROBE-TSV	1	tar.xz	entries	deferred	save_rename_only	display	1	2.903	0	0	210520	100000	0	ok
PROBE-TSV	1	tar.xz	entries	deferred	save_rename_only	editing_install	1	0.005	0	0	210520	100000	0	ok
PROBE-TSV	1	tar.xz	entries	deferred	save_rename_only	editing_prepare	1	22.317	0	0	210520	100000	0	ok
PROBE-TSV	1	tar.xz	entries	deferred	save_rename_only	entry_comparison	1	61.485	0	0	210520	100000	0	ok
PROBE-TSV	1	tar.xz	entries	deferred	save_rename_only	filter_compute	2	0.001	0	0	210520	100000	0	ok
PROBE-TSV	1	tar.xz	entries	deferred	save_rename_only	name_index_advance	1	13.691	0	0	210520	100000	0	ok
PROBE-TSV	1	tar.xz	entries	deferred	save_rename_only	password_verification	1	0.580	0	0	210520	100000	0	ok
PROBE-TSV	1	tar.xz	entries	deferred	save_rename_only	publish	1	0.363	0	0	210520	100000	0	ok
PROBE-TSV	1	tar.xz	entries	deferred	save_rename_only	reader_adoption	1	0.003	0	0	210520	100000	0	ok
PROBE-TSV	1	tar.xz	entries	deferred	save_rename_only	reload	1	190.687	0	0	210520	100000	0	ok
PROBE-TSV	1	tar.xz	entries	deferred	save_rename_only	replay	1	64.104	0	0	210520	100000	0	ok
PROBE-TSV	1	tar.xz	entries	deferred	save_rename_only	replay_plan	1	20.494	0	0	210520	100000	0	ok
PROBE-TSV	1	tar.xz	entries	deferred	save_rename_only	representability_differential	1	0.027	0	0	210520	100000	0	ok
PROBE-TSV	1	tar.xz	entries	deferred	save_rename_only	save_sheet	1	1566.000	0	237568	210520	100000	0	ok
PROBE-TSV	1	tar.xz	entries	deferred	save_rename_only	total	1	1588.622	0	237568	210520	100000	0	ok
PROBE-TSV	1	tar.xz	entries	deferred	save_rename_only	tree_build	1	62.994	0	0	210520	100000	0	ok
PROBE-TSV	1	tar.xz	entries	deferred	save_rename_only	updater_open	1	250.552	0	0	210520	100000	0	ok
PROBE-TSV	1	tar.xz	entries	deferred	save_rename_only	verification_open	1	383.124	0	0	210520	100000	0	ok
PROBE-TSV	1	tar.xz	payload	immediate	delete_start	capability_probe	1	2.059	0	0	135726616	1064	256	ok
PROBE-TSV	1	tar.xz	payload	immediate	delete_start	commit	1	20.820	0	135741440	135726616	1064	256	ok
PROBE-TSV	1	tar.xz	payload	immediate	delete_start	display	1	1.441	0	0	135726616	1064	256	ok
PROBE-TSV	1	tar.xz	payload	immediate	delete_start	entry_comparison	1	0.640	0	0	135726616	1064	256	ok
PROBE-TSV	1	tar.xz	payload	immediate	delete_start	filter_compute	1	0.000	0	0	135726616	1064	256	ok
PROBE-TSV	1	tar.xz	payload	immediate	delete_start	mutate	1	0.621	0	0	135726616	1064	256	ok
PROBE-TSV	1	tar.xz	payload	immediate	delete_start	password_verification	1	0.034	0	0	135726616	1064	256	ok
PROBE-TSV	1	tar.xz	payload	immediate	delete_start	plan_build	1	0.011	0	0	135726616	1064	256	ok
PROBE-TSV	1	tar.xz	payload	immediate	delete_start	plan_validation	1	0.092	0	0	135726616	1064	256	ok
PROBE-TSV	1	tar.xz	payload	immediate	delete_start	publish	1	0.779	0	0	135726616	1064	256	ok
PROBE-TSV	1	tar.xz	payload	immediate	delete_start	reader_adoption	1	0.002	0	0	135726616	1064	256	ok
PROBE-TSV	1	tar.xz	payload	immediate	delete_start	reload	1	2.304	0	0	135726616	1064	256	ok
PROBE-TSV	1	tar.xz	payload	immediate	delete_start	total	1	70.043	0	135753728	135726616	1064	256	ok
PROBE-TSV	1	tar.xz	payload	immediate	delete_start	tree_build	1	0.588	0	0	135726616	1064	256	ok
PROBE-TSV	1	tar.xz	payload	immediate	delete_start	updater_open	1	2.781	0	0	135726616	1064	256	ok
PROBE-TSV	1	tar.xz	payload	immediate	delete_start	verification_open	1	36.535	0	0	135726616	1064	256	ok
PROBE-TSV	1	tar.xz	payload	immediate	delete_end	capability_probe	1	2.089	0	0	137187584	1064	256	ok
PROBE-TSV	1	tar.xz	payload	immediate	delete_end	commit	1	59.558	0	137199616	137187584	1064	256	ok
PROBE-TSV	1	tar.xz	payload	immediate	delete_end	display	1	1.292	0	0	137187584	1064	256	ok
PROBE-TSV	1	tar.xz	payload	immediate	delete_end	entry_comparison	1	0.658	0	0	137187584	1064	256	ok
PROBE-TSV	1	tar.xz	payload	immediate	delete_end	filter_compute	1	0.000	0	0	137187584	1064	256	ok
PROBE-TSV	1	tar.xz	payload	immediate	delete_end	mutate	1	0.617	0	0	137187584	1064	256	ok
PROBE-TSV	1	tar.xz	payload	immediate	delete_end	password_verification	1	0.032	0	0	137187584	1064	256	ok
PROBE-TSV	1	tar.xz	payload	immediate	delete_end	plan_build	1	0.011	0	0	137187584	1064	256	ok
PROBE-TSV	1	tar.xz	payload	immediate	delete_end	plan_validation	1	0.093	0	0	137187584	1064	256	ok
PROBE-TSV	1	tar.xz	payload	immediate	delete_end	publish	1	0.792	0	0	137187584	1064	256	ok
PROBE-TSV	1	tar.xz	payload	immediate	delete_end	reader_adoption	1	0.002	0	0	137187584	1064	256	ok
PROBE-TSV	1	tar.xz	payload	immediate	delete_end	reload	1	2.320	0	0	137187584	1064	256	ok
PROBE-TSV	1	tar.xz	payload	immediate	delete_end	total	1	109.227	0	137211904	137187584	1064	256	ok
PROBE-TSV	1	tar.xz	payload	immediate	delete_end	tree_build	1	0.594	0	0	137187584	1064	256	ok
PROBE-TSV	1	tar.xz	payload	immediate	delete_end	updater_open	1	2.783	0	0	137187584	1064	256	ok
PROBE-TSV	1	tar.xz	payload	immediate	delete_end	verification_open	1	37.061	0	0	137187584	1064	256	ok
PROBE-TSV	1	tar.xz	payload	immediate	rename_same_length	capability_probe	1	2.018	0	0	137187584	1064	256	ok
PROBE-TSV	1	tar.xz	payload	immediate	rename_same_length	commit	1	28.349	0	137199616	137187584	1064	256	ok
PROBE-TSV	1	tar.xz	payload	immediate	rename_same_length	display	1	1.302	0	0	137187584	1064	256	ok
PROBE-TSV	1	tar.xz	payload	immediate	rename_same_length	entry_comparison	1	0.671	0	0	137187584	1064	256	ok
PROBE-TSV	1	tar.xz	payload	immediate	rename_same_length	filter_compute	1	0.000	0	0	137187584	1064	256	ok
PROBE-TSV	1	tar.xz	payload	immediate	rename_same_length	mutate	1	0.636	0	0	137187584	1064	256	ok
PROBE-TSV	1	tar.xz	payload	immediate	rename_same_length	name_index_advance	1	0.157	0	0	137187584	1064	256	ok
PROBE-TSV	1	tar.xz	payload	immediate	rename_same_length	name_index_build	1	1.457	0	0	137187584	1064	256	ok
PROBE-TSV	1	tar.xz	payload	immediate	rename_same_length	password_verification	1	0.036	0	0	137187584	1064	256	ok
PROBE-TSV	1	tar.xz	payload	immediate	rename_same_length	plan_build	1	0.018	0	0	137187584	1064	256	ok
PROBE-TSV	1	tar.xz	payload	immediate	rename_same_length	plan_validation	1	0.103	0	0	137187584	1064	256	ok
PROBE-TSV	1	tar.xz	payload	immediate	rename_same_length	publish	1	0.801	0	0	137187584	1064	256	ok
PROBE-TSV	1	tar.xz	payload	immediate	rename_same_length	reader_adoption	1	0.002	0	0	137187584	1064	256	ok
PROBE-TSV	1	tar.xz	payload	immediate	rename_same_length	reload	1	2.382	0	0	137187584	1064	256	ok
PROBE-TSV	1	tar.xz	payload	immediate	rename_same_length	total	1	79.184	0	137211904	137187584	1064	256	ok
PROBE-TSV	1	tar.xz	payload	immediate	rename_same_length	tree_build	1	0.575	0	0	137187584	1064	256	ok
PROBE-TSV	1	tar.xz	payload	immediate	rename_same_length	updater_open	1	2.819	0	0	137187584	1064	256	ok
PROBE-TSV	1	tar.xz	payload	immediate	rename_same_length	verification_open	1	36.725	0	0	137187584	1064	256	ok
PROBE-TSV	1	tar.xz	payload	immediate	rename_different_length	capability_probe	1	2.070	0	0	137187604	1064	256	ok
PROBE-TSV	1	tar.xz	payload	immediate	rename_different_length	commit	1	21.328	0	137199616	137187604	1064	256	ok
PROBE-TSV	1	tar.xz	payload	immediate	rename_different_length	display	1	1.302	0	0	137187604	1064	256	ok
PROBE-TSV	1	tar.xz	payload	immediate	rename_different_length	entry_comparison	1	0.693	0	0	137187604	1064	256	ok
PROBE-TSV	1	tar.xz	payload	immediate	rename_different_length	filter_compute	1	0.000	0	0	137187604	1064	256	ok
PROBE-TSV	1	tar.xz	payload	immediate	rename_different_length	mutate	1	0.635	0	0	137187604	1064	256	ok
PROBE-TSV	1	tar.xz	payload	immediate	rename_different_length	name_index_advance	1	0.162	0	0	137187604	1064	256	ok
PROBE-TSV	1	tar.xz	payload	immediate	rename_different_length	name_index_build	1	1.464	0	0	137187604	1064	256	ok
PROBE-TSV	1	tar.xz	payload	immediate	rename_different_length	password_verification	1	0.035	0	0	137187604	1064	256	ok
PROBE-TSV	1	tar.xz	payload	immediate	rename_different_length	plan_build	1	0.021	0	0	137187604	1064	256	ok
PROBE-TSV	1	tar.xz	payload	immediate	rename_different_length	plan_validation	1	0.109	0	0	137187604	1064	256	ok
PROBE-TSV	1	tar.xz	payload	immediate	rename_different_length	publish	1	0.845	0	0	137187604	1064	256	ok
PROBE-TSV	1	tar.xz	payload	immediate	rename_different_length	reader_adoption	1	0.002	0	0	137187604	1064	256	ok
PROBE-TSV	1	tar.xz	payload	immediate	rename_different_length	reload	1	2.449	0	0	137187604	1064	256	ok
PROBE-TSV	1	tar.xz	payload	immediate	rename_different_length	total	1	72.952	0	137211904	137187604	1064	256	ok
PROBE-TSV	1	tar.xz	payload	immediate	rename_different_length	tree_build	1	0.584	0	0	137187604	1064	256	ok
PROBE-TSV	1	tar.xz	payload	immediate	rename_different_length	updater_open	1	2.759	0	0	137187604	1064	256	ok
PROBE-TSV	1	tar.xz	payload	immediate	rename_different_length	verification_open	1	37.177	0	0	137187604	1064	256	ok
PROBE-TSV	1	tar.xz	payload	immediate	rename_folder	capability_probe	1	2.134	0	0	137188080	1064	256	ok
PROBE-TSV	1	tar.xz	payload	immediate	rename_folder	commit	1	26.492	0	137228288	137188080	1064	256	ok
PROBE-TSV	1	tar.xz	payload	immediate	rename_folder	display	1	1.336	0	0	137188080	1064	256	ok
PROBE-TSV	1	tar.xz	payload	immediate	rename_folder	entry_comparison	1	0.722	0	0	137188080	1064	256	ok
PROBE-TSV	1	tar.xz	payload	immediate	rename_folder	filter_compute	1	0.000	0	0	137188080	1064	256	ok
PROBE-TSV	1	tar.xz	payload	immediate	rename_folder	mutate	1	0.904	0	0	137188080	1064	256	ok
PROBE-TSV	1	tar.xz	payload	immediate	rename_folder	name_index_advance	1	0.464	0	0	137188080	1064	256	ok
PROBE-TSV	1	tar.xz	payload	immediate	rename_folder	name_index_build	1	1.490	0	0	137188080	1064	256	ok
PROBE-TSV	1	tar.xz	payload	immediate	rename_folder	password_verification	1	0.033	0	0	137188080	1064	256	ok
PROBE-TSV	1	tar.xz	payload	immediate	rename_folder	plan_build	1	0.339	0	0	137188080	1064	256	ok
PROBE-TSV	1	tar.xz	payload	immediate	rename_folder	plan_validation	1	0.249	0	0	137188080	1064	256	ok
PROBE-TSV	1	tar.xz	payload	immediate	rename_folder	publish	1	0.794	0	0	137188080	1064	256	ok
PROBE-TSV	1	tar.xz	payload	immediate	rename_folder	reader_adoption	1	0.002	0	0	137188080	1064	256	ok
PROBE-TSV	1	tar.xz	payload	immediate	rename_folder	reload	1	2.831	0	0	137188080	1064	256	ok
PROBE-TSV	1	tar.xz	payload	immediate	rename_folder	total	1	80.230	0	137240576	137188080	1064	256	ok
PROBE-TSV	1	tar.xz	payload	immediate	rename_folder	tree_build	1	0.605	0	0	137188080	1064	256	ok
PROBE-TSV	1	tar.xz	payload	immediate	rename_folder	updater_open	1	2.841	0	0	137188080	1064	256	ok
PROBE-TSV	1	tar.xz	payload	immediate	rename_folder	verification_open	1	38.120	0	0	137188080	1064	256	ok
PROBE-TSV	1	tar.xz	payload	immediate	new_folder	capability_probe	1	2.051	0	0	137187672	1064	256	ok
PROBE-TSV	1	tar.xz	payload	immediate	new_folder	commit	1	20.236	0	137195520	137187672	1064	256	ok
PROBE-TSV	1	tar.xz	payload	immediate	new_folder	display	1	1.287	0	0	137187672	1064	256	ok
PROBE-TSV	1	tar.xz	payload	immediate	new_folder	entry_comparison	1	0.691	0	0	137187672	1064	256	ok
PROBE-TSV	1	tar.xz	payload	immediate	new_folder	filter_compute	1	0.000	0	0	137187672	1064	256	ok
PROBE-TSV	1	tar.xz	payload	immediate	new_folder	mutate	1	0.792	0	0	137187672	1064	256	ok
PROBE-TSV	1	tar.xz	payload	immediate	new_folder	name_index_advance	1	0.160	0	0	137187672	1064	256	ok
PROBE-TSV	1	tar.xz	payload	immediate	new_folder	name_index_build	1	1.440	0	0	137187672	1064	256	ok
PROBE-TSV	1	tar.xz	payload	immediate	new_folder	password_verification	1	0.036	0	0	137187672	1064	256	ok
PROBE-TSV	1	tar.xz	payload	immediate	new_folder	plan_build	1	1.451	0	0	137187672	1064	256	ok
PROBE-TSV	1	tar.xz	payload	immediate	new_folder	plan_validation	1	0.096	0	0	137187672	1064	256	ok
PROBE-TSV	1	tar.xz	payload	immediate	new_folder	publish	1	0.845	0	0	137187672	1064	256	ok
PROBE-TSV	1	tar.xz	payload	immediate	new_folder	reader_adoption	1	0.002	0	0	137187672	1064	256	ok
PROBE-TSV	1	tar.xz	payload	immediate	new_folder	reload	1	2.419	0	0	137187672	1064	256	ok
PROBE-TSV	1	tar.xz	payload	immediate	new_folder	total	1	72.026	0	137207808	137187672	1064	256	ok
PROBE-TSV	1	tar.xz	payload	immediate	new_folder	tree_build	1	0.601	0	0	137187672	1064	256	ok
PROBE-TSV	1	tar.xz	payload	immediate	new_folder	updater_open	1	2.863	0	0	137187672	1064	256	ok
PROBE-TSV	1	tar.xz	payload	immediate	new_folder	verification_open	1	37.240	0	0	137187672	1064	256	ok
PROBE-TSV	1	tar.xz	payload	immediate	add_file	capability_probe	1	2.118	0	0	137187676	1064	256	ok
PROBE-TSV	1	tar.xz	payload	immediate	add_file	commit	1	20.722	0	137195520	137187676	1064	256	ok
PROBE-TSV	1	tar.xz	payload	immediate	add_file	display	1	1.433	0	0	137187676	1064	256	ok
PROBE-TSV	1	tar.xz	payload	immediate	add_file	entry_comparison	1	0.700	0	0	137187676	1064	256	ok
PROBE-TSV	1	tar.xz	payload	immediate	add_file	filter_compute	1	0.000	0	0	137187676	1064	256	ok
PROBE-TSV	1	tar.xz	payload	immediate	add_file	mutate	1	0.847	0	0	137187676	1064	256	ok
PROBE-TSV	1	tar.xz	payload	immediate	add_file	name_index_advance	1	0.150	0	0	137187676	1064	256	ok
PROBE-TSV	1	tar.xz	payload	immediate	add_file	name_index_build	1	1.511	0	0	137187676	1064	256	ok
PROBE-TSV	1	tar.xz	payload	immediate	add_file	password_verification	1	0.034	0	0	137187676	1064	256	ok
PROBE-TSV	1	tar.xz	payload	immediate	add_file	plan_build	3	0.050	0	0	137187676	1064	256	ok
PROBE-TSV	1	tar.xz	payload	immediate	add_file	plan_validation	1	0.101	0	0	137187676	1064	256	ok
PROBE-TSV	1	tar.xz	payload	immediate	add_file	publish	1	0.799	0	0	137187676	1064	256	ok
PROBE-TSV	1	tar.xz	payload	immediate	add_file	reader_adoption	1	0.002	0	0	137187676	1064	256	ok
PROBE-TSV	1	tar.xz	payload	immediate	add_file	reload	1	2.481	0	0	137187676	1064	256	ok
PROBE-TSV	1	tar.xz	payload	immediate	add_file	total	1	73.261	0	137207808	137187676	1064	256	ok
PROBE-TSV	1	tar.xz	payload	immediate	add_file	tree_build	1	0.584	0	0	137187676	1064	256	ok
PROBE-TSV	1	tar.xz	payload	immediate	add_file	updater_open	1	2.826	0	0	137187676	1064	256	ok
PROBE-TSV	1	tar.xz	payload	immediate	add_file	verification_open	1	37.629	0	0	137187676	1064	256	ok
PROBE-TSV	1	tar.xz	payload	immediate	replace_file	capability_probe	1	2.044	0	0	135726712	1064	256	ok
PROBE-TSV	1	tar.xz	payload	immediate	replace_file	commit	1	21.100	0	135741440	135726712	1064	256	ok
PROBE-TSV	1	tar.xz	payload	immediate	replace_file	display	1	1.250	0	0	135726712	1064	256	ok
PROBE-TSV	1	tar.xz	payload	immediate	replace_file	entry_comparison	1	0.687	0	0	135726712	1064	256	ok
PROBE-TSV	1	tar.xz	payload	immediate	replace_file	filter_compute	1	0.000	0	0	135726712	1064	256	ok
PROBE-TSV	1	tar.xz	payload	immediate	replace_file	mutate	1	1.352	0	0	135726712	1064	256	ok
PROBE-TSV	1	tar.xz	payload	immediate	replace_file	name_index_advance	1	0.158	0	0	135726712	1064	256	ok
PROBE-TSV	1	tar.xz	payload	immediate	replace_file	name_index_build	1	1.453	0	0	135726712	1064	256	ok
PROBE-TSV	1	tar.xz	payload	immediate	replace_file	password_verification	1	0.030	0	0	135726712	1064	256	ok
PROBE-TSV	1	tar.xz	payload	immediate	replace_file	plan_build	4	0.080	0	0	135726712	1064	256	ok
PROBE-TSV	1	tar.xz	payload	immediate	replace_file	plan_validation	1	0.094	0	0	135726712	1064	256	ok
PROBE-TSV	1	tar.xz	payload	immediate	replace_file	publish	1	0.808	0	0	135726712	1064	256	ok
PROBE-TSV	1	tar.xz	payload	immediate	replace_file	reader_adoption	1	0.002	0	0	135726712	1064	256	ok
PROBE-TSV	1	tar.xz	payload	immediate	replace_file	reload	1	2.428	0	0	135726712	1064	256	ok
PROBE-TSV	1	tar.xz	payload	immediate	replace_file	total	1	72.718	0	135753728	135726712	1064	256	ok
PROBE-TSV	1	tar.xz	payload	immediate	replace_file	tree_build	1	0.585	0	0	135726712	1064	256	ok
PROBE-TSV	1	tar.xz	payload	immediate	replace_file	updater_open	1	2.800	0	0	135726712	1064	256	ok
PROBE-TSV	1	tar.xz	payload	immediate	replace_file	verification_open	1	36.451	0	0	135726712	1064	256	ok
PROBE-TSV	1	tar.xz	payload	deferred	five_changes_reserve_rename	display	1	1.119	0	0	137187584	1064	256	ok
PROBE-TSV	1	tar.xz	payload	deferred	five_changes_reserve_rename	filter_compute	1	0.000	0	0	137187584	1064	256	ok
PROBE-TSV	1	tar.xz	payload	deferred	five_changes_reserve_rename	password_verification	1	0.031	0	0	137187584	1064	256	ok
PROBE-TSV	1	tar.xz	payload	deferred	five_changes_reserve_rename	total	1	5.916	0	0	137187584	1064	256	ok
PROBE-TSV	1	tar.xz	payload	deferred	five_changes_reserve_rename	tree_build	1	0.650	0	0	137187584	1064	256	ok
PROBE-TSV	1	tar.xz	payload	deferred	five_changes_reserve_delete	display	1	0.524	0	0	137187584	1064	256	ok
PROBE-TSV	1	tar.xz	payload	deferred	five_changes_reserve_delete	filter_compute	1	0.000	0	0	137187584	1064	256	ok
PROBE-TSV	1	tar.xz	payload	deferred	five_changes_reserve_delete	password_verification	1	0.028	0	0	137187584	1064	256	ok
PROBE-TSV	1	tar.xz	payload	deferred	five_changes_reserve_delete	total	1	3.814	0	0	137187584	1064	256	ok
PROBE-TSV	1	tar.xz	payload	deferred	five_changes_reserve_delete	tree_build	1	0.603	0	0	137187584	1064	256	ok
PROBE-TSV	1	tar.xz	payload	deferred	five_changes_reserve_new_folder	display	1	0.434	0	0	137187584	1064	256	ok
PROBE-TSV	1	tar.xz	payload	deferred	five_changes_reserve_new_folder	filter_compute	1	0.000	0	0	137187584	1064	256	ok
PROBE-TSV	1	tar.xz	payload	deferred	five_changes_reserve_new_folder	password_verification	1	0.032	0	0	137187584	1064	256	ok
PROBE-TSV	1	tar.xz	payload	deferred	five_changes_reserve_new_folder	total	1	3.656	0	0	137187584	1064	256	ok
PROBE-TSV	1	tar.xz	payload	deferred	five_changes_reserve_new_folder	tree_build	1	0.575	0	0	137187584	1064	256	ok
PROBE-TSV	1	tar.xz	payload	deferred	five_changes_reserve_delete_folder	display	1	1.217	0	0	137187584	1064	256	ok
PROBE-TSV	1	tar.xz	payload	deferred	five_changes_reserve_delete_folder	filter_compute	1	0.000	0	0	137187584	1064	256	ok
PROBE-TSV	1	tar.xz	payload	deferred	five_changes_reserve_delete_folder	password_verification	1	0.032	0	0	137187584	1064	256	ok
PROBE-TSV	1	tar.xz	payload	deferred	five_changes_reserve_delete_folder	total	1	45.943	0	0	137187584	1064	256	ok
PROBE-TSV	1	tar.xz	payload	deferred	five_changes_reserve_delete_folder	tree_build	1	0.047	0	0	137187584	1064	256	ok
PROBE-TSV	1	tar.xz	payload	deferred	five_changes_reserve_add	display	1	1.105	0	0	137187584	1064	256	ok
PROBE-TSV	1	tar.xz	payload	deferred	five_changes_reserve_add	filter_compute	1	0.000	0	0	137187584	1064	256	ok
PROBE-TSV	1	tar.xz	payload	deferred	five_changes_reserve_add	password_verification	1	0.030	0	0	137187584	1064	256	ok
PROBE-TSV	1	tar.xz	payload	deferred	five_changes_reserve_add	plan_build	3	0.055	0	0	137187584	1064	256	ok
PROBE-TSV	1	tar.xz	payload	deferred	five_changes_reserve_add	total	1	5.955	0	4096	137187584	1064	256	ok
PROBE-TSV	1	tar.xz	payload	deferred	five_changes_reserve_add	tree_build	1	0.046	0	0	137187584	1064	256	ok
PROBE-TSV	1	tar.xz	payload	deferred	save_five_changes	capability_probe	1	0.304	0	0	137185416	1064	256	ok
PROBE-TSV	1	tar.xz	payload	deferred	save_five_changes	commit	1	20.323	0	137191424	137185416	1064	256	ok
PROBE-TSV	1	tar.xz	payload	deferred	save_five_changes	display	1	1.337	0	0	137185416	1064	256	ok
PROBE-TSV	1	tar.xz	payload	deferred	save_five_changes	editing_install	1	0.005	0	0	137185416	1064	256	ok
PROBE-TSV	1	tar.xz	payload	deferred	save_five_changes	editing_prepare	1	0.055	0	0	137185416	1064	256	ok
PROBE-TSV	1	tar.xz	payload	deferred	save_five_changes	entry_comparison	1	0.062	0	0	137185416	1064	256	ok
PROBE-TSV	1	tar.xz	payload	deferred	save_five_changes	filter_compute	2	0.000	0	0	137185416	1064	256	ok
PROBE-TSV	1	tar.xz	payload	deferred	save_five_changes	name_index_advance	1	0.850	0	0	137185416	1064	256	ok
PROBE-TSV	1	tar.xz	payload	deferred	save_five_changes	password_verification	1	0.026	0	0	137185416	1064	256	ok
PROBE-TSV	1	tar.xz	payload	deferred	save_five_changes	publish	1	0.986	0	0	137185416	1064	256	ok
PROBE-TSV	1	tar.xz	payload	deferred	save_five_changes	reader_adoption	1	0.001	0	0	137185416	1064	256	ok
PROBE-TSV	1	tar.xz	payload	deferred	save_five_changes	reload	1	2.198	0	0	137185416	1064	256	ok
PROBE-TSV	1	tar.xz	payload	deferred	save_five_changes	replay	1	2.220	4096	0	137185416	1064	256	ok
PROBE-TSV	1	tar.xz	payload	deferred	save_five_changes	replay_plan	1	1.746	0	0	137185416	1064	256	ok
PROBE-TSV	1	tar.xz	payload	deferred	save_five_changes	representability_differential	1	0.853	0	0	137185416	1064	256	ok
PROBE-TSV	1	tar.xz	payload	deferred	save_five_changes	save_sheet	1	128.505	4096	137216000	137185416	1064	256	ok
PROBE-TSV	1	tar.xz	payload	deferred	save_five_changes	total	1	128.839	4096	137216000	137185416	1064	256	ok
PROBE-TSV	1	tar.xz	payload	deferred	save_five_changes	tree_build	1	0.048	0	0	137185416	1064	256	ok
PROBE-TSV	1	tar.xz	payload	deferred	save_five_changes	updater_open	1	3.081	0	0	137185416	1064	256	ok
PROBE-TSV	1	tar.xz	payload	deferred	save_five_changes	verification_open	1	33.038	0	0	137185416	1064	256	ok
PROBE-TSV	1	tar.xz	payload	deferred	rename_only_reserve_rename	display	1	1.071	0	0	137187584	1064	256	ok
PROBE-TSV	1	tar.xz	payload	deferred	rename_only_reserve_rename	filter_compute	1	0.000	0	0	137187584	1064	256	ok
PROBE-TSV	1	tar.xz	payload	deferred	rename_only_reserve_rename	password_verification	1	0.030	0	0	137187584	1064	256	ok
PROBE-TSV	1	tar.xz	payload	deferred	rename_only_reserve_rename	total	1	5.697	0	0	137187584	1064	256	ok
PROBE-TSV	1	tar.xz	payload	deferred	rename_only_reserve_rename	tree_build	1	0.618	0	0	137187584	1064	256	ok
PROBE-TSV	1	tar.xz	payload	deferred	save_rename_only	capability_probe	1	2.177	0	0	137187588	1064	256	ok
PROBE-TSV	1	tar.xz	payload	deferred	save_rename_only	commit	1	21.546	0	137199616	137187588	1064	256	ok
PROBE-TSV	1	tar.xz	payload	deferred	save_rename_only	display	1	1.093	0	0	137187588	1064	256	ok
PROBE-TSV	1	tar.xz	payload	deferred	save_rename_only	editing_install	1	0.005	0	0	137187588	1064	256	ok
PROBE-TSV	1	tar.xz	payload	deferred	save_rename_only	editing_prepare	1	0.284	0	0	137187588	1064	256	ok
PROBE-TSV	1	tar.xz	payload	deferred	save_rename_only	entry_comparison	1	0.740	0	0	137187588	1064	256	ok
PROBE-TSV	1	tar.xz	payload	deferred	save_rename_only	filter_compute	2	0.001	0	0	137187588	1064	256	ok
PROBE-TSV	1	tar.xz	payload	deferred	save_rename_only	name_index_advance	1	0.134	0	0	137187588	1064	256	ok
PROBE-TSV	1	tar.xz	payload	deferred	save_rename_only	password_verification	1	0.031	0	0	137187588	1064	256	ok
PROBE-TSV	1	tar.xz	payload	deferred	save_rename_only	publish	1	0.299	0	0	137187588	1064	256	ok
PROBE-TSV	1	tar.xz	payload	deferred	save_rename_only	reader_adoption	1	0.002	0	0	137187588	1064	256	ok
PROBE-TSV	1	tar.xz	payload	deferred	save_rename_only	reload	1	3.322	0	0	137187588	1064	256	ok
PROBE-TSV	1	tar.xz	payload	deferred	save_rename_only	replay	1	0.685	0	0	137187588	1064	256	ok
PROBE-TSV	1	tar.xz	payload	deferred	save_rename_only	replay_plan	1	0.304	0	0	137187588	1064	256	ok
PROBE-TSV	1	tar.xz	payload	deferred	save_rename_only	representability_differential	1	0.019	0	0	137187588	1064	256	ok
PROBE-TSV	1	tar.xz	payload	deferred	save_rename_only	save_sheet	1	125.616	0	137211904	137187588	1064	256	ok
PROBE-TSV	1	tar.xz	payload	deferred	save_rename_only	total	1	126.128	0	137211904	137187588	1064	256	ok
PROBE-TSV	1	tar.xz	payload	deferred	save_rename_only	tree_build	1	0.586	0	0	137187588	1064	256	ok
PROBE-TSV	1	tar.xz	payload	deferred	save_rename_only	updater_open	1	2.997	0	0	137187588	1064	256	ok
PROBE-TSV	1	tar.xz	payload	deferred	save_rename_only	verification_open	1	36.884	0	0	137187588	1064	256	ok
PROBE-TSV	1	7z	entries	immediate	delete_start	capability_probe	1	201.870	0	0	7000008	100000	0	ok
PROBE-TSV	1	7z	entries	immediate	delete_start	commit	1	425.798	516096	7020544	7000008	100000	0	ok
PROBE-TSV	1	7z	entries	immediate	delete_start	display	1	2.931	0	0	7000008	100000	0	ok
PROBE-TSV	1	7z	entries	immediate	delete_start	entry_comparison	1	58.492	0	0	7000008	100000	0	ok
PROBE-TSV	1	7z	entries	immediate	delete_start	filter_compute	1	0.000	0	0	7000008	100000	0	ok
PROBE-TSV	1	7z	entries	immediate	delete_start	mutate	1	63.025	0	0	7000008	100000	0	ok
PROBE-TSV	1	7z	entries	immediate	delete_start	password_verification	1	0.216	0	0	7000008	100000	0	ok
PROBE-TSV	1	7z	entries	immediate	delete_start	plan_build	1	0.013	0	0	7000008	100000	0	ok
PROBE-TSV	1	7z	entries	immediate	delete_start	plan_validation	1	13.663	0	0	7000008	100000	0	ok
PROBE-TSV	1	7z	entries	immediate	delete_start	publish	1	0.822	0	0	7000008	100000	0	ok
PROBE-TSV	1	7z	entries	immediate	delete_start	reader_adoption	1	0.019	0	0	7000008	100000	0	ok
PROBE-TSV	1	7z	entries	immediate	delete_start	reload	1	202.486	0	0	7000008	100000	0	ok
PROBE-TSV	1	7z	entries	immediate	delete_start	total	1	1504.628	7045120	7032832	7000008	100000	0	ok
PROBE-TSV	1	7z	entries	immediate	delete_start	tree_build	1	61.490	0	0	7000008	100000	0	ok
PROBE-TSV	1	7z	entries	immediate	delete_start	updater_open	1	425.164	6529024	0	7000008	100000	0	ok
PROBE-TSV	1	7z	entries	immediate	delete_start	verification_open	1	206.543	0	0	7000008	100000	0	ok
PROBE-TSV	1	7z	entries	immediate	delete_end	capability_probe	1	208.276	0	0	7000008	100000	0	ok
PROBE-TSV	1	7z	entries	immediate	delete_end	commit	1	321.945	57344	6545408	7000008	100000	0	ok
PROBE-TSV	1	7z	entries	immediate	delete_end	display	1	3.178	0	0	7000008	100000	0	ok
PROBE-TSV	1	7z	entries	immediate	delete_end	entry_comparison	1	61.538	0	0	7000008	100000	0	ok
PROBE-TSV	1	7z	entries	immediate	delete_end	filter_compute	1	0.000	0	0	7000008	100000	0	ok
PROBE-TSV	1	7z	entries	immediate	delete_end	mutate	1	62.104	0	0	7000008	100000	0	ok
PROBE-TSV	1	7z	entries	immediate	delete_end	password_verification	1	0.220	0	0	7000008	100000	0	ok
PROBE-TSV	1	7z	entries	immediate	delete_end	plan_build	1	0.015	0	0	7000008	100000	0	ok
PROBE-TSV	1	7z	entries	immediate	delete_end	plan_validation	1	13.576	0	0	7000008	100000	0	ok
PROBE-TSV	1	7z	entries	immediate	delete_end	publish	1	0.805	0	0	7000008	100000	0	ok
PROBE-TSV	1	7z	entries	immediate	delete_end	reader_adoption	1	0.004	0	0	7000008	100000	0	ok
PROBE-TSV	1	7z	entries	immediate	delete_end	reload	1	208.861	0	0	7000008	100000	0	ok
PROBE-TSV	1	7z	entries	immediate	delete_end	total	1	1406.859	6586368	6557696	7000008	100000	0	ok
PROBE-TSV	1	7z	entries	immediate	delete_end	tree_build	1	65.177	0	0	7000008	100000	0	ok
PROBE-TSV	1	7z	entries	immediate	delete_end	updater_open	1	409.685	6529024	0	7000008	100000	0	ok
PROBE-TSV	1	7z	entries	immediate	delete_end	verification_open	1	214.104	0	0	7000008	100000	0	ok
PROBE-TSV	1	7z	entries	immediate	rename_same_length	capability_probe	1	206.254	0	0	7000078	100000	0	ok
PROBE-TSV	1	7z	entries	immediate	rename_same_length	commit	1	318.314	53248	6545408	7000078	100000	0	ok
PROBE-TSV	1	7z	entries	immediate	rename_same_length	display	1	2.975	0	0	7000078	100000	0	ok
PROBE-TSV	1	7z	entries	immediate	rename_same_length	entry_comparison	1	61.438	0	0	7000078	100000	0	ok
PROBE-TSV	1	7z	entries	immediate	rename_same_length	filter_compute	1	0.000	0	0	7000078	100000	0	ok
PROBE-TSV	1	7z	entries	immediate	rename_same_length	mutate	1	61.866	0	0	7000078	100000	0	ok
PROBE-TSV	1	7z	entries	immediate	rename_same_length	name_index_advance	1	12.925	0	0	7000078	100000	0	ok
PROBE-TSV	1	7z	entries	immediate	rename_same_length	name_index_build	1	151.044	0	0	7000078	100000	0	ok
PROBE-TSV	1	7z	entries	immediate	rename_same_length	password_verification	1	0.218	0	0	7000078	100000	0	ok
PROBE-TSV	1	7z	entries	immediate	rename_same_length	plan_build	1	0.026	0	0	7000078	100000	0	ok
PROBE-TSV	1	7z	entries	immediate	rename_same_length	plan_validation	1	13.608	0	0	7000078	100000	0	ok
PROBE-TSV	1	7z	entries	immediate	rename_same_length	publish	1	0.736	0	0	7000078	100000	0	ok
PROBE-TSV	1	7z	entries	immediate	rename_same_length	reader_adoption	1	0.004	0	0	7000078	100000	0	ok
PROBE-TSV	1	7z	entries	immediate	rename_same_length	reload	1	220.036	0	0	7000078	100000	0	ok
PROBE-TSV	1	7z	entries	immediate	rename_same_length	total	1	1562.182	6582272	6557696	7000078	100000	0	ok
PROBE-TSV	1	7z	entries	immediate	rename_same_length	tree_build	1	61.872	0	0	7000078	100000	0	ok
PROBE-TSV	1	7z	entries	immediate	rename_same_length	updater_open	1	419.382	6529024	0	7000078	100000	0	ok
PROBE-TSV	1	7z	entries	immediate	rename_same_length	verification_open	1	205.434	0	0	7000078	100000	0	ok
PROBE-TSV	1	7z	entries	immediate	rename_different_length	capability_probe	1	204.858	0	0	7000114	100000	0	ok
PROBE-TSV	1	7z	entries	immediate	rename_different_length	commit	1	316.123	49152	6545408	7000114	100000	0	ok
PROBE-TSV	1	7z	entries	immediate	rename_different_length	display	1	3.004	0	0	7000114	100000	0	ok
PROBE-TSV	1	7z	entries	immediate	rename_different_length	entry_comparison	1	60.853	0	0	7000114	100000	0	ok
PROBE-TSV	1	7z	entries	immediate	rename_different_length	filter_compute	1	0.000	0	0	7000114	100000	0	ok
PROBE-TSV	1	7z	entries	immediate	rename_different_length	mutate	1	61.702	0	0	7000114	100000	0	ok
PROBE-TSV	1	7z	entries	immediate	rename_different_length	name_index_advance	1	12.879	0	0	7000114	100000	0	ok
PROBE-TSV	1	7z	entries	immediate	rename_different_length	name_index_build	1	150.170	0	0	7000114	100000	0	ok
PROBE-TSV	1	7z	entries	immediate	rename_different_length	password_verification	1	0.236	0	0	7000114	100000	0	ok
PROBE-TSV	1	7z	entries	immediate	rename_different_length	plan_build	1	0.027	0	0	7000114	100000	0	ok
PROBE-TSV	1	7z	entries	immediate	rename_different_length	plan_validation	1	13.600	0	0	7000114	100000	0	ok
PROBE-TSV	1	7z	entries	immediate	rename_different_length	publish	1	0.830	0	0	7000114	100000	0	ok
PROBE-TSV	1	7z	entries	immediate	rename_different_length	reader_adoption	1	0.004	0	0	7000114	100000	0	ok
PROBE-TSV	1	7z	entries	immediate	rename_different_length	reload	1	218.601	0	0	7000114	100000	0	ok
PROBE-TSV	1	7z	entries	immediate	rename_different_length	total	1	1547.822	6578176	6557696	7000114	100000	0	ok
PROBE-TSV	1	7z	entries	immediate	rename_different_length	tree_build	1	59.724	0	0	7000114	100000	0	ok
PROBE-TSV	1	7z	entries	immediate	rename_different_length	updater_open	1	412.475	6529024	0	7000114	100000	0	ok
PROBE-TSV	1	7z	entries	immediate	rename_different_length	verification_open	1	205.223	0	0	7000114	100000	0	ok
PROBE-TSV	1	7z	entries	immediate	rename_folder	capability_probe	1	207.514	0	0	7020078	100000	0	ok
PROBE-TSV	1	7z	entries	immediate	rename_folder	commit	1	315.522	49152	6569984	7020078	100000	0	ok
PROBE-TSV	1	7z	entries	immediate	rename_folder	display	1	2.770	0	0	7020078	100000	0	ok
PROBE-TSV	1	7z	entries	immediate	rename_folder	entry_comparison	1	59.238	0	0	7020078	100000	0	ok
PROBE-TSV	1	7z	entries	immediate	rename_folder	filter_compute	1	0.000	0	0	7020078	100000	0	ok
PROBE-TSV	1	7z	entries	immediate	rename_folder	mutate	1	68.126	0	0	7020078	100000	0	ok
PROBE-TSV	1	7z	entries	immediate	rename_folder	name_index_advance	1	18.208	0	0	7020078	100000	0	ok
PROBE-TSV	1	7z	entries	immediate	rename_folder	name_index_build	1	147.554	0	0	7020078	100000	0	ok
PROBE-TSV	1	7z	entries	immediate	rename_folder	password_verification	1	0.218	0	0	7020078	100000	0	ok
PROBE-TSV	1	7z	entries	immediate	rename_folder	plan_build	1	5.785	0	0	7020078	100000	0	ok
PROBE-TSV	1	7z	entries	immediate	rename_folder	plan_validation	1	16.341	0	0	7020078	100000	0	ok
PROBE-TSV	1	7z	entries	immediate	rename_folder	publish	1	0.850	0	0	7020078	100000	0	ok
PROBE-TSV	1	7z	entries	immediate	rename_folder	reader_adoption	1	0.004	0	0	7020078	100000	0	ok
PROBE-TSV	1	7z	entries	immediate	rename_folder	reload	1	226.576	0	0	7020078	100000	0	ok
PROBE-TSV	1	7z	entries	immediate	rename_folder	total	1	1561.866	6578176	6582272	7020078	100000	0	ok
PROBE-TSV	1	7z	entries	immediate	rename_folder	tree_build	1	60.673	0	0	7020078	100000	0	ok
PROBE-TSV	1	7z	entries	immediate	rename_folder	updater_open	1	408.304	6529024	0	7020078	100000	0	ok
PROBE-TSV	1	7z	entries	immediate	rename_folder	verification_open	1	205.552	0	0	7020078	100000	0	ok
PROBE-TSV	1	7z	entries	immediate	new_folder	capability_probe	1	206.652	0	0	7012616	100000	0	ok
PROBE-TSV	1	7z	entries	immediate	new_folder	commit	1	317.410	49152	6569984	7012616	100000	0	ok
PROBE-TSV	1	7z	entries	immediate	new_folder	display	1	3.079	0	0	7012616	100000	0	ok
PROBE-TSV	1	7z	entries	immediate	new_folder	entry_comparison	1	59.338	0	0	7012616	100000	0	ok
PROBE-TSV	1	7z	entries	immediate	new_folder	filter_compute	1	0.000	0	0	7012616	100000	0	ok
PROBE-TSV	1	7z	entries	immediate	new_folder	mutate	1	69.648	0	0	7012616	100000	0	ok
PROBE-TSV	1	7z	entries	immediate	new_folder	name_index_advance	1	12.724	0	0	7012616	100000	0	ok
PROBE-TSV	1	7z	entries	immediate	new_folder	name_index_build	1	149.287	0	0	7012616	100000	0	ok
PROBE-TSV	1	7z	entries	immediate	new_folder	password_verification	1	0.238	0	0	7012616	100000	0	ok
PROBE-TSV	1	7z	entries	immediate	new_folder	plan_build	1	149.309	0	0	7012616	100000	0	ok
PROBE-TSV	1	7z	entries	immediate	new_folder	plan_validation	1	13.356	0	0	7012616	100000	0	ok
PROBE-TSV	1	7z	entries	immediate	new_folder	publish	1	0.785	0	0	7012616	100000	0	ok
PROBE-TSV	1	7z	entries	immediate	new_folder	reader_adoption	1	0.004	0	0	7012616	100000	0	ok
PROBE-TSV	1	7z	entries	immediate	new_folder	reload	1	220.240	0	0	7012616	100000	0	ok
PROBE-TSV	1	7z	entries	immediate	new_folder	total	1	1549.290	6578176	6582272	7012616	100000	0	ok
PROBE-TSV	1	7z	entries	immediate	new_folder	tree_build	1	61.022	0	0	7012616	100000	0	ok
PROBE-TSV	1	7z	entries	immediate	new_folder	updater_open	1	404.969	6529024	0	7012616	100000	0	ok
PROBE-TSV	1	7z	entries	immediate	new_folder	verification_open	1	205.834	0	0	7012616	100000	0	ok
PROBE-TSV	1	7z	entries	immediate	add_file	capability_probe	1	203.277	0	0	7000126	100000	0	ok
PROBE-TSV	1	7z	entries	immediate	add_file	commit	1	320.558	49152	6545408	7000126	100000	0	ok
PROBE-TSV	1	7z	entries	immediate	add_file	display	1	3.158	0	0	7000126	100000	0	ok
PROBE-TSV	1	7z	entries	immediate	add_file	entry_comparison	1	57.962	0	0	7000126	100000	0	ok
PROBE-TSV	1	7z	entries	immediate	add_file	filter_compute	1	0.000	0	0	7000126	100000	0	ok
PROBE-TSV	1	7z	entries	immediate	add_file	mutate	1	71.650	0	0	7000126	100000	0	ok
PROBE-TSV	1	7z	entries	immediate	add_file	name_index_advance	1	12.575	0	0	7000126	100000	0	ok
PROBE-TSV	1	7z	entries	immediate	add_file	name_index_build	1	159.417	0	0	7000126	100000	0	ok
PROBE-TSV	1	7z	entries	immediate	add_file	password_verification	1	0.231	0	0	7000126	100000	0	ok
PROBE-TSV	1	7z	entries	immediate	add_file	plan_build	3	0.156	0	0	7000126	100000	0	ok
PROBE-TSV	1	7z	entries	immediate	add_file	plan_validation	1	13.508	0	0	7000126	100000	0	ok
PROBE-TSV	1	7z	entries	immediate	add_file	publish	1	0.756	0	0	7000126	100000	0	ok
PROBE-TSV	1	7z	entries	immediate	add_file	reader_adoption	1	0.004	0	0	7000126	100000	0	ok
PROBE-TSV	1	7z	entries	immediate	add_file	reload	1	216.724	0	0	7000126	100000	0	ok
PROBE-TSV	1	7z	entries	immediate	add_file	total	1	1572.604	6578176	6557696	7000126	100000	0	ok
PROBE-TSV	1	7z	entries	immediate	add_file	tree_build	1	61.452	0	0	7000126	100000	0	ok
PROBE-TSV	1	7z	entries	immediate	add_file	updater_open	1	420.912	6529024	0	7000126	100000	0	ok
PROBE-TSV	1	7z	entries	immediate	add_file	verification_open	1	202.250	0	0	7000126	100000	0	ok
PROBE-TSV	1	7z	entries	immediate	replace_file	capability_probe	1	207.367	0	0	7000078	100000	0	ok
PROBE-TSV	1	7z	entries	immediate	replace_file	commit	1	414.552	507904	7020544	7000078	100000	0	ok
PROBE-TSV	1	7z	entries	immediate	replace_file	display	1	3.009	0	0	7000078	100000	0	ok
PROBE-TSV	1	7z	entries	immediate	replace_file	entry_comparison	1	60.184	0	0	7000078	100000	0	ok
PROBE-TSV	1	7z	entries	immediate	replace_file	filter_compute	1	0.000	0	0	7000078	100000	0	ok
PROBE-TSV	1	7z	entries	immediate	replace_file	mutate	1	121.264	0	0	7000078	100000	0	ok
PROBE-TSV	1	7z	entries	immediate	replace_file	name_index_advance	1	12.933	0	0	7000078	100000	0	ok
PROBE-TSV	1	7z	entries	immediate	replace_file	name_index_build	1	148.552	0	0	7000078	100000	0	ok
PROBE-TSV	1	7z	entries	immediate	replace_file	password_verification	1	0.231	0	0	7000078	100000	0	ok
PROBE-TSV	1	7z	entries	immediate	replace_file	plan_build	4	2.291	0	0	7000078	100000	0	ok
PROBE-TSV	1	7z	entries	immediate	replace_file	plan_validation	1	13.330	0	0	7000078	100000	0	ok
PROBE-TSV	1	7z	entries	immediate	replace_file	publish	1	0.848	0	0	7000078	100000	0	ok
PROBE-TSV	1	7z	entries	immediate	replace_file	reader_adoption	1	0.004	0	0	7000078	100000	0	ok
PROBE-TSV	1	7z	entries	immediate	replace_file	reload	1	221.163	0	0	7000078	100000	0	ok
PROBE-TSV	1	7z	entries	immediate	replace_file	total	1	1702.297	7036928	7032832	7000078	100000	0	ok
PROBE-TSV	1	7z	entries	immediate	replace_file	tree_build	1	61.339	0	0	7000078	100000	0	ok
PROBE-TSV	1	7z	entries	immediate	replace_file	updater_open	1	404.511	6529024	0	7000078	100000	0	ok
PROBE-TSV	1	7z	entries	immediate	replace_file	verification_open	1	205.073	0	0	7000078	100000	0	ok
PROBE-TSV	1	7z	entries	deferred	five_changes_reserve_rename	display	1	2.726	0	0	7000078	100000	0	ok
PROBE-TSV	1	7z	entries	deferred	five_changes_reserve_rename	filter_compute	1	0.001	0	0	7000078	100000	0	ok
PROBE-TSV	1	7z	entries	deferred	five_changes_reserve_rename	password_verification	1	0.576	0	0	7000078	100000	0	ok
PROBE-TSV	1	7z	entries	deferred	five_changes_reserve_rename	total	1	153.524	0	0	7000078	100000	0	ok
PROBE-TSV	1	7z	entries	deferred	five_changes_reserve_rename	tree_build	1	64.142	0	0	7000078	100000	0	ok
PROBE-TSV	1	7z	entries	deferred	five_changes_reserve_delete	display	1	2.976	0	0	7000078	100000	0	ok
PROBE-TSV	1	7z	entries	deferred	five_changes_reserve_delete	filter_compute	1	0.001	0	0	7000078	100000	0	ok
PROBE-TSV	1	7z	entries	deferred	five_changes_reserve_delete	password_verification	1	0.582	0	0	7000078	100000	0	ok
PROBE-TSV	1	7z	entries	deferred	five_changes_reserve_delete	total	1	163.200	0	0	7000078	100000	0	ok
PROBE-TSV	1	7z	entries	deferred	five_changes_reserve_delete	tree_build	1	63.845	0	0	7000078	100000	0	ok
PROBE-TSV	1	7z	entries	deferred	five_changes_reserve_new_folder	display	1	2.877	0	0	7000078	100000	0	ok
PROBE-TSV	1	7z	entries	deferred	five_changes_reserve_new_folder	filter_compute	1	0.001	0	0	7000078	100000	0	ok
PROBE-TSV	1	7z	entries	deferred	five_changes_reserve_new_folder	password_verification	1	0.572	0	0	7000078	100000	0	ok
PROBE-TSV	1	7z	entries	deferred	five_changes_reserve_new_folder	total	1	153.799	0	0	7000078	100000	0	ok
PROBE-TSV	1	7z	entries	deferred	five_changes_reserve_new_folder	tree_build	1	60.222	0	0	7000078	100000	0	ok
PROBE-TSV	1	7z	entries	deferred	five_changes_reserve_delete_folder	display	1	2.968	0	0	7000078	100000	0	ok
PROBE-TSV	1	7z	entries	deferred	five_changes_reserve_delete_folder	filter_compute	1	0.001	0	0	7000078	100000	0	ok
PROBE-TSV	1	7z	entries	deferred	five_changes_reserve_delete_folder	password_verification	1	0.573	0	0	7000078	100000	0	ok
PROBE-TSV	1	7z	entries	deferred	five_changes_reserve_delete_folder	total	1	157.884	0	0	7000078	100000	0	ok
PROBE-TSV	1	7z	entries	deferred	five_changes_reserve_delete_folder	tree_build	1	61.657	0	0	7000078	100000	0	ok
PROBE-TSV	1	7z	entries	deferred	five_changes_reserve_add	display	1	3.037	0	0	7000078	100000	0	ok
PROBE-TSV	1	7z	entries	deferred	five_changes_reserve_add	filter_compute	1	0.001	0	0	7000078	100000	0	ok
PROBE-TSV	1	7z	entries	deferred	five_changes_reserve_add	password_verification	1	0.575	0	0	7000078	100000	0	ok
PROBE-TSV	1	7z	entries	deferred	five_changes_reserve_add	plan_build	3	0.051	0	0	7000078	100000	0	ok
PROBE-TSV	1	7z	entries	deferred	five_changes_reserve_add	total	1	152.543	0	4096	7000078	100000	0	ok
PROBE-TSV	1	7z	entries	deferred	five_changes_reserve_add	tree_build	1	59.254	0	0	7000078	100000	0	ok
PROBE-TSV	1	7z	entries	deferred	save_five_changes	capability_probe	1	203.981	0	0	6942455	100000	0	ok
PROBE-TSV	1	7z	entries	deferred	save_five_changes	commit	1	412.863	540672	6963200	6942455	100000	0	ok
PROBE-TSV	1	7z	entries	deferred	save_five_changes	display	1	2.863	0	0	6942455	100000	0	ok
PROBE-TSV	1	7z	entries	deferred	save_five_changes	editing_install	1	0.005	0	0	6942455	100000	0	ok
PROBE-TSV	1	7z	entries	deferred	save_five_changes	editing_prepare	1	26.209	0	0	6942455	100000	0	ok
PROBE-TSV	1	7z	entries	deferred	save_five_changes	entry_comparison	1	59.499	0	0	6942455	100000	0	ok
PROBE-TSV	1	7z	entries	deferred	save_five_changes	filter_compute	2	0.001	0	0	6942455	100000	0	ok
PROBE-TSV	1	7z	entries	deferred	save_five_changes	name_index_advance	1	15.903	0	0	6942455	100000	0	ok
PROBE-TSV	1	7z	entries	deferred	save_five_changes	password_verification	1	0.575	0	0	6942455	100000	0	ok
PROBE-TSV	1	7z	entries	deferred	save_five_changes	publish	1	0.953	0	0	6942455	100000	0	ok
PROBE-TSV	1	7z	entries	deferred	save_five_changes	reader_adoption	1	0.004	0	0	6942455	100000	0	ok
PROBE-TSV	1	7z	entries	deferred	save_five_changes	reload	1	230.019	0	0	6942455	100000	0	ok
PROBE-TSV	1	7z	entries	deferred	save_five_changes	replay	1	126.378	4096	0	6942455	100000	0	ok
PROBE-TSV	1	7z	entries	deferred	save_five_changes	replay_plan	1	24.975	0	0	6942455	100000	0	ok
PROBE-TSV	1	7z	entries	deferred	save_five_changes	representability_differential	1	0.815	0	0	6942455	100000	0	ok
PROBE-TSV	1	7z	entries	deferred	save_five_changes	save_sheet	1	1938.001	7073792	6987776	6942455	100000	0	ok
PROBE-TSV	1	7z	entries	deferred	save_five_changes	total	1	1964.568	7073792	6987776	6942455	100000	0	ok
PROBE-TSV	1	7z	entries	deferred	save_five_changes	tree_build	1	63.674	0	0	6942455	100000	0	ok
PROBE-TSV	1	7z	entries	deferred	save_five_changes	updater_open	1	407.017	6529024	0	6942455	100000	0	ok
PROBE-TSV	1	7z	entries	deferred	save_five_changes	verification_open	1	208.136	0	0	6942455	100000	0	ok
PROBE-TSV	1	7z	entries	deferred	rename_only_reserve_rename	display	1	3.086	0	0	7000078	100000	0	ok
PROBE-TSV	1	7z	entries	deferred	rename_only_reserve_rename	filter_compute	1	0.001	0	0	7000078	100000	0	ok
PROBE-TSV	1	7z	entries	deferred	rename_only_reserve_rename	password_verification	1	0.573	0	0	7000078	100000	0	ok
PROBE-TSV	1	7z	entries	deferred	rename_only_reserve_rename	total	1	161.125	0	0	7000078	100000	0	ok
PROBE-TSV	1	7z	entries	deferred	rename_only_reserve_rename	tree_build	1	62.891	0	0	7000078	100000	0	ok
PROBE-TSV	1	7z	entries	deferred	save_rename_only	capability_probe	1	217.146	0	0	7000076	100000	0	ok
PROBE-TSV	1	7z	entries	deferred	save_rename_only	commit	1	323.690	57344	6545408	7000076	100000	0	ok
PROBE-TSV	1	7z	entries	deferred	save_rename_only	display	1	3.095	0	0	7000076	100000	0	ok
PROBE-TSV	1	7z	entries	deferred	save_rename_only	editing_install	1	0.005	0	0	7000076	100000	0	ok
PROBE-TSV	1	7z	entries	deferred	save_rename_only	editing_prepare	1	29.660	0	0	7000076	100000	0	ok
PROBE-TSV	1	7z	entries	deferred	save_rename_only	entry_comparison	1	60.547	0	0	7000076	100000	0	ok
PROBE-TSV	1	7z	entries	deferred	save_rename_only	filter_compute	2	0.002	0	0	7000076	100000	0	ok
PROBE-TSV	1	7z	entries	deferred	save_rename_only	name_index_advance	1	14.475	0	0	7000076	100000	0	ok
PROBE-TSV	1	7z	entries	deferred	save_rename_only	password_verification	1	0.584	0	0	7000076	100000	0	ok
PROBE-TSV	1	7z	entries	deferred	save_rename_only	publish	1	0.405	0	0	7000076	100000	0	ok
PROBE-TSV	1	7z	entries	deferred	save_rename_only	reader_adoption	1	0.005	0	0	7000076	100000	0	ok
PROBE-TSV	1	7z	entries	deferred	save_rename_only	reload	1	241.710	0	0	7000076	100000	0	ok
PROBE-TSV	1	7z	entries	deferred	save_rename_only	replay	1	63.092	0	0	7000076	100000	0	ok
PROBE-TSV	1	7z	entries	deferred	save_rename_only	replay_plan	1	22.482	0	0	7000076	100000	0	ok
PROBE-TSV	1	7z	entries	deferred	save_rename_only	representability_differential	1	0.023	0	0	7000076	100000	0	ok
PROBE-TSV	1	7z	entries	deferred	save_rename_only	save_sheet	1	1805.502	6586368	6557696	7000076	100000	0	ok
PROBE-TSV	1	7z	entries	deferred	save_rename_only	total	1	1835.501	6586368	6557696	7000076	100000	0	ok
PROBE-TSV	1	7z	entries	deferred	save_rename_only	tree_build	1	65.155	0	0	7000076	100000	0	ok
PROBE-TSV	1	7z	entries	deferred	save_rename_only	updater_open	1	415.180	6529024	0	7000076	100000	0	ok
PROBE-TSV	1	7z	entries	deferred	save_rename_only	verification_open	1	215.075	0	0	7000076	100000	0	ok
PROBE-TSV	1	7z	payload	immediate	delete_start	capability_probe	1	2.348	0	0	135790639	1064	256	ok
PROBE-TSV	1	7z	payload	immediate	delete_start	commit	1	63.822	135741440	135823360	135790639	1064	256	ok
PROBE-TSV	1	7z	payload	immediate	delete_start	display	1	1.308	0	0	135790639	1064	256	ok
PROBE-TSV	1	7z	payload	immediate	delete_start	entry_comparison	1	0.653	0	0	135790639	1064	256	ok
PROBE-TSV	1	7z	payload	immediate	delete_start	filter_compute	1	0.000	0	0	135790639	1064	256	ok
PROBE-TSV	1	7z	payload	immediate	delete_start	mutate	1	0.658	0	0	135790639	1064	256	ok
PROBE-TSV	1	7z	payload	immediate	delete_start	password_verification	1	0.029	0	0	135790639	1064	256	ok
PROBE-TSV	1	7z	payload	immediate	delete_start	plan_build	1	0.012	0	0	135790639	1064	256	ok
PROBE-TSV	1	7z	payload	immediate	delete_start	plan_validation	1	0.113	0	0	135790639	1064	256	ok
PROBE-TSV	1	7z	payload	immediate	delete_start	publish	1	0.732	0	0	135790639	1064	256	ok
PROBE-TSV	1	7z	payload	immediate	delete_start	reader_adoption	1	0.003	0	0	135790639	1064	256	ok
PROBE-TSV	1	7z	payload	immediate	delete_start	reload	1	2.538	0	0	135790639	1064	256	ok
PROBE-TSV	1	7z	payload	immediate	delete_start	total	1	82.274	135843840	135835648	135790639	1064	256	ok
PROBE-TSV	1	7z	payload	immediate	delete_start	tree_build	1	0.580	0	0	135790639	1064	256	ok
PROBE-TSV	1	7z	payload	immediate	delete_start	updater_open	1	5.297	102400	0	135790639	1064	256	ok
PROBE-TSV	1	7z	payload	immediate	delete_start	verification_open	1	2.215	0	0	135790639	1064	256	ok
PROBE-TSV	1	7z	payload	immediate	delete_end	capability_probe	1	2.269	0	0	137251506	1064	256	ok
PROBE-TSV	1	7z	payload	immediate	delete_end	commit	1	4.476	36864	118784	137251506	1064	256	ok
PROBE-TSV	1	7z	payload	immediate	delete_end	display	1	1.227	0	0	137251506	1064	256	ok
PROBE-TSV	1	7z	payload	immediate	delete_end	entry_comparison	1	0.642	0	0	137251506	1064	256	ok
PROBE-TSV	1	7z	payload	immediate	delete_end	filter_compute	1	0.000	0	0	137251506	1064	256	ok
PROBE-TSV	1	7z	payload	immediate	delete_end	mutate	1	0.650	0	0	137251506	1064	256	ok
PROBE-TSV	1	7z	payload	immediate	delete_end	password_verification	1	0.032	0	0	137251506	1064	256	ok
PROBE-TSV	1	7z	payload	immediate	delete_end	plan_build	1	0.012	0	0	137251506	1064	256	ok
PROBE-TSV	1	7z	payload	immediate	delete_end	plan_validation	1	0.109	0	0	137251506	1064	256	ok
PROBE-TSV	1	7z	payload	immediate	delete_end	publish	1	0.646	0	0	137251506	1064	256	ok
PROBE-TSV	1	7z	payload	immediate	delete_end	reader_adoption	1	0.002	0	0	137251506	1064	256	ok
PROBE-TSV	1	7z	payload	immediate	delete_end	reload	1	2.433	0	0	137251506	1064	256	ok
PROBE-TSV	1	7z	payload	immediate	delete_end	total	1	20.767	139264	131072	137251506	1064	256	ok
PROBE-TSV	1	7z	payload	immediate	delete_end	tree_build	1	0.602	0	0	137251506	1064	256	ok
PROBE-TSV	1	7z	payload	immediate	delete_end	updater_open	1	5.060	102400	0	137251506	1064	256	ok
PROBE-TSV	1	7z	payload	immediate	delete_end	verification_open	1	2.140	0	0	137251506	1064	256	ok
PROBE-TSV	1	7z	payload	immediate	rename_same_length	capability_probe	1	2.263	0	0	137251576	1064	256	ok
PROBE-TSV	1	7z	payload	immediate	rename_same_length	commit	1	4.298	32768	118784	137251576	1064	256	ok
PROBE-TSV	1	7z	payload	immediate	rename_same_length	display	1	1.254	0	0	137251576	1064	256	ok
PROBE-TSV	1	7z	payload	immediate	rename_same_length	entry_comparison	1	0.640	0	0	137251576	1064	256	ok
PROBE-TSV	1	7z	payload	immediate	rename_same_length	filter_compute	1	0.000	0	0	137251576	1064	256	ok
PROBE-TSV	1	7z	payload	immediate	rename_same_length	mutate	1	0.642	0	0	137251576	1064	256	ok
PROBE-TSV	1	7z	payload	immediate	rename_same_length	name_index_advance	1	0.119	0	0	137251576	1064	256	ok
PROBE-TSV	1	7z	payload	immediate	rename_same_length	name_index_build	1	1.585	0	0	137251576	1064	256	ok
PROBE-TSV	1	7z	payload	immediate	rename_same_length	password_verification	1	0.029	0	0	137251576	1064	256	ok
PROBE-TSV	1	7z	payload	immediate	rename_same_length	plan_build	1	0.019	0	0	137251576	1064	256	ok
PROBE-TSV	1	7z	payload	immediate	rename_same_length	plan_validation	1	0.120	0	0	137251576	1064	256	ok
PROBE-TSV	1	7z	payload	immediate	rename_same_length	publish	1	0.627	0	0	137251576	1064	256	ok
PROBE-TSV	1	7z	payload	immediate	rename_same_length	reader_adoption	1	0.002	0	0	137251576	1064	256	ok
PROBE-TSV	1	7z	payload	immediate	rename_same_length	reload	1	2.547	0	0	137251576	1064	256	ok
PROBE-TSV	1	7z	payload	immediate	rename_same_length	total	1	22.477	135168	131072	137251576	1064	256	ok
PROBE-TSV	1	7z	payload	immediate	rename_same_length	tree_build	1	0.591	0	0	137251576	1064	256	ok
PROBE-TSV	1	7z	payload	immediate	rename_same_length	updater_open	1	5.148	102400	0	137251576	1064	256	ok
PROBE-TSV	1	7z	payload	immediate	rename_same_length	verification_open	1	2.235	0	0	137251576	1064	256	ok
PROBE-TSV	1	7z	payload	immediate	rename_different_length	capability_probe	1	2.225	0	0	137251612	1064	256	ok
PROBE-TSV	1	7z	payload	immediate	rename_different_length	commit	1	4.494	32768	118784	137251612	1064	256	ok
PROBE-TSV	1	7z	payload	immediate	rename_different_length	display	1	1.188	0	0	137251612	1064	256	ok
PROBE-TSV	1	7z	payload	immediate	rename_different_length	entry_comparison	1	0.642	0	0	137251612	1064	256	ok
PROBE-TSV	1	7z	payload	immediate	rename_different_length	filter_compute	1	0.000	0	0	137251612	1064	256	ok
PROBE-TSV	1	7z	payload	immediate	rename_different_length	mutate	1	0.660	0	0	137251612	1064	256	ok
PROBE-TSV	1	7z	payload	immediate	rename_different_length	name_index_advance	1	0.124	0	0	137251612	1064	256	ok
PROBE-TSV	1	7z	payload	immediate	rename_different_length	name_index_build	1	1.604	0	0	137251612	1064	256	ok
PROBE-TSV	1	7z	payload	immediate	rename_different_length	password_verification	1	0.029	0	0	137251612	1064	256	ok
PROBE-TSV	1	7z	payload	immediate	rename_different_length	plan_build	1	0.021	0	0	137251612	1064	256	ok
PROBE-TSV	1	7z	payload	immediate	rename_different_length	plan_validation	1	0.124	0	0	137251612	1064	256	ok
PROBE-TSV	1	7z	payload	immediate	rename_different_length	publish	1	0.631	0	0	137251612	1064	256	ok
PROBE-TSV	1	7z	payload	immediate	rename_different_length	reader_adoption	1	0.002	0	0	137251612	1064	256	ok
PROBE-TSV	1	7z	payload	immediate	rename_different_length	reload	1	2.538	0	0	137251612	1064	256	ok
PROBE-TSV	1	7z	payload	immediate	rename_different_length	total	1	22.580	135168	131072	137251612	1064	256	ok
PROBE-TSV	1	7z	payload	immediate	rename_different_length	tree_build	1	0.600	0	0	137251612	1064	256	ok
PROBE-TSV	1	7z	payload	immediate	rename_different_length	updater_open	1	5.060	102400	0	137251612	1064	256	ok
PROBE-TSV	1	7z	payload	immediate	rename_different_length	verification_open	1	2.193	0	0	137251612	1064	256	ok
PROBE-TSV	1	7z	payload	immediate	rename_folder	capability_probe	1	2.313	0	0	137252472	1064	256	ok
PROBE-TSV	1	7z	payload	immediate	rename_folder	commit	1	4.475	32768	118784	137252472	1064	256	ok
PROBE-TSV	1	7z	payload	immediate	rename_folder	display	1	1.338	0	0	137252472	1064	256	ok
PROBE-TSV	1	7z	payload	immediate	rename_folder	entry_comparison	1	0.671	0	0	137252472	1064	256	ok
PROBE-TSV	1	7z	payload	immediate	rename_folder	filter_compute	1	0.000	0	0	137252472	1064	256	ok
PROBE-TSV	1	7z	payload	immediate	rename_folder	mutate	1	0.965	0	0	137252472	1064	256	ok
PROBE-TSV	1	7z	payload	immediate	rename_folder	name_index_advance	1	0.432	0	0	137252472	1064	256	ok
PROBE-TSV	1	7z	payload	immediate	rename_folder	name_index_build	1	1.625	0	0	137252472	1064	256	ok
PROBE-TSV	1	7z	payload	immediate	rename_folder	password_verification	1	0.027	0	0	137252472	1064	256	ok
PROBE-TSV	1	7z	payload	immediate	rename_folder	plan_build	1	0.364	0	0	137252472	1064	256	ok
PROBE-TSV	1	7z	payload	immediate	rename_folder	plan_validation	1	0.288	0	0	137252472	1064	256	ok
PROBE-TSV	1	7z	payload	immediate	rename_folder	publish	1	0.659	0	0	137252472	1064	256	ok
PROBE-TSV	1	7z	payload	immediate	rename_folder	reader_adoption	1	0.002	0	0	137252472	1064	256	ok
PROBE-TSV	1	7z	payload	immediate	rename_folder	reload	1	2.971	0	0	137252472	1064	256	ok
PROBE-TSV	1	7z	payload	immediate	rename_folder	total	1	24.076	135168	131072	137252472	1064	256	ok
PROBE-TSV	1	7z	payload	immediate	rename_folder	tree_build	1	0.629	0	0	137252472	1064	256	ok
PROBE-TSV	1	7z	payload	immediate	rename_folder	updater_open	1	5.279	102400	0	137252472	1064	256	ok
PROBE-TSV	1	7z	payload	immediate	rename_folder	verification_open	1	2.212	0	0	137252472	1064	256	ok
PROBE-TSV	1	7z	payload	immediate	new_folder	capability_probe	1	2.228	0	0	137251747	1064	256	ok
PROBE-TSV	1	7z	payload	immediate	new_folder	commit	1	4.390	32768	118784	137251747	1064	256	ok
PROBE-TSV	1	7z	payload	immediate	new_folder	display	1	1.232	0	0	137251747	1064	256	ok
PROBE-TSV	1	7z	payload	immediate	new_folder	entry_comparison	1	0.782	0	0	137251747	1064	256	ok
PROBE-TSV	1	7z	payload	immediate	new_folder	filter_compute	1	0.000	0	0	137251747	1064	256	ok
PROBE-TSV	1	7z	payload	immediate	new_folder	mutate	1	0.913	0	0	137251747	1064	256	ok
PROBE-TSV	1	7z	payload	immediate	new_folder	name_index_advance	1	0.116	0	0	137251747	1064	256	ok
PROBE-TSV	1	7z	payload	immediate	new_folder	name_index_build	1	1.610	0	0	137251747	1064	256	ok
PROBE-TSV	1	7z	payload	immediate	new_folder	password_verification	1	0.033	0	0	137251747	1064	256	ok
PROBE-TSV	1	7z	payload	immediate	new_folder	plan_build	1	1.625	0	0	137251747	1064	256	ok
PROBE-TSV	1	7z	payload	immediate	new_folder	plan_validation	1	0.110	0	0	137251747	1064	256	ok
PROBE-TSV	1	7z	payload	immediate	new_folder	publish	1	0.675	0	0	137251747	1064	256	ok
PROBE-TSV	1	7z	payload	immediate	new_folder	reader_adoption	1	0.002	0	0	137251747	1064	256	ok
PROBE-TSV	1	7z	payload	immediate	new_folder	reload	1	2.532	0	0	137251747	1064	256	ok
PROBE-TSV	1	7z	payload	immediate	new_folder	total	1	23.101	135168	131072	137251747	1064	256	ok
PROBE-TSV	1	7z	payload	immediate	new_folder	tree_build	1	0.587	0	0	137251747	1064	256	ok
PROBE-TSV	1	7z	payload	immediate	new_folder	updater_open	1	5.224	102400	0	137251747	1064	256	ok
PROBE-TSV	1	7z	payload	immediate	new_folder	verification_open	1	2.132	0	0	137251747	1064	256	ok
PROBE-TSV	1	7z	payload	immediate	add_file	capability_probe	1	2.243	0	0	137251624	1064	256	ok
PROBE-TSV	1	7z	payload	immediate	add_file	commit	1	4.281	32768	118784	137251624	1064	256	ok
PROBE-TSV	1	7z	payload	immediate	add_file	display	1	1.280	0	0	137251624	1064	256	ok
PROBE-TSV	1	7z	payload	immediate	add_file	entry_comparison	1	0.648	0	0	137251624	1064	256	ok
PROBE-TSV	1	7z	payload	immediate	add_file	filter_compute	1	0.000	0	0	137251624	1064	256	ok
PROBE-TSV	1	7z	payload	immediate	add_file	mutate	1	1.005	0	0	137251624	1064	256	ok
PROBE-TSV	1	7z	payload	immediate	add_file	name_index_advance	1	0.114	0	0	137251624	1064	256	ok
PROBE-TSV	1	7z	payload	immediate	add_file	name_index_build	1	1.579	0	0	137251624	1064	256	ok
PROBE-TSV	1	7z	payload	immediate	add_file	password_verification	1	0.032	0	0	137251624	1064	256	ok
PROBE-TSV	1	7z	payload	immediate	add_file	plan_build	3	0.048	0	0	137251624	1064	256	ok
PROBE-TSV	1	7z	payload	immediate	add_file	plan_validation	1	0.119	0	0	137251624	1064	256	ok
PROBE-TSV	1	7z	payload	immediate	add_file	publish	1	0.644	0	0	137251624	1064	256	ok
PROBE-TSV	1	7z	payload	immediate	add_file	reader_adoption	1	0.002	0	0	137251624	1064	256	ok
PROBE-TSV	1	7z	payload	immediate	add_file	reload	1	2.530	0	0	137251624	1064	256	ok
PROBE-TSV	1	7z	payload	immediate	add_file	total	1	23.045	135168	131072	137251624	1064	256	ok
PROBE-TSV	1	7z	payload	immediate	add_file	tree_build	1	0.578	0	0	137251624	1064	256	ok
PROBE-TSV	1	7z	payload	immediate	add_file	updater_open	1	5.207	102400	0	137251624	1064	256	ok
PROBE-TSV	1	7z	payload	immediate	add_file	verification_open	1	2.215	0	0	137251624	1064	256	ok
PROBE-TSV	1	7z	payload	immediate	replace_file	capability_probe	1	2.257	0	0	135790709	1064	256	ok
PROBE-TSV	1	7z	payload	immediate	replace_file	commit	1	70.527	135741440	135839744	135790709	1064	256	ok
PROBE-TSV	1	7z	payload	immediate	replace_file	display	1	1.247	0	0	135790709	1064	256	ok
PROBE-TSV	1	7z	payload	immediate	replace_file	entry_comparison	1	0.641	0	0	135790709	1064	256	ok
PROBE-TSV	1	7z	payload	immediate	replace_file	filter_compute	1	0.000	0	0	135790709	1064	256	ok
PROBE-TSV	1	7z	payload	immediate	replace_file	mutate	1	1.526	0	0	135790709	1064	256	ok
PROBE-TSV	1	7z	payload	immediate	replace_file	name_index_advance	1	0.131	0	0	135790709	1064	256	ok
PROBE-TSV	1	7z	payload	immediate	replace_file	name_index_build	1	1.557	0	0	135790709	1064	256	ok
PROBE-TSV	1	7z	payload	immediate	replace_file	password_verification	1	0.033	0	0	135790709	1064	256	ok
PROBE-TSV	1	7z	payload	immediate	replace_file	plan_build	4	0.083	0	0	135790709	1064	256	ok
PROBE-TSV	1	7z	payload	immediate	replace_file	plan_validation	1	0.107	0	0	135790709	1064	256	ok
PROBE-TSV	1	7z	payload	immediate	replace_file	publish	1	0.711	0	0	135790709	1064	256	ok
PROBE-TSV	1	7z	payload	immediate	replace_file	reader_adoption	1	0.003	0	0	135790709	1064	256	ok
PROBE-TSV	1	7z	payload	immediate	replace_file	reload	1	2.573	0	0	135790709	1064	256	ok
PROBE-TSV	1	7z	payload	immediate	replace_file	total	1	90.971	135843840	135852032	135790709	1064	256	ok
PROBE-TSV	1	7z	payload	immediate	replace_file	tree_build	1	0.601	0	0	135790709	1064	256	ok
PROBE-TSV	1	7z	payload	immediate	replace_file	updater_open	1	5.099	102400	0	135790709	1064	256	ok
PROBE-TSV	1	7z	payload	immediate	replace_file	verification_open	1	2.194	0	0	135790709	1064	256	ok
PROBE-TSV	1	7z	payload	deferred	five_changes_reserve_rename	display	1	1.108	0	0	137251576	1064	256	ok
PROBE-TSV	1	7z	payload	deferred	five_changes_reserve_rename	filter_compute	1	0.000	0	0	137251576	1064	256	ok
PROBE-TSV	1	7z	payload	deferred	five_changes_reserve_rename	password_verification	1	0.029	0	0	137251576	1064	256	ok
PROBE-TSV	1	7z	payload	deferred	five_changes_reserve_rename	total	1	5.608	0	0	137251576	1064	256	ok
PROBE-TSV	1	7z	payload	deferred	five_changes_reserve_rename	tree_build	1	0.637	0	0	137251576	1064	256	ok
PROBE-TSV	1	7z	payload	deferred	five_changes_reserve_delete	display	1	0.467	0	0	137251576	1064	256	ok
PROBE-TSV	1	7z	payload	deferred	five_changes_reserve_delete	filter_compute	1	0.000	0	0	137251576	1064	256	ok
PROBE-TSV	1	7z	payload	deferred	five_changes_reserve_delete	password_verification	1	0.026	0	0	137251576	1064	256	ok
PROBE-TSV	1	7z	payload	deferred	five_changes_reserve_delete	total	1	3.782	0	0	137251576	1064	256	ok
PROBE-TSV	1	7z	payload	deferred	five_changes_reserve_delete	tree_build	1	0.621	0	0	137251576	1064	256	ok
PROBE-TSV	1	7z	payload	deferred	five_changes_reserve_new_folder	display	1	1.063	0	0	137251576	1064	256	ok
PROBE-TSV	1	7z	payload	deferred	five_changes_reserve_new_folder	filter_compute	1	0.000	0	0	137251576	1064	256	ok
PROBE-TSV	1	7z	payload	deferred	five_changes_reserve_new_folder	password_verification	1	0.028	0	0	137251576	1064	256	ok
PROBE-TSV	1	7z	payload	deferred	five_changes_reserve_new_folder	total	1	47.223	0	0	137251576	1064	256	ok
PROBE-TSV	1	7z	payload	deferred	five_changes_reserve_new_folder	tree_build	1	0.599	0	0	137251576	1064	256	ok
PROBE-TSV	1	7z	payload	deferred	five_changes_reserve_delete_folder	display	1	1.348	0	0	137251576	1064	256	ok
PROBE-TSV	1	7z	payload	deferred	five_changes_reserve_delete_folder	filter_compute	1	0.000	0	0	137251576	1064	256	ok
PROBE-TSV	1	7z	payload	deferred	five_changes_reserve_delete_folder	password_verification	1	0.030	0	0	137251576	1064	256	ok
PROBE-TSV	1	7z	payload	deferred	five_changes_reserve_delete_folder	total	1	29.212	0	0	137251576	1064	256	ok
PROBE-TSV	1	7z	payload	deferred	five_changes_reserve_delete_folder	tree_build	1	0.049	0	0	137251576	1064	256	ok
PROBE-TSV	1	7z	payload	deferred	five_changes_reserve_add	display	1	1.066	0	0	137251576	1064	256	ok
PROBE-TSV	1	7z	payload	deferred	five_changes_reserve_add	filter_compute	1	0.000	0	0	137251576	1064	256	ok
PROBE-TSV	1	7z	payload	deferred	five_changes_reserve_add	password_verification	1	0.030	0	0	137251576	1064	256	ok
PROBE-TSV	1	7z	payload	deferred	five_changes_reserve_add	plan_build	3	0.055	0	0	137251576	1064	256	ok
PROBE-TSV	1	7z	payload	deferred	five_changes_reserve_add	total	1	5.652	0	4096	137251576	1064	256	ok
PROBE-TSV	1	7z	payload	deferred	five_changes_reserve_add	tree_build	1	0.051	0	0	137251576	1064	256	ok
PROBE-TSV	1	7z	payload	deferred	save_five_changes	capability_probe	1	0.208	0	0	137181653	1064	256	ok
PROBE-TSV	1	7z	payload	deferred	save_five_changes	commit	1	1.053	32768	49152	137181653	1064	256	ok
PROBE-TSV	1	7z	payload	deferred	save_five_changes	display	1	1.258	0	0	137181653	1064	256	ok
PROBE-TSV	1	7z	payload	deferred	save_five_changes	editing_install	1	0.003	0	0	137181653	1064	256	ok
PROBE-TSV	1	7z	payload	deferred	save_five_changes	editing_prepare	1	0.043	0	0	137181653	1064	256	ok
PROBE-TSV	1	7z	payload	deferred	save_five_changes	entry_comparison	1	0.045	0	0	137181653	1064	256	ok
PROBE-TSV	1	7z	payload	deferred	save_five_changes	filter_compute	2	0.000	0	0	137181653	1064	256	ok
PROBE-TSV	1	7z	payload	deferred	save_five_changes	name_index_advance	1	0.766	0	0	137181653	1064	256	ok
PROBE-TSV	1	7z	payload	deferred	save_five_changes	password_verification	1	0.025	0	0	137181653	1064	256	ok
PROBE-TSV	1	7z	payload	deferred	save_five_changes	publish	1	0.793	0	0	137181653	1064	256	ok
PROBE-TSV	1	7z	payload	deferred	save_five_changes	reader_adoption	1	0.002	0	0	137181653	1064	256	ok
PROBE-TSV	1	7z	payload	deferred	save_five_changes	reload	1	1.323	0	0	137181653	1064	256	ok
PROBE-TSV	1	7z	payload	deferred	save_five_changes	replay	1	2.208	4096	0	137181653	1064	256	ok
PROBE-TSV	1	7z	payload	deferred	save_five_changes	replay_plan	1	1.634	0	0	137181653	1064	256	ok
PROBE-TSV	1	7z	payload	deferred	save_five_changes	representability_differential	1	0.798	0	0	137181653	1064	256	ok
PROBE-TSV	1	7z	payload	deferred	save_five_changes	save_sheet	1	55.903	139264	73728	137181653	1064	256	ok
PROBE-TSV	1	7z	payload	deferred	save_five_changes	total	1	56.095	139264	73728	137181653	1064	256	ok
PROBE-TSV	1	7z	payload	deferred	save_five_changes	tree_build	1	0.045	0	0	137181653	1064	256	ok
PROBE-TSV	1	7z	payload	deferred	save_five_changes	updater_open	1	5.065	102400	0	137181653	1064	256	ok
PROBE-TSV	1	7z	payload	deferred	save_five_changes	verification_open	1	0.166	0	0	137181653	1064	256	ok
PROBE-TSV	1	7z	payload	deferred	rename_only_reserve_rename	display	1	1.053	0	0	137251576	1064	256	ok
PROBE-TSV	1	7z	payload	deferred	rename_only_reserve_rename	filter_compute	1	0.000	0	0	137251576	1064	256	ok
PROBE-TSV	1	7z	payload	deferred	rename_only_reserve_rename	password_verification	1	0.030	0	0	137251576	1064	256	ok
PROBE-TSV	1	7z	payload	deferred	rename_only_reserve_rename	total	1	65.279	0	0	137251576	1064	256	ok
PROBE-TSV	1	7z	payload	deferred	rename_only_reserve_rename	tree_build	1	0.648	0	0	137251576	1064	256	ok
PROBE-TSV	1	7z	payload	deferred	save_rename_only	capability_probe	1	2.248	0	0	137251574	1064	256	ok
PROBE-TSV	1	7z	payload	deferred	save_rename_only	commit	1	4.596	36864	118784	137251574	1064	256	ok
PROBE-TSV	1	7z	payload	deferred	save_rename_only	display	1	1.122	0	0	137251574	1064	256	ok
PROBE-TSV	1	7z	payload	deferred	save_rename_only	editing_install	1	0.005	0	0	137251574	1064	256	ok
PROBE-TSV	1	7z	payload	deferred	save_rename_only	editing_prepare	1	0.288	0	0	137251574	1064	256	ok
PROBE-TSV	1	7z	payload	deferred	save_rename_only	entry_comparison	1	0.646	0	0	137251574	1064	256	ok
PROBE-TSV	1	7z	payload	deferred	save_rename_only	filter_compute	2	0.001	0	0	137251574	1064	256	ok
PROBE-TSV	1	7z	payload	deferred	save_rename_only	name_index_advance	1	0.120	0	0	137251574	1064	256	ok
PROBE-TSV	1	7z	payload	deferred	save_rename_only	password_verification	1	0.033	0	0	137251574	1064	256	ok
PROBE-TSV	1	7z	payload	deferred	save_rename_only	publish	1	0.231	0	0	137251574	1064	256	ok
PROBE-TSV	1	7z	payload	deferred	save_rename_only	reader_adoption	1	0.002	0	0	137251574	1064	256	ok
PROBE-TSV	1	7z	payload	deferred	save_rename_only	reload	1	2.683	0	0	137251574	1064	256	ok
PROBE-TSV	1	7z	payload	deferred	save_rename_only	replay	1	0.655	0	0	137251574	1064	256	ok
PROBE-TSV	1	7z	payload	deferred	save_rename_only	replay_plan	1	0.278	0	0	137251574	1064	256	ok
PROBE-TSV	1	7z	payload	deferred	save_rename_only	representability_differential	1	0.018	0	0	137251574	1064	256	ok
PROBE-TSV	1	7z	payload	deferred	save_rename_only	save_sheet	1	81.297	139264	131072	137251574	1064	256	ok
PROBE-TSV	1	7z	payload	deferred	save_rename_only	total	1	81.868	139264	131072	137251574	1064	256	ok
PROBE-TSV	1	7z	payload	deferred	save_rename_only	tree_build	1	0.605	0	0	137251574	1064	256	ok
PROBE-TSV	1	7z	payload	deferred	save_rename_only	updater_open	1	5.189	102400	0	137251574	1064	256	ok
PROBE-TSV	1	7z	payload	deferred	save_rename_only	verification_open	1	2.167	0	0	137251574	1064	256	ok
PROBE-TSV	1	lha	entries	immediate	delete_start	capability_probe	1	391.847	0	0	6999931	100000	0	ok
PROBE-TSV	1	lha	entries	immediate	delete_start	commit	1	7.920	4096	7000064	6999931	100000	0	ok
PROBE-TSV	1	lha	entries	immediate	delete_start	display	1	3.073	0	0	6999931	100000	0	ok
PROBE-TSV	1	lha	entries	immediate	delete_start	entry_comparison	1	64.347	0	0	6999931	100000	0	ok
PROBE-TSV	1	lha	entries	immediate	delete_start	filter_compute	1	0.000	0	0	6999931	100000	0	ok
PROBE-TSV	1	lha	entries	immediate	delete_start	mutate	1	67.563	0	0	6999931	100000	0	ok
PROBE-TSV	1	lha	entries	immediate	delete_start	password_verification	1	0.243	0	0	6999931	100000	0	ok
PROBE-TSV	1	lha	entries	immediate	delete_start	plan_build	1	0.015	0	0	6999931	100000	0	ok
PROBE-TSV	1	lha	entries	immediate	delete_start	plan_validation	1	19.013	0	0	6999931	100000	0	ok
PROBE-TSV	1	lha	entries	immediate	delete_start	publish	1	0.882	0	0	6999931	100000	0	ok
PROBE-TSV	1	lha	entries	immediate	delete_start	reader_adoption	1	0.003	0	0	6999931	100000	0	ok
PROBE-TSV	1	lha	entries	immediate	delete_start	reload	1	392.236	0	0	6999931	100000	0	ok
PROBE-TSV	1	lha	entries	immediate	delete_start	total	1	1990.795	7004160	7012352	6999931	100000	0	ok
PROBE-TSV	1	lha	entries	immediate	delete_start	tree_build	1	74.080	0	0	6999931	100000	0	ok
PROBE-TSV	1	lha	entries	immediate	delete_start	updater_open	1	916.772	7000064	0	6999931	100000	0	ok
PROBE-TSV	1	lha	entries	immediate	delete_start	verification_open	1	419.078	0	0	6999931	100000	0	ok
PROBE-TSV	1	lha	entries	immediate	delete_end	capability_probe	1	399.747	0	0	6999931	100000	0	ok
PROBE-TSV	1	lha	entries	immediate	delete_end	commit	1	3.749	20480	4096	6999931	100000	0	ok
PROBE-TSV	1	lha	entries	immediate	delete_end	display	1	2.980	0	0	6999931	100000	0	ok
PROBE-TSV	1	lha	entries	immediate	delete_end	entry_comparison	1	65.242	0	0	6999931	100000	0	ok
PROBE-TSV	1	lha	entries	immediate	delete_end	filter_compute	1	0.000	0	0	6999931	100000	0	ok
PROBE-TSV	1	lha	entries	immediate	delete_end	mutate	1	68.887	0	0	6999931	100000	0	ok
PROBE-TSV	1	lha	entries	immediate	delete_end	password_verification	1	0.223	0	0	6999931	100000	0	ok
PROBE-TSV	1	lha	entries	immediate	delete_end	plan_build	1	0.015	0	0	6999931	100000	0	ok
PROBE-TSV	1	lha	entries	immediate	delete_end	plan_validation	1	18.591	0	0	6999931	100000	0	ok
PROBE-TSV	1	lha	entries	immediate	delete_end	publish	1	0.808	0	0	6999931	100000	0	ok
PROBE-TSV	1	lha	entries	immediate	delete_end	reader_adoption	1	0.003	0	0	6999931	100000	0	ok
PROBE-TSV	1	lha	entries	immediate	delete_end	reload	1	400.100	0	0	6999931	100000	0	ok
PROBE-TSV	1	lha	entries	immediate	delete_end	total	1	1986.970	14000128	16384	6999931	100000	0	ok
PROBE-TSV	1	lha	entries	immediate	delete_end	tree_build	1	72.032	0	0	6999931	100000	0	ok
PROBE-TSV	1	lha	entries	immediate	delete_end	updater_open	1	913.520	7000064	0	6999931	100000	0	ok
PROBE-TSV	1	lha	entries	immediate	delete_end	verification_open	1	416.927	6979584	0	6999931	100000	0	ok
PROBE-TSV	1	lha	entries	immediate	rename_same_length	capability_probe	1	393.064	0	0	7000001	100000	0	ok
PROBE-TSV	1	lha	entries	immediate	rename_same_length	commit	1	4.084	20480	20480	7000001	100000	0	ok
PROBE-TSV	1	lha	entries	immediate	rename_same_length	display	1	2.922	0	0	7000001	100000	0	ok
PROBE-TSV	1	lha	entries	immediate	rename_same_length	entry_comparison	1	62.791	0	0	7000001	100000	0	ok
PROBE-TSV	1	lha	entries	immediate	rename_same_length	filter_compute	1	0.000	0	0	7000001	100000	0	ok
PROBE-TSV	1	lha	entries	immediate	rename_same_length	mutate	1	66.853	0	0	7000001	100000	0	ok
PROBE-TSV	1	lha	entries	immediate	rename_same_length	name_index_advance	1	18.223	0	0	7000001	100000	0	ok
PROBE-TSV	1	lha	entries	immediate	rename_same_length	name_index_build	1	155.226	0	0	7000001	100000	0	ok
PROBE-TSV	1	lha	entries	immediate	rename_same_length	password_verification	1	0.204	0	0	7000001	100000	0	ok
PROBE-TSV	1	lha	entries	immediate	rename_same_length	plan_build	1	0.025	0	0	7000001	100000	0	ok
PROBE-TSV	1	lha	entries	immediate	rename_same_length	plan_validation	1	18.612	0	0	7000001	100000	0	ok
PROBE-TSV	1	lha	entries	immediate	rename_same_length	publish	1	0.825	0	0	7000001	100000	0	ok
PROBE-TSV	1	lha	entries	immediate	rename_same_length	reader_adoption	1	0.003	0	0	7000001	100000	0	ok
PROBE-TSV	1	lha	entries	immediate	rename_same_length	reload	1	411.943	0	0	7000001	100000	0	ok
PROBE-TSV	1	lha	entries	immediate	rename_same_length	total	1	2137.905	14000128	32768	7000001	100000	0	ok
PROBE-TSV	1	lha	entries	immediate	rename_same_length	tree_build	1	72.083	0	0	7000001	100000	0	ok
PROBE-TSV	1	lha	entries	immediate	rename_same_length	updater_open	1	904.196	7000064	0	7000001	100000	0	ok
PROBE-TSV	1	lha	entries	immediate	rename_same_length	verification_open	1	412.240	6979584	0	7000001	100000	0	ok
PROBE-TSV	1	lha	entries	immediate	rename_different_length	capability_probe	1	400.441	0	0	7000019	100000	0	ok
PROBE-TSV	1	lha	entries	immediate	rename_different_length	commit	1	7.490	0	7000064	7000019	100000	0	ok
PROBE-TSV	1	lha	entries	immediate	rename_different_length	display	1	2.949	0	0	7000019	100000	0	ok
PROBE-TSV	1	lha	entries	immediate	rename_different_length	entry_comparison	1	63.545	0	0	7000019	100000	0	ok
PROBE-TSV	1	lha	entries	immediate	rename_different_length	filter_compute	1	0.000	0	0	7000019	100000	0	ok
PROBE-TSV	1	lha	entries	immediate	rename_different_length	mutate	1	66.730	0	0	7000019	100000	0	ok
PROBE-TSV	1	lha	entries	immediate	rename_different_length	name_index_advance	1	18.050	0	0	7000019	100000	0	ok
PROBE-TSV	1	lha	entries	immediate	rename_different_length	name_index_build	1	155.599	0	0	7000019	100000	0	ok
PROBE-TSV	1	lha	entries	immediate	rename_different_length	password_verification	1	0.204	0	0	7000019	100000	0	ok
PROBE-TSV	1	lha	entries	immediate	rename_different_length	plan_build	1	0.026	0	0	7000019	100000	0	ok
PROBE-TSV	1	lha	entries	immediate	rename_different_length	plan_validation	1	18.559	0	0	7000019	100000	0	ok
PROBE-TSV	1	lha	entries	immediate	rename_different_length	publish	1	0.812	0	0	7000019	100000	0	ok
PROBE-TSV	1	lha	entries	immediate	rename_different_length	reader_adoption	1	0.003	0	0	7000019	100000	0	ok
PROBE-TSV	1	lha	entries	immediate	rename_different_length	reload	1	419.097	0	0	7000019	100000	0	ok
PROBE-TSV	1	lha	entries	immediate	rename_different_length	total	1	2136.692	7000064	7012352	7000019	100000	0	ok
PROBE-TSV	1	lha	entries	immediate	rename_different_length	tree_build	1	73.357	0	0	7000019	100000	0	ok
PROBE-TSV	1	lha	entries	immediate	rename_different_length	updater_open	1	899.453	7000064	0	7000019	100000	0	ok
PROBE-TSV	1	lha	entries	immediate	rename_different_length	verification_open	1	404.156	0	0	7000019	100000	0	ok
PROBE-TSV	1	lha	entries	immediate	rename_folder	capability_probe	1	410.424	0	0	7010001	100000	0	ok
PROBE-TSV	1	lha	entries	immediate	rename_folder	commit	1	10.382	0	7012352	7010001	100000	0	ok
PROBE-TSV	1	lha	entries	immediate	rename_folder	display	1	3.261	0	0	7010001	100000	0	ok
PROBE-TSV	1	lha	entries	immediate	rename_folder	entry_comparison	1	64.519	0	0	7010001	100000	0	ok
PROBE-TSV	1	lha	entries	immediate	rename_folder	filter_compute	1	0.000	0	0	7010001	100000	0	ok
PROBE-TSV	1	lha	entries	immediate	rename_folder	mutate	1	76.052	0	0	7010001	100000	0	ok
PROBE-TSV	1	lha	entries	immediate	rename_folder	name_index_advance	1	27.828	0	0	7010001	100000	0	ok
PROBE-TSV	1	lha	entries	immediate	rename_folder	name_index_build	1	154.972	0	0	7010001	100000	0	ok
PROBE-TSV	1	lha	entries	immediate	rename_folder	password_verification	1	0.205	0	0	7010001	100000	0	ok
PROBE-TSV	1	lha	entries	immediate	rename_folder	plan_build	1	5.884	0	0	7010001	100000	0	ok
PROBE-TSV	1	lha	entries	immediate	rename_folder	plan_validation	1	21.566	0	0	7010001	100000	0	ok
PROBE-TSV	1	lha	entries	immediate	rename_folder	publish	1	0.776	0	0	7010001	100000	0	ok
PROBE-TSV	1	lha	entries	immediate	rename_folder	reader_adoption	1	0.003	0	0	7010001	100000	0	ok
PROBE-TSV	1	lha	entries	immediate	rename_folder	reload	1	439.085	0	0	7010001	100000	0	ok
PROBE-TSV	1	lha	entries	immediate	rename_folder	total	1	2239.164	7000064	7024640	7010001	100000	0	ok
PROBE-TSV	1	lha	entries	immediate	rename_folder	tree_build	1	82.644	0	0	7010001	100000	0	ok
PROBE-TSV	1	lha	entries	immediate	rename_folder	updater_open	1	938.460	7000064	0	7010001	100000	0	ok
PROBE-TSV	1	lha	entries	immediate	rename_folder	verification_open	1	414.994	0	0	7010001	100000	0	ok
PROBE-TSV	1	lha	entries	immediate	new_folder	capability_probe	1	392.323	0	0	7000060	100000	0	ok
PROBE-TSV	1	lha	entries	immediate	new_folder	commit	1	4.176	4096	4096	7000060	100000	0	ok
PROBE-TSV	1	lha	entries	immediate	new_folder	display	1	3.126	0	0	7000060	100000	0	ok
PROBE-TSV	1	lha	entries	immediate	new_folder	entry_comparison	1	65.719	0	0	7000060	100000	0	ok
PROBE-TSV	1	lha	entries	immediate	new_folder	filter_compute	1	0.000	0	0	7000060	100000	0	ok
PROBE-TSV	1	lha	entries	immediate	new_folder	mutate	1	72.807	0	0	7000060	100000	0	ok
PROBE-TSV	1	lha	entries	immediate	new_folder	name_index_advance	1	18.086	0	0	7000060	100000	0	ok
PROBE-TSV	1	lha	entries	immediate	new_folder	name_index_build	1	158.350	0	0	7000060	100000	0	ok
PROBE-TSV	1	lha	entries	immediate	new_folder	password_verification	1	0.239	0	0	7000060	100000	0	ok
PROBE-TSV	1	lha	entries	immediate	new_folder	plan_build	1	158.377	0	0	7000060	100000	0	ok
PROBE-TSV	1	lha	entries	immediate	new_folder	plan_validation	1	19.041	0	0	7000060	100000	0	ok
PROBE-TSV	1	lha	entries	immediate	new_folder	publish	1	0.787	0	0	7000060	100000	0	ok
PROBE-TSV	1	lha	entries	immediate	new_folder	reader_adoption	1	0.003	0	0	7000060	100000	0	ok
PROBE-TSV	1	lha	entries	immediate	new_folder	reload	1	411.082	0	0	7000060	100000	0	ok
PROBE-TSV	1	lha	entries	immediate	new_folder	total	1	2177.622	14000128	16384	7000060	100000	0	ok
PROBE-TSV	1	lha	entries	immediate	new_folder	tree_build	1	73.039	0	0	7000060	100000	0	ok
PROBE-TSV	1	lha	entries	immediate	new_folder	updater_open	1	929.392	7000064	0	7000060	100000	0	ok
PROBE-TSV	1	lha	entries	immediate	new_folder	verification_open	1	416.100	6995968	0	7000060	100000	0	ok
PROBE-TSV	1	lha	entries	immediate	add_file	capability_probe	1	394.918	0	0	7000057	100000	0	ok
PROBE-TSV	1	lha	entries	immediate	add_file	commit	1	3.800	4096	4096	7000057	100000	0	ok
PROBE-TSV	1	lha	entries	immediate	add_file	display	1	3.082	0	0	7000057	100000	0	ok
PROBE-TSV	1	lha	entries	immediate	add_file	entry_comparison	1	63.937	0	0	7000057	100000	0	ok
PROBE-TSV	1	lha	entries	immediate	add_file	filter_compute	1	0.000	0	0	7000057	100000	0	ok
PROBE-TSV	1	lha	entries	immediate	add_file	mutate	1	72.254	0	0	7000057	100000	0	ok
PROBE-TSV	1	lha	entries	immediate	add_file	name_index_advance	1	18.001	0	0	7000057	100000	0	ok
PROBE-TSV	1	lha	entries	immediate	add_file	name_index_build	1	166.537	0	0	7000057	100000	0	ok
PROBE-TSV	1	lha	entries	immediate	add_file	password_verification	1	0.224	0	0	7000057	100000	0	ok
PROBE-TSV	1	lha	entries	immediate	add_file	plan_build	3	0.075	0	0	7000057	100000	0	ok
PROBE-TSV	1	lha	entries	immediate	add_file	plan_validation	1	18.744	0	0	7000057	100000	0	ok
PROBE-TSV	1	lha	entries	immediate	add_file	publish	1	0.780	0	0	7000057	100000	0	ok
PROBE-TSV	1	lha	entries	immediate	add_file	reader_adoption	1	0.003	0	0	7000057	100000	0	ok
PROBE-TSV	1	lha	entries	immediate	add_file	reload	1	413.595	0	0	7000057	100000	0	ok
PROBE-TSV	1	lha	entries	immediate	add_file	total	1	2177.947	14000128	16384	7000057	100000	0	ok
PROBE-TSV	1	lha	entries	immediate	add_file	tree_build	1	72.573	0	0	7000057	100000	0	ok
PROBE-TSV	1	lha	entries	immediate	add_file	updater_open	1	904.824	7000064	0	7000057	100000	0	ok
PROBE-TSV	1	lha	entries	immediate	add_file	verification_open	1	424.592	6995968	0	7000057	100000	0	ok
PROBE-TSV	1	lha	entries	immediate	replace_file	capability_probe	1	392.407	0	0	7000001	100000	0	ok
PROBE-TSV	1	lha	entries	immediate	replace_file	commit	1	8.574	4096	7000064	7000001	100000	0	ok
PROBE-TSV	1	lha	entries	immediate	replace_file	display	1	3.018	0	0	7000001	100000	0	ok
PROBE-TSV	1	lha	entries	immediate	replace_file	entry_comparison	1	62.208	0	0	7000001	100000	0	ok
PROBE-TSV	1	lha	entries	immediate	replace_file	filter_compute	1	0.000	0	0	7000001	100000	0	ok
PROBE-TSV	1	lha	entries	immediate	replace_file	mutate	1	122.493	0	0	7000001	100000	0	ok
PROBE-TSV	1	lha	entries	immediate	replace_file	name_index_advance	1	18.322	0	0	7000001	100000	0	ok
PROBE-TSV	1	lha	entries	immediate	replace_file	name_index_build	1	159.761	0	0	7000001	100000	0	ok
PROBE-TSV	1	lha	entries	immediate	replace_file	password_verification	1	0.227	0	0	7000001	100000	0	ok
PROBE-TSV	1	lha	entries	immediate	replace_file	plan_build	4	2.352	0	0	7000001	100000	0	ok
PROBE-TSV	1	lha	entries	immediate	replace_file	plan_validation	1	18.639	0	0	7000001	100000	0	ok
PROBE-TSV	1	lha	entries	immediate	replace_file	publish	1	0.813	0	0	7000001	100000	0	ok
PROBE-TSV	1	lha	entries	immediate	replace_file	reader_adoption	1	0.003	0	0	7000001	100000	0	ok
PROBE-TSV	1	lha	entries	immediate	replace_file	reload	1	411.389	0	0	7000001	100000	0	ok
PROBE-TSV	1	lha	entries	immediate	replace_file	total	1	2217.309	7004160	7012352	7000001	100000	0	ok
PROBE-TSV	1	lha	entries	immediate	replace_file	tree_build	1	73.643	0	0	7000001	100000	0	ok
PROBE-TSV	1	lha	entries	immediate	replace_file	updater_open	1	914.568	7000064	0	7000001	100000	0	ok
PROBE-TSV	1	lha	entries	immediate	replace_file	verification_open	1	413.583	0	0	7000001	100000	0	ok
PROBE-TSV	1	lha	entries	deferred	five_changes_reserve_rename	display	1	2.820	0	0	7000001	100000	0	ok
PROBE-TSV	1	lha	entries	deferred	five_changes_reserve_rename	filter_compute	1	0.001	0	0	7000001	100000	0	ok
PROBE-TSV	1	lha	entries	deferred	five_changes_reserve_rename	password_verification	1	0.586	0	0	7000001	100000	0	ok
PROBE-TSV	1	lha	entries	deferred	five_changes_reserve_rename	total	1	173.099	0	0	7000001	100000	0	ok
PROBE-TSV	1	lha	entries	deferred	five_changes_reserve_rename	tree_build	1	70.087	0	0	7000001	100000	0	ok
PROBE-TSV	1	lha	entries	deferred	five_changes_reserve_delete	display	1	2.767	0	0	7000001	100000	0	ok
PROBE-TSV	1	lha	entries	deferred	five_changes_reserve_delete	filter_compute	1	0.001	0	0	7000001	100000	0	ok
PROBE-TSV	1	lha	entries	deferred	five_changes_reserve_delete	password_verification	1	0.593	0	0	7000001	100000	0	ok
PROBE-TSV	1	lha	entries	deferred	five_changes_reserve_delete	total	1	177.920	0	0	7000001	100000	0	ok
PROBE-TSV	1	lha	entries	deferred	five_changes_reserve_delete	tree_build	1	70.261	0	0	7000001	100000	0	ok
PROBE-TSV	1	lha	entries	deferred	five_changes_reserve_new_folder	display	1	2.979	0	0	7000001	100000	0	ok
PROBE-TSV	1	lha	entries	deferred	five_changes_reserve_new_folder	filter_compute	1	0.001	0	0	7000001	100000	0	ok
PROBE-TSV	1	lha	entries	deferred	five_changes_reserve_new_folder	password_verification	1	0.572	0	0	7000001	100000	0	ok
PROBE-TSV	1	lha	entries	deferred	five_changes_reserve_new_folder	total	1	174.794	0	0	7000001	100000	0	ok
PROBE-TSV	1	lha	entries	deferred	five_changes_reserve_new_folder	tree_build	1	67.372	0	0	7000001	100000	0	ok
PROBE-TSV	1	lha	entries	deferred	five_changes_reserve_delete_folder	display	1	3.006	0	0	7000001	100000	0	ok
PROBE-TSV	1	lha	entries	deferred	five_changes_reserve_delete_folder	filter_compute	1	0.001	0	0	7000001	100000	0	ok
PROBE-TSV	1	lha	entries	deferred	five_changes_reserve_delete_folder	password_verification	1	0.572	0	0	7000001	100000	0	ok
PROBE-TSV	1	lha	entries	deferred	five_changes_reserve_delete_folder	total	1	181.438	0	0	7000001	100000	0	ok
PROBE-TSV	1	lha	entries	deferred	five_changes_reserve_delete_folder	tree_build	1	68.552	0	0	7000001	100000	0	ok
PROBE-TSV	1	lha	entries	deferred	five_changes_reserve_add	display	1	3.004	0	0	7000001	100000	0	ok
PROBE-TSV	1	lha	entries	deferred	five_changes_reserve_add	filter_compute	1	0.001	0	0	7000001	100000	0	ok
PROBE-TSV	1	lha	entries	deferred	five_changes_reserve_add	password_verification	1	0.568	0	0	7000001	100000	0	ok
PROBE-TSV	1	lha	entries	deferred	five_changes_reserve_add	plan_build	3	0.066	0	0	7000001	100000	0	ok
PROBE-TSV	1	lha	entries	deferred	five_changes_reserve_add	total	1	177.756	0	4096	7000001	100000	0	ok
PROBE-TSV	1	lha	entries	deferred	five_changes_reserve_add	tree_build	1	65.642	0	0	7000001	100000	0	ok
PROBE-TSV	1	lha	entries	deferred	save_five_changes	capability_probe	1	395.976	0	0	6930039	100000	0	ok
PROBE-TSV	1	lha	entries	deferred	save_five_changes	commit	1	13.410	16384	6930432	6930039	100000	0	ok
PROBE-TSV	1	lha	entries	deferred	save_five_changes	display	1	3.515	0	0	6930039	100000	0	ok
PROBE-TSV	1	lha	entries	deferred	save_five_changes	editing_install	1	0.006	0	0	6930039	100000	0	ok
PROBE-TSV	1	lha	entries	deferred	save_five_changes	editing_prepare	1	40.914	0	0	6930039	100000	0	ok
PROBE-TSV	1	lha	entries	deferred	save_five_changes	entry_comparison	1	71.329	0	0	6930039	100000	0	ok
PROBE-TSV	1	lha	entries	deferred	save_five_changes	filter_compute	2	0.002	0	0	6930039	100000	0	ok
PROBE-TSV	1	lha	entries	deferred	save_five_changes	name_index_advance	1	20.331	0	0	6930039	100000	0	ok
PROBE-TSV	1	lha	entries	deferred	save_five_changes	password_verification	1	0.571	0	0	6930039	100000	0	ok
PROBE-TSV	1	lha	entries	deferred	save_five_changes	publish	1	1.059	0	0	6930039	100000	0	ok
PROBE-TSV	1	lha	entries	deferred	save_five_changes	reader_adoption	1	0.004	0	0	6930039	100000	0	ok
PROBE-TSV	1	lha	entries	deferred	save_five_changes	reload	1	417.170	0	0	6930039	100000	0	ok
PROBE-TSV	1	lha	entries	deferred	save_five_changes	replay	1	143.067	4096	0	6930039	100000	0	ok
PROBE-TSV	1	lha	entries	deferred	save_five_changes	replay_plan	1	27.778	0	0	6930039	100000	0	ok
PROBE-TSV	1	lha	entries	deferred	save_five_changes	representability_differential	1	0.793	0	0	6930039	100000	0	ok
PROBE-TSV	1	lha	entries	deferred	save_five_changes	save_sheet	1	2490.013	7020544	6955008	6930039	100000	0	ok
PROBE-TSV	1	lha	entries	deferred	save_five_changes	total	1	2531.334	7020544	6955008	6930039	100000	0	ok
PROBE-TSV	1	lha	entries	deferred	save_five_changes	tree_build	1	80.208	0	0	6930039	100000	0	ok
PROBE-TSV	1	lha	entries	deferred	save_five_changes	updater_open	1	909.227	7000064	0	6930039	100000	0	ok
PROBE-TSV	1	lha	entries	deferred	save_five_changes	verification_open	1	416.290	0	0	6930039	100000	0	ok
PROBE-TSV	1	lha	entries	deferred	rename_only_reserve_rename	display	1	2.898	0	0	7000001	100000	0	ok
PROBE-TSV	1	lha	entries	deferred	rename_only_reserve_rename	filter_compute	1	0.001	0	0	7000001	100000	0	ok
PROBE-TSV	1	lha	entries	deferred	rename_only_reserve_rename	password_verification	1	0.589	0	0	7000001	100000	0	ok
PROBE-TSV	1	lha	entries	deferred	rename_only_reserve_rename	total	1	176.354	0	0	7000001	100000	0	ok
PROBE-TSV	1	lha	entries	deferred	rename_only_reserve_rename	tree_build	1	71.187	0	0	7000001	100000	0	ok
PROBE-TSV	1	lha	entries	deferred	save_rename_only	capability_probe	1	394.002	0	0	7000000	100000	0	ok
PROBE-TSV	1	lha	entries	deferred	save_rename_only	commit	1	7.930	4096	7000064	7000000	100000	0	ok
PROBE-TSV	1	lha	entries	deferred	save_rename_only	display	1	2.854	0	0	7000000	100000	0	ok
PROBE-TSV	1	lha	entries	deferred	save_rename_only	editing_install	1	0.005	0	0	7000000	100000	0	ok
PROBE-TSV	1	lha	entries	deferred	save_rename_only	editing_prepare	1	37.218	0	0	7000000	100000	0	ok
PROBE-TSV	1	lha	entries	deferred	save_rename_only	entry_comparison	1	64.847	0	0	7000000	100000	0	ok
PROBE-TSV	1	lha	entries	deferred	save_rename_only	filter_compute	2	0.001	0	0	7000000	100000	0	ok
PROBE-TSV	1	lha	entries	deferred	save_rename_only	name_index_advance	1	18.382	0	0	7000000	100000	0	ok
PROBE-TSV	1	lha	entries	deferred	save_rename_only	password_verification	1	0.593	0	0	7000000	100000	0	ok
PROBE-TSV	1	lha	entries	deferred	save_rename_only	publish	1	0.390	0	0	7000000	100000	0	ok
PROBE-TSV	1	lha	entries	deferred	save_rename_only	reader_adoption	1	0.004	0	0	7000000	100000	0	ok
PROBE-TSV	1	lha	entries	deferred	save_rename_only	reload	1	413.134	0	0	7000000	100000	0	ok
PROBE-TSV	1	lha	entries	deferred	save_rename_only	replay	1	67.614	0	0	7000000	100000	0	ok
PROBE-TSV	1	lha	entries	deferred	save_rename_only	replay_plan	1	26.764	0	0	7000000	100000	0	ok
PROBE-TSV	1	lha	entries	deferred	save_rename_only	representability_differential	1	0.042	0	0	7000000	100000	0	ok
PROBE-TSV	1	lha	entries	deferred	save_rename_only	save_sheet	1	2407.619	7004160	7012352	7000000	100000	0	ok
PROBE-TSV	1	lha	entries	deferred	save_rename_only	total	1	2445.185	7004160	7012352	7000000	100000	0	ok
PROBE-TSV	1	lha	entries	deferred	save_rename_only	tree_build	1	74.730	0	0	7000000	100000	0	ok
PROBE-TSV	1	lha	entries	deferred	save_rename_only	updater_open	1	932.312	7000064	0	7000000	100000	0	ok
PROBE-TSV	1	lha	entries	deferred	save_rename_only	verification_open	1	414.628	0	0	7000000	100000	0	ok
PROBE-TSV	1	lha	payload	immediate	delete_start	capability_probe	1	4.401	0	0	168563277	1064	256	ok
PROBE-TSV	1	lha	payload	immediate	delete_start	commit	1	75.327	150962176	168574976	168563277	1064	256	ok
PROBE-TSV	1	lha	payload	immediate	delete_start	display	1	1.310	0	0	168563277	1064	256	ok
PROBE-TSV	1	lha	payload	immediate	delete_start	entry_comparison	1	0.650	0	0	168563277	1064	256	ok
PROBE-TSV	1	lha	payload	immediate	delete_start	filter_compute	1	0.000	0	0	168563277	1064	256	ok
PROBE-TSV	1	lha	payload	immediate	delete_start	mutate	1	0.705	0	0	168563277	1064	256	ok
PROBE-TSV	1	lha	payload	immediate	delete_start	password_verification	1	0.030	0	0	168563277	1064	256	ok
PROBE-TSV	1	lha	payload	immediate	delete_start	plan_build	1	0.012	0	0	168563277	1064	256	ok
PROBE-TSV	1	lha	payload	immediate	delete_start	plan_validation	1	0.134	0	0	168563277	1064	256	ok
PROBE-TSV	1	lha	payload	immediate	delete_start	publish	1	0.660	0	0	168563277	1064	256	ok
PROBE-TSV	1	lha	payload	immediate	delete_start	reader_adoption	1	0.002	0	0	168563277	1064	256	ok
PROBE-TSV	1	lha	payload	immediate	delete_start	reload	1	4.582	0	0	168563277	1064	256	ok
PROBE-TSV	1	lha	payload	immediate	delete_start	total	1	117.049	168853504	168587264	168563277	1064	256	ok
PROBE-TSV	1	lha	payload	immediate	delete_start	tree_build	1	0.613	0	0	168563277	1064	256	ok
PROBE-TSV	1	lha	payload	immediate	delete_start	updater_open	1	24.173	17891328	0	168563277	1064	256	ok
PROBE-TSV	1	lha	payload	immediate	delete_start	verification_open	1	5.298	0	0	168563277	1064	256	ok
PROBE-TSV	1	lha	payload	immediate	delete_end	capability_probe	1	4.419	0	0	170720918	1064	256	ok
PROBE-TSV	1	lha	payload	immediate	delete_end	commit	1	0.954	32768	16384	170720918	1064	256	ok
PROBE-TSV	1	lha	payload	immediate	delete_end	display	1	1.313	0	0	170720918	1064	256	ok
PROBE-TSV	1	lha	payload	immediate	delete_end	entry_comparison	1	0.632	0	0	170720918	1064	256	ok
PROBE-TSV	1	lha	payload	immediate	delete_end	filter_compute	1	0.000	0	0	170720918	1064	256	ok
PROBE-TSV	1	lha	payload	immediate	delete_end	mutate	1	0.712	0	0	170720918	1064	256	ok
PROBE-TSV	1	lha	payload	immediate	delete_end	password_verification	1	0.034	0	0	170720918	1064	256	ok
PROBE-TSV	1	lha	payload	immediate	delete_end	plan_build	1	0.012	0	0	170720918	1064	256	ok
PROBE-TSV	1	lha	payload	immediate	delete_end	plan_validation	1	0.141	0	0	170720918	1064	256	ok
PROBE-TSV	1	lha	payload	immediate	delete_end	publish	1	0.732	0	0	170720918	1064	256	ok
PROBE-TSV	1	lha	payload	immediate	delete_end	reader_adoption	1	0.002	0	0	170720918	1064	256	ok
PROBE-TSV	1	lha	payload	immediate	delete_end	reload	1	4.599	0	0	170720918	1064	256	ok
PROBE-TSV	1	lha	payload	immediate	delete_end	total	1	59.684	35782656	28672	170720918	1064	256	ok
PROBE-TSV	1	lha	payload	immediate	delete_end	tree_build	1	0.607	0	0	170720918	1064	256	ok
PROBE-TSV	1	lha	payload	immediate	delete_end	updater_open	1	28.282	17891328	0	170720918	1064	256	ok
PROBE-TSV	1	lha	payload	immediate	delete_end	verification_open	1	18.669	17858560	0	170720918	1064	256	ok
PROBE-TSV	1	lha	payload	immediate	rename_same_length	capability_probe	1	4.337	0	0	170720988	1064	256	ok
PROBE-TSV	1	lha	payload	immediate	rename_same_length	commit	1	0.986	32768	32768	170720988	1064	256	ok
PROBE-TSV	1	lha	payload	immediate	rename_same_length	display	1	1.339	0	0	170720988	1064	256	ok
PROBE-TSV	1	lha	payload	immediate	rename_same_length	entry_comparison	1	0.638	0	0	170720988	1064	256	ok
PROBE-TSV	1	lha	payload	immediate	rename_same_length	filter_compute	1	0.000	0	0	170720988	1064	256	ok
PROBE-TSV	1	lha	payload	immediate	rename_same_length	mutate	1	0.680	0	0	170720988	1064	256	ok
PROBE-TSV	1	lha	payload	immediate	rename_same_length	name_index_advance	1	0.134	0	0	170720988	1064	256	ok
PROBE-TSV	1	lha	payload	immediate	rename_same_length	name_index_build	1	1.608	0	0	170720988	1064	256	ok
PROBE-TSV	1	lha	payload	immediate	rename_same_length	password_verification	1	0.028	0	0	170720988	1064	256	ok
PROBE-TSV	1	lha	payload	immediate	rename_same_length	plan_build	1	0.017	0	0	170720988	1064	256	ok
PROBE-TSV	1	lha	payload	immediate	rename_same_length	plan_validation	1	0.140	0	0	170720988	1064	256	ok
PROBE-TSV	1	lha	payload	immediate	rename_same_length	publish	1	0.682	0	0	170720988	1064	256	ok
PROBE-TSV	1	lha	payload	immediate	rename_same_length	reader_adoption	1	0.002	0	0	170720988	1064	256	ok
PROBE-TSV	1	lha	payload	immediate	rename_same_length	reload	1	4.664	0	0	170720988	1064	256	ok
PROBE-TSV	1	lha	payload	immediate	rename_same_length	total	1	59.559	35782656	45056	170720988	1064	256	ok
PROBE-TSV	1	lha	payload	immediate	rename_same_length	tree_build	1	0.585	0	0	170720988	1064	256	ok
PROBE-TSV	1	lha	payload	immediate	rename_same_length	updater_open	1	27.327	17891328	0	170720988	1064	256	ok
PROBE-TSV	1	lha	payload	immediate	rename_same_length	verification_open	1	18.211	17858560	0	170720988	1064	256	ok
PROBE-TSV	1	lha	payload	immediate	rename_different_length	capability_probe	1	4.957	0	0	170721006	1064	256	ok
PROBE-TSV	1	lha	payload	immediate	rename_different_length	commit	1	80.535	152829952	170721280	170721006	1064	256	ok
PROBE-TSV	1	lha	payload	immediate	rename_different_length	display	1	1.248	0	0	170721006	1064	256	ok
PROBE-TSV	1	lha	payload	immediate	rename_different_length	entry_comparison	1	0.648	0	0	170721006	1064	256	ok
PROBE-TSV	1	lha	payload	immediate	rename_different_length	filter_compute	1	0.000	0	0	170721006	1064	256	ok
PROBE-TSV	1	lha	payload	immediate	rename_different_length	mutate	1	0.673	0	0	170721006	1064	256	ok
PROBE-TSV	1	lha	payload	immediate	rename_different_length	name_index_advance	1	0.150	0	0	170721006	1064	256	ok
PROBE-TSV	1	lha	payload	immediate	rename_different_length	name_index_build	1	1.607	0	0	170721006	1064	256	ok
PROBE-TSV	1	lha	payload	immediate	rename_different_length	password_verification	1	0.035	0	0	170721006	1064	256	ok
PROBE-TSV	1	lha	payload	immediate	rename_different_length	plan_build	1	0.019	0	0	170721006	1064	256	ok
PROBE-TSV	1	lha	payload	immediate	rename_different_length	plan_validation	1	0.143	0	0	170721006	1064	256	ok
PROBE-TSV	1	lha	payload	immediate	rename_different_length	publish	1	0.677	0	0	170721006	1064	256	ok
PROBE-TSV	1	lha	payload	immediate	rename_different_length	reader_adoption	1	0.002	0	0	170721006	1064	256	ok
PROBE-TSV	1	lha	payload	immediate	rename_different_length	reload	1	5.357	0	0	170721006	1064	256	ok
PROBE-TSV	1	lha	payload	immediate	rename_different_length	total	1	125.288	170721280	170733568	170721006	1064	256	ok
PROBE-TSV	1	lha	payload	immediate	rename_different_length	tree_build	1	0.624	0	0	170721006	1064	256	ok
PROBE-TSV	1	lha	payload	immediate	rename_different_length	updater_open	1	24.189	17891328	0	170721006	1064	256	ok
PROBE-TSV	1	lha	payload	immediate	rename_different_length	verification_open	1	5.411	0	0	170721006	1064	256	ok
PROBE-TSV	1	lha	payload	immediate	rename_folder	capability_probe	1	4.401	0	0	170721436	1064	256	ok
PROBE-TSV	1	lha	payload	immediate	rename_folder	commit	1	93.635	152829952	170737664	170721436	1064	256	ok
PROBE-TSV	1	lha	payload	immediate	rename_folder	display	1	1.336	0	0	170721436	1064	256	ok
PROBE-TSV	1	lha	payload	immediate	rename_folder	entry_comparison	1	0.671	0	0	170721436	1064	256	ok
PROBE-TSV	1	lha	payload	immediate	rename_folder	filter_compute	1	0.000	0	0	170721436	1064	256	ok
PROBE-TSV	1	lha	payload	immediate	rename_folder	mutate	1	1.281	0	0	170721436	1064	256	ok
PROBE-TSV	1	lha	payload	immediate	rename_folder	name_index_advance	1	0.600	0	0	170721436	1064	256	ok
PROBE-TSV	1	lha	payload	immediate	rename_folder	name_index_build	1	1.783	0	0	170721436	1064	256	ok
PROBE-TSV	1	lha	payload	immediate	rename_folder	password_verification	1	0.035	0	0	170721436	1064	256	ok
PROBE-TSV	1	lha	payload	immediate	rename_folder	plan_build	1	0.362	0	0	170721436	1064	256	ok
PROBE-TSV	1	lha	payload	immediate	rename_folder	plan_validation	1	0.337	0	0	170721436	1064	256	ok
PROBE-TSV	1	lha	payload	immediate	rename_folder	publish	1	0.662	0	0	170721436	1064	256	ok
PROBE-TSV	1	lha	payload	immediate	rename_folder	reader_adoption	1	0.002	0	0	170721436	1064	256	ok
PROBE-TSV	1	lha	payload	immediate	rename_folder	reload	1	5.256	0	0	170721436	1064	256	ok
PROBE-TSV	1	lha	payload	immediate	rename_folder	total	1	140.855	170721280	170749952	170721436	1064	256	ok
PROBE-TSV	1	lha	payload	immediate	rename_folder	tree_build	1	0.590	0	0	170721436	1064	256	ok
PROBE-TSV	1	lha	payload	immediate	rename_folder	updater_open	1	24.594	17891328	0	170721436	1064	256	ok
PROBE-TSV	1	lha	payload	immediate	rename_folder	verification_open	1	5.381	0	0	170721436	1064	256	ok
PROBE-TSV	1	lha	payload	immediate	new_folder	capability_probe	1	4.413	0	0	170721047	1064	256	ok
PROBE-TSV	1	lha	payload	immediate	new_folder	commit	1	1.677	16384	16384	170721047	1064	256	ok
PROBE-TSV	1	lha	payload	immediate	new_folder	display	1	1.380	0	0	170721047	1064	256	ok
PROBE-TSV	1	lha	payload	immediate	new_folder	entry_comparison	1	0.634	0	0	170721047	1064	256	ok
PROBE-TSV	1	lha	payload	immediate	new_folder	filter_compute	1	0.000	0	0	170721047	1064	256	ok
PROBE-TSV	1	lha	payload	immediate	new_folder	mutate	1	0.923	0	0	170721047	1064	256	ok
PROBE-TSV	1	lha	payload	immediate	new_folder	name_index_advance	1	0.120	0	0	170721047	1064	256	ok
PROBE-TSV	1	lha	payload	immediate	new_folder	name_index_build	1	1.620	0	0	170721047	1064	256	ok
PROBE-TSV	1	lha	payload	immediate	new_folder	password_verification	1	0.029	0	0	170721047	1064	256	ok
PROBE-TSV	1	lha	payload	immediate	new_folder	plan_build	1	1.630	0	0	170721047	1064	256	ok
PROBE-TSV	1	lha	payload	immediate	new_folder	plan_validation	1	0.141	0	0	170721047	1064	256	ok
PROBE-TSV	1	lha	payload	immediate	new_folder	publish	1	0.663	0	0	170721047	1064	256	ok
PROBE-TSV	1	lha	payload	immediate	new_folder	reader_adoption	1	0.002	0	0	170721047	1064	256	ok
PROBE-TSV	1	lha	payload	immediate	new_folder	reload	1	4.714	0	0	170721047	1064	256	ok
PROBE-TSV	1	lha	payload	immediate	new_folder	total	1	58.852	35782656	28672	170721047	1064	256	ok
PROBE-TSV	1	lha	payload	immediate	new_folder	tree_build	1	0.603	0	0	170721047	1064	256	ok
PROBE-TSV	1	lha	payload	immediate	new_folder	updater_open	1	24.109	17891328	0	170721047	1064	256	ok
PROBE-TSV	1	lha	payload	immediate	new_folder	verification_open	1	19.690	17874944	0	170721047	1064	256	ok
PROBE-TSV	1	lha	payload	immediate	add_file	capability_probe	1	4.579	0	0	170721044	1064	256	ok
PROBE-TSV	1	lha	payload	immediate	add_file	commit	1	1.275	16384	16384	170721044	1064	256	ok
PROBE-TSV	1	lha	payload	immediate	add_file	display	1	1.281	0	0	170721044	1064	256	ok
PROBE-TSV	1	lha	payload	immediate	add_file	entry_comparison	1	0.685	0	0	170721044	1064	256	ok
PROBE-TSV	1	lha	payload	immediate	add_file	filter_compute	1	0.000	0	0	170721044	1064	256	ok
PROBE-TSV	1	lha	payload	immediate	add_file	mutate	1	1.039	0	0	170721044	1064	256	ok
PROBE-TSV	1	lha	payload	immediate	add_file	name_index_advance	1	0.126	0	0	170721044	1064	256	ok
PROBE-TSV	1	lha	payload	immediate	add_file	name_index_build	1	1.744	0	0	170721044	1064	256	ok
PROBE-TSV	1	lha	payload	immediate	add_file	password_verification	1	0.033	0	0	170721044	1064	256	ok
PROBE-TSV	1	lha	payload	immediate	add_file	plan_build	3	0.052	0	0	170721044	1064	256	ok
PROBE-TSV	1	lha	payload	immediate	add_file	plan_validation	1	0.141	0	0	170721044	1064	256	ok
PROBE-TSV	1	lha	payload	immediate	add_file	publish	1	0.690	0	0	170721044	1064	256	ok
PROBE-TSV	1	lha	payload	immediate	add_file	reader_adoption	1	0.002	0	0	170721044	1064	256	ok
PROBE-TSV	1	lha	payload	immediate	add_file	reload	1	4.884	0	0	170721044	1064	256	ok
PROBE-TSV	1	lha	payload	immediate	add_file	total	1	60.563	35782656	28672	170721044	1064	256	ok
PROBE-TSV	1	lha	payload	immediate	add_file	tree_build	1	0.589	0	0	170721044	1064	256	ok
PROBE-TSV	1	lha	payload	immediate	add_file	updater_open	1	24.999	17891328	0	170721044	1064	256	ok
PROBE-TSV	1	lha	payload	immediate	add_file	verification_open	1	19.472	17874944	0	170721044	1064	256	ok
PROBE-TSV	1	lha	payload	immediate	replace_file	capability_probe	1	4.393	0	0	168563347	1064	256	ok
PROBE-TSV	1	lha	payload	immediate	replace_file	commit	1	86.520	150962176	168591360	168563347	1064	256	ok
PROBE-TSV	1	lha	payload	immediate	replace_file	display	1	1.350	0	0	168563347	1064	256	ok
PROBE-TSV	1	lha	payload	immediate	replace_file	entry_comparison	1	0.662	0	0	168563347	1064	256	ok
PROBE-TSV	1	lha	payload	immediate	replace_file	filter_compute	1	0.000	0	0	168563347	1064	256	ok
PROBE-TSV	1	lha	payload	immediate	replace_file	mutate	1	1.600	0	0	168563347	1064	256	ok
PROBE-TSV	1	lha	payload	immediate	replace_file	name_index_advance	1	0.147	0	0	168563347	1064	256	ok
PROBE-TSV	1	lha	payload	immediate	replace_file	name_index_build	1	1.595	0	0	168563347	1064	256	ok
PROBE-TSV	1	lha	payload	immediate	replace_file	password_verification	1	0.032	0	0	168563347	1064	256	ok
PROBE-TSV	1	lha	payload	immediate	replace_file	plan_build	4	0.095	0	0	168563347	1064	256	ok
PROBE-TSV	1	lha	payload	immediate	replace_file	plan_validation	1	0.143	0	0	168563347	1064	256	ok
PROBE-TSV	1	lha	payload	immediate	replace_file	publish	1	0.663	0	0	168563347	1064	256	ok
PROBE-TSV	1	lha	payload	immediate	replace_file	reader_adoption	1	0.002	0	0	168563347	1064	256	ok
PROBE-TSV	1	lha	payload	immediate	replace_file	reload	1	4.730	0	0	168563347	1064	256	ok
PROBE-TSV	1	lha	payload	immediate	replace_file	total	1	131.368	168853504	168603648	168563347	1064	256	ok
PROBE-TSV	1	lha	payload	immediate	replace_file	tree_build	1	0.626	0	0	168563347	1064	256	ok
PROBE-TSV	1	lha	payload	immediate	replace_file	updater_open	1	24.172	17891328	0	168563347	1064	256	ok
PROBE-TSV	1	lha	payload	immediate	replace_file	verification_open	1	5.370	0	0	168563347	1064	256	ok
PROBE-TSV	1	lha	payload	deferred	five_changes_reserve_rename	display	1	1.128	0	0	170720988	1064	256	ok
PROBE-TSV	1	lha	payload	deferred	five_changes_reserve_rename	filter_compute	1	0.000	0	0	170720988	1064	256	ok
PROBE-TSV	1	lha	payload	deferred	five_changes_reserve_rename	password_verification	1	0.031	0	0	170720988	1064	256	ok
PROBE-TSV	1	lha	payload	deferred	five_changes_reserve_rename	total	1	28.559	0	0	170720988	1064	256	ok
PROBE-TSV	1	lha	payload	deferred	five_changes_reserve_rename	tree_build	1	0.632	0	0	170720988	1064	256	ok
PROBE-TSV	1	lha	payload	deferred	five_changes_reserve_delete	display	1	1.086	0	0	170720988	1064	256	ok
PROBE-TSV	1	lha	payload	deferred	five_changes_reserve_delete	filter_compute	1	0.000	0	0	170720988	1064	256	ok
PROBE-TSV	1	lha	payload	deferred	five_changes_reserve_delete	password_verification	1	0.032	0	0	170720988	1064	256	ok
PROBE-TSV	1	lha	payload	deferred	five_changes_reserve_delete	total	1	25.034	0	0	170720988	1064	256	ok
PROBE-TSV	1	lha	payload	deferred	five_changes_reserve_delete	tree_build	1	0.632	0	0	170720988	1064	256	ok
PROBE-TSV	1	lha	payload	deferred	five_changes_reserve_new_folder	display	1	1.091	0	0	170720988	1064	256	ok
PROBE-TSV	1	lha	payload	deferred	five_changes_reserve_new_folder	filter_compute	1	0.000	0	0	170720988	1064	256	ok
PROBE-TSV	1	lha	payload	deferred	five_changes_reserve_new_folder	password_verification	1	0.034	0	0	170720988	1064	256	ok
PROBE-TSV	1	lha	payload	deferred	five_changes_reserve_new_folder	total	1	27.090	0	0	170720988	1064	256	ok
PROBE-TSV	1	lha	payload	deferred	five_changes_reserve_new_folder	tree_build	1	0.632	0	0	170720988	1064	256	ok
PROBE-TSV	1	lha	payload	deferred	five_changes_reserve_delete_folder	display	1	1.323	0	0	170720988	1064	256	ok
PROBE-TSV	1	lha	payload	deferred	five_changes_reserve_delete_folder	filter_compute	1	0.000	0	0	170720988	1064	256	ok
PROBE-TSV	1	lha	payload	deferred	five_changes_reserve_delete_folder	password_verification	1	0.030	0	0	170720988	1064	256	ok
PROBE-TSV	1	lha	payload	deferred	five_changes_reserve_delete_folder	total	1	32.544	0	0	170720988	1064	256	ok
PROBE-TSV	1	lha	payload	deferred	five_changes_reserve_delete_folder	tree_build	1	0.056	0	0	170720988	1064	256	ok
PROBE-TSV	1	lha	payload	deferred	five_changes_reserve_add	display	1	1.035	0	0	170720988	1064	256	ok
PROBE-TSV	1	lha	payload	deferred	five_changes_reserve_add	filter_compute	1	0.000	0	0	170720988	1064	256	ok
PROBE-TSV	1	lha	payload	deferred	five_changes_reserve_add	password_verification	1	0.040	0	0	170720988	1064	256	ok
PROBE-TSV	1	lha	payload	deferred	five_changes_reserve_add	plan_build	3	0.061	0	0	170720988	1064	256	ok
PROBE-TSV	1	lha	payload	deferred	five_changes_reserve_add	total	1	29.280	0	4096	170720988	1064	256	ok
PROBE-TSV	1	lha	payload	deferred	five_changes_reserve_add	tree_build	1	0.055	0	0	170720988	1064	256	ok
PROBE-TSV	1	lha	payload	deferred	save_five_changes	capability_probe	1	0.336	0	0	170651097	1064	256	ok
PROBE-TSV	1	lha	payload	deferred	save_five_changes	commit	1	1.056	32768	12288	170651097	1064	256	ok
PROBE-TSV	1	lha	payload	deferred	save_five_changes	display	1	1.435	0	0	170651097	1064	256	ok
PROBE-TSV	1	lha	payload	deferred	save_five_changes	editing_install	1	0.005	0	0	170651097	1064	256	ok
PROBE-TSV	1	lha	payload	deferred	save_five_changes	editing_prepare	1	0.056	0	0	170651097	1064	256	ok
PROBE-TSV	1	lha	payload	deferred	save_five_changes	entry_comparison	1	0.048	0	0	170651097	1064	256	ok
PROBE-TSV	1	lha	payload	deferred	save_five_changes	filter_compute	2	0.001	0	0	170651097	1064	256	ok
PROBE-TSV	1	lha	payload	deferred	save_five_changes	name_index_advance	1	0.777	0	0	170651097	1064	256	ok
PROBE-TSV	1	lha	payload	deferred	save_five_changes	password_verification	1	0.036	0	0	170651097	1064	256	ok
PROBE-TSV	1	lha	payload	deferred	save_five_changes	publish	1	0.838	0	0	170651097	1064	256	ok
PROBE-TSV	1	lha	payload	deferred	save_five_changes	reader_adoption	1	0.002	0	0	170651097	1064	256	ok
PROBE-TSV	1	lha	payload	deferred	save_five_changes	reload	1	1.583	0	0	170651097	1064	256	ok
PROBE-TSV	1	lha	payload	deferred	save_five_changes	replay	1	2.233	4096	0	170651097	1064	256	ok
PROBE-TSV	1	lha	payload	deferred	save_five_changes	replay_plan	1	1.649	0	0	170651097	1064	256	ok
PROBE-TSV	1	lha	payload	deferred	save_five_changes	representability_differential	1	0.773	0	0	170651097	1064	256	ok
PROBE-TSV	1	lha	payload	deferred	save_five_changes	save_sheet	1	120.570	35721216	36864	170651097	1064	256	ok
PROBE-TSV	1	lha	payload	deferred	save_five_changes	total	1	121.605	35721216	36864	170651097	1064	256	ok
PROBE-TSV	1	lha	payload	deferred	save_five_changes	tree_build	1	0.046	0	0	170651097	1064	256	ok
PROBE-TSV	1	lha	payload	deferred	save_five_changes	updater_open	1	27.501	17891328	0	170651097	1064	256	ok
PROBE-TSV	1	lha	payload	deferred	save_five_changes	verification_open	1	14.274	17793024	0	170651097	1064	256	ok
PROBE-TSV	1	lha	payload	deferred	rename_only_reserve_rename	display	1	1.248	0	0	170720988	1064	256	ok
PROBE-TSV	1	lha	payload	deferred	rename_only_reserve_rename	filter_compute	1	0.000	0	0	170720988	1064	256	ok
PROBE-TSV	1	lha	payload	deferred	rename_only_reserve_rename	password_verification	1	0.031	0	0	170720988	1064	256	ok
PROBE-TSV	1	lha	payload	deferred	rename_only_reserve_rename	total	1	28.841	0	0	170720988	1064	256	ok
PROBE-TSV	1	lha	payload	deferred	rename_only_reserve_rename	tree_build	1	0.632	0	0	170720988	1064	256	ok
PROBE-TSV	1	lha	payload	deferred	save_rename_only	capability_probe	1	4.502	0	0	170720987	1064	256	ok
PROBE-TSV	1	lha	payload	deferred	save_rename_only	commit	1	78.935	152846336	170721280	170720987	1064	256	ok
PROBE-TSV	1	lha	payload	deferred	save_rename_only	display	1	1.134	0	0	170720987	1064	256	ok
PROBE-TSV	1	lha	payload	deferred	save_rename_only	editing_install	1	0.005	0	0	170720987	1064	256	ok
PROBE-TSV	1	lha	payload	deferred	save_rename_only	editing_prepare	1	0.293	0	0	170720987	1064	256	ok
PROBE-TSV	1	lha	payload	deferred	save_rename_only	entry_comparison	1	0.661	0	0	170720987	1064	256	ok
PROBE-TSV	1	lha	payload	deferred	save_rename_only	filter_compute	2	0.001	0	0	170720987	1064	256	ok
PROBE-TSV	1	lha	payload	deferred	save_rename_only	name_index_advance	1	0.156	0	0	170720987	1064	256	ok
PROBE-TSV	1	lha	payload	deferred	save_rename_only	password_verification	1	0.030	0	0	170720987	1064	256	ok
PROBE-TSV	1	lha	payload	deferred	save_rename_only	publish	1	0.310	0	0	170720987	1064	256	ok
PROBE-TSV	1	lha	payload	deferred	save_rename_only	reader_adoption	1	0.002	0	0	170720987	1064	256	ok
PROBE-TSV	1	lha	payload	deferred	save_rename_only	reload	1	5.078	0	0	170720987	1064	256	ok
PROBE-TSV	1	lha	payload	deferred	save_rename_only	replay	1	0.689	0	0	170720987	1064	256	ok
PROBE-TSV	1	lha	payload	deferred	save_rename_only	replay_plan	1	0.309	0	0	170720987	1064	256	ok
PROBE-TSV	1	lha	payload	deferred	save_rename_only	representability_differential	1	0.029	0	0	170720987	1064	256	ok
PROBE-TSV	1	lha	payload	deferred	save_rename_only	save_sheet	1	179.267	170737664	170733568	170720987	1064	256	ok
PROBE-TSV	1	lha	payload	deferred	save_rename_only	total	1	179.865	170737664	170733568	170720987	1064	256	ok
PROBE-TSV	1	lha	payload	deferred	save_rename_only	tree_build	1	0.631	0	0	170720987	1064	256	ok
PROBE-TSV	1	lha	payload	deferred	save_rename_only	updater_open	1	28.642	17891328	0	170720987	1064	256	ok
PROBE-TSV	1	lha	payload	deferred	save_rename_only	verification_open	1	5.473	0	0	170720987	1064	256	ok
PROBE-TSV-HEADER	version	format	fixture	mode	operation	stage	calls	duration_ms	read_bytes	written_bytes	output_bytes	entries	payload_mib	status
PROBE-TSV	1	zip	entries	immediate	open	total	1	476.522	32768	0	14100098	100000	0	ok
PROBE-TSV	1	zip	payload	immediate	open	total	1	99.089	0	0	163003493	1064	256	ok
PROBE-TSV	1	tar	entries	immediate	open	total	1	898.676	0	0	102410240	100000	0	ok
PROBE-TSV	1	tar	payload	immediate	open	total	1	108.845	0	0	269496320	1064	256	ok
PROBE-TSV	1	tar.gz	entries	immediate	open	total	1	920.105	0	100663296	1045193	100000	0	ok
PROBE-TSV	1	tar.gz	payload	immediate	open	total	1	454.267	0	268435456	162811954	1064	256	ok
PROBE-TSV	1	tar.bz2	entries	immediate	open	total	1	896.317	0	100663296	215734	100000	0	ok
PROBE-TSV	1	tar.bz2	payload	immediate	open	total	1	985.850	0	268435456	143017570	1064	256	ok
PROBE-TSV	1	tar.xz	entries	immediate	open	total	1	950.940	0	100663296	211428	100000	0	ok
PROBE-TSV	1	tar.xz	payload	immediate	open	total	1	1934.127	0	268435456	137187584	1064	256	ok
PROBE-TSV	1	7z	entries	immediate	open	total	1	779.433	0	0	7000078	100000	0	ok
PROBE-TSV	1	7z	payload	immediate	open	total	1	111.454	0	0	137251576	1064	256	ok
PROBE-TSV	1	lha	entries	immediate	open	total	1	1200.887	0	0	7000001	100000	0	ok
PROBE-TSV	1	lha	payload	immediate	open	total	1	117.449	0	0	170720988	1064	256	ok
# start  2:53  up 4 days, 20:50, 4 users, load averages: 10.87 23.56 19.72
# end  2:58  up 4 days, 20:56, 4 users, load averages: 12.73 16.86 17.56
