PROBE-TSV-HEADER	version	format	fixture	mode	operation	stage	calls	duration_ms	read_bytes	written_bytes	output_bytes	entries	payload_mib	status
PROBE-TSV	1	zip	entries	fixture	build	fixture_build	1	1618.063	0	14106624	14100098	100000	0	ok
PROBE-TSV	1	zip	entries	direct	delete_start	commit	1	14.530	12288	14102528	14099957	100000	0	ok
PROBE-TSV	1	zip	entries	direct	delete_start	remove	1	0.022	0	0	14099957	100000	0	ok
PROBE-TSV	1	zip	entries	direct	delete_start	total	1	124.040	14114816	14102528	14099957	100000	0	ok
PROBE-TSV	1	zip	entries	direct	delete_start	updater_open	1	103.665	14102528	0	14099957	100000	0	ok
PROBE-TSV	1	zip	entries	direct	delete_end	commit	1	10.790	45056	7516160	14099957	100000	0	ok
PROBE-TSV	1	zip	entries	direct	delete_end	remove	1	0.007	0	0	14099957	100000	0	ok
PROBE-TSV	1	zip	entries	direct	delete_end	total	1	115.358	14147584	7516160	14099957	100000	0	ok
PROBE-TSV	1	zip	entries	direct	delete_end	updater_open	1	98.810	14102528	0	14099957	100000	0	ok
PROBE-TSV	1	zip	payload	fixture	build	fixture_build	1	1133.860	0	163004416	163003493	1064	256	ok
PROBE-TSV	1	zip	payload	direct	delete_start	commit	1	52.059	158883840	161021952	161008071	1064	256	ok
PROBE-TSV	1	zip	payload	direct	delete_start	remove	1	0.007	0	0	161008071	1064	256	ok
PROBE-TSV	1	zip	payload	direct	delete_start	total	1	65.182	161062912	161021952	161008071	1064	256	ok
PROBE-TSV	1	zip	payload	direct	delete_start	updater_open	1	12.002	2179072	0	161008071	1064	256	ok
PROBE-TSV	1	zip	payload	direct	delete_end	commit	1	1.650	32768	81920	163003352	1064	256	ok
PROBE-TSV	1	zip	payload	direct	delete_end	remove	1	0.005	0	0	163003352	1064	256	ok
PROBE-TSV	1	zip	payload	direct	delete_end	total	1	45.320	2211840	81920	163003352	1064	256	ok
PROBE-TSV	1	zip	payload	direct	delete_end	updater_open	1	43.522	2179072	0	163003352	1064	256	ok
PROBE-TSV	1	tar	entries	fixture	build	fixture_build	1	1280.558	0	102416384	102410240	100000	0	ok
PROBE-TSV	1	tar	entries	direct	delete_start	commit	1	42.112	16384	102400000	102400000	100000	0	ok
PROBE-TSV	1	tar	entries	direct	delete_start	remove	1	50.165	0	0	102400000	100000	0	ok
PROBE-TSV	1	tar	entries	direct	delete_start	total	1	729.196	102428672	102400000	102400000	100000	0	ok
PROBE-TSV	1	tar	entries	direct	delete_start	updater_open	1	621.006	102412288	0	102400000	100000	0	ok
PROBE-TSV	1	tar	entries	direct	delete_end	commit	1	5.674	32768	16384	102400000	100000	0	ok
PROBE-TSV	1	tar	entries	direct	delete_end	remove	1	51.914	0	0	102400000	100000	0	ok
PROBE-TSV	1	tar	entries	direct	delete_end	total	1	709.263	102445056	16384	102400000	100000	0	ok
PROBE-TSV	1	tar	entries	direct	delete_end	updater_open	1	637.672	102412288	0	102400000	100000	0	ok
PROBE-TSV	1	tar	payload	fixture	build	fixture_build	1	353.813	0	269496320	269496320	1064	256	ok
PROBE-TSV	1	tar	payload	direct	delete_start	commit	1	117.932	263045120	265322496	265308160	1064	256	ok
PROBE-TSV	1	tar	payload	direct	delete_start	remove	1	0.540	0	0	265308160	1064	256	ok
PROBE-TSV	1	tar	payload	direct	delete_start	total	1	135.564	265351168	265322496	265308160	1064	256	ok
PROBE-TSV	1	tar	payload	direct	delete_start	updater_open	1	15.285	2306048	0	265308160	1064	256	ok
PROBE-TSV	1	tar	payload	direct	delete_end	commit	1	0.797	28672	12288	269496320	1064	256	ok
PROBE-TSV	1	tar	payload	direct	delete_end	remove	1	0.541	0	0	269496320	1064	256	ok
PROBE-TSV	1	tar	payload	direct	delete_end	total	1	26.669	2334720	12288	269496320	1064	256	ok
PROBE-TSV	1	tar	payload	direct	delete_end	updater_open	1	25.145	2306048	0	269496320	1064	256	ok
PROBE-TSV	1	tar.gz	entries	fixture	build	fixture_build	1	588.903	0	1048576	1044925	100000	0	ok
PROBE-TSV	1	tar.gz	entries	direct	delete_start	commit	1	9.094	0	1052672	1044899	100000	0	ok
PROBE-TSV	1	tar.gz	entries	direct	delete_start	remove	1	52.625	0	0	1044899	100000	0	ok
PROBE-TSV	1	tar.gz	entries	direct	delete_start	total	1	315.182	0	1052672	1044899	100000	0	ok
PROBE-TSV	1	tar.gz	entries	direct	delete_start	updater_open	1	247.989	0	0	1044899	100000	0	ok
PROBE-TSV	1	tar.gz	entries	direct	delete_end	commit	1	8.026	0	1052672	1044899	100000	0	ok
PROBE-TSV	1	tar.gz	entries	direct	delete_end	remove	1	49.106	0	0	1044899	100000	0	ok
PROBE-TSV	1	tar.gz	entries	direct	delete_end	total	1	305.757	0	1052672	1044899	100000	0	ok
PROBE-TSV	1	tar.gz	entries	direct	delete_end	updater_open	1	244.075	0	0	1044899	100000	0	ok
PROBE-TSV	1	tar.gz	payload	fixture	build	fixture_build	1	1213.625	0	162824192	162811997	1064	256	ok
PROBE-TSV	1	tar.gz	payload	direct	delete_start	commit	1	58.978	0	160833536	160817829	1064	256	ok
PROBE-TSV	1	tar.gz	payload	direct	delete_start	remove	1	0.528	0	0	160817829	1064	256	ok
PROBE-TSV	1	tar.gz	payload	direct	delete_start	total	1	62.306	0	160833536	160817829	1064	256	ok
PROBE-TSV	1	tar.gz	payload	direct	delete_start	updater_open	1	2.627	0	0	160817829	1064	256	ok
PROBE-TSV	1	tar.gz	payload	direct	delete_end	commit	1	25.719	0	162824192	162811987	1064	256	ok
PROBE-TSV	1	tar.gz	payload	direct	delete_end	remove	1	0.516	0	0	162811987	1064	256	ok
PROBE-TSV	1	tar.gz	payload	direct	delete_end	total	1	29.030	0	162824192	162811987	1064	256	ok
PROBE-TSV	1	tar.gz	payload	direct	delete_end	updater_open	1	2.622	0	0	162811987	1064	256	ok
PROBE-TSV	1	tar.bz2	entries	fixture	build	fixture_build	1	591.267	0	217088	216104	100000	0	ok
PROBE-TSV	1	tar.bz2	entries	direct	delete_start	commit	1	49.066	0	221184	216059	100000	0	ok
PROBE-TSV	1	tar.bz2	entries	direct	delete_start	remove	1	53.069	0	0	216059	100000	0	ok
PROBE-TSV	1	tar.bz2	entries	direct	delete_start	total	1	360.396	0	221184	216059	100000	0	ok
PROBE-TSV	1	tar.bz2	entries	direct	delete_start	updater_open	1	253.250	0	0	216059	100000	0	ok
PROBE-TSV	1	tar.bz2	entries	direct	delete_end	commit	1	35.114	0	221184	216078	100000	0	ok
PROBE-TSV	1	tar.bz2	entries	direct	delete_end	remove	1	53.428	0	0	216078	100000	0	ok
PROBE-TSV	1	tar.bz2	entries	direct	delete_end	total	1	348.839	0	221184	216078	100000	0	ok
PROBE-TSV	1	tar.bz2	entries	direct	delete_end	updater_open	1	255.033	0	0	216078	100000	0	ok
PROBE-TSV	1	tar.bz2	payload	fixture	build	fixture_build	1	1891.380	0	143032320	143017309	1064	256	ok
PROBE-TSV	1	tar.bz2	payload	direct	delete_start	commit	1	21.437	0	141455360	141441553	1064	256	ok
PROBE-TSV	1	tar.bz2	payload	direct	delete_start	remove	1	0.524	0	0	141441553	1064	256	ok
PROBE-TSV	1	tar.bz2	payload	direct	delete_start	total	1	24.828	0	141455360	141441553	1064	256	ok
PROBE-TSV	1	tar.bz2	payload	direct	delete_start	updater_open	1	2.664	0	0	141441553	1064	256	ok
PROBE-TSV	1	tar.bz2	payload	direct	delete_end	commit	1	26.707	0	143028224	143017307	1064	256	ok
PROBE-TSV	1	tar.bz2	payload	direct	delete_end	remove	1	0.567	0	0	143017307	1064	256	ok
PROBE-TSV	1	tar.bz2	payload	direct	delete_end	total	1	30.284	0	143028224	143017307	1064	256	ok
PROBE-TSV	1	tar.bz2	payload	direct	delete_end	updater_open	1	2.829	0	0	143017307	1064	256	ok
PROBE-TSV	1	tar.xz	entries	fixture	build	fixture_build	1	729.743	0	212992	211560	100000	0	ok
PROBE-TSV	1	tar.xz	entries	direct	delete_start	commit	1	166.833	0	217088	211408	100000	0	ok
PROBE-TSV	1	tar.xz	entries	direct	delete_start	remove	1	51.746	0	0	211408	100000	0	ok
PROBE-TSV	1	tar.xz	entries	direct	delete_start	total	1	476.445	0	217088	211408	100000	0	ok
PROBE-TSV	1	tar.xz	entries	direct	delete_start	updater_open	1	252.998	0	0	211408	100000	0	ok
PROBE-TSV	1	tar.xz	entries	direct	delete_end	commit	1	72.699	0	217088	211520	100000	0	ok
PROBE-TSV	1	tar.xz	entries	direct	delete_end	remove	1	50.779	0	0	211520	100000	0	ok
PROBE-TSV	1	tar.xz	entries	direct	delete_end	total	1	377.000	0	217088	211520	100000	0	ok
PROBE-TSV	1	tar.xz	entries	direct	delete_end	updater_open	1	248.532	0	0	211520	100000	0	ok
PROBE-TSV	1	tar.xz	payload	fixture	build	fixture_build	1	11597.210	0	137199616	137187616	1064	256	ok
PROBE-TSV	1	tar.xz	payload	direct	delete_start	commit	1	19.911	0	135741440	135726648	1064	256	ok
PROBE-TSV	1	tar.xz	payload	direct	delete_start	remove	1	0.520	0	0	135726648	1064	256	ok
PROBE-TSV	1	tar.xz	payload	direct	delete_start	total	1	23.270	0	135741440	135726648	1064	256	ok
PROBE-TSV	1	tar.xz	payload	direct	delete_start	updater_open	1	2.649	0	0	135726648	1064	256	ok
PROBE-TSV	1	tar.xz	payload	direct	delete_end	commit	1	57.338	0	137199616	137187620	1064	256	ok
PROBE-TSV	1	tar.xz	payload	direct	delete_end	remove	1	0.500	0	0	137187620	1064	256	ok
PROBE-TSV	1	tar.xz	payload	direct	delete_end	total	1	60.683	0	137199616	137187620	1064	256	ok
PROBE-TSV	1	tar.xz	payload	direct	delete_end	updater_open	1	2.648	0	0	137187620	1064	256	ok
PROBE-TSV	1	7z	entries	fixture	build	fixture_build	1	3952.814	0	7028736	7000078	100000	0	ok
PROBE-TSV	1	7z	entries	direct	delete_start	commit	1	453.448	516096	7020544	7000008	100000	0	ok
PROBE-TSV	1	7z	entries	direct	delete_start	remove	1	51.019	0	0	7000008	100000	0	ok
PROBE-TSV	1	7z	entries	direct	delete_start	total	1	971.961	7045120	7020544	7000008	100000	0	ok
PROBE-TSV	1	7z	entries	direct	delete_start	updater_open	1	432.574	6529024	0	7000008	100000	0	ok
PROBE-TSV	1	7z	entries	direct	delete_end	commit	1	340.247	57344	6545408	7000008	100000	0	ok
PROBE-TSV	1	7z	entries	direct	delete_end	remove	1	51.304	0	0	7000008	100000	0	ok
PROBE-TSV	1	7z	entries	direct	delete_end	total	1	847.015	6586368	6545408	7000008	100000	0	ok
PROBE-TSV	1	7z	entries	direct	delete_end	updater_open	1	427.753	6529024	0	7000008	100000	0	ok
PROBE-TSV	1	7z	payload	fixture	build	fixture_build	1	11353.691	0	137281536	137251576	1064	256	ok
PROBE-TSV	1	7z	payload	direct	delete_start	commit	1	72.249	135741440	135823360	135790639	1064	256	ok
PROBE-TSV	1	7z	payload	direct	delete_start	remove	1	0.549	0	0	135790639	1064	256	ok
PROBE-TSV	1	7z	payload	direct	delete_start	total	1	78.891	135843840	135823360	135790639	1064	256	ok
PROBE-TSV	1	7z	payload	direct	delete_start	updater_open	1	4.800	102400	0	135790639	1064	256	ok
PROBE-TSV	1	7z	payload	direct	delete_end	commit	1	4.322	36864	118784	137251506	1064	256	ok
PROBE-TSV	1	7z	payload	direct	delete_end	remove	1	0.533	0	0	137251506	1064	256	ok
PROBE-TSV	1	7z	payload	direct	delete_end	total	1	10.341	139264	118784	137251506	1064	256	ok
PROBE-TSV	1	7z	payload	direct	delete_end	updater_open	1	5.035	102400	0	137251506	1064	256	ok
PROBE-TSV	1	lha	entries	fixture	build	fixture_build	1	1438.808	0	7000064	7000001	100000	0	ok
PROBE-TSV	1	lha	entries	direct	delete_start	commit	1	7.143	4096	7000064	6999931	100000	0	ok
PROBE-TSV	1	lha	entries	direct	delete_start	remove	1	49.894	0	0	6999931	100000	0	ok
PROBE-TSV	1	lha	entries	direct	delete_start	total	1	1058.573	7004160	7000064	6999931	100000	0	ok
PROBE-TSV	1	lha	entries	direct	delete_start	updater_open	1	973.166	7000064	0	6999931	100000	0	ok
PROBE-TSV	1	lha	entries	direct	delete_end	commit	1	3.808	20480	4096	6999931	100000	0	ok
PROBE-TSV	1	lha	entries	direct	delete_end	remove	1	50.464	0	0	6999931	100000	0	ok
PROBE-TSV	1	lha	entries	direct	delete_end	total	1	1001.336	7020544	4096	6999931	100000	0	ok
PROBE-TSV	1	lha	entries	direct	delete_end	updater_open	1	935.217	7000064	0	6999931	100000	0	ok
PROBE-TSV	1	lha	payload	fixture	build	fixture_build	1	2108.754	0	342360064	170720988	1064	256	ok
PROBE-TSV	1	lha	payload	direct	delete_start	commit	1	80.143	150962176	168574976	168563277	1064	256	ok
PROBE-TSV	1	lha	payload	direct	delete_start	remove	1	0.543	0	0	168563277	1064	256	ok
PROBE-TSV	1	lha	payload	direct	delete_start	total	1	107.673	168853504	168574976	168563277	1064	256	ok
PROBE-TSV	1	lha	payload	direct	delete_start	updater_open	1	25.824	17891328	0	168563277	1064	256	ok
PROBE-TSV	1	lha	payload	direct	delete_end	commit	1	0.946	32768	16384	170720918	1064	256	ok
PROBE-TSV	1	lha	payload	direct	delete_end	remove	1	0.516	0	0	170720918	1064	256	ok
PROBE-TSV	1	lha	payload	direct	delete_end	total	1	26.751	17924096	16384	170720918	1064	256	ok
PROBE-TSV	1	lha	payload	direct	delete_end	updater_open	1	25.055	17891328	0	170720918	1064	256	ok
PROBE-TSV-HEADER	version	format	fixture	mode	operation	stage	calls	duration_ms	read_bytes	written_bytes	output_bytes	entries	payload_mib	status
PROBE-TSV	1	zip	entries	immediate	delete_start	capability_probe	1	3.013	0	0	14099957	100000	0	ok
PROBE-TSV	1	zip	entries	immediate	delete_start	commit	1	11.950	12288	14102528	14099957	100000	0	ok
PROBE-TSV	1	zip	entries	immediate	delete_start	display	1	3.061	0	0	14099957	100000	0	ok
PROBE-TSV	1	zip	entries	immediate	delete_start	entry_comparison	1	72.524	0	0	14099957	100000	0	ok
PROBE-TSV	1	zip	entries	immediate	delete_start	filter_compute	1	0.000	0	0	14099957	100000	0	ok
PROBE-TSV	1	zip	entries	immediate	delete_start	mutate	1	10.036	0	0	14099957	100000	0	ok
PROBE-TSV	1	zip	entries	immediate	delete_start	output_probe	1	2.575	0	0	14099957	100000	0	ok
PROBE-TSV	1	zip	entries	immediate	delete_start	password_verification	1	0.233	0	0	14099957	100000	0	ok
PROBE-TSV	1	zip	entries	immediate	delete_start	plan_build	1	0.036	0	0	14099957	100000	0	ok
PROBE-TSV	1	zip	entries	immediate	delete_start	plan_validation	1	9.999	0	0	14099957	100000	0	ok
PROBE-TSV	1	zip	entries	immediate	delete_start	publish	1	1.332	0	0	14099957	100000	0	ok
PROBE-TSV	1	zip	entries	immediate	delete_start	reader_adoption	1	0.003	0	0	14099957	100000	0	ok
PROBE-TSV	1	zip	entries	immediate	delete_start	reload	1	3.444	0	0	14099957	100000	0	ok
PROBE-TSV	1	zip	entries	immediate	delete_start	total	1	360.027	14114816	14114816	14099957	100000	0	ok
PROBE-TSV	1	zip	entries	immediate	delete_start	tree_build	1	51.862	0	0	14099957	100000	0	ok
PROBE-TSV	1	zip	entries	immediate	delete_start	updater_open	1	106.842	14102528	0	14099957	100000	0	ok
PROBE-TSV	1	zip	entries	immediate	delete_start	verification_open	1	72.655	0	0	14099957	100000	0	ok
PROBE-TSV	1	zip	entries	immediate	delete_end	capability_probe	1	2.894	0	0	14099957	100000	0	ok
PROBE-TSV	1	zip	entries	immediate	delete_end	commit	1	9.348	45056	7516160	14099957	100000	0	ok
PROBE-TSV	1	zip	entries	immediate	delete_end	display	1	3.087	0	0	14099957	100000	0	ok
PROBE-TSV	1	zip	entries	immediate	delete_end	entry_comparison	1	74.658	0	0	14099957	100000	0	ok
PROBE-TSV	1	zip	entries	immediate	delete_end	filter_compute	1	0.000	0	0	14099957	100000	0	ok
PROBE-TSV	1	zip	entries	immediate	delete_end	mutate	1	9.737	0	0	14099957	100000	0	ok
PROBE-TSV	1	zip	entries	immediate	delete_end	output_probe	1	2.568	0	0	14099957	100000	0	ok
PROBE-TSV	1	zip	entries	immediate	delete_end	password_verification	1	0.196	0	0	14099957	100000	0	ok
PROBE-TSV	1	zip	entries	immediate	delete_end	plan_build	1	0.015	0	0	14099957	100000	0	ok
PROBE-TSV	1	zip	entries	immediate	delete_end	plan_validation	1	9.708	0	0	14099957	100000	0	ok
PROBE-TSV	1	zip	entries	immediate	delete_end	publish	1	0.778	0	0	14099957	100000	0	ok
PROBE-TSV	1	zip	entries	immediate	delete_end	reader_adoption	1	0.006	0	0	14099957	100000	0	ok
PROBE-TSV	1	zip	entries	immediate	delete_end	reload	1	3.223	0	0	14099957	100000	0	ok
PROBE-TSV	1	zip	entries	immediate	delete_end	total	1	352.710	20733952	7528448	14099957	100000	0	ok
PROBE-TSV	1	zip	entries	immediate	delete_end	tree_build	1	50.816	0	0	14099957	100000	0	ok
PROBE-TSV	1	zip	entries	immediate	delete_end	updater_open	1	101.621	14102528	0	14099957	100000	0	ok
PROBE-TSV	1	zip	entries	immediate	delete_end	verification_open	1	75.077	6586368	0	14099957	100000	0	ok
PROBE-TSV	1	zip	entries	immediate	rename_same_length	capability_probe	1	2.882	0	0	14100098	100000	0	ok
PROBE-TSV	1	zip	entries	immediate	rename_same_length	commit	1	5.895	32768	32768	14100098	100000	0	ok
PROBE-TSV	1	zip	entries	immediate	rename_same_length	display	1	2.893	0	0	14100098	100000	0	ok
PROBE-TSV	1	zip	entries	immediate	rename_same_length	entry_comparison	1	82.248	0	0	14100098	100000	0	ok
PROBE-TSV	1	zip	entries	immediate	rename_same_length	filter_compute	1	0.000	0	0	14100098	100000	0	ok
PROBE-TSV	1	zip	entries	immediate	rename_same_length	mutate	1	11.655	0	0	14100098	100000	0	ok
PROBE-TSV	1	zip	entries	immediate	rename_same_length	name_index_advance	1	9.476	0	0	14100098	100000	0	ok
PROBE-TSV	1	zip	entries	immediate	rename_same_length	name_index_build	1	147.248	0	0	14100098	100000	0	ok
PROBE-TSV	1	zip	entries	immediate	rename_same_length	output_probe	1	2.592	0	0	14100098	100000	0	ok
PROBE-TSV	1	zip	entries	immediate	rename_same_length	password_verification	1	0.198	0	0	14100098	100000	0	ok
PROBE-TSV	1	zip	entries	immediate	rename_same_length	plan_build	1	0.054	0	0	14100098	100000	0	ok
PROBE-TSV	1	zip	entries	immediate	rename_same_length	plan_validation	1	9.598	0	0	14100098	100000	0	ok
PROBE-TSV	1	zip	entries	immediate	rename_same_length	publish	1	0.863	0	0	14100098	100000	0	ok
PROBE-TSV	1	zip	entries	immediate	rename_same_length	reader_adoption	1	0.006	0	0	14100098	100000	0	ok
PROBE-TSV	1	zip	entries	immediate	rename_same_length	reload	1	13.020	0	0	14100098	100000	0	ok
PROBE-TSV	1	zip	entries	immediate	rename_same_length	total	1	516.331	28205056	45056	14100098	100000	0	ok
PROBE-TSV	1	zip	entries	immediate	rename_same_length	tree_build	1	52.623	0	0	14100098	100000	0	ok
PROBE-TSV	1	zip	entries	immediate	rename_same_length	updater_open	1	98.824	14102528	0	14100098	100000	0	ok
PROBE-TSV	1	zip	entries	immediate	rename_same_length	verification_open	1	76.513	14069760	0	14100098	100000	0	ok
PROBE-TSV	1	zip	entries	immediate	rename_different_length	capability_probe	1	2.960	0	0	14100134	100000	0	ok
PROBE-TSV	1	zip	entries	immediate	rename_different_length	commit	1	12.965	0	14102528	14100134	100000	0	ok
PROBE-TSV	1	zip	entries	immediate	rename_different_length	display	1	2.832	0	0	14100134	100000	0	ok
PROBE-TSV	1	zip	entries	immediate	rename_different_length	entry_comparison	1	78.040	0	0	14100134	100000	0	ok
PROBE-TSV	1	zip	entries	immediate	rename_different_length	filter_compute	1	0.000	0	0	14100134	100000	0	ok
PROBE-TSV	1	zip	entries	immediate	rename_different_length	mutate	1	11.541	0	0	14100134	100000	0	ok
PROBE-TSV	1	zip	entries	immediate	rename_different_length	name_index_advance	1	9.685	0	0	14100134	100000	0	ok
PROBE-TSV	1	zip	entries	immediate	rename_different_length	name_index_build	1	146.845	0	0	14100134	100000	0	ok
PROBE-TSV	1	zip	entries	immediate	rename_different_length	output_probe	1	2.602	0	0	14100134	100000	0	ok
PROBE-TSV	1	zip	entries	immediate	rename_different_length	password_verification	1	0.226	0	0	14100134	100000	0	ok
PROBE-TSV	1	zip	entries	immediate	rename_different_length	plan_build	1	0.041	0	0	14100134	100000	0	ok
PROBE-TSV	1	zip	entries	immediate	rename_different_length	plan_validation	1	9.510	0	0	14100134	100000	0	ok
PROBE-TSV	1	zip	entries	immediate	rename_different_length	publish	1	0.766	0	0	14100134	100000	0	ok
PROBE-TSV	1	zip	entries	immediate	rename_different_length	reader_adoption	1	0.009	0	0	14100134	100000	0	ok
PROBE-TSV	1	zip	entries	immediate	rename_different_length	reload	1	13.315	0	0	14100134	100000	0	ok
PROBE-TSV	1	zip	entries	immediate	rename_different_length	total	1	519.213	14102528	14114816	14100134	100000	0	ok
PROBE-TSV	1	zip	entries	immediate	rename_different_length	tree_build	1	52.941	0	0	14100134	100000	0	ok
PROBE-TSV	1	zip	entries	immediate	rename_different_length	updater_open	1	99.507	14102528	0	14100134	100000	0	ok
PROBE-TSV	1	zip	entries	immediate	rename_different_length	verification_open	1	74.488	0	0	14100134	100000	0	ok
PROBE-TSV	1	zip	entries	immediate	rename_folder	capability_probe	1	2.883	0	0	14120098	100000	0	ok
PROBE-TSV	1	zip	entries	immediate	rename_folder	commit	1	15.190	0	14123008	14120098	100000	0	ok
PROBE-TSV	1	zip	entries	immediate	rename_folder	display	1	2.729	0	0	14120098	100000	0	ok
PROBE-TSV	1	zip	entries	immediate	rename_folder	entry_comparison	1	72.582	0	0	14120098	100000	0	ok
PROBE-TSV	1	zip	entries	immediate	rename_folder	filter_compute	1	0.000	0	0	14120098	100000	0	ok
PROBE-TSV	1	zip	entries	immediate	rename_folder	mutate	1	68.681	0	0	14120098	100000	0	ok
PROBE-TSV	1	zip	entries	immediate	rename_folder	name_index_advance	1	15.053	0	0	14120098	100000	0	ok
PROBE-TSV	1	zip	entries	immediate	rename_folder	name_index_build	1	148.893	0	0	14120098	100000	0	ok
PROBE-TSV	1	zip	entries	immediate	rename_folder	output_probe	1	2.585	0	0	14120098	100000	0	ok
PROBE-TSV	1	zip	entries	immediate	rename_folder	password_verification	1	0.230	0	0	14120098	100000	0	ok
PROBE-TSV	1	zip	entries	immediate	rename_folder	plan_build	1	5.795	0	0	14120098	100000	0	ok
PROBE-TSV	1	zip	entries	immediate	rename_folder	plan_validation	1	12.332	0	0	14120098	100000	0	ok
PROBE-TSV	1	zip	entries	immediate	rename_folder	publish	1	0.795	0	0	14120098	100000	0	ok
PROBE-TSV	1	zip	entries	immediate	rename_folder	reader_adoption	1	0.003	0	0	14120098	100000	0	ok
PROBE-TSV	1	zip	entries	immediate	rename_folder	reload	1	18.534	0	0	14120098	100000	0	ok
PROBE-TSV	1	zip	entries	immediate	rename_folder	total	1	586.301	14102528	14135296	14120098	100000	0	ok
PROBE-TSV	1	zip	entries	immediate	rename_folder	tree_build	1	51.505	0	0	14120098	100000	0	ok
PROBE-TSV	1	zip	entries	immediate	rename_folder	updater_open	1	100.149	14102528	0	14120098	100000	0	ok
PROBE-TSV	1	zip	entries	immediate	rename_folder	verification_open	1	73.808	0	0	14120098	100000	0	ok
PROBE-TSV	1	zip	entries	immediate	new_folder	capability_probe	1	2.939	0	0	14100216	100000	0	ok
PROBE-TSV	1	zip	entries	immediate	new_folder	commit	1	12.810	28672	7516160	14100216	100000	0	ok
PROBE-TSV	1	zip	entries	immediate	new_folder	display	1	3.011	0	0	14100216	100000	0	ok
PROBE-TSV	1	zip	entries	immediate	new_folder	entry_comparison	1	73.592	0	0	14100216	100000	0	ok
PROBE-TSV	1	zip	entries	immediate	new_folder	filter_compute	1	0.000	0	0	14100216	100000	0	ok
PROBE-TSV	1	zip	entries	immediate	new_folder	mutate	1	12.374	16384	0	14100216	100000	0	ok
PROBE-TSV	1	zip	entries	immediate	new_folder	name_index_advance	1	8.639	0	0	14100216	100000	0	ok
PROBE-TSV	1	zip	entries	immediate	new_folder	name_index_build	1	150.820	0	0	14100216	100000	0	ok
PROBE-TSV	1	zip	entries	immediate	new_folder	output_probe	1	2.598	0	0	14100216	100000	0	ok
PROBE-TSV	1	zip	entries	immediate	new_folder	password_verification	1	0.210	0	0	14100216	100000	0	ok
PROBE-TSV	1	zip	entries	immediate	new_folder	plan_build	1	150.844	0	0	14100216	100000	0	ok
PROBE-TSV	1	zip	entries	immediate	new_folder	plan_validation	1	9.670	0	0	14100216	100000	0	ok
PROBE-TSV	1	zip	entries	immediate	new_folder	publish	1	0.749	0	0	14100216	100000	0	ok
PROBE-TSV	1	zip	entries	immediate	new_folder	reader_adoption	1	0.004	0	0	14100216	100000	0	ok
PROBE-TSV	1	zip	entries	immediate	new_folder	reload	1	12.196	0	0	14100216	100000	0	ok
PROBE-TSV	1	zip	entries	immediate	new_folder	total	1	519.375	20733952	7528448	14100216	100000	0	ok
PROBE-TSV	1	zip	entries	immediate	new_folder	tree_build	1	53.544	0	0	14100216	100000	0	ok
PROBE-TSV	1	zip	entries	immediate	new_folder	updater_open	1	101.330	14102528	0	14100216	100000	0	ok
PROBE-TSV	1	zip	entries	immediate	new_folder	verification_open	1	75.579	6586368	0	14100216	100000	0	ok
PROBE-TSV	1	zip	entries	immediate	add_file	capability_probe	1	2.856	0	0	14100217	100000	0	ok
PROBE-TSV	1	zip	entries	immediate	add_file	commit	1	13.034	45056	7516160	14100217	100000	0	ok
PROBE-TSV	1	zip	entries	immediate	add_file	display	1	2.943	0	0	14100217	100000	0	ok
PROBE-TSV	1	zip	entries	immediate	add_file	entry_comparison	1	72.411	0	0	14100217	100000	0	ok
PROBE-TSV	1	zip	entries	immediate	add_file	filter_compute	1	0.000	0	0	14100217	100000	0	ok
PROBE-TSV	1	zip	entries	immediate	add_file	mutate	1	11.570	0	0	14100217	100000	0	ok
PROBE-TSV	1	zip	entries	immediate	add_file	name_index_advance	1	8.684	0	0	14100217	100000	0	ok
PROBE-TSV	1	zip	entries	immediate	add_file	name_index_build	1	151.194	0	0	14100217	100000	0	ok
PROBE-TSV	1	zip	entries	immediate	add_file	output_probe	1	2.581	0	0	14100217	100000	0	ok
PROBE-TSV	1	zip	entries	immediate	add_file	password_verification	1	0.213	0	0	14100217	100000	0	ok
PROBE-TSV	1	zip	entries	immediate	add_file	plan_build	3	0.120	0	0	14100217	100000	0	ok
PROBE-TSV	1	zip	entries	immediate	add_file	plan_validation	1	9.188	0	0	14100217	100000	0	ok
PROBE-TSV	1	zip	entries	immediate	add_file	publish	1	0.777	0	0	14100217	100000	0	ok
PROBE-TSV	1	zip	entries	immediate	add_file	reader_adoption	1	0.003	0	0	14100217	100000	0	ok
PROBE-TSV	1	zip	entries	immediate	add_file	reload	1	12.148	0	0	14100217	100000	0	ok
PROBE-TSV	1	zip	entries	immediate	add_file	total	1	525.465	20733952	7528448	14100217	100000	0	ok
PROBE-TSV	1	zip	entries	immediate	add_file	tree_build	1	52.233	0	0	14100217	100000	0	ok
PROBE-TSV	1	zip	entries	immediate	add_file	updater_open	1	105.995	14102528	0	14100217	100000	0	ok
PROBE-TSV	1	zip	entries	immediate	add_file	verification_open	1	79.021	6586368	0	14100217	100000	0	ok
PROBE-TSV	1	zip	entries	immediate	replace_file	capability_probe	1	2.912	0	0	14100098	100000	0	ok
PROBE-TSV	1	zip	entries	immediate	replace_file	commit	1	14.217	32768	14102528	14100098	100000	0	ok
PROBE-TSV	1	zip	entries	immediate	replace_file	display	1	2.946	0	0	14100098	100000	0	ok
PROBE-TSV	1	zip	entries	immediate	replace_file	entry_comparison	1	72.846	0	0	14100098	100000	0	ok
PROBE-TSV	1	zip	entries	immediate	replace_file	filter_compute	1	0.000	0	0	14100098	100000	0	ok
PROBE-TSV	1	zip	entries	immediate	replace_file	mutate	1	13.104	0	0	14100098	100000	0	ok
PROBE-TSV	1	zip	entries	immediate	replace_file	name_index_advance	1	9.493	0	0	14100098	100000	0	ok
PROBE-TSV	1	zip	entries	immediate	replace_file	name_index_build	1	150.084	0	0	14100098	100000	0	ok
PROBE-TSV	1	zip	entries	immediate	replace_file	output_probe	1	2.591	0	0	14100098	100000	0	ok
PROBE-TSV	1	zip	entries	immediate	replace_file	password_verification	1	0.224	0	0	14100098	100000	0	ok
PROBE-TSV	1	zip	entries	immediate	replace_file	plan_build	4	2.354	0	0	14100098	100000	0	ok
PROBE-TSV	1	zip	entries	immediate	replace_file	plan_validation	1	9.487	0	0	14100098	100000	0	ok
PROBE-TSV	1	zip	entries	immediate	replace_file	publish	1	0.785	0	0	14100098	100000	0	ok
PROBE-TSV	1	zip	entries	immediate	replace_file	reader_adoption	1	0.003	0	0	14100098	100000	0	ok
PROBE-TSV	1	zip	entries	immediate	replace_file	reload	1	13.010	0	0	14100098	100000	0	ok
PROBE-TSV	1	zip	entries	immediate	replace_file	total	1	523.890	14135296	14114816	14100098	100000	0	ok
PROBE-TSV	1	zip	entries	immediate	replace_file	tree_build	1	54.371	0	0	14100098	100000	0	ok
PROBE-TSV	1	zip	entries	immediate	replace_file	updater_open	1	100.464	14102528	0	14100098	100000	0	ok
PROBE-TSV	1	zip	entries	immediate	replace_file	verification_open	1	74.172	0	0	14100098	100000	0	ok
PROBE-TSV	1	zip	entries	deferred	five_changes_reserve_rename	display	1	2.717	0	0	14100098	100000	0	ok
PROBE-TSV	1	zip	entries	deferred	five_changes_reserve_rename	filter_compute	1	0.000	0	0	14100098	100000	0	ok
PROBE-TSV	1	zip	entries	deferred	five_changes_reserve_rename	password_verification	1	0.573	0	0	14100098	100000	0	ok
PROBE-TSV	1	zip	entries	deferred	five_changes_reserve_rename	total	1	123.948	0	0	14100098	100000	0	ok
PROBE-TSV	1	zip	entries	deferred	five_changes_reserve_rename	tree_build	1	54.669	0	0	14100098	100000	0	ok
PROBE-TSV	1	zip	entries	deferred	five_changes_reserve_delete	display	1	2.792	0	0	14100098	100000	0	ok
PROBE-TSV	1	zip	entries	deferred	five_changes_reserve_delete	filter_compute	1	0.001	0	0	14100098	100000	0	ok
PROBE-TSV	1	zip	entries	deferred	five_changes_reserve_delete	password_verification	1	0.570	0	0	14100098	100000	0	ok
PROBE-TSV	1	zip	entries	deferred	five_changes_reserve_delete	total	1	125.732	0	0	14100098	100000	0	ok
PROBE-TSV	1	zip	entries	deferred	five_changes_reserve_delete	tree_build	1	54.161	0	0	14100098	100000	0	ok
PROBE-TSV	1	zip	entries	deferred	five_changes_reserve_new_folder	display	1	2.871	0	0	14100098	100000	0	ok
PROBE-TSV	1	zip	entries	deferred	five_changes_reserve_new_folder	filter_compute	1	0.000	0	0	14100098	100000	0	ok
PROBE-TSV	1	zip	entries	deferred	five_changes_reserve_new_folder	password_verification	1	0.588	0	0	14100098	100000	0	ok
PROBE-TSV	1	zip	entries	deferred	five_changes_reserve_new_folder	total	1	122.616	0	0	14100098	100000	0	ok
PROBE-TSV	1	zip	entries	deferred	five_changes_reserve_new_folder	tree_build	1	52.042	0	0	14100098	100000	0	ok
PROBE-TSV	1	zip	entries	deferred	five_changes_reserve_delete_folder	display	1	2.865	0	0	14100098	100000	0	ok
PROBE-TSV	1	zip	entries	deferred	five_changes_reserve_delete_folder	filter_compute	1	0.001	0	0	14100098	100000	0	ok
PROBE-TSV	1	zip	entries	deferred	five_changes_reserve_delete_folder	password_verification	1	0.565	0	0	14100098	100000	0	ok
PROBE-TSV	1	zip	entries	deferred	five_changes_reserve_delete_folder	total	1	127.240	0	0	14100098	100000	0	ok
PROBE-TSV	1	zip	entries	deferred	five_changes_reserve_delete_folder	tree_build	1	52.833	0	0	14100098	100000	0	ok
PROBE-TSV	1	zip	entries	deferred	five_changes_reserve_add	display	1	2.932	0	0	14100098	100000	0	ok
PROBE-TSV	1	zip	entries	deferred	five_changes_reserve_add	filter_compute	1	0.001	0	0	14100098	100000	0	ok
PROBE-TSV	1	zip	entries	deferred	five_changes_reserve_add	password_verification	1	0.570	0	0	14100098	100000	0	ok
PROBE-TSV	1	zip	entries	deferred	five_changes_reserve_add	plan_build	3	0.062	0	0	14100098	100000	0	ok
PROBE-TSV	1	zip	entries	deferred	five_changes_reserve_add	total	1	98.277	0	4096	14100098	100000	0	ok
PROBE-TSV	1	zip	entries	deferred	five_changes_reserve_add	tree_build	1	51.743	0	0	14100098	100000	0	ok
PROBE-TSV	1	zip	entries	deferred	save_five_changes	capability_probe	1	2.960	0	0	13959180	100000	0	ok
PROBE-TSV	1	zip	entries	deferred	save_five_changes	commit	1	15.212	32768	13975552	13959180	100000	0	ok
PROBE-TSV	1	zip	entries	deferred	save_five_changes	display	1	2.902	0	0	13959180	100000	0	ok
PROBE-TSV	1	zip	entries	deferred	save_five_changes	editing_install	1	0.004	0	0	13959180	100000	0	ok
PROBE-TSV	1	zip	entries	deferred	save_five_changes	editing_prepare	1	18.494	0	0	13959180	100000	0	ok
PROBE-TSV	1	zip	entries	deferred	save_five_changes	entry_comparison	1	72.836	0	0	13959180	100000	0	ok
PROBE-TSV	1	zip	entries	deferred	save_five_changes	filter_compute	2	0.001	0	0	13959180	100000	0	ok
PROBE-TSV	1	zip	entries	deferred	save_five_changes	name_index_advance	1	11.756	0	0	13959180	100000	0	ok
PROBE-TSV	1	zip	entries	deferred	save_five_changes	output_probe	1	2.626	0	0	13959180	100000	0	ok
PROBE-TSV	1	zip	entries	deferred	save_five_changes	password_verification	1	0.561	0	0	13959180	100000	0	ok
PROBE-TSV	1	zip	entries	deferred	save_five_changes	publish	1	0.960	0	0	13959180	100000	0	ok
PROBE-TSV	1	zip	entries	deferred	save_five_changes	reader_adoption	1	0.004	0	0	13959180	100000	0	ok
PROBE-TSV	1	zip	entries	deferred	save_five_changes	reload	1	15.396	0	0	13959180	100000	0	ok
PROBE-TSV	1	zip	entries	deferred	save_five_changes	replay	1	19.259	20480	0	13959180	100000	0	ok
PROBE-TSV	1	zip	entries	deferred	save_five_changes	replay_plan	1	17.186	0	0	13959180	100000	0	ok
PROBE-TSV	1	zip	entries	deferred	save_five_changes	representability_differential	1	0.793	0	0	13959180	100000	0	ok
PROBE-TSV	1	zip	entries	deferred	save_five_changes	save_sheet	1	500.434	14155776	14000128	13959180	100000	0	ok
PROBE-TSV	1	zip	entries	deferred	save_five_changes	total	1	519.339	14155776	14000128	13959180	100000	0	ok
PROBE-TSV	1	zip	entries	deferred	save_five_changes	tree_build	1	55.134	0	0	13959180	100000	0	ok
PROBE-TSV	1	zip	entries	deferred	save_five_changes	updater_open	1	102.009	14102528	0	13959180	100000	0	ok
PROBE-TSV	1	zip	entries	deferred	save_five_changes	verification_open	1	73.867	0	0	13959180	100000	0	ok
PROBE-TSV	1	zip	entries	deferred	rename_only_reserve_rename	display	1	2.694	0	0	14100098	100000	0	ok
PROBE-TSV	1	zip	entries	deferred	rename_only_reserve_rename	filter_compute	1	0.001	0	0	14100098	100000	0	ok
PROBE-TSV	1	zip	entries	deferred	rename_only_reserve_rename	password_verification	1	0.560	0	0	14100098	100000	0	ok
PROBE-TSV	1	zip	entries	deferred	rename_only_reserve_rename	total	1	122.112	0	0	14100098	100000	0	ok
PROBE-TSV	1	zip	entries	deferred	rename_only_reserve_rename	tree_build	1	55.139	0	0	14100098	100000	0	ok
PROBE-TSV	1	zip	entries	deferred	save_rename_only	capability_probe	1	2.932	0	0	14100096	100000	0	ok
PROBE-TSV	1	zip	entries	deferred	save_rename_only	commit	1	13.419	12288	14102528	14100096	100000	0	ok
PROBE-TSV	1	zip	entries	deferred	save_rename_only	display	1	2.782	0	0	14100096	100000	0	ok
PROBE-TSV	1	zip	entries	deferred	save_rename_only	editing_install	1	0.005	0	0	14100096	100000	0	ok
PROBE-TSV	1	zip	entries	deferred	save_rename_only	editing_prepare	1	17.937	0	0	14100096	100000	0	ok
PROBE-TSV	1	zip	entries	deferred	save_rename_only	entry_comparison	1	74.768	0	0	14100096	100000	0	ok
PROBE-TSV	1	zip	entries	deferred	save_rename_only	filter_compute	2	0.001	0	0	14100096	100000	0	ok
PROBE-TSV	1	zip	entries	deferred	save_rename_only	name_index_advance	1	9.680	0	0	14100096	100000	0	ok
PROBE-TSV	1	zip	entries	deferred	save_rename_only	output_probe	1	2.609	0	0	14100096	100000	0	ok
PROBE-TSV	1	zip	entries	deferred	save_rename_only	password_verification	1	0.574	0	0	14100096	100000	0	ok
PROBE-TSV	1	zip	entries	deferred	save_rename_only	publish	1	0.417	0	0	14100096	100000	0	ok
PROBE-TSV	1	zip	entries	deferred	save_rename_only	reader_adoption	1	0.004	0	0	14100096	100000	0	ok
PROBE-TSV	1	zip	entries	deferred	save_rename_only	reload	1	13.258	0	0	14100096	100000	0	ok
PROBE-TSV	1	zip	entries	deferred	save_rename_only	replay	1	11.848	0	0	14100096	100000	0	ok
PROBE-TSV	1	zip	entries	deferred	save_rename_only	replay_plan	1	14.541	0	0	14100096	100000	0	ok
PROBE-TSV	1	zip	entries	deferred	save_rename_only	representability_differential	1	0.025	0	0	14100096	100000	0	ok
PROBE-TSV	1	zip	entries	deferred	save_rename_only	save_sheet	1	449.702	14114816	14114816	14100096	100000	0	ok
PROBE-TSV	1	zip	entries	deferred	save_rename_only	total	1	467.869	14114816	14114816	14100096	100000	0	ok
PROBE-TSV	1	zip	entries	deferred	save_rename_only	tree_build	1	54.071	0	0	14100096	100000	0	ok
PROBE-TSV	1	zip	entries	deferred	save_rename_only	updater_open	1	99.809	14102528	0	14100096	100000	0	ok
PROBE-TSV	1	zip	entries	deferred	save_rename_only	verification_open	1	76.501	0	0	14100096	100000	0	ok
PROBE-TSV	1	zip	payload	immediate	delete_start	capability_probe	1	2.515	0	0	161008071	1064	256	ok
PROBE-TSV	1	zip	payload	immediate	delete_start	commit	1	47.797	158875648	161021952	161008071	1064	256	ok
PROBE-TSV	1	zip	payload	immediate	delete_start	display	1	1.245	0	0	161008071	1064	256	ok
PROBE-TSV	1	zip	payload	immediate	delete_start	entry_comparison	1	0.778	0	0	161008071	1064	256	ok
PROBE-TSV	1	zip	payload	immediate	delete_start	filter_compute	1	0.000	0	0	161008071	1064	256	ok
PROBE-TSV	1	zip	payload	immediate	delete_start	mutate	1	0.118	0	0	161008071	1064	256	ok
PROBE-TSV	1	zip	payload	immediate	delete_start	output_probe	1	2.425	0	0	161008071	1064	256	ok
PROBE-TSV	1	zip	payload	immediate	delete_start	password_verification	1	0.025	0	0	161008071	1064	256	ok
PROBE-TSV	1	zip	payload	immediate	delete_start	plan_build	1	0.011	0	0	161008071	1064	256	ok
PROBE-TSV	1	zip	payload	immediate	delete_start	plan_validation	1	0.106	0	0	161008071	1064	256	ok
PROBE-TSV	1	zip	payload	immediate	delete_start	publish	1	0.657	0	0	161008071	1064	256	ok
PROBE-TSV	1	zip	payload	immediate	delete_start	reader_adoption	1	0.002	0	0	161008071	1064	256	ok
PROBE-TSV	1	zip	payload	immediate	delete_start	reload	1	2.728	0	0	161008071	1064	256	ok
PROBE-TSV	1	zip	payload	immediate	delete_start	total	1	71.956	161054720	161034240	161008071	1064	256	ok
PROBE-TSV	1	zip	payload	immediate	delete_start	tree_build	1	0.548	0	0	161008071	1064	256	ok
PROBE-TSV	1	zip	payload	immediate	delete_start	updater_open	1	11.395	2179072	0	161008071	1064	256	ok
PROBE-TSV	1	zip	payload	immediate	delete_start	verification_open	1	1.004	0	0	161008071	1064	256	ok
PROBE-TSV	1	zip	payload	immediate	delete_end	capability_probe	1	2.497	0	0	163003352	1064	256	ok
PROBE-TSV	1	zip	payload	immediate	delete_end	commit	1	1.002	32768	81920	163003352	1064	256	ok
PROBE-TSV	1	zip	payload	immediate	delete_end	display	1	1.198	0	0	163003352	1064	256	ok
PROBE-TSV	1	zip	payload	immediate	delete_end	entry_comparison	1	0.763	0	0	163003352	1064	256	ok
PROBE-TSV	1	zip	payload	immediate	delete_end	filter_compute	1	0.000	0	0	163003352	1064	256	ok
PROBE-TSV	1	zip	payload	immediate	delete_end	mutate	1	0.123	0	0	163003352	1064	256	ok
PROBE-TSV	1	zip	payload	immediate	delete_end	output_probe	1	2.689	983040	0	163003352	1064	256	ok
PROBE-TSV	1	zip	payload	immediate	delete_end	password_verification	1	0.029	0	0	163003352	1064	256	ok
PROBE-TSV	1	zip	payload	immediate	delete_end	plan_build	1	0.010	0	0	163003352	1064	256	ok
PROBE-TSV	1	zip	payload	immediate	delete_end	plan_validation	1	0.111	0	0	163003352	1064	256	ok
PROBE-TSV	1	zip	payload	immediate	delete_end	publish	1	0.625	0	0	163003352	1064	256	ok
PROBE-TSV	1	zip	payload	immediate	delete_end	reader_adoption	1	0.002	0	0	163003352	1064	256	ok
PROBE-TSV	1	zip	payload	immediate	delete_end	reload	1	2.700	0	0	163003352	1064	256	ok
PROBE-TSV	1	zip	payload	immediate	delete_end	total	1	31.065	4308992	94208	163003352	1064	256	ok
PROBE-TSV	1	zip	payload	immediate	delete_end	tree_build	1	0.545	0	0	163003352	1064	256	ok
PROBE-TSV	1	zip	payload	immediate	delete_end	updater_open	1	11.472	2179072	0	163003352	1064	256	ok
PROBE-TSV	1	zip	payload	immediate	delete_end	verification_open	1	7.640	1114112	0	163003352	1064	256	ok
PROBE-TSV	1	zip	payload	immediate	rename_same_length	capability_probe	1	2.490	0	0	163003493	1064	256	ok
PROBE-TSV	1	zip	payload	immediate	rename_same_length	commit	1	0.789	32768	32768	163003493	1064	256	ok
PROBE-TSV	1	zip	payload	immediate	rename_same_length	display	1	1.176	0	0	163003493	1064	256	ok
PROBE-TSV	1	zip	payload	immediate	rename_same_length	entry_comparison	1	0.733	0	0	163003493	1064	256	ok
PROBE-TSV	1	zip	payload	immediate	rename_same_length	filter_compute	1	0.000	0	0	163003493	1064	256	ok
PROBE-TSV	1	zip	payload	immediate	rename_same_length	mutate	1	0.667	0	0	163003493	1064	256	ok
PROBE-TSV	1	zip	payload	immediate	rename_same_length	name_index_advance	1	0.125	0	0	163003493	1064	256	ok
PROBE-TSV	1	zip	payload	immediate	rename_same_length	name_index_build	1	1.616	0	0	163003493	1064	256	ok
PROBE-TSV	1	zip	payload	immediate	rename_same_length	output_probe	1	2.701	983040	0	163003493	1064	256	ok
PROBE-TSV	1	zip	payload	immediate	rename_same_length	password_verification	1	0.028	0	0	163003493	1064	256	ok
PROBE-TSV	1	zip	payload	immediate	rename_same_length	plan_build	1	0.017	0	0	163003493	1064	256	ok
PROBE-TSV	1	zip	payload	immediate	rename_same_length	plan_validation	1	0.117	0	0	163003493	1064	256	ok
PROBE-TSV	1	zip	payload	immediate	rename_same_length	publish	1	0.613	0	0	163003493	1064	256	ok
PROBE-TSV	1	zip	payload	immediate	rename_same_length	reader_adoption	1	0.002	0	0	163003493	1064	256	ok
PROBE-TSV	1	zip	payload	immediate	rename_same_length	reload	1	2.806	0	0	163003493	1064	256	ok
PROBE-TSV	1	zip	payload	immediate	rename_same_length	total	1	32.534	4358144	45056	163003493	1064	256	ok
PROBE-TSV	1	zip	payload	immediate	rename_same_length	tree_build	1	0.567	0	0	163003493	1064	256	ok
PROBE-TSV	1	zip	payload	immediate	rename_same_length	updater_open	1	11.293	2179072	0	163003493	1064	256	ok
PROBE-TSV	1	zip	payload	immediate	rename_same_length	verification_open	1	7.452	1163264	0	163003493	1064	256	ok
PROBE-TSV	1	zip	payload	immediate	rename_different_length	capability_probe	1	2.490	0	0	163003529	1064	256	ok
PROBE-TSV	1	zip	payload	immediate	rename_different_length	commit	1	45.512	160825344	163004416	163003529	1064	256	ok
PROBE-TSV	1	zip	payload	immediate	rename_different_length	display	1	1.177	0	0	163003529	1064	256	ok
PROBE-TSV	1	zip	payload	immediate	rename_different_length	entry_comparison	1	0.766	0	0	163003529	1064	256	ok
PROBE-TSV	1	zip	payload	immediate	rename_different_length	filter_compute	1	0.000	0	0	163003529	1064	256	ok
PROBE-TSV	1	zip	payload	immediate	rename_different_length	mutate	1	0.640	0	0	163003529	1064	256	ok
PROBE-TSV	1	zip	payload	immediate	rename_different_length	name_index_advance	1	0.136	0	0	163003529	1064	256	ok
PROBE-TSV	1	zip	payload	immediate	rename_different_length	name_index_build	1	1.597	0	0	163003529	1064	256	ok
PROBE-TSV	1	zip	payload	immediate	rename_different_length	output_probe	1	2.454	0	0	163003529	1064	256	ok
PROBE-TSV	1	zip	payload	immediate	rename_different_length	password_verification	1	0.026	0	0	163003529	1064	256	ok
PROBE-TSV	1	zip	payload	immediate	rename_different_length	plan_build	1	0.019	0	0	163003529	1064	256	ok
PROBE-TSV	1	zip	payload	immediate	rename_different_length	plan_validation	1	0.111	0	0	163003529	1064	256	ok
PROBE-TSV	1	zip	payload	immediate	rename_different_length	publish	1	0.667	0	0	163003529	1064	256	ok
PROBE-TSV	1	zip	payload	immediate	rename_different_length	reader_adoption	1	0.002	0	0	163003529	1064	256	ok
PROBE-TSV	1	zip	payload	immediate	rename_different_length	reload	1	2.821	0	0	163003529	1064	256	ok
PROBE-TSV	1	zip	payload	immediate	rename_different_length	total	1	71.601	163004416	163016704	163003529	1064	256	ok
PROBE-TSV	1	zip	payload	immediate	rename_different_length	tree_build	1	0.559	0	0	163003529	1064	256	ok
PROBE-TSV	1	zip	payload	immediate	rename_different_length	updater_open	1	11.241	2179072	0	163003529	1064	256	ok
PROBE-TSV	1	zip	payload	immediate	rename_different_length	verification_open	1	0.980	0	0	163003529	1064	256	ok
PROBE-TSV	1	zip	payload	immediate	rename_folder	capability_probe	1	2.480	0	0	163004389	1064	256	ok
PROBE-TSV	1	zip	payload	immediate	rename_folder	commit	1	53.664	160825344	163004416	163004389	1064	256	ok
PROBE-TSV	1	zip	payload	immediate	rename_folder	display	1	1.194	0	0	163004389	1064	256	ok
PROBE-TSV	1	zip	payload	immediate	rename_folder	entry_comparison	1	0.774	0	0	163004389	1064	256	ok
PROBE-TSV	1	zip	payload	immediate	rename_folder	filter_compute	1	0.000	0	0	163004389	1064	256	ok
PROBE-TSV	1	zip	payload	immediate	rename_folder	mutate	1	0.938	0	0	163004389	1064	256	ok
PROBE-TSV	1	zip	payload	immediate	rename_folder	name_index_advance	1	0.425	0	0	163004389	1064	256	ok
PROBE-TSV	1	zip	payload	immediate	rename_folder	name_index_build	1	1.689	0	0	163004389	1064	256	ok
PROBE-TSV	1	zip	payload	immediate	rename_folder	output_probe	1	2.438	0	0	163004389	1064	256	ok
PROBE-TSV	1	zip	payload	immediate	rename_folder	password_verification	1	0.028	0	0	163004389	1064	256	ok
PROBE-TSV	1	zip	payload	immediate	rename_folder	plan_build	1	0.370	0	0	163004389	1064	256	ok
PROBE-TSV	1	zip	payload	immediate	rename_folder	plan_validation	1	0.277	0	0	163004389	1064	256	ok
PROBE-TSV	1	zip	payload	immediate	rename_folder	publish	1	0.648	0	0	163004389	1064	256	ok
PROBE-TSV	1	zip	payload	immediate	rename_folder	reader_adoption	1	0.002	0	0	163004389	1064	256	ok
PROBE-TSV	1	zip	payload	immediate	rename_folder	reload	1	3.118	0	0	163004389	1064	256	ok
PROBE-TSV	1	zip	payload	immediate	rename_folder	total	1	81.022	163004416	163016704	163004389	1064	256	ok
PROBE-TSV	1	zip	payload	immediate	rename_folder	tree_build	1	0.567	0	0	163004389	1064	256	ok
PROBE-TSV	1	zip	payload	immediate	rename_folder	updater_open	1	11.389	2179072	0	163004389	1064	256	ok
PROBE-TSV	1	zip	payload	immediate	rename_folder	verification_open	1	0.967	0	0	163004389	1064	256	ok
PROBE-TSV	1	zip	payload	immediate	new_folder	capability_probe	1	2.460	0	0	163003611	1064	256	ok
PROBE-TSV	1	zip	payload	immediate	new_folder	commit	1	0.326	0	81920	163003611	1064	256	ok
PROBE-TSV	1	zip	payload	immediate	new_folder	display	1	1.176	0	0	163003611	1064	256	ok
PROBE-TSV	1	zip	payload	immediate	new_folder	entry_comparison	1	0.752	0	0	163003611	1064	256	ok
PROBE-TSV	1	zip	payload	immediate	new_folder	filter_compute	1	0.000	0	0	163003611	1064	256	ok
PROBE-TSV	1	zip	payload	immediate	new_folder	mutate	1	1.065	16384	0	163003611	1064	256	ok
PROBE-TSV	1	zip	payload	immediate	new_folder	name_index_advance	1	0.120	0	0	163003611	1064	256	ok
PROBE-TSV	1	zip	payload	immediate	new_folder	name_index_build	1	1.600	0	0	163003611	1064	256	ok
PROBE-TSV	1	zip	payload	immediate	new_folder	output_probe	1	2.696	983040	0	163003611	1064	256	ok
PROBE-TSV	1	zip	payload	immediate	new_folder	password_verification	1	0.030	0	0	163003611	1064	256	ok
PROBE-TSV	1	zip	payload	immediate	new_folder	plan_build	1	1.611	0	0	163003611	1064	256	ok
PROBE-TSV	1	zip	payload	immediate	new_folder	plan_validation	1	0.107	0	0	163003611	1064	256	ok
PROBE-TSV	1	zip	payload	immediate	new_folder	publish	1	0.642	0	0	163003611	1064	256	ok
PROBE-TSV	1	zip	payload	immediate	new_folder	reader_adoption	1	0.002	0	0	163003611	1064	256	ok
PROBE-TSV	1	zip	payload	immediate	new_folder	reload	1	2.777	0	0	163003611	1064	256	ok
PROBE-TSV	1	zip	payload	immediate	new_folder	total	1	32.639	4292608	94208	163003611	1064	256	ok
PROBE-TSV	1	zip	payload	immediate	new_folder	tree_build	1	0.546	0	0	163003611	1064	256	ok
PROBE-TSV	1	zip	payload	immediate	new_folder	updater_open	1	11.342	2179072	0	163003611	1064	256	ok
PROBE-TSV	1	zip	payload	immediate	new_folder	verification_open	1	7.561	1114112	0	163003611	1064	256	ok
PROBE-TSV	1	zip	payload	immediate	add_file	capability_probe	1	2.485	0	0	163003612	1064	256	ok
PROBE-TSV	1	zip	payload	immediate	add_file	commit	1	0.415	16384	81920	163003612	1064	256	ok
PROBE-TSV	1	zip	payload	immediate	add_file	display	1	1.084	0	0	163003612	1064	256	ok
PROBE-TSV	1	zip	payload	immediate	add_file	entry_comparison	1	0.797	0	0	163003612	1064	256	ok
PROBE-TSV	1	zip	payload	immediate	add_file	filter_compute	1	0.000	0	0	163003612	1064	256	ok
PROBE-TSV	1	zip	payload	immediate	add_file	mutate	1	0.948	0	0	163003612	1064	256	ok
PROBE-TSV	1	zip	payload	immediate	add_file	name_index_advance	1	0.111	0	0	163003612	1064	256	ok
PROBE-TSV	1	zip	payload	immediate	add_file	name_index_build	1	1.769	0	0	163003612	1064	256	ok
PROBE-TSV	1	zip	payload	immediate	add_file	output_probe	1	2.701	983040	0	163003612	1064	256	ok
PROBE-TSV	1	zip	payload	immediate	add_file	password_verification	1	0.033	0	0	163003612	1064	256	ok
PROBE-TSV	1	zip	payload	immediate	add_file	plan_build	3	0.045	0	0	163003612	1064	256	ok
PROBE-TSV	1	zip	payload	immediate	add_file	plan_validation	1	0.115	0	0	163003612	1064	256	ok
PROBE-TSV	1	zip	payload	immediate	add_file	publish	1	0.641	0	0	163003612	1064	256	ok
PROBE-TSV	1	zip	payload	immediate	add_file	reader_adoption	1	0.002	0	0	163003612	1064	256	ok
PROBE-TSV	1	zip	payload	immediate	add_file	reload	1	2.799	0	0	163003612	1064	256	ok
PROBE-TSV	1	zip	payload	immediate	add_file	total	1	74.047	4292608	94208	163003612	1064	256	ok
PROBE-TSV	1	zip	payload	immediate	add_file	tree_build	1	0.556	0	0	163003612	1064	256	ok
PROBE-TSV	1	zip	payload	immediate	add_file	updater_open	1	10.969	2179072	0	163003612	1064	256	ok
PROBE-TSV	1	zip	payload	immediate	add_file	verification_open	1	7.578	1114112	0	163003612	1064	256	ok
PROBE-TSV	1	zip	payload	immediate	replace_file	capability_probe	1	2.496	0	0	161008212	1064	256	ok
PROBE-TSV	1	zip	payload	immediate	replace_file	commit	1	50.491	158892032	161038336	161008212	1064	256	ok
PROBE-TSV	1	zip	payload	immediate	replace_file	display	1	1.210	0	0	161008212	1064	256	ok
PROBE-TSV	1	zip	payload	immediate	replace_file	entry_comparison	1	0.752	0	0	161008212	1064	256	ok
PROBE-TSV	1	zip	payload	immediate	replace_file	filter_compute	1	0.000	0	0	161008212	1064	256	ok
PROBE-TSV	1	zip	payload	immediate	replace_file	mutate	1	0.939	0	0	161008212	1064	256	ok
PROBE-TSV	1	zip	payload	immediate	replace_file	name_index_advance	1	0.129	0	0	161008212	1064	256	ok
PROBE-TSV	1	zip	payload	immediate	replace_file	name_index_build	1	1.741	0	0	161008212	1064	256	ok
PROBE-TSV	1	zip	payload	immediate	replace_file	output_probe	1	2.430	0	0	161008212	1064	256	ok
PROBE-TSV	1	zip	payload	immediate	replace_file	password_verification	1	0.026	0	0	161008212	1064	256	ok
PROBE-TSV	1	zip	payload	immediate	replace_file	plan_build	4	0.080	0	0	161008212	1064	256	ok
PROBE-TSV	1	zip	payload	immediate	replace_file	plan_validation	1	0.105	0	0	161008212	1064	256	ok
PROBE-TSV	1	zip	payload	immediate	replace_file	publish	1	0.666	0	0	161008212	1064	256	ok
PROBE-TSV	1	zip	payload	immediate	replace_file	reader_adoption	1	0.002	0	0	161008212	1064	256	ok
PROBE-TSV	1	zip	payload	immediate	replace_file	reload	1	2.856	0	0	161008212	1064	256	ok
PROBE-TSV	1	zip	payload	immediate	replace_file	total	1	77.205	161071104	161050624	161008212	1064	256	ok
PROBE-TSV	1	zip	payload	immediate	replace_file	tree_build	1	0.556	0	0	161008212	1064	256	ok
PROBE-TSV	1	zip	payload	immediate	replace_file	updater_open	1	11.256	2179072	0	161008212	1064	256	ok
PROBE-TSV	1	zip	payload	immediate	replace_file	verification_open	1	0.949	0	0	161008212	1064	256	ok
PROBE-TSV	1	zip	payload	deferred	five_changes_reserve_rename	display	1	1.068	0	0	163003493	1064	256	ok
PROBE-TSV	1	zip	payload	deferred	five_changes_reserve_rename	filter_compute	1	0.000	0	0	163003493	1064	256	ok
PROBE-TSV	1	zip	payload	deferred	five_changes_reserve_rename	password_verification	1	0.032	0	0	163003493	1064	256	ok
PROBE-TSV	1	zip	payload	deferred	five_changes_reserve_rename	total	1	5.558	0	0	163003493	1064	256	ok
PROBE-TSV	1	zip	payload	deferred	five_changes_reserve_rename	tree_build	1	0.577	0	0	163003493	1064	256	ok
PROBE-TSV	1	zip	payload	deferred	five_changes_reserve_delete	display	1	0.982	0	0	163003493	1064	256	ok
PROBE-TSV	1	zip	payload	deferred	five_changes_reserve_delete	filter_compute	1	0.000	0	0	163003493	1064	256	ok
PROBE-TSV	1	zip	payload	deferred	five_changes_reserve_delete	password_verification	1	0.027	0	0	163003493	1064	256	ok
PROBE-TSV	1	zip	payload	deferred	five_changes_reserve_delete	total	1	14.544	0	0	163003493	1064	256	ok
PROBE-TSV	1	zip	payload	deferred	five_changes_reserve_delete	tree_build	1	0.539	0	0	163003493	1064	256	ok
PROBE-TSV	1	zip	payload	deferred	five_changes_reserve_new_folder	display	1	0.413	0	0	163003493	1064	256	ok
PROBE-TSV	1	zip	payload	deferred	five_changes_reserve_new_folder	filter_compute	1	0.000	0	0	163003493	1064	256	ok
PROBE-TSV	1	zip	payload	deferred	five_changes_reserve_new_folder	password_verification	1	0.030	0	0	163003493	1064	256	ok
PROBE-TSV	1	zip	payload	deferred	five_changes_reserve_new_folder	total	1	14.811	0	0	163003493	1064	256	ok
PROBE-TSV	1	zip	payload	deferred	five_changes_reserve_new_folder	tree_build	1	0.538	0	0	163003493	1064	256	ok
PROBE-TSV	1	zip	payload	deferred	five_changes_reserve_delete_folder	display	1	1.077	0	0	163003493	1064	256	ok
PROBE-TSV	1	zip	payload	deferred	five_changes_reserve_delete_folder	filter_compute	1	0.000	0	0	163003493	1064	256	ok
PROBE-TSV	1	zip	payload	deferred	five_changes_reserve_delete_folder	password_verification	1	0.030	0	0	163003493	1064	256	ok
PROBE-TSV	1	zip	payload	deferred	five_changes_reserve_delete_folder	total	1	16.324	0	0	163003493	1064	256	ok
PROBE-TSV	1	zip	payload	deferred	five_changes_reserve_delete_folder	tree_build	1	0.042	0	0	163003493	1064	256	ok
PROBE-TSV	1	zip	payload	deferred	five_changes_reserve_add	display	1	0.969	0	0	163003493	1064	256	ok
PROBE-TSV	1	zip	payload	deferred	five_changes_reserve_add	filter_compute	1	0.000	0	0	163003493	1064	256	ok
PROBE-TSV	1	zip	payload	deferred	five_changes_reserve_add	password_verification	1	0.030	0	0	163003493	1064	256	ok
PROBE-TSV	1	zip	payload	deferred	five_changes_reserve_add	plan_build	3	0.051	0	0	163003493	1064	256	ok
PROBE-TSV	1	zip	payload	deferred	five_changes_reserve_add	total	1	16.648	0	4096	163003493	1064	256	ok
PROBE-TSV	1	zip	payload	deferred	five_changes_reserve_add	tree_build	1	0.042	0	0	163003493	1064	256	ok
PROBE-TSV	1	zip	payload	deferred	save_five_changes	capability_probe	1	2.483	0	0	162862718	1064	256	ok
PROBE-TSV	1	zip	payload	deferred	save_five_changes	commit	1	0.275	0	16384	162862718	1064	256	ok
PROBE-TSV	1	zip	payload	deferred	save_five_changes	display	1	1.270	0	0	162862718	1064	256	ok
PROBE-TSV	1	zip	payload	deferred	save_five_changes	editing_install	1	0.004	0	0	162862718	1064	256	ok
PROBE-TSV	1	zip	payload	deferred	save_five_changes	editing_prepare	1	0.052	0	0	162862718	1064	256	ok
PROBE-TSV	1	zip	payload	deferred	save_five_changes	entry_comparison	1	0.060	0	0	162862718	1064	256	ok
PROBE-TSV	1	zip	payload	deferred	save_five_changes	filter_compute	2	0.000	0	0	162862718	1064	256	ok
PROBE-TSV	1	zip	payload	deferred	save_five_changes	name_index_advance	1	0.785	0	0	162862718	1064	256	ok
PROBE-TSV	1	zip	payload	deferred	save_five_changes	output_probe	1	2.756	1048576	0	162862718	1064	256	ok
PROBE-TSV	1	zip	payload	deferred	save_five_changes	password_verification	1	0.026	0	0	162862718	1064	256	ok
PROBE-TSV	1	zip	payload	deferred	save_five_changes	publish	1	0.845	0	0	162862718	1064	256	ok
PROBE-TSV	1	zip	payload	deferred	save_five_changes	reader_adoption	1	0.002	0	0	162862718	1064	256	ok
PROBE-TSV	1	zip	payload	deferred	save_five_changes	reload	1	3.528	0	0	162862718	1064	256	ok
PROBE-TSV	1	zip	payload	deferred	save_five_changes	replay	1	1.580	20480	0	162862718	1064	256	ok
PROBE-TSV	1	zip	payload	deferred	save_five_changes	replay_plan	1	1.699	0	0	162862718	1064	256	ok
PROBE-TSV	1	zip	payload	deferred	save_five_changes	representability_differential	1	0.832	0	0	162862718	1064	256	ok
PROBE-TSV	1	zip	payload	deferred	save_five_changes	save_sheet	1	89.516	4362240	40960	162862718	1064	256	ok
PROBE-TSV	1	zip	payload	deferred	save_five_changes	total	1	89.738	4362240	40960	162862718	1064	256	ok
PROBE-TSV	1	zip	payload	deferred	save_five_changes	tree_build	1	0.044	0	0	162862718	1064	256	ok
PROBE-TSV	1	zip	payload	deferred	save_five_changes	updater_open	1	18.044	2179072	0	162862718	1064	256	ok
PROBE-TSV	1	zip	payload	deferred	save_five_changes	verification_open	1	6.863	1114112	0	162862718	1064	256	ok
PROBE-TSV	1	zip	payload	deferred	rename_only_reserve_rename	display	1	1.110	0	0	163003493	1064	256	ok
PROBE-TSV	1	zip	payload	deferred	rename_only_reserve_rename	filter_compute	1	0.000	0	0	163003493	1064	256	ok
PROBE-TSV	1	zip	payload	deferred	rename_only_reserve_rename	password_verification	1	0.029	0	0	163003493	1064	256	ok
PROBE-TSV	1	zip	payload	deferred	rename_only_reserve_rename	total	1	16.176	0	0	163003493	1064	256	ok
PROBE-TSV	1	zip	payload	deferred	rename_only_reserve_rename	tree_build	1	0.569	0	0	163003493	1064	256	ok
PROBE-TSV	1	zip	payload	deferred	save_rename_only	capability_probe	1	2.491	0	0	163003491	1064	256	ok
PROBE-TSV	1	zip	payload	deferred	save_rename_only	commit	1	46.150	160841728	163004416	163003491	1064	256	ok
PROBE-TSV	1	zip	payload	deferred	save_rename_only	display	1	1.076	0	0	163003491	1064	256	ok
PROBE-TSV	1	zip	payload	deferred	save_rename_only	editing_install	1	0.004	0	0	163003491	1064	256	ok
PROBE-TSV	1	zip	payload	deferred	save_rename_only	editing_prepare	1	0.250	0	0	163003491	1064	256	ok
PROBE-TSV	1	zip	payload	deferred	save_rename_only	entry_comparison	1	0.742	0	0	163003491	1064	256	ok
PROBE-TSV	1	zip	payload	deferred	save_rename_only	filter_compute	2	0.001	0	0	163003491	1064	256	ok
PROBE-TSV	1	zip	payload	deferred	save_rename_only	name_index_advance	1	0.132	0	0	163003491	1064	256	ok
PROBE-TSV	1	zip	payload	deferred	save_rename_only	output_probe	1	2.444	0	0	163003491	1064	256	ok
PROBE-TSV	1	zip	payload	deferred	save_rename_only	password_verification	1	0.029	0	0	163003491	1064	256	ok
PROBE-TSV	1	zip	payload	deferred	save_rename_only	publish	1	0.300	0	0	163003491	1064	256	ok
PROBE-TSV	1	zip	payload	deferred	save_rename_only	reader_adoption	1	0.002	0	0	163003491	1064	256	ok
PROBE-TSV	1	zip	payload	deferred	save_rename_only	reload	1	2.880	0	0	163003491	1064	256	ok
PROBE-TSV	1	zip	payload	deferred	save_rename_only	replay	1	0.655	0	0	163003491	1064	256	ok
PROBE-TSV	1	zip	payload	deferred	save_rename_only	replay_plan	1	0.212	0	0	163003491	1064	256	ok
PROBE-TSV	1	zip	payload	deferred	save_rename_only	representability_differential	1	0.019	0	0	163003491	1064	256	ok
PROBE-TSV	1	zip	payload	deferred	save_rename_only	save_sheet	1	115.716	163020800	163016704	163003491	1064	256	ok
PROBE-TSV	1	zip	payload	deferred	save_rename_only	total	1	116.199	163020800	163016704	163003491	1064	256	ok
PROBE-TSV	1	zip	payload	deferred	save_rename_only	tree_build	1	0.561	0	0	163003491	1064	256	ok
PROBE-TSV	1	zip	payload	deferred	save_rename_only	updater_open	1	11.315	2179072	0	163003491	1064	256	ok
PROBE-TSV	1	zip	payload	deferred	save_rename_only	verification_open	1	1.027	0	0	163003491	1064	256	ok
PROBE-TSV	1	tar	entries	immediate	delete_start	capability_probe	1	169.628	0	0	102400000	100000	0	ok
PROBE-TSV	1	tar	entries	immediate	delete_start	commit	1	41.716	16384	102400000	102400000	100000	0	ok
PROBE-TSV	1	tar	entries	immediate	delete_start	display	1	2.834	0	0	102400000	100000	0	ok
PROBE-TSV	1	tar	entries	immediate	delete_start	entry_comparison	1	59.790	0	0	102400000	100000	0	ok
PROBE-TSV	1	tar	entries	immediate	delete_start	filter_compute	1	0.000	0	0	102400000	100000	0	ok
PROBE-TSV	1	tar	entries	immediate	delete_start	mutate	1	59.972	0	0	102400000	100000	0	ok
PROBE-TSV	1	tar	entries	immediate	delete_start	password_verification	1	0.227	0	0	102400000	100000	0	ok
PROBE-TSV	1	tar	entries	immediate	delete_start	plan_build	1	0.015	0	0	102400000	100000	0	ok
PROBE-TSV	1	tar	entries	immediate	delete_start	plan_validation	1	9.963	0	0	102400000	100000	0	ok
PROBE-TSV	1	tar	entries	immediate	delete_start	publish	1	0.786	0	0	102400000	100000	0	ok
PROBE-TSV	1	tar	entries	immediate	delete_start	reader_adoption	1	0.004	0	0	102400000	100000	0	ok
PROBE-TSV	1	tar	entries	immediate	delete_start	reload	1	170.006	0	0	102400000	100000	0	ok
PROBE-TSV	1	tar	entries	immediate	delete_start	total	1	1418.658	102428672	102412288	102400000	100000	0	ok
PROBE-TSV	1	tar	entries	immediate	delete_start	tree_build	1	58.701	0	0	102400000	100000	0	ok
PROBE-TSV	1	tar	entries	immediate	delete_start	updater_open	1	620.251	102412288	0	102400000	100000	0	ok
PROBE-TSV	1	tar	entries	immediate	delete_start	verification_open	1	367.009	0	0	102400000	100000	0	ok
PROBE-TSV	1	tar	entries	immediate	delete_end	capability_probe	1	168.764	0	0	102400000	100000	0	ok
PROBE-TSV	1	tar	entries	immediate	delete_end	commit	1	6.616	32768	16384	102400000	100000	0	ok
PROBE-TSV	1	tar	entries	immediate	delete_end	display	1	2.881	0	0	102400000	100000	0	ok
PROBE-TSV	1	tar	entries	immediate	delete_end	entry_comparison	1	59.340	0	0	102400000	100000	0	ok
PROBE-TSV	1	tar	entries	immediate	delete_end	filter_compute	1	0.000	0	0	102400000	100000	0	ok
PROBE-TSV	1	tar	entries	immediate	delete_end	mutate	1	60.819	0	0	102400000	100000	0	ok
PROBE-TSV	1	tar	entries	immediate	delete_end	password_verification	1	0.220	0	0	102400000	100000	0	ok
PROBE-TSV	1	tar	entries	immediate	delete_end	plan_build	1	0.016	0	0	102400000	100000	0	ok
PROBE-TSV	1	tar	entries	immediate	delete_end	plan_validation	1	9.889	0	0	102400000	100000	0	ok
PROBE-TSV	1	tar	entries	immediate	delete_end	publish	1	0.766	0	0	102400000	100000	0	ok
PROBE-TSV	1	tar	entries	immediate	delete_end	reader_adoption	1	0.003	0	0	102400000	100000	0	ok
PROBE-TSV	1	tar	entries	immediate	delete_end	reload	1	169.141	0	0	102400000	100000	0	ok
PROBE-TSV	1	tar	entries	immediate	delete_end	total	1	1375.056	204812288	28672	102400000	100000	0	ok
PROBE-TSV	1	tar	entries	immediate	delete_end	tree_build	1	59.056	0	0	102400000	100000	0	ok
PROBE-TSV	1	tar	entries	immediate	delete_end	updater_open	1	616.941	102412288	0	102400000	100000	0	ok
PROBE-TSV	1	tar	entries	immediate	delete_end	verification_open	1	367.147	102367232	0	102400000	100000	0	ok
PROBE-TSV	1	tar	entries	immediate	rename_same_length	capability_probe	1	171.525	0	0	102410240	100000	0	ok
PROBE-TSV	1	tar	entries	immediate	rename_same_length	commit	1	6.324	16384	28672	102410240	100000	0	ok
PROBE-TSV	1	tar	entries	immediate	rename_same_length	display	1	2.889	0	0	102410240	100000	0	ok
PROBE-TSV	1	tar	entries	immediate	rename_same_length	entry_comparison	1	59.193	0	0	102410240	100000	0	ok
PROBE-TSV	1	tar	entries	immediate	rename_same_length	filter_compute	1	0.000	0	0	102410240	100000	0	ok
PROBE-TSV	1	tar	entries	immediate	rename_same_length	mutate	1	59.026	0	0	102410240	100000	0	ok
PROBE-TSV	1	tar	entries	immediate	rename_same_length	name_index_advance	1	10.635	0	0	102410240	100000	0	ok
PROBE-TSV	1	tar	entries	immediate	rename_same_length	name_index_build	1	136.165	0	0	102410240	100000	0	ok
PROBE-TSV	1	tar	entries	immediate	rename_same_length	password_verification	1	0.229	0	0	102410240	100000	0	ok
PROBE-TSV	1	tar	entries	immediate	rename_same_length	plan_build	1	0.023	0	0	102410240	100000	0	ok
PROBE-TSV	1	tar	entries	immediate	rename_same_length	plan_validation	1	10.079	0	0	102410240	100000	0	ok
PROBE-TSV	1	tar	entries	immediate	rename_same_length	publish	1	0.800	0	0	102410240	100000	0	ok
PROBE-TSV	1	tar	entries	immediate	rename_same_length	reader_adoption	1	0.003	0	0	102410240	100000	0	ok
PROBE-TSV	1	tar	entries	immediate	rename_same_length	reload	1	182.841	0	0	102410240	100000	0	ok
PROBE-TSV	1	tar	entries	immediate	rename_same_length	total	1	1522.837	204812288	40960	102410240	100000	0	ok
PROBE-TSV	1	tar	entries	immediate	rename_same_length	tree_build	1	56.814	0	0	102410240	100000	0	ok
PROBE-TSV	1	tar	entries	immediate	rename_same_length	updater_open	1	620.042	102412288	0	102410240	100000	0	ok
PROBE-TSV	1	tar	entries	immediate	rename_same_length	verification_open	1	365.033	102383616	0	102410240	100000	0	ok
PROBE-TSV	1	tar	entries	immediate	rename_different_length	capability_probe	1	167.973	0	0	102410240	100000	0	ok
PROBE-TSV	1	tar	entries	immediate	rename_different_length	commit	1	6.233	16384	28672	102410240	100000	0	ok
PROBE-TSV	1	tar	entries	immediate	rename_different_length	display	1	2.871	0	0	102410240	100000	0	ok
PROBE-TSV	1	tar	entries	immediate	rename_different_length	entry_comparison	1	59.754	0	0	102410240	100000	0	ok
PROBE-TSV	1	tar	entries	immediate	rename_different_length	filter_compute	1	0.000	0	0	102410240	100000	0	ok
PROBE-TSV	1	tar	entries	immediate	rename_different_length	mutate	1	60.280	0	0	102410240	100000	0	ok
PROBE-TSV	1	tar	entries	immediate	rename_different_length	name_index_advance	1	10.776	0	0	102410240	100000	0	ok
PROBE-TSV	1	tar	entries	immediate	rename_different_length	name_index_build	1	136.765	0	0	102410240	100000	0	ok
PROBE-TSV	1	tar	entries	immediate	rename_different_length	password_verification	1	0.241	0	0	102410240	100000	0	ok
PROBE-TSV	1	tar	entries	immediate	rename_different_length	plan_build	1	0.028	0	0	102410240	100000	0	ok
PROBE-TSV	1	tar	entries	immediate	rename_different_length	plan_validation	1	10.510	0	0	102410240	100000	0	ok
PROBE-TSV	1	tar	entries	immediate	rename_different_length	publish	1	0.803	0	0	102410240	100000	0	ok
PROBE-TSV	1	tar	entries	immediate	rename_different_length	reader_adoption	1	0.003	0	0	102410240	100000	0	ok
PROBE-TSV	1	tar	entries	immediate	rename_different_length	reload	1	179.362	0	0	102410240	100000	0	ok
PROBE-TSV	1	tar	entries	immediate	rename_different_length	total	1	1517.146	204812288	40960	102410240	100000	0	ok
PROBE-TSV	1	tar	entries	immediate	rename_different_length	tree_build	1	57.770	0	0	102410240	100000	0	ok
PROBE-TSV	1	tar	entries	immediate	rename_different_length	updater_open	1	611.400	102412288	0	102410240	100000	0	ok
PROBE-TSV	1	tar	entries	immediate	rename_different_length	verification_open	1	368.137	102383616	0	102410240	100000	0	ok
PROBE-TSV	1	tar	entries	immediate	rename_folder	capability_probe	1	172.431	0	0	102410240	100000	0	ok
PROBE-TSV	1	tar	entries	immediate	rename_folder	commit	1	22.010	1032192	1044480	102410240	100000	0	ok
PROBE-TSV	1	tar	entries	immediate	rename_folder	display	1	2.702	0	0	102410240	100000	0	ok
PROBE-TSV	1	tar	entries	immediate	rename_folder	entry_comparison	1	58.264	0	0	102410240	100000	0	ok
PROBE-TSV	1	tar	entries	immediate	rename_folder	filter_compute	1	0.000	0	0	102410240	100000	0	ok
PROBE-TSV	1	tar	entries	immediate	rename_folder	mutate	1	65.758	0	0	102410240	100000	0	ok
PROBE-TSV	1	tar	entries	immediate	rename_folder	name_index_advance	1	16.172	0	0	102410240	100000	0	ok
PROBE-TSV	1	tar	entries	immediate	rename_folder	name_index_build	1	135.191	0	0	102410240	100000	0	ok
PROBE-TSV	1	tar	entries	immediate	rename_folder	password_verification	1	0.214	0	0	102410240	100000	0	ok
PROBE-TSV	1	tar	entries	immediate	rename_folder	plan_build	1	5.506	0	0	102410240	100000	0	ok
PROBE-TSV	1	tar	entries	immediate	rename_folder	plan_validation	1	13.366	0	0	102410240	100000	0	ok
PROBE-TSV	1	tar	entries	immediate	rename_folder	publish	1	0.819	0	0	102410240	100000	0	ok
PROBE-TSV	1	tar	entries	immediate	rename_folder	reader_adoption	1	0.003	0	0	102410240	100000	0	ok
PROBE-TSV	1	tar	entries	immediate	rename_folder	reload	1	189.256	0	0	102410240	100000	0	ok
PROBE-TSV	1	tar	entries	immediate	rename_folder	total	1	1556.666	204812288	1056768	102410240	100000	0	ok
PROBE-TSV	1	tar	entries	immediate	rename_folder	tree_build	1	61.398	0	0	102410240	100000	0	ok
PROBE-TSV	1	tar	entries	immediate	rename_folder	updater_open	1	606.035	102412288	0	102410240	100000	0	ok
PROBE-TSV	1	tar	entries	immediate	rename_folder	verification_open	1	372.480	101367808	0	102410240	100000	0	ok
PROBE-TSV	1	tar	entries	immediate	new_folder	capability_probe	1	168.778	0	0	102410240	100000	0	ok
PROBE-TSV	1	tar	entries	immediate	new_folder	commit	1	5.078	16384	12288	102410240	100000	0	ok
PROBE-TSV	1	tar	entries	immediate	new_folder	display	1	3.013	0	0	102410240	100000	0	ok
PROBE-TSV	1	tar	entries	immediate	new_folder	entry_comparison	1	57.878	0	0	102410240	100000	0	ok
PROBE-TSV	1	tar	entries	immediate	new_folder	filter_compute	1	0.000	0	0	102410240	100000	0	ok
PROBE-TSV	1	tar	entries	immediate	new_folder	mutate	1	70.942	12288	0	102410240	100000	0	ok
PROBE-TSV	1	tar	entries	immediate	new_folder	name_index_advance	1	10.438	0	0	102410240	100000	0	ok
PROBE-TSV	1	tar	entries	immediate	new_folder	name_index_build	1	138.546	0	0	102410240	100000	0	ok
PROBE-TSV	1	tar	entries	immediate	new_folder	password_verification	1	0.242	0	0	102410240	100000	0	ok
PROBE-TSV	1	tar	entries	immediate	new_folder	plan_build	1	138.571	0	0	102410240	100000	0	ok
PROBE-TSV	1	tar	entries	immediate	new_folder	plan_validation	1	11.567	0	0	102410240	100000	0	ok
PROBE-TSV	1	tar	entries	immediate	new_folder	publish	1	0.781	0	0	102410240	100000	0	ok
PROBE-TSV	1	tar	entries	immediate	new_folder	reader_adoption	1	0.003	0	0	102410240	100000	0	ok
PROBE-TSV	1	tar	entries	immediate	new_folder	reload	1	179.856	0	0	102410240	100000	0	ok
PROBE-TSV	1	tar	entries	immediate	new_folder	total	1	1515.291	204824576	24576	102410240	100000	0	ok
PROBE-TSV	1	tar	entries	immediate	new_folder	tree_build	1	57.389	0	0	102410240	100000	0	ok
PROBE-TSV	1	tar	entries	immediate	new_folder	updater_open	1	604.724	102412288	0	102410240	100000	0	ok
PROBE-TSV	1	tar	entries	immediate	new_folder	verification_open	1	364.151	102383616	0	102410240	100000	0	ok
PROBE-TSV	1	tar	entries	immediate	add_file	capability_probe	1	177.091	0	0	102410240	100000	0	ok
PROBE-TSV	1	tar	entries	immediate	add_file	commit	1	4.895	16384	12288	102410240	100000	0	ok
PROBE-TSV	1	tar	entries	immediate	add_file	display	1	3.142	0	0	102410240	100000	0	ok
PROBE-TSV	1	tar	entries	immediate	add_file	entry_comparison	1	56.837	0	0	102410240	100000	0	ok
PROBE-TSV	1	tar	entries	immediate	add_file	filter_compute	1	0.000	0	0	102410240	100000	0	ok
PROBE-TSV	1	tar	entries	immediate	add_file	mutate	1	69.531	12288	0	102410240	100000	0	ok
PROBE-TSV	1	tar	entries	immediate	add_file	name_index_advance	1	10.592	0	0	102410240	100000	0	ok
PROBE-TSV	1	tar	entries	immediate	add_file	name_index_build	1	142.508	0	0	102410240	100000	0	ok
PROBE-TSV	1	tar	entries	immediate	add_file	password_verification	1	0.240	0	0	102410240	100000	0	ok
PROBE-TSV	1	tar	entries	immediate	add_file	plan_build	3	0.067	0	0	102410240	100000	0	ok
PROBE-TSV	1	tar	entries	immediate	add_file	plan_validation	1	11.182	0	0	102410240	100000	0	ok
PROBE-TSV	1	tar	entries	immediate	add_file	publish	1	0.792	0	0	102410240	100000	0	ok
PROBE-TSV	1	tar	entries	immediate	add_file	reader_adoption	1	0.003	0	0	102410240	100000	0	ok
PROBE-TSV	1	tar	entries	immediate	add_file	reload	1	188.356	0	0	102410240	100000	0	ok
PROBE-TSV	1	tar	entries	immediate	add_file	total	1	1543.584	204824576	24576	102410240	100000	0	ok
PROBE-TSV	1	tar	entries	immediate	add_file	tree_build	1	59.459	0	0	102410240	100000	0	ok
PROBE-TSV	1	tar	entries	immediate	add_file	updater_open	1	618.751	102412288	0	102410240	100000	0	ok
PROBE-TSV	1	tar	entries	immediate	add_file	verification_open	1	366.253	102383616	0	102410240	100000	0	ok
PROBE-TSV	1	tar	entries	immediate	replace_file	capability_probe	1	172.566	0	0	102410240	100000	0	ok
PROBE-TSV	1	tar	entries	immediate	replace_file	commit	1	38.781	0	102428672	102410240	100000	0	ok
PROBE-TSV	1	tar	entries	immediate	replace_file	display	1	2.909	0	0	102410240	100000	0	ok
PROBE-TSV	1	tar	entries	immediate	replace_file	entry_comparison	1	60.927	0	0	102410240	100000	0	ok
PROBE-TSV	1	tar	entries	immediate	replace_file	filter_compute	1	0.000	0	0	102410240	100000	0	ok
PROBE-TSV	1	tar	entries	immediate	replace_file	mutate	1	121.407	16384	0	102410240	100000	0	ok
PROBE-TSV	1	tar	entries	immediate	replace_file	name_index_advance	1	11.499	0	0	102410240	100000	0	ok
PROBE-TSV	1	tar	entries	immediate	replace_file	name_index_build	1	138.204	0	0	102410240	100000	0	ok
PROBE-TSV	1	tar	entries	immediate	replace_file	password_verification	1	0.227	0	0	102410240	100000	0	ok
PROBE-TSV	1	tar	entries	immediate	replace_file	plan_build	4	2.187	0	0	102410240	100000	0	ok
PROBE-TSV	1	tar	entries	immediate	replace_file	plan_validation	1	11.353	0	0	102410240	100000	0	ok
PROBE-TSV	1	tar	entries	immediate	replace_file	publish	1	0.786	0	0	102410240	100000	0	ok
PROBE-TSV	1	tar	entries	immediate	replace_file	reader_adoption	1	0.003	0	0	102410240	100000	0	ok
PROBE-TSV	1	tar	entries	immediate	replace_file	reload	1	184.724	0	0	102410240	100000	0	ok
PROBE-TSV	1	tar	entries	immediate	replace_file	total	1	1615.887	102428672	102440960	102410240	100000	0	ok
PROBE-TSV	1	tar	entries	immediate	replace_file	tree_build	1	57.602	0	0	102410240	100000	0	ok
PROBE-TSV	1	tar	entries	immediate	replace_file	updater_open	1	605.777	102412288	0	102410240	100000	0	ok
PROBE-TSV	1	tar	entries	immediate	replace_file	verification_open	1	367.706	0	0	102410240	100000	0	ok
PROBE-TSV	1	tar	entries	deferred	five_changes_reserve_rename	display	1	2.755	0	0	102410240	100000	0	ok
PROBE-TSV	1	tar	entries	deferred	five_changes_reserve_rename	filter_compute	1	0.001	0	0	102410240	100000	0	ok
PROBE-TSV	1	tar	entries	deferred	five_changes_reserve_rename	password_verification	1	0.559	0	0	102410240	100000	0	ok
PROBE-TSV	1	tar	entries	deferred	five_changes_reserve_rename	total	1	134.521	0	0	102410240	100000	0	ok
PROBE-TSV	1	tar	entries	deferred	five_changes_reserve_rename	tree_build	1	60.199	0	0	102410240	100000	0	ok
PROBE-TSV	1	tar	entries	deferred	five_changes_reserve_delete	display	1	2.810	0	0	102410240	100000	0	ok
PROBE-TSV	1	tar	entries	deferred	five_changes_reserve_delete	filter_compute	1	0.001	0	0	102410240	100000	0	ok
PROBE-TSV	1	tar	entries	deferred	five_changes_reserve_delete	password_verification	1	0.559	0	0	102410240	100000	0	ok
PROBE-TSV	1	tar	entries	deferred	five_changes_reserve_delete	total	1	137.197	0	0	102410240	100000	0	ok
PROBE-TSV	1	tar	entries	deferred	five_changes_reserve_delete	tree_build	1	58.241	0	0	102410240	100000	0	ok
PROBE-TSV	1	tar	entries	deferred	five_changes_reserve_new_folder	display	1	2.863	0	0	102410240	100000	0	ok
PROBE-TSV	1	tar	entries	deferred	five_changes_reserve_new_folder	filter_compute	1	0.001	0	0	102410240	100000	0	ok
PROBE-TSV	1	tar	entries	deferred	five_changes_reserve_new_folder	password_verification	1	0.569	0	0	102410240	100000	0	ok
PROBE-TSV	1	tar	entries	deferred	five_changes_reserve_new_folder	total	1	135.410	0	0	102410240	100000	0	ok
PROBE-TSV	1	tar	entries	deferred	five_changes_reserve_new_folder	tree_build	1	56.422	0	0	102410240	100000	0	ok
PROBE-TSV	1	tar	entries	deferred	five_changes_reserve_delete_folder	display	1	2.845	0	0	102410240	100000	0	ok
PROBE-TSV	1	tar	entries	deferred	five_changes_reserve_delete_folder	filter_compute	1	0.001	0	0	102410240	100000	0	ok
PROBE-TSV	1	tar	entries	deferred	five_changes_reserve_delete_folder	password_verification	1	0.569	0	0	102410240	100000	0	ok
PROBE-TSV	1	tar	entries	deferred	five_changes_reserve_delete_folder	total	1	141.320	0	0	102410240	100000	0	ok
PROBE-TSV	1	tar	entries	deferred	five_changes_reserve_delete_folder	tree_build	1	58.832	0	0	102410240	100000	0	ok
PROBE-TSV	1	tar	entries	deferred	five_changes_reserve_add	display	1	2.905	0	0	102410240	100000	0	ok
PROBE-TSV	1	tar	entries	deferred	five_changes_reserve_add	filter_compute	1	0.001	0	0	102410240	100000	0	ok
PROBE-TSV	1	tar	entries	deferred	five_changes_reserve_add	password_verification	1	0.572	0	0	102410240	100000	0	ok
PROBE-TSV	1	tar	entries	deferred	five_changes_reserve_add	plan_build	3	0.071	0	0	102410240	100000	0	ok
PROBE-TSV	1	tar	entries	deferred	five_changes_reserve_add	total	1	135.903	0	4096	102410240	100000	0	ok
PROBE-TSV	1	tar	entries	deferred	five_changes_reserve_add	tree_build	1	55.440	0	0	102410240	100000	0	ok
PROBE-TSV	1	tar	entries	deferred	save_five_changes	capability_probe	1	173.897	0	0	101386240	100000	0	ok
PROBE-TSV	1	tar	entries	deferred	save_five_changes	commit	1	67.335	425984	101416960	101386240	100000	0	ok
PROBE-TSV	1	tar	entries	deferred	save_five_changes	display	1	2.802	0	0	101386240	100000	0	ok
PROBE-TSV	1	tar	entries	deferred	save_five_changes	editing_install	1	0.005	0	0	101386240	100000	0	ok
PROBE-TSV	1	tar	entries	deferred	save_five_changes	editing_prepare	1	22.019	0	0	101386240	100000	0	ok
PROBE-TSV	1	tar	entries	deferred	save_five_changes	entry_comparison	1	59.191	0	0	101386240	100000	0	ok
PROBE-TSV	1	tar	entries	deferred	save_five_changes	filter_compute	2	0.001	0	0	101386240	100000	0	ok
PROBE-TSV	1	tar	entries	deferred	save_five_changes	name_index_advance	1	15.200	0	0	101386240	100000	0	ok
PROBE-TSV	1	tar	entries	deferred	save_five_changes	password_verification	1	0.555	0	0	101386240	100000	0	ok
PROBE-TSV	1	tar	entries	deferred	save_five_changes	publish	1	1.000	0	0	101386240	100000	0	ok
PROBE-TSV	1	tar	entries	deferred	save_five_changes	reader_adoption	1	0.003	0	0	101386240	100000	0	ok
PROBE-TSV	1	tar	entries	deferred	save_five_changes	reload	1	190.512	0	0	101386240	100000	0	ok
PROBE-TSV	1	tar	entries	deferred	save_five_changes	replay	1	129.471	20480	0	101386240	100000	0	ok
PROBE-TSV	1	tar	entries	deferred	save_five_changes	replay_plan	1	21.244	0	0	101386240	100000	0	ok
PROBE-TSV	1	tar	entries	deferred	save_five_changes	representability_differential	1	0.811	0	0	101386240	100000	0	ok
PROBE-TSV	1	tar	entries	deferred	save_five_changes	save_sheet	1	1901.541	102858752	101441536	101386240	100000	0	ok
PROBE-TSV	1	tar	entries	deferred	save_five_changes	total	1	1923.819	102858752	101441536	101386240	100000	0	ok
PROBE-TSV	1	tar	entries	deferred	save_five_changes	tree_build	1	59.041	0	0	101386240	100000	0	ok
PROBE-TSV	1	tar	entries	deferred	save_five_changes	updater_open	1	619.198	102412288	0	101386240	100000	0	ok
PROBE-TSV	1	tar	entries	deferred	save_five_changes	verification_open	1	364.604	0	0	101386240	100000	0	ok
PROBE-TSV	1	tar	entries	deferred	rename_only_reserve_rename	display	1	2.794	0	0	102410240	100000	0	ok
PROBE-TSV	1	tar	entries	deferred	rename_only_reserve_rename	filter_compute	1	0.001	0	0	102410240	100000	0	ok
PROBE-TSV	1	tar	entries	deferred	rename_only_reserve_rename	password_verification	1	0.563	0	0	102410240	100000	0	ok
PROBE-TSV	1	tar	entries	deferred	rename_only_reserve_rename	total	1	193.779	0	0	102410240	100000	0	ok
PROBE-TSV	1	tar	entries	deferred	rename_only_reserve_rename	tree_build	1	57.061	0	0	102410240	100000	0	ok
PROBE-TSV	1	tar	entries	deferred	save_rename_only	capability_probe	1	173.615	0	0	102410240	100000	0	ok
PROBE-TSV	1	tar	entries	deferred	save_rename_only	commit	1	6.304	16384	28672	102410240	100000	0	ok
PROBE-TSV	1	tar	entries	deferred	save_rename_only	display	1	2.821	0	0	102410240	100000	0	ok
PROBE-TSV	1	tar	entries	deferred	save_rename_only	editing_install	1	0.005	0	0	102410240	100000	0	ok
PROBE-TSV	1	tar	entries	deferred	save_rename_only	editing_prepare	1	22.485	0	0	102410240	100000	0	ok
PROBE-TSV	1	tar	entries	deferred	save_rename_only	entry_comparison	1	59.528	0	0	102410240	100000	0	ok
PROBE-TSV	1	tar	entries	deferred	save_rename_only	filter_compute	2	0.001	0	0	102410240	100000	0	ok
PROBE-TSV	1	tar	entries	deferred	save_rename_only	name_index_advance	1	12.928	0	0	102410240	100000	0	ok
PROBE-TSV	1	tar	entries	deferred	save_rename_only	password_verification	1	0.574	0	0	102410240	100000	0	ok
PROBE-TSV	1	tar	entries	deferred	save_rename_only	publish	1	0.397	0	0	102410240	100000	0	ok
PROBE-TSV	1	tar	entries	deferred	save_rename_only	reader_adoption	1	0.003	0	0	102410240	100000	0	ok
PROBE-TSV	1	tar	entries	deferred	save_rename_only	reload	1	187.872	0	0	102410240	100000	0	ok
PROBE-TSV	1	tar	entries	deferred	save_rename_only	replay	1	62.104	0	0	102410240	100000	0	ok
PROBE-TSV	1	tar	entries	deferred	save_rename_only	replay_plan	1	18.900	0	0	102410240	100000	0	ok
PROBE-TSV	1	tar	entries	deferred	save_rename_only	representability_differential	1	0.027	0	0	102410240	100000	0	ok
PROBE-TSV	1	tar	entries	deferred	save_rename_only	save_sheet	1	1745.853	204812288	40960	102410240	100000	0	ok
PROBE-TSV	1	tar	entries	deferred	save_rename_only	total	1	1768.590	204812288	40960	102410240	100000	0	ok
PROBE-TSV	1	tar	entries	deferred	save_rename_only	tree_build	1	62.010	0	0	102410240	100000	0	ok
PROBE-TSV	1	tar	entries	deferred	save_rename_only	updater_open	1	612.931	102412288	0	102410240	100000	0	ok
PROBE-TSV	1	tar	entries	deferred	save_rename_only	verification_open	1	375.482	102383616	0	102410240	100000	0	ok
PROBE-TSV	1	tar	payload	immediate	delete_start	capability_probe	1	2.002	0	0	265308160	1064	256	ok
PROBE-TSV	1	tar	payload	immediate	delete_start	commit	1	112.149	263045120	265322496	265308160	1064	256	ok
PROBE-TSV	1	tar	payload	immediate	delete_start	display	1	1.267	0	0	265308160	1064	256	ok
PROBE-TSV	1	tar	payload	immediate	delete_start	entry_comparison	1	0.637	0	0	265308160	1064	256	ok
PROBE-TSV	1	tar	payload	immediate	delete_start	filter_compute	1	0.000	0	0	265308160	1064	256	ok
PROBE-TSV	1	tar	payload	immediate	delete_start	mutate	1	0.643	0	0	265308160	1064	256	ok
PROBE-TSV	1	tar	payload	immediate	delete_start	password_verification	1	0.027	0	0	265308160	1064	256	ok
PROBE-TSV	1	tar	payload	immediate	delete_start	plan_build	1	0.009	0	0	265308160	1064	256	ok
PROBE-TSV	1	tar	payload	immediate	delete_start	plan_validation	1	0.111	0	0	265308160	1064	256	ok
PROBE-TSV	1	tar	payload	immediate	delete_start	publish	1	0.679	0	0	265308160	1064	256	ok
PROBE-TSV	1	tar	payload	immediate	delete_start	reader_adoption	1	0.002	0	0	265308160	1064	256	ok
PROBE-TSV	1	tar	payload	immediate	delete_start	reload	1	2.215	0	0	265308160	1064	256	ok
PROBE-TSV	1	tar	payload	immediate	delete_start	total	1	141.961	265351168	265334784	265308160	1064	256	ok
PROBE-TSV	1	tar	payload	immediate	delete_start	tree_build	1	0.557	0	0	265308160	1064	256	ok
PROBE-TSV	1	tar	payload	immediate	delete_start	updater_open	1	15.862	2306048	0	265308160	1064	256	ok
PROBE-TSV	1	tar	payload	immediate	delete_start	verification_open	1	3.908	0	0	265308160	1064	256	ok
PROBE-TSV	1	tar	payload	immediate	delete_end	capability_probe	1	1.996	0	0	269496320	1064	256	ok
PROBE-TSV	1	tar	payload	immediate	delete_end	commit	1	0.922	28672	12288	269496320	1064	256	ok
PROBE-TSV	1	tar	payload	immediate	delete_end	display	1	1.269	0	0	269496320	1064	256	ok
PROBE-TSV	1	tar	payload	immediate	delete_end	entry_comparison	1	0.661	0	0	269496320	1064	256	ok
PROBE-TSV	1	tar	payload	immediate	delete_end	filter_compute	1	0.000	0	0	269496320	1064	256	ok
PROBE-TSV	1	tar	payload	immediate	delete_end	mutate	1	0.643	0	0	269496320	1064	256	ok
PROBE-TSV	1	tar	payload	immediate	delete_end	password_verification	1	0.026	0	0	269496320	1064	256	ok
PROBE-TSV	1	tar	payload	immediate	delete_end	plan_build	1	0.010	0	0	269496320	1064	256	ok
PROBE-TSV	1	tar	payload	immediate	delete_end	plan_validation	1	0.107	0	0	269496320	1064	256	ok
PROBE-TSV	1	tar	payload	immediate	delete_end	publish	1	0.634	0	0	269496320	1064	256	ok
PROBE-TSV	1	tar	payload	immediate	delete_end	reader_adoption	1	0.002	0	0	269496320	1064	256	ok
PROBE-TSV	1	tar	payload	immediate	delete_end	reload	1	2.201	0	0	269496320	1064	256	ok
PROBE-TSV	1	tar	payload	immediate	delete_end	total	1	36.894	4612096	24576	269496320	1064	256	ok
PROBE-TSV	1	tar	payload	immediate	delete_end	tree_build	1	0.568	0	0	269496320	1064	256	ok
PROBE-TSV	1	tar	payload	immediate	delete_end	updater_open	1	15.575	2306048	0	269496320	1064	256	ok
PROBE-TSV	1	tar	payload	immediate	delete_end	verification_open	1	12.140	2277376	0	269496320	1064	256	ok
PROBE-TSV	1	tar	payload	immediate	rename_same_length	capability_probe	1	2.002	0	0	269496320	1064	256	ok
PROBE-TSV	1	tar	payload	immediate	rename_same_length	commit	1	0.941	28672	28672	269496320	1064	256	ok
PROBE-TSV	1	tar	payload	immediate	rename_same_length	display	1	1.222	0	0	269496320	1064	256	ok
PROBE-TSV	1	tar	payload	immediate	rename_same_length	entry_comparison	1	0.660	0	0	269496320	1064	256	ok
PROBE-TSV	1	tar	payload	immediate	rename_same_length	filter_compute	1	0.000	0	0	269496320	1064	256	ok
PROBE-TSV	1	tar	payload	immediate	rename_same_length	mutate	1	0.650	0	0	269496320	1064	256	ok
PROBE-TSV	1	tar	payload	immediate	rename_same_length	name_index_advance	1	0.120	0	0	269496320	1064	256	ok
PROBE-TSV	1	tar	payload	immediate	rename_same_length	name_index_build	1	1.480	0	0	269496320	1064	256	ok
PROBE-TSV	1	tar	payload	immediate	rename_same_length	password_verification	1	0.025	0	0	269496320	1064	256	ok
PROBE-TSV	1	tar	payload	immediate	rename_same_length	plan_build	1	0.018	0	0	269496320	1064	256	ok
PROBE-TSV	1	tar	payload	immediate	rename_same_length	plan_validation	1	0.116	0	0	269496320	1064	256	ok
PROBE-TSV	1	tar	payload	immediate	rename_same_length	publish	1	0.572	0	0	269496320	1064	256	ok
PROBE-TSV	1	tar	payload	immediate	rename_same_length	reader_adoption	1	0.002	0	0	269496320	1064	256	ok
PROBE-TSV	1	tar	payload	immediate	rename_same_length	reload	1	2.317	0	0	269496320	1064	256	ok
PROBE-TSV	1	tar	payload	immediate	rename_same_length	total	1	38.587	4612096	40960	269496320	1064	256	ok
PROBE-TSV	1	tar	payload	immediate	rename_same_length	tree_build	1	0.580	0	0	269496320	1064	256	ok
PROBE-TSV	1	tar	payload	immediate	rename_same_length	updater_open	1	15.738	2306048	0	269496320	1064	256	ok
PROBE-TSV	1	tar	payload	immediate	rename_same_length	verification_open	1	12.061	2277376	0	269496320	1064	256	ok
PROBE-TSV	1	tar	payload	immediate	rename_different_length	capability_probe	1	1.952	0	0	269496320	1064	256	ok
PROBE-TSV	1	tar	payload	immediate	rename_different_length	commit	1	0.954	28672	28672	269496320	1064	256	ok
PROBE-TSV	1	tar	payload	immediate	rename_different_length	display	1	1.176	0	0	269496320	1064	256	ok
PROBE-TSV	1	tar	payload	immediate	rename_different_length	entry_comparison	1	0.651	0	0	269496320	1064	256	ok
PROBE-TSV	1	tar	payload	immediate	rename_different_length	filter_compute	1	0.000	0	0	269496320	1064	256	ok
PROBE-TSV	1	tar	payload	immediate	rename_different_length	mutate	1	0.665	0	0	269496320	1064	256	ok
PROBE-TSV	1	tar	payload	immediate	rename_different_length	name_index_advance	1	0.126	0	0	269496320	1064	256	ok
PROBE-TSV	1	tar	payload	immediate	rename_different_length	name_index_build	1	1.474	0	0	269496320	1064	256	ok
PROBE-TSV	1	tar	payload	immediate	rename_different_length	password_verification	1	0.028	0	0	269496320	1064	256	ok
PROBE-TSV	1	tar	payload	immediate	rename_different_length	plan_build	1	0.020	0	0	269496320	1064	256	ok
PROBE-TSV	1	tar	payload	immediate	rename_different_length	plan_validation	1	0.120	0	0	269496320	1064	256	ok
PROBE-TSV	1	tar	payload	immediate	rename_different_length	publish	1	0.640	0	0	269496320	1064	256	ok
PROBE-TSV	1	tar	payload	immediate	rename_different_length	reader_adoption	1	0.002	0	0	269496320	1064	256	ok
PROBE-TSV	1	tar	payload	immediate	rename_different_length	reload	1	2.259	0	0	269496320	1064	256	ok
PROBE-TSV	1	tar	payload	immediate	rename_different_length	total	1	38.650	4612096	40960	269496320	1064	256	ok
PROBE-TSV	1	tar	payload	immediate	rename_different_length	tree_build	1	0.570	0	0	269496320	1064	256	ok
PROBE-TSV	1	tar	payload	immediate	rename_different_length	updater_open	1	15.599	2306048	0	269496320	1064	256	ok
PROBE-TSV	1	tar	payload	immediate	rename_different_length	verification_open	1	12.244	2277376	0	269496320	1064	256	ok
PROBE-TSV	1	tar	payload	immediate	rename_folder	capability_probe	1	1.999	0	0	269496320	1064	256	ok
PROBE-TSV	1	tar	payload	immediate	rename_folder	commit	1	12.069	1060864	1060864	269496320	1064	256	ok
PROBE-TSV	1	tar	payload	immediate	rename_folder	display	1	1.192	0	0	269496320	1064	256	ok
PROBE-TSV	1	tar	payload	immediate	rename_folder	entry_comparison	1	0.653	0	0	269496320	1064	256	ok
PROBE-TSV	1	tar	payload	immediate	rename_folder	filter_compute	1	0.000	0	0	269496320	1064	256	ok
PROBE-TSV	1	tar	payload	immediate	rename_folder	mutate	1	0.922	0	0	269496320	1064	256	ok
PROBE-TSV	1	tar	payload	immediate	rename_folder	name_index_advance	1	0.393	0	0	269496320	1064	256	ok
PROBE-TSV	1	tar	payload	immediate	rename_folder	name_index_build	1	1.502	0	0	269496320	1064	256	ok
PROBE-TSV	1	tar	payload	immediate	rename_folder	password_verification	1	0.033	0	0	269496320	1064	256	ok
PROBE-TSV	1	tar	payload	immediate	rename_folder	plan_build	1	0.342	0	0	269496320	1064	256	ok
PROBE-TSV	1	tar	payload	immediate	rename_folder	plan_validation	1	0.263	0	0	269496320	1064	256	ok
PROBE-TSV	1	tar	payload	immediate	rename_folder	publish	1	0.621	0	0	269496320	1064	256	ok
PROBE-TSV	1	tar	payload	immediate	rename_folder	reader_adoption	1	0.002	0	0	269496320	1064	256	ok
PROBE-TSV	1	tar	payload	immediate	rename_folder	reload	1	2.574	0	0	269496320	1064	256	ok
PROBE-TSV	1	tar	payload	immediate	rename_folder	total	1	44.260	4612096	1073152	269496320	1064	256	ok
PROBE-TSV	1	tar	payload	immediate	rename_folder	tree_build	1	0.576	0	0	269496320	1064	256	ok
PROBE-TSV	1	tar	payload	immediate	rename_folder	updater_open	1	15.655	2306048	0	269496320	1064	256	ok
PROBE-TSV	1	tar	payload	immediate	rename_folder	verification_open	1	5.770	1245184	0	269496320	1064	256	ok
PROBE-TSV	1	tar	payload	immediate	new_folder	capability_probe	1	2.007	0	0	269496320	1064	256	ok
PROBE-TSV	1	tar	payload	immediate	new_folder	commit	1	0.423	16384	12288	269496320	1064	256	ok
PROBE-TSV	1	tar	payload	immediate	new_folder	display	1	1.230	0	0	269496320	1064	256	ok
PROBE-TSV	1	tar	payload	immediate	new_folder	entry_comparison	1	0.667	0	0	269496320	1064	256	ok
PROBE-TSV	1	tar	payload	immediate	new_folder	filter_compute	1	0.000	0	0	269496320	1064	256	ok
PROBE-TSV	1	tar	payload	immediate	new_folder	mutate	1	1.134	12288	0	269496320	1064	256	ok
PROBE-TSV	1	tar	payload	immediate	new_folder	name_index_advance	1	0.127	0	0	269496320	1064	256	ok
PROBE-TSV	1	tar	payload	immediate	new_folder	name_index_build	1	1.440	0	0	269496320	1064	256	ok
PROBE-TSV	1	tar	payload	immediate	new_folder	password_verification	1	0.030	0	0	269496320	1064	256	ok
PROBE-TSV	1	tar	payload	immediate	new_folder	plan_build	1	1.451	0	0	269496320	1064	256	ok
PROBE-TSV	1	tar	payload	immediate	new_folder	plan_validation	1	0.131	0	0	269496320	1064	256	ok
PROBE-TSV	1	tar	payload	immediate	new_folder	publish	1	0.608	0	0	269496320	1064	256	ok
PROBE-TSV	1	tar	payload	immediate	new_folder	reader_adoption	1	0.002	0	0	269496320	1064	256	ok
PROBE-TSV	1	tar	payload	immediate	new_folder	reload	1	2.329	0	0	269496320	1064	256	ok
PROBE-TSV	1	tar	payload	immediate	new_folder	total	1	37.796	4612096	24576	269496320	1064	256	ok
PROBE-TSV	1	tar	payload	immediate	new_folder	tree_build	1	0.580	0	0	269496320	1064	256	ok
PROBE-TSV	1	tar	payload	immediate	new_folder	updater_open	1	15.213	2306048	0	269496320	1064	256	ok
PROBE-TSV	1	tar	payload	immediate	new_folder	verification_open	1	11.730	2277376	0	269496320	1064	256	ok
PROBE-TSV	1	tar	payload	immediate	add_file	capability_probe	1	1.968	0	0	269496320	1064	256	ok
PROBE-TSV	1	tar	payload	immediate	add_file	commit	1	0.421	16384	12288	269496320	1064	256	ok
PROBE-TSV	1	tar	payload	immediate	add_file	display	1	1.221	0	0	269496320	1064	256	ok
PROBE-TSV	1	tar	payload	immediate	add_file	entry_comparison	1	0.649	0	0	269496320	1064	256	ok
PROBE-TSV	1	tar	payload	immediate	add_file	filter_compute	1	0.000	0	0	269496320	1064	256	ok
PROBE-TSV	1	tar	payload	immediate	add_file	mutate	1	1.181	12288	0	269496320	1064	256	ok
PROBE-TSV	1	tar	payload	immediate	add_file	name_index_advance	1	0.125	0	0	269496320	1064	256	ok
PROBE-TSV	1	tar	payload	immediate	add_file	name_index_build	1	1.464	0	0	269496320	1064	256	ok
PROBE-TSV	1	tar	payload	immediate	add_file	password_verification	1	0.031	0	0	269496320	1064	256	ok
PROBE-TSV	1	tar	payload	immediate	add_file	plan_build	3	0.044	0	0	269496320	1064	256	ok
PROBE-TSV	1	tar	payload	immediate	add_file	plan_validation	1	0.129	0	0	269496320	1064	256	ok
PROBE-TSV	1	tar	payload	immediate	add_file	publish	1	0.648	0	0	269496320	1064	256	ok
PROBE-TSV	1	tar	payload	immediate	add_file	reader_adoption	1	0.002	0	0	269496320	1064	256	ok
PROBE-TSV	1	tar	payload	immediate	add_file	reload	1	2.298	0	0	269496320	1064	256	ok
PROBE-TSV	1	tar	payload	immediate	add_file	total	1	37.837	4612096	24576	269496320	1064	256	ok
PROBE-TSV	1	tar	payload	immediate	add_file	tree_build	1	0.574	0	0	269496320	1064	256	ok
PROBE-TSV	1	tar	payload	immediate	add_file	updater_open	1	15.256	2306048	0	269496320	1064	256	ok
PROBE-TSV	1	tar	payload	immediate	add_file	verification_open	1	11.630	2277376	0	269496320	1064	256	ok
PROBE-TSV	1	tar	payload	immediate	replace_file	capability_probe	1	2.004	0	0	265308160	1064	256	ok
PROBE-TSV	1	tar	payload	immediate	replace_file	commit	1	126.866	263028736	265338880	265308160	1064	256	ok
PROBE-TSV	1	tar	payload	immediate	replace_file	display	1	1.337	0	0	265308160	1064	256	ok
PROBE-TSV	1	tar	payload	immediate	replace_file	entry_comparison	1	0.642	0	0	265308160	1064	256	ok
PROBE-TSV	1	tar	payload	immediate	replace_file	filter_compute	1	0.000	0	0	265308160	1064	256	ok
PROBE-TSV	1	tar	payload	immediate	replace_file	mutate	1	1.614	16384	0	265308160	1064	256	ok
PROBE-TSV	1	tar	payload	immediate	replace_file	name_index_advance	1	0.144	0	0	265308160	1064	256	ok
PROBE-TSV	1	tar	payload	immediate	replace_file	name_index_build	1	1.498	0	0	265308160	1064	256	ok
PROBE-TSV	1	tar	payload	immediate	replace_file	password_verification	1	0.035	0	0	265308160	1064	256	ok
PROBE-TSV	1	tar	payload	immediate	replace_file	plan_build	4	0.093	0	0	265308160	1064	256	ok
PROBE-TSV	1	tar	payload	immediate	replace_file	plan_validation	1	0.118	0	0	265308160	1064	256	ok
PROBE-TSV	1	tar	payload	immediate	replace_file	publish	1	0.758	0	0	265308160	1064	256	ok
PROBE-TSV	1	tar	payload	immediate	replace_file	reader_adoption	1	0.002	0	0	265308160	1064	256	ok
PROBE-TSV	1	tar	payload	immediate	replace_file	reload	1	2.350	0	0	265308160	1064	256	ok
PROBE-TSV	1	tar	payload	immediate	replace_file	total	1	159.419	265351168	265351168	265308160	1064	256	ok
PROBE-TSV	1	tar	payload	immediate	replace_file	tree_build	1	0.570	0	0	265308160	1064	256	ok
PROBE-TSV	1	tar	payload	immediate	replace_file	updater_open	1	15.134	2306048	0	265308160	1064	256	ok
PROBE-TSV	1	tar	payload	immediate	replace_file	verification_open	1	3.924	0	0	265308160	1064	256	ok
PROBE-TSV	1	tar	payload	deferred	five_changes_reserve_rename	display	1	1.103	0	0	269496320	1064	256	ok
PROBE-TSV	1	tar	payload	deferred	five_changes_reserve_rename	filter_compute	1	0.000	0	0	269496320	1064	256	ok
PROBE-TSV	1	tar	payload	deferred	five_changes_reserve_rename	password_verification	1	0.031	0	0	269496320	1064	256	ok
PROBE-TSV	1	tar	payload	deferred	five_changes_reserve_rename	total	1	18.955	0	0	269496320	1064	256	ok
PROBE-TSV	1	tar	payload	deferred	five_changes_reserve_rename	tree_build	1	0.633	0	0	269496320	1064	256	ok
PROBE-TSV	1	tar	payload	deferred	five_changes_reserve_delete	display	1	1.021	0	0	269496320	1064	256	ok
PROBE-TSV	1	tar	payload	deferred	five_changes_reserve_delete	filter_compute	1	0.000	0	0	269496320	1064	256	ok
PROBE-TSV	1	tar	payload	deferred	five_changes_reserve_delete	password_verification	1	0.032	0	0	269496320	1064	256	ok
PROBE-TSV	1	tar	payload	deferred	five_changes_reserve_delete	total	1	15.875	0	0	269496320	1064	256	ok
PROBE-TSV	1	tar	payload	deferred	five_changes_reserve_delete	tree_build	1	0.626	0	0	269496320	1064	256	ok
PROBE-TSV	1	tar	payload	deferred	five_changes_reserve_new_folder	display	1	1.081	0	0	269496320	1064	256	ok
PROBE-TSV	1	tar	payload	deferred	five_changes_reserve_new_folder	filter_compute	1	0.000	0	0	269496320	1064	256	ok
PROBE-TSV	1	tar	payload	deferred	five_changes_reserve_new_folder	password_verification	1	0.029	0	0	269496320	1064	256	ok
PROBE-TSV	1	tar	payload	deferred	five_changes_reserve_new_folder	total	1	19.079	0	0	269496320	1064	256	ok
PROBE-TSV	1	tar	payload	deferred	five_changes_reserve_new_folder	tree_build	1	0.579	0	0	269496320	1064	256	ok
PROBE-TSV	1	tar	payload	deferred	five_changes_reserve_delete_folder	display	1	1.211	0	0	269496320	1064	256	ok
PROBE-TSV	1	tar	payload	deferred	five_changes_reserve_delete_folder	filter_compute	1	0.000	0	0	269496320	1064	256	ok
PROBE-TSV	1	tar	payload	deferred	five_changes_reserve_delete_folder	password_verification	1	0.031	0	0	269496320	1064	256	ok
PROBE-TSV	1	tar	payload	deferred	five_changes_reserve_delete_folder	total	1	19.762	0	0	269496320	1064	256	ok
PROBE-TSV	1	tar	payload	deferred	five_changes_reserve_delete_folder	tree_build	1	0.050	0	0	269496320	1064	256	ok
PROBE-TSV	1	tar	payload	deferred	five_changes_reserve_add	display	1	0.954	0	0	269496320	1064	256	ok
PROBE-TSV	1	tar	payload	deferred	five_changes_reserve_add	filter_compute	1	0.000	0	0	269496320	1064	256	ok
PROBE-TSV	1	tar	payload	deferred	five_changes_reserve_add	password_verification	1	0.029	0	0	269496320	1064	256	ok
PROBE-TSV	1	tar	payload	deferred	five_changes_reserve_add	plan_build	3	0.053	0	0	269496320	1064	256	ok
PROBE-TSV	1	tar	payload	deferred	five_changes_reserve_add	total	1	17.660	0	4096	269496320	1064	256	ok
PROBE-TSV	1	tar	payload	deferred	five_changes_reserve_add	tree_build	1	0.048	0	0	269496320	1064	256	ok
PROBE-TSV	1	tar	payload	deferred	save_five_changes	capability_probe	1	0.262	0	0	268472320	1064	256	ok
PROBE-TSV	1	tar	payload	deferred	save_five_changes	commit	1	0.415	16384	4096	268472320	1064	256	ok
PROBE-TSV	1	tar	payload	deferred	save_five_changes	display	1	1.401	0	0	268472320	1064	256	ok
PROBE-TSV	1	tar	payload	deferred	save_five_changes	editing_install	1	0.005	0	0	268472320	1064	256	ok
PROBE-TSV	1	tar	payload	deferred	save_five_changes	editing_prepare	1	0.058	0	0	268472320	1064	256	ok
PROBE-TSV	1	tar	payload	deferred	save_five_changes	entry_comparison	1	0.051	0	0	268472320	1064	256	ok
PROBE-TSV	1	tar	payload	deferred	save_five_changes	filter_compute	2	0.001	0	0	268472320	1064	256	ok
PROBE-TSV	1	tar	payload	deferred	save_five_changes	name_index_advance	1	0.729	0	0	268472320	1064	256	ok
PROBE-TSV	1	tar	payload	deferred	save_five_changes	password_verification	1	0.027	0	0	268472320	1064	256	ok
PROBE-TSV	1	tar	payload	deferred	save_five_changes	publish	1	0.846	0	0	268472320	1064	256	ok
PROBE-TSV	1	tar	payload	deferred	save_five_changes	reader_adoption	1	0.002	0	0	268472320	1064	256	ok
PROBE-TSV	1	tar	payload	deferred	save_five_changes	reload	1	1.243	0	0	268472320	1064	256	ok
PROBE-TSV	1	tar	payload	deferred	save_five_changes	replay	1	2.350	20480	0	268472320	1064	256	ok
PROBE-TSV	1	tar	payload	deferred	save_five_changes	replay_plan	1	1.579	0	0	268472320	1064	256	ok
PROBE-TSV	1	tar	payload	deferred	save_five_changes	representability_differential	1	0.802	0	0	268472320	1064	256	ok
PROBE-TSV	1	tar	payload	deferred	save_five_changes	save_sheet	1	62.406	3604480	28672	268472320	1064	256	ok
PROBE-TSV	1	tar	payload	deferred	save_five_changes	total	1	62.714	3604480	28672	268472320	1064	256	ok
PROBE-TSV	1	tar	payload	deferred	save_five_changes	tree_build	1	0.050	0	0	268472320	1064	256	ok
PROBE-TSV	1	tar	payload	deferred	save_five_changes	updater_open	1	15.589	2306048	0	268472320	1064	256	ok
PROBE-TSV	1	tar	payload	deferred	save_five_changes	verification_open	1	7.847	1261568	0	268472320	1064	256	ok
PROBE-TSV	1	tar	payload	deferred	rename_only_reserve_rename	display	1	1.081	0	0	269496320	1064	256	ok
PROBE-TSV	1	tar	payload	deferred	rename_only_reserve_rename	filter_compute	1	0.000	0	0	269496320	1064	256	ok
PROBE-TSV	1	tar	payload	deferred	rename_only_reserve_rename	password_verification	1	0.031	0	0	269496320	1064	256	ok
PROBE-TSV	1	tar	payload	deferred	rename_only_reserve_rename	total	1	18.120	0	0	269496320	1064	256	ok
PROBE-TSV	1	tar	payload	deferred	rename_only_reserve_rename	tree_build	1	0.611	0	0	269496320	1064	256	ok
PROBE-TSV	1	tar	payload	deferred	save_rename_only	capability_probe	1	1.996	0	0	269496320	1064	256	ok
PROBE-TSV	1	tar	payload	deferred	save_rename_only	commit	1	1.005	28672	28672	269496320	1064	256	ok
PROBE-TSV	1	tar	payload	deferred	save_rename_only	display	1	1.159	0	0	269496320	1064	256	ok
PROBE-TSV	1	tar	payload	deferred	save_rename_only	editing_install	1	0.005	0	0	269496320	1064	256	ok
PROBE-TSV	1	tar	payload	deferred	save_rename_only	editing_prepare	1	0.288	0	0	269496320	1064	256	ok
PROBE-TSV	1	tar	payload	deferred	save_rename_only	entry_comparison	1	0.629	0	0	269496320	1064	256	ok
PROBE-TSV	1	tar	payload	deferred	save_rename_only	filter_compute	2	0.001	0	0	269496320	1064	256	ok
PROBE-TSV	1	tar	payload	deferred	save_rename_only	name_index_advance	1	0.127	0	0	269496320	1064	256	ok
PROBE-TSV	1	tar	payload	deferred	save_rename_only	password_verification	1	0.032	0	0	269496320	1064	256	ok
PROBE-TSV	1	tar	payload	deferred	save_rename_only	publish	1	0.282	0	0	269496320	1064	256	ok
PROBE-TSV	1	tar	payload	deferred	save_rename_only	reader_adoption	1	0.002	0	0	269496320	1064	256	ok
PROBE-TSV	1	tar	payload	deferred	save_rename_only	reload	1	2.373	0	0	269496320	1064	256	ok
PROBE-TSV	1	tar	payload	deferred	save_rename_only	replay	1	0.636	0	0	269496320	1064	256	ok
PROBE-TSV	1	tar	payload	deferred	save_rename_only	replay_plan	1	0.269	0	0	269496320	1064	256	ok
PROBE-TSV	1	tar	payload	deferred	save_rename_only	representability_differential	1	0.019	0	0	269496320	1064	256	ok
PROBE-TSV	1	tar	payload	deferred	save_rename_only	save_sheet	1	69.297	4612096	40960	269496320	1064	256	ok
PROBE-TSV	1	tar	payload	deferred	save_rename_only	total	1	69.814	4612096	40960	269496320	1064	256	ok
PROBE-TSV	1	tar	payload	deferred	save_rename_only	tree_build	1	0.604	0	0	269496320	1064	256	ok
PROBE-TSV	1	tar	payload	deferred	save_rename_only	updater_open	1	15.679	2306048	0	269496320	1064	256	ok
PROBE-TSV	1	tar	payload	deferred	save_rename_only	verification_open	1	11.587	2277376	0	269496320	1064	256	ok
PROBE-TSV	1	tar.gz	entries	immediate	delete_start	capability_probe	1	172.957	0	0	1044899	100000	0	ok
PROBE-TSV	1	tar.gz	entries	immediate	delete_start	commit	1	8.753	0	1052672	1044899	100000	0	ok
PROBE-TSV	1	tar.gz	entries	immediate	delete_start	display	1	3.169	0	0	1044899	100000	0	ok
PROBE-TSV	1	tar.gz	entries	immediate	delete_start	entry_comparison	1	61.042	0	0	1044899	100000	0	ok
PROBE-TSV	1	tar.gz	entries	immediate	delete_start	filter_compute	1	0.000	0	0	1044899	100000	0	ok
PROBE-TSV	1	tar.gz	entries	immediate	delete_start	mutate	1	58.164	0	0	1044899	100000	0	ok
PROBE-TSV	1	tar.gz	entries	immediate	delete_start	password_verification	1	0.228	0	0	1044899	100000	0	ok
PROBE-TSV	1	tar.gz	entries	immediate	delete_start	plan_build	1	0.015	0	0	1044899	100000	0	ok
PROBE-TSV	1	tar.gz	entries	immediate	delete_start	plan_validation	1	8.891	0	0	1044899	100000	0	ok
PROBE-TSV	1	tar.gz	entries	immediate	delete_start	publish	1	0.902	0	0	1044899	100000	0	ok
PROBE-TSV	1	tar.gz	entries	immediate	delete_start	reader_adoption	1	0.003	0	0	1044899	100000	0	ok
PROBE-TSV	1	tar.gz	entries	immediate	delete_start	reload	1	173.412	0	0	1044899	100000	0	ok
PROBE-TSV	1	tar.gz	entries	immediate	delete_start	total	1	1020.847	0	1064960	1044899	100000	0	ok
PROBE-TSV	1	tar.gz	entries	immediate	delete_start	tree_build	1	59.405	0	0	1044899	100000	0	ok
PROBE-TSV	1	tar.gz	entries	immediate	delete_start	updater_open	1	249.426	0	0	1044899	100000	0	ok
PROBE-TSV	1	tar.gz	entries	immediate	delete_start	verification_open	1	380.457	0	0	1044899	100000	0	ok
PROBE-TSV	1	tar.gz	entries	immediate	delete_end	capability_probe	1	169.637	0	0	1044899	100000	0	ok
PROBE-TSV	1	tar.gz	entries	immediate	delete_end	commit	1	8.381	0	1052672	1044899	100000	0	ok
PROBE-TSV	1	tar.gz	entries	immediate	delete_end	display	1	3.167	0	0	1044899	100000	0	ok
PROBE-TSV	1	tar.gz	entries	immediate	delete_end	entry_comparison	1	60.313	0	0	1044899	100000	0	ok
PROBE-TSV	1	tar.gz	entries	immediate	delete_end	filter_compute	1	0.000	0	0	1044899	100000	0	ok
PROBE-TSV	1	tar.gz	entries	immediate	delete_end	mutate	1	58.193	0	0	1044899	100000	0	ok
PROBE-TSV	1	tar.gz	entries	immediate	delete_end	password_verification	1	0.222	0	0	1044899	100000	0	ok
PROBE-TSV	1	tar.gz	entries	immediate	delete_end	plan_build	1	0.015	0	0	1044899	100000	0	ok
PROBE-TSV	1	tar.gz	entries	immediate	delete_end	plan_validation	1	8.792	0	0	1044899	100000	0	ok
PROBE-TSV	1	tar.gz	entries	immediate	delete_end	publish	1	0.824	0	0	1044899	100000	0	ok
PROBE-TSV	1	tar.gz	entries	immediate	delete_end	reader_adoption	1	0.003	0	0	1044899	100000	0	ok
PROBE-TSV	1	tar.gz	entries	immediate	delete_end	reload	1	170.015	0	0	1044899	100000	0	ok
PROBE-TSV	1	tar.gz	entries	immediate	delete_end	total	1	1017.120	0	1064960	1044899	100000	0	ok
PROBE-TSV	1	tar.gz	entries	immediate	delete_end	tree_build	1	60.564	0	0	1044899	100000	0	ok
PROBE-TSV	1	tar.gz	entries	immediate	delete_end	updater_open	1	250.212	0	0	1044899	100000	0	ok
PROBE-TSV	1	tar.gz	entries	immediate	delete_end	verification_open	1	379.304	0	0	1044899	100000	0	ok
PROBE-TSV	1	tar.gz	entries	immediate	rename_same_length	capability_probe	1	175.095	0	0	1044930	100000	0	ok
PROBE-TSV	1	tar.gz	entries	immediate	rename_same_length	commit	1	10.938	0	1060864	1044930	100000	0	ok
PROBE-TSV	1	tar.gz	entries	immediate	rename_same_length	display	1	3.090	0	0	1044930	100000	0	ok
PROBE-TSV	1	tar.gz	entries	immediate	rename_same_length	entry_comparison	1	62.255	0	0	1044930	100000	0	ok
PROBE-TSV	1	tar.gz	entries	immediate	rename_same_length	filter_compute	1	0.001	0	0	1044930	100000	0	ok
PROBE-TSV	1	tar.gz	entries	immediate	rename_same_length	mutate	1	58.336	0	0	1044930	100000	0	ok
PROBE-TSV	1	tar.gz	entries	immediate	rename_same_length	name_index_advance	1	12.622	0	0	1044930	100000	0	ok
PROBE-TSV	1	tar.gz	entries	immediate	rename_same_length	name_index_build	1	138.859	0	0	1044930	100000	0	ok
PROBE-TSV	1	tar.gz	entries	immediate	rename_same_length	password_verification	1	0.220	0	0	1044930	100000	0	ok
PROBE-TSV	1	tar.gz	entries	immediate	rename_same_length	plan_build	1	0.026	0	0	1044930	100000	0	ok
PROBE-TSV	1	tar.gz	entries	immediate	rename_same_length	plan_validation	1	8.899	0	0	1044930	100000	0	ok
PROBE-TSV	1	tar.gz	entries	immediate	rename_same_length	publish	1	0.855	0	0	1044930	100000	0	ok
PROBE-TSV	1	tar.gz	entries	immediate	rename_same_length	reader_adoption	1	0.002	0	0	1044930	100000	0	ok
PROBE-TSV	1	tar.gz	entries	immediate	rename_same_length	reload	1	188.498	0	0	1044930	100000	0	ok
PROBE-TSV	1	tar.gz	entries	immediate	rename_same_length	total	1	1184.618	0	1073152	1044930	100000	0	ok
PROBE-TSV	1	tar.gz	entries	immediate	rename_same_length	tree_build	1	63.336	0	0	1044930	100000	0	ok
PROBE-TSV	1	tar.gz	entries	immediate	rename_same_length	updater_open	1	248.527	0	0	1044930	100000	0	ok
PROBE-TSV	1	tar.gz	entries	immediate	rename_same_length	verification_open	1	382.857	0	0	1044930	100000	0	ok
PROBE-TSV	1	tar.gz	entries	immediate	rename_different_length	capability_probe	1	175.323	0	0	1044973	100000	0	ok
PROBE-TSV	1	tar.gz	entries	immediate	rename_different_length	commit	1	10.252	0	1060864	1044973	100000	0	ok
PROBE-TSV	1	tar.gz	entries	immediate	rename_different_length	display	1	3.351	0	0	1044973	100000	0	ok
PROBE-TSV	1	tar.gz	entries	immediate	rename_different_length	entry_comparison	1	61.416	0	0	1044973	100000	0	ok
PROBE-TSV	1	tar.gz	entries	immediate	rename_different_length	filter_compute	1	0.000	0	0	1044973	100000	0	ok
PROBE-TSV	1	tar.gz	entries	immediate	rename_different_length	mutate	1	59.653	0	0	1044973	100000	0	ok
PROBE-TSV	1	tar.gz	entries	immediate	rename_different_length	name_index_advance	1	12.391	0	0	1044973	100000	0	ok
PROBE-TSV	1	tar.gz	entries	immediate	rename_different_length	name_index_build	1	139.046	0	0	1044973	100000	0	ok
PROBE-TSV	1	tar.gz	entries	immediate	rename_different_length	password_verification	1	0.230	0	0	1044973	100000	0	ok
PROBE-TSV	1	tar.gz	entries	immediate	rename_different_length	plan_build	1	0.032	0	0	1044973	100000	0	ok
PROBE-TSV	1	tar.gz	entries	immediate	rename_different_length	plan_validation	1	9.287	0	0	1044973	100000	0	ok
PROBE-TSV	1	tar.gz	entries	immediate	rename_different_length	publish	1	0.915	0	0	1044973	100000	0	ok
PROBE-TSV	1	tar.gz	entries	immediate	rename_different_length	reader_adoption	1	0.003	0	0	1044973	100000	0	ok
PROBE-TSV	1	tar.gz	entries	immediate	rename_different_length	reload	1	188.510	0	0	1044973	100000	0	ok
PROBE-TSV	1	tar.gz	entries	immediate	rename_different_length	total	1	1190.118	0	1073152	1044973	100000	0	ok
PROBE-TSV	1	tar.gz	entries	immediate	rename_different_length	tree_build	1	62.588	0	0	1044973	100000	0	ok
PROBE-TSV	1	tar.gz	entries	immediate	rename_different_length	updater_open	1	249.374	0	0	1044973	100000	0	ok
PROBE-TSV	1	tar.gz	entries	immediate	rename_different_length	verification_open	1	387.352	0	0	1044973	100000	0	ok
PROBE-TSV	1	tar.gz	entries	immediate	rename_folder	capability_probe	1	174.564	0	0	1044955	100000	0	ok
PROBE-TSV	1	tar.gz	entries	immediate	rename_folder	commit	1	23.842	0	1572864	1044955	100000	0	ok
PROBE-TSV	1	tar.gz	entries	immediate	rename_folder	display	1	2.964	0	0	1044955	100000	0	ok
PROBE-TSV	1	tar.gz	entries	immediate	rename_folder	entry_comparison	1	60.418	0	0	1044955	100000	0	ok
PROBE-TSV	1	tar.gz	entries	immediate	rename_folder	filter_compute	1	0.000	0	0	1044955	100000	0	ok
PROBE-TSV	1	tar.gz	entries	immediate	rename_folder	mutate	1	63.911	0	0	1044955	100000	0	ok
PROBE-TSV	1	tar.gz	entries	immediate	rename_folder	name_index_advance	1	17.666	0	0	1044955	100000	0	ok
PROBE-TSV	1	tar.gz	entries	immediate	rename_folder	name_index_build	1	139.494	0	0	1044955	100000	0	ok
PROBE-TSV	1	tar.gz	entries	immediate	rename_folder	password_verification	1	0.231	0	0	1044955	100000	0	ok
PROBE-TSV	1	tar.gz	entries	immediate	rename_folder	plan_build	1	5.783	0	0	1044955	100000	0	ok
PROBE-TSV	1	tar.gz	entries	immediate	rename_folder	plan_validation	1	11.834	0	0	1044955	100000	0	ok
PROBE-TSV	1	tar.gz	entries	immediate	rename_folder	publish	1	0.962	0	0	1044955	100000	0	ok
PROBE-TSV	1	tar.gz	entries	immediate	rename_folder	reader_adoption	1	0.002	0	0	1044955	100000	0	ok
PROBE-TSV	1	tar.gz	entries	immediate	rename_folder	reload	1	192.965	0	0	1044955	100000	0	ok
PROBE-TSV	1	tar.gz	entries	immediate	rename_folder	total	1	1236.689	0	1585152	1044955	100000	0	ok
PROBE-TSV	1	tar.gz	entries	immediate	rename_folder	tree_build	1	64.146	0	0	1044955	100000	0	ok
PROBE-TSV	1	tar.gz	entries	immediate	rename_folder	updater_open	1	255.868	0	0	1044955	100000	0	ok
PROBE-TSV	1	tar.gz	entries	immediate	rename_folder	verification_open	1	394.496	0	0	1044955	100000	0	ok
PROBE-TSV	1	tar.gz	entries	immediate	new_folder	capability_probe	1	169.187	0	0	1044973	100000	0	ok
PROBE-TSV	1	tar.gz	entries	immediate	new_folder	commit	1	6.550	0	1060864	1044973	100000	0	ok
PROBE-TSV	1	tar.gz	entries	immediate	new_folder	display	1	3.033	0	0	1044973	100000	0	ok
PROBE-TSV	1	tar.gz	entries	immediate	new_folder	entry_comparison	1	61.617	0	0	1044973	100000	0	ok
PROBE-TSV	1	tar.gz	entries	immediate	new_folder	filter_compute	1	0.000	0	0	1044973	100000	0	ok
PROBE-TSV	1	tar.gz	entries	immediate	new_folder	mutate	1	69.157	0	0	1044973	100000	0	ok
PROBE-TSV	1	tar.gz	entries	immediate	new_folder	name_index_advance	1	11.745	0	0	1044973	100000	0	ok
PROBE-TSV	1	tar.gz	entries	immediate	new_folder	name_index_build	1	138.562	0	0	1044973	100000	0	ok
PROBE-TSV	1	tar.gz	entries	immediate	new_folder	password_verification	1	0.215	0	0	1044973	100000	0	ok
PROBE-TSV	1	tar.gz	entries	immediate	new_folder	plan_build	1	138.591	0	0	1044973	100000	0	ok
PROBE-TSV	1	tar.gz	entries	immediate	new_folder	plan_validation	1	9.333	0	0	1044973	100000	0	ok
PROBE-TSV	1	tar.gz	entries	immediate	new_folder	publish	1	0.770	0	0	1044973	100000	0	ok
PROBE-TSV	1	tar.gz	entries	immediate	new_folder	reader_adoption	1	0.003	0	0	1044973	100000	0	ok
PROBE-TSV	1	tar.gz	entries	immediate	new_folder	reload	1	181.780	0	0	1044973	100000	0	ok
PROBE-TSV	1	tar.gz	entries	immediate	new_folder	total	1	1186.656	0	1073152	1044973	100000	0	ok
PROBE-TSV	1	tar.gz	entries	immediate	new_folder	tree_build	1	61.986	0	0	1044973	100000	0	ok
PROBE-TSV	1	tar.gz	entries	immediate	new_folder	updater_open	1	249.289	0	0	1044973	100000	0	ok
PROBE-TSV	1	tar.gz	entries	immediate	new_folder	verification_open	1	387.993	0	0	1044973	100000	0	ok
PROBE-TSV	1	tar.gz	entries	immediate	add_file	capability_probe	1	172.536	0	0	1044961	100000	0	ok
PROBE-TSV	1	tar.gz	entries	immediate	add_file	commit	1	6.027	0	1060864	1044961	100000	0	ok
PROBE-TSV	1	tar.gz	entries	immediate	add_file	display	1	3.042	0	0	1044961	100000	0	ok
PROBE-TSV	1	tar.gz	entries	immediate	add_file	entry_comparison	1	60.336	0	0	1044961	100000	0	ok
PROBE-TSV	1	tar.gz	entries	immediate	add_file	filter_compute	1	0.000	0	0	1044961	100000	0	ok
PROBE-TSV	1	tar.gz	entries	immediate	add_file	mutate	1	61.739	0	0	1044961	100000	0	ok
PROBE-TSV	1	tar.gz	entries	immediate	add_file	name_index_advance	1	12.134	0	0	1044961	100000	0	ok
PROBE-TSV	1	tar.gz	entries	immediate	add_file	name_index_build	1	139.467	0	0	1044961	100000	0	ok
PROBE-TSV	1	tar.gz	entries	immediate	add_file	password_verification	1	0.219	0	0	1044961	100000	0	ok
PROBE-TSV	1	tar.gz	entries	immediate	add_file	plan_build	3	0.059	0	0	1044961	100000	0	ok
PROBE-TSV	1	tar.gz	entries	immediate	add_file	plan_validation	1	8.632	0	0	1044961	100000	0	ok
PROBE-TSV	1	tar.gz	entries	immediate	add_file	publish	1	0.881	0	0	1044961	100000	0	ok
PROBE-TSV	1	tar.gz	entries	immediate	add_file	reader_adoption	1	0.003	0	0	1044961	100000	0	ok
PROBE-TSV	1	tar.gz	entries	immediate	add_file	reload	1	185.350	0	0	1044961	100000	0	ok
PROBE-TSV	1	tar.gz	entries	immediate	add_file	total	1	1170.848	0	1073152	1044961	100000	0	ok
PROBE-TSV	1	tar.gz	entries	immediate	add_file	tree_build	1	58.951	0	0	1044961	100000	0	ok
PROBE-TSV	1	tar.gz	entries	immediate	add_file	updater_open	1	243.276	0	0	1044961	100000	0	ok
PROBE-TSV	1	tar.gz	entries	immediate	add_file	verification_open	1	386.258	0	0	1044961	100000	0	ok
PROBE-TSV	1	tar.gz	entries	immediate	replace_file	capability_probe	1	172.831	0	0	1044954	100000	0	ok
PROBE-TSV	1	tar.gz	entries	immediate	replace_file	commit	1	10.703	0	1060864	1044954	100000	0	ok
PROBE-TSV	1	tar.gz	entries	immediate	replace_file	display	1	3.071	0	0	1044954	100000	0	ok
PROBE-TSV	1	tar.gz	entries	immediate	replace_file	entry_comparison	1	62.108	0	0	1044954	100000	0	ok
PROBE-TSV	1	tar.gz	entries	immediate	replace_file	filter_compute	1	0.000	0	0	1044954	100000	0	ok
PROBE-TSV	1	tar.gz	entries	immediate	replace_file	mutate	1	116.731	0	0	1044954	100000	0	ok
PROBE-TSV	1	tar.gz	entries	immediate	replace_file	name_index_advance	1	12.277	0	0	1044954	100000	0	ok
PROBE-TSV	1	tar.gz	entries	immediate	replace_file	name_index_build	1	137.531	0	0	1044954	100000	0	ok
PROBE-TSV	1	tar.gz	entries	immediate	replace_file	password_verification	1	0.224	0	0	1044954	100000	0	ok
PROBE-TSV	1	tar.gz	entries	immediate	replace_file	plan_build	4	2.434	0	0	1044954	100000	0	ok
PROBE-TSV	1	tar.gz	entries	immediate	replace_file	plan_validation	1	9.128	0	0	1044954	100000	0	ok
PROBE-TSV	1	tar.gz	entries	immediate	replace_file	publish	1	0.835	0	0	1044954	100000	0	ok
PROBE-TSV	1	tar.gz	entries	immediate	replace_file	reader_adoption	1	0.003	0	0	1044954	100000	0	ok
PROBE-TSV	1	tar.gz	entries	immediate	replace_file	reload	1	185.762	0	0	1044954	100000	0	ok
PROBE-TSV	1	tar.gz	entries	immediate	replace_file	total	1	1234.381	4096	1073152	1044954	100000	0	ok
PROBE-TSV	1	tar.gz	entries	immediate	replace_file	tree_build	1	59.800	0	0	1044954	100000	0	ok
PROBE-TSV	1	tar.gz	entries	immediate	replace_file	updater_open	1	245.492	0	0	1044954	100000	0	ok
PROBE-TSV	1	tar.gz	entries	immediate	replace_file	verification_open	1	381.554	4096	0	1044954	100000	0	ok
PROBE-TSV	1	tar.gz	entries	deferred	five_changes_reserve_rename	display	1	3.004	0	0	1044925	100000	0	ok
PROBE-TSV	1	tar.gz	entries	deferred	five_changes_reserve_rename	filter_compute	1	0.001	0	0	1044925	100000	0	ok
PROBE-TSV	1	tar.gz	entries	deferred	five_changes_reserve_rename	password_verification	1	0.580	0	0	1044925	100000	0	ok
PROBE-TSV	1	tar.gz	entries	deferred	five_changes_reserve_rename	total	1	145.276	0	0	1044925	100000	0	ok
PROBE-TSV	1	tar.gz	entries	deferred	five_changes_reserve_rename	tree_build	1	63.206	0	0	1044925	100000	0	ok
PROBE-TSV	1	tar.gz	entries	deferred	five_changes_reserve_delete	display	1	2.956	0	0	1044925	100000	0	ok
PROBE-TSV	1	tar.gz	entries	deferred	five_changes_reserve_delete	filter_compute	1	0.001	0	0	1044925	100000	0	ok
PROBE-TSV	1	tar.gz	entries	deferred	five_changes_reserve_delete	password_verification	1	0.579	0	0	1044925	100000	0	ok
PROBE-TSV	1	tar.gz	entries	deferred	five_changes_reserve_delete	total	1	149.754	0	0	1044925	100000	0	ok
PROBE-TSV	1	tar.gz	entries	deferred	five_changes_reserve_delete	tree_build	1	63.264	0	0	1044925	100000	0	ok
PROBE-TSV	1	tar.gz	entries	deferred	five_changes_reserve_new_folder	display	1	3.130	0	0	1044925	100000	0	ok
PROBE-TSV	1	tar.gz	entries	deferred	five_changes_reserve_new_folder	filter_compute	1	0.001	0	0	1044925	100000	0	ok
PROBE-TSV	1	tar.gz	entries	deferred	five_changes_reserve_new_folder	password_verification	1	0.576	0	0	1044925	100000	0	ok
PROBE-TSV	1	tar.gz	entries	deferred	five_changes_reserve_new_folder	total	1	145.135	0	0	1044925	100000	0	ok
PROBE-TSV	1	tar.gz	entries	deferred	five_changes_reserve_new_folder	tree_build	1	58.540	0	0	1044925	100000	0	ok
PROBE-TSV	1	tar.gz	entries	deferred	five_changes_reserve_delete_folder	display	1	3.301	0	0	1044925	100000	0	ok
PROBE-TSV	1	tar.gz	entries	deferred	five_changes_reserve_delete_folder	filter_compute	1	0.000	0	0	1044925	100000	0	ok
PROBE-TSV	1	tar.gz	entries	deferred	five_changes_reserve_delete_folder	password_verification	1	0.579	0	0	1044925	100000	0	ok
PROBE-TSV	1	tar.gz	entries	deferred	five_changes_reserve_delete_folder	total	1	155.276	0	0	1044925	100000	0	ok
PROBE-TSV	1	tar.gz	entries	deferred	five_changes_reserve_delete_folder	tree_build	1	63.859	0	0	1044925	100000	0	ok
PROBE-TSV	1	tar.gz	entries	deferred	five_changes_reserve_add	display	1	3.446	0	0	1044925	100000	0	ok
PROBE-TSV	1	tar.gz	entries	deferred	five_changes_reserve_add	filter_compute	1	0.001	0	0	1044925	100000	0	ok
PROBE-TSV	1	tar.gz	entries	deferred	five_changes_reserve_add	password_verification	1	0.578	0	0	1044925	100000	0	ok
PROBE-TSV	1	tar.gz	entries	deferred	five_changes_reserve_add	plan_build	3	0.070	0	0	1044925	100000	0	ok
PROBE-TSV	1	tar.gz	entries	deferred	five_changes_reserve_add	total	1	149.413	0	4096	1044925	100000	0	ok
PROBE-TSV	1	tar.gz	entries	deferred	five_changes_reserve_add	tree_build	1	58.978	0	0	1044925	100000	0	ok
PROBE-TSV	1	tar.gz	entries	deferred	save_five_changes	capability_probe	1	175.246	0	0	1034571	100000	0	ok
PROBE-TSV	1	tar.gz	entries	deferred	save_five_changes	commit	1	11.815	0	1048576	1034571	100000	0	ok
PROBE-TSV	1	tar.gz	entries	deferred	save_five_changes	display	1	2.962	0	0	1034571	100000	0	ok
PROBE-TSV	1	tar.gz	entries	deferred	save_five_changes	editing_install	1	0.005	0	0	1034571	100000	0	ok
PROBE-TSV	1	tar.gz	entries	deferred	save_five_changes	editing_prepare	1	23.557	0	0	1034571	100000	0	ok
PROBE-TSV	1	tar.gz	entries	deferred	save_five_changes	entry_comparison	1	61.719	0	0	1034571	100000	0	ok
PROBE-TSV	1	tar.gz	entries	deferred	save_five_changes	filter_compute	2	0.002	0	0	1034571	100000	0	ok
PROBE-TSV	1	tar.gz	entries	deferred	save_five_changes	name_index_advance	1	15.616	0	0	1034571	100000	0	ok
PROBE-TSV	1	tar.gz	entries	deferred	save_five_changes	password_verification	1	0.566	0	0	1034571	100000	0	ok
PROBE-TSV	1	tar.gz	entries	deferred	save_five_changes	publish	1	0.986	0	0	1034571	100000	0	ok
PROBE-TSV	1	tar.gz	entries	deferred	save_five_changes	reader_adoption	1	0.004	0	0	1034571	100000	0	ok
PROBE-TSV	1	tar.gz	entries	deferred	save_five_changes	reload	1	191.692	0	0	1034571	100000	0	ok
PROBE-TSV	1	tar.gz	entries	deferred	save_five_changes	replay	1	123.698	4096	0	1034571	100000	0	ok
PROBE-TSV	1	tar.gz	entries	deferred	save_five_changes	replay_plan	1	23.128	0	0	1034571	100000	0	ok
PROBE-TSV	1	tar.gz	entries	deferred	save_five_changes	representability_differential	1	0.830	0	0	1034571	100000	0	ok
PROBE-TSV	1	tar.gz	entries	deferred	save_five_changes	save_sheet	1	1482.734	4096	1073152	1034571	100000	0	ok
PROBE-TSV	1	tar.gz	entries	deferred	save_five_changes	total	1	1506.600	4096	1073152	1034571	100000	0	ok
PROBE-TSV	1	tar.gz	entries	deferred	save_five_changes	tree_build	1	62.712	0	0	1034571	100000	0	ok
PROBE-TSV	1	tar.gz	entries	deferred	save_five_changes	updater_open	1	251.171	0	0	1034571	100000	0	ok
PROBE-TSV	1	tar.gz	entries	deferred	save_five_changes	verification_open	1	388.091	0	0	1034571	100000	0	ok
PROBE-TSV	1	tar.gz	entries	deferred	rename_only_reserve_rename	display	1	2.781	0	0	1044925	100000	0	ok
PROBE-TSV	1	tar.gz	entries	deferred	rename_only_reserve_rename	filter_compute	1	0.001	0	0	1044925	100000	0	ok
PROBE-TSV	1	tar.gz	entries	deferred	rename_only_reserve_rename	password_verification	1	0.565	0	0	1044925	100000	0	ok
PROBE-TSV	1	tar.gz	entries	deferred	rename_only_reserve_rename	total	1	142.145	0	0	1044925	100000	0	ok
PROBE-TSV	1	tar.gz	entries	deferred	rename_only_reserve_rename	tree_build	1	62.244	0	0	1044925	100000	0	ok
PROBE-TSV	1	tar.gz	entries	deferred	save_rename_only	capability_probe	1	174.256	0	0	1044946	100000	0	ok
PROBE-TSV	1	tar.gz	entries	deferred	save_rename_only	commit	1	9.878	0	1060864	1044946	100000	0	ok
PROBE-TSV	1	tar.gz	entries	deferred	save_rename_only	display	1	2.782	0	0	1044946	100000	0	ok
PROBE-TSV	1	tar.gz	entries	deferred	save_rename_only	editing_install	1	0.006	0	0	1044946	100000	0	ok
PROBE-TSV	1	tar.gz	entries	deferred	save_rename_only	editing_prepare	1	25.789	0	0	1044946	100000	0	ok
PROBE-TSV	1	tar.gz	entries	deferred	save_rename_only	entry_comparison	1	59.586	0	0	1044946	100000	0	ok
PROBE-TSV	1	tar.gz	entries	deferred	save_rename_only	filter_compute	2	0.001	0	0	1044946	100000	0	ok
PROBE-TSV	1	tar.gz	entries	deferred	save_rename_only	name_index_advance	1	13.073	0	0	1044946	100000	0	ok
PROBE-TSV	1	tar.gz	entries	deferred	save_rename_only	password_verification	1	0.557	0	0	1044946	100000	0	ok
PROBE-TSV	1	tar.gz	entries	deferred	save_rename_only	publish	1	0.324	0	0	1044946	100000	0	ok
PROBE-TSV	1	tar.gz	entries	deferred	save_rename_only	reader_adoption	1	0.003	0	0	1044946	100000	0	ok
PROBE-TSV	1	tar.gz	entries	deferred	save_rename_only	reload	1	188.019	0	0	1044946	100000	0	ok
PROBE-TSV	1	tar.gz	entries	deferred	save_rename_only	replay	1	59.783	0	0	1044946	100000	0	ok
PROBE-TSV	1	tar.gz	entries	deferred	save_rename_only	replay_plan	1	21.471	0	0	1044946	100000	0	ok
PROBE-TSV	1	tar.gz	entries	deferred	save_rename_only	representability_differential	1	0.023	0	0	1044946	100000	0	ok
PROBE-TSV	1	tar.gz	entries	deferred	save_rename_only	save_sheet	1	1399.372	0	1073152	1044946	100000	0	ok
PROBE-TSV	1	tar.gz	entries	deferred	save_rename_only	total	1	1425.444	0	1073152	1044946	100000	0	ok
PROBE-TSV	1	tar.gz	entries	deferred	save_rename_only	tree_build	1	58.342	0	0	1044946	100000	0	ok
PROBE-TSV	1	tar.gz	entries	deferred	save_rename_only	updater_open	1	247.738	0	0	1044946	100000	0	ok
PROBE-TSV	1	tar.gz	entries	deferred	save_rename_only	verification_open	1	380.042	0	0	1044946	100000	0	ok
PROBE-TSV	1	tar.gz	payload	immediate	delete_start	capability_probe	1	1.928	0	0	160817829	1064	256	ok
PROBE-TSV	1	tar.gz	payload	immediate	delete_start	commit	1	59.163	0	160833536	160817829	1064	256	ok
PROBE-TSV	1	tar.gz	payload	immediate	delete_start	display	1	1.205	0	0	160817829	1064	256	ok
PROBE-TSV	1	tar.gz	payload	immediate	delete_start	entry_comparison	1	0.612	0	0	160817829	1064	256	ok
PROBE-TSV	1	tar.gz	payload	immediate	delete_start	filter_compute	1	0.000	0	0	160817829	1064	256	ok
PROBE-TSV	1	tar.gz	payload	immediate	delete_start	mutate	1	0.606	0	0	160817829	1064	256	ok
PROBE-TSV	1	tar.gz	payload	immediate	delete_start	password_verification	1	0.024	0	0	160817829	1064	256	ok
PROBE-TSV	1	tar.gz	payload	immediate	delete_start	plan_build	1	0.011	0	0	160817829	1064	256	ok
PROBE-TSV	1	tar.gz	payload	immediate	delete_start	plan_validation	1	0.088	0	0	160817829	1064	256	ok
PROBE-TSV	1	tar.gz	payload	immediate	delete_start	publish	1	0.741	0	0	160817829	1064	256	ok
PROBE-TSV	1	tar.gz	payload	immediate	delete_start	reader_adoption	1	0.002	0	0	160817829	1064	256	ok
PROBE-TSV	1	tar.gz	payload	immediate	delete_start	reload	1	2.084	0	0	160817829	1064	256	ok
PROBE-TSV	1	tar.gz	payload	immediate	delete_start	total	1	112.117	0	160845824	160817829	1064	256	ok
PROBE-TSV	1	tar.gz	payload	immediate	delete_start	tree_build	1	0.580	0	0	160817829	1064	256	ok
PROBE-TSV	1	tar.gz	payload	immediate	delete_start	updater_open	1	2.685	0	0	160817829	1064	256	ok
PROBE-TSV	1	tar.gz	payload	immediate	delete_start	verification_open	1	40.968	0	0	160817829	1064	256	ok
PROBE-TSV	1	tar.gz	payload	immediate	delete_end	capability_probe	1	1.954	0	0	162811987	1064	256	ok
PROBE-TSV	1	tar.gz	payload	immediate	delete_end	commit	1	26.211	0	162824192	162811987	1064	256	ok
PROBE-TSV	1	tar.gz	payload	immediate	delete_end	display	1	1.220	0	0	162811987	1064	256	ok
PROBE-TSV	1	tar.gz	payload	immediate	delete_end	entry_comparison	1	0.613	0	0	162811987	1064	256	ok
PROBE-TSV	1	tar.gz	payload	immediate	delete_end	filter_compute	1	0.000	0	0	162811987	1064	256	ok
PROBE-TSV	1	tar.gz	payload	immediate	delete_end	mutate	1	0.620	0	0	162811987	1064	256	ok
PROBE-TSV	1	tar.gz	payload	immediate	delete_end	password_verification	1	0.026	0	0	162811987	1064	256	ok
PROBE-TSV	1	tar.gz	payload	immediate	delete_end	plan_build	1	0.013	0	0	162811987	1064	256	ok
PROBE-TSV	1	tar.gz	payload	immediate	delete_end	plan_validation	1	0.095	0	0	162811987	1064	256	ok
PROBE-TSV	1	tar.gz	payload	immediate	delete_end	publish	1	0.719	0	0	162811987	1064	256	ok
PROBE-TSV	1	tar.gz	payload	immediate	delete_end	reader_adoption	1	0.002	0	0	162811987	1064	256	ok
PROBE-TSV	1	tar.gz	payload	immediate	delete_end	reload	1	2.141	0	0	162811987	1064	256	ok
PROBE-TSV	1	tar.gz	payload	immediate	delete_end	total	1	78.689	0	162836480	162811987	1064	256	ok
PROBE-TSV	1	tar.gz	payload	immediate	delete_end	tree_build	1	0.571	0	0	162811987	1064	256	ok
PROBE-TSV	1	tar.gz	payload	immediate	delete_end	updater_open	1	2.777	0	0	162811987	1064	256	ok
PROBE-TSV	1	tar.gz	payload	immediate	delete_end	verification_open	1	40.113	0	0	162811987	1064	256	ok
PROBE-TSV	1	tar.gz	payload	immediate	rename_same_length	capability_probe	1	2.137	0	0	162811997	1064	256	ok
PROBE-TSV	1	tar.gz	payload	immediate	rename_same_length	commit	1	59.441	0	162824192	162811997	1064	256	ok
PROBE-TSV	1	tar.gz	payload	immediate	rename_same_length	display	1	1.212	0	0	162811997	1064	256	ok
PROBE-TSV	1	tar.gz	payload	immediate	rename_same_length	entry_comparison	1	0.676	0	0	162811997	1064	256	ok
PROBE-TSV	1	tar.gz	payload	immediate	rename_same_length	filter_compute	1	0.000	0	0	162811997	1064	256	ok
PROBE-TSV	1	tar.gz	payload	immediate	rename_same_length	mutate	1	0.631	0	0	162811997	1064	256	ok
PROBE-TSV	1	tar.gz	payload	immediate	rename_same_length	name_index_advance	1	0.140	0	0	162811997	1064	256	ok
PROBE-TSV	1	tar.gz	payload	immediate	rename_same_length	name_index_build	1	1.415	0	0	162811997	1064	256	ok
PROBE-TSV	1	tar.gz	payload	immediate	rename_same_length	password_verification	1	0.036	0	0	162811997	1064	256	ok
PROBE-TSV	1	tar.gz	payload	immediate	rename_same_length	plan_build	1	0.017	0	0	162811997	1064	256	ok
PROBE-TSV	1	tar.gz	payload	immediate	rename_same_length	plan_validation	1	0.105	0	0	162811997	1064	256	ok
PROBE-TSV	1	tar.gz	payload	immediate	rename_same_length	publish	1	0.733	0	0	162811997	1064	256	ok
PROBE-TSV	1	tar.gz	payload	immediate	rename_same_length	reader_adoption	1	0.002	0	0	162811997	1064	256	ok
PROBE-TSV	1	tar.gz	payload	immediate	rename_same_length	reload	1	2.500	0	0	162811997	1064	256	ok
PROBE-TSV	1	tar.gz	payload	immediate	rename_same_length	total	1	115.843	0	162836480	162811997	1064	256	ok
PROBE-TSV	1	tar.gz	payload	immediate	rename_same_length	tree_build	1	0.576	0	0	162811997	1064	256	ok
PROBE-TSV	1	tar.gz	payload	immediate	rename_same_length	updater_open	1	2.802	0	0	162811997	1064	256	ok
PROBE-TSV	1	tar.gz	payload	immediate	rename_same_length	verification_open	1	42.220	0	0	162811997	1064	256	ok
PROBE-TSV	1	tar.gz	payload	immediate	rename_different_length	capability_probe	1	2.021	0	0	162812014	1064	256	ok
PROBE-TSV	1	tar.gz	payload	immediate	rename_different_length	commit	1	59.806	0	162824192	162812014	1064	256	ok
PROBE-TSV	1	tar.gz	payload	immediate	rename_different_length	display	1	1.080	0	0	162812014	1064	256	ok
PROBE-TSV	1	tar.gz	payload	immediate	rename_different_length	entry_comparison	1	0.616	0	0	162812014	1064	256	ok
PROBE-TSV	1	tar.gz	payload	immediate	rename_different_length	filter_compute	1	0.000	0	0	162812014	1064	256	ok
PROBE-TSV	1	tar.gz	payload	immediate	rename_different_length	mutate	1	0.604	0	0	162812014	1064	256	ok
PROBE-TSV	1	tar.gz	payload	immediate	rename_different_length	name_index_advance	1	0.137	0	0	162812014	1064	256	ok
PROBE-TSV	1	tar.gz	payload	immediate	rename_different_length	name_index_build	1	1.435	0	0	162812014	1064	256	ok
PROBE-TSV	1	tar.gz	payload	immediate	rename_different_length	password_verification	1	0.026	0	0	162812014	1064	256	ok
PROBE-TSV	1	tar.gz	payload	immediate	rename_different_length	plan_build	1	0.017	0	0	162812014	1064	256	ok
PROBE-TSV	1	tar.gz	payload	immediate	rename_different_length	plan_validation	1	0.096	0	0	162812014	1064	256	ok
PROBE-TSV	1	tar.gz	payload	immediate	rename_different_length	publish	1	0.766	0	0	162812014	1064	256	ok
PROBE-TSV	1	tar.gz	payload	immediate	rename_different_length	reader_adoption	1	0.002	0	0	162812014	1064	256	ok
PROBE-TSV	1	tar.gz	payload	immediate	rename_different_length	reload	1	2.361	0	0	162812014	1064	256	ok
PROBE-TSV	1	tar.gz	payload	immediate	rename_different_length	total	1	114.787	0	162836480	162812014	1064	256	ok
PROBE-TSV	1	tar.gz	payload	immediate	rename_different_length	tree_build	1	0.563	0	0	162812014	1064	256	ok
PROBE-TSV	1	tar.gz	payload	immediate	rename_different_length	updater_open	1	2.702	0	0	162812014	1064	256	ok
PROBE-TSV	1	tar.gz	payload	immediate	rename_different_length	verification_open	1	41.369	0	0	162812014	1064	256	ok
PROBE-TSV	1	tar.gz	payload	immediate	rename_folder	capability_probe	1	2.179	0	0	162812292	1064	256	ok
PROBE-TSV	1	tar.gz	payload	immediate	rename_folder	commit	1	926.664	0	162852864	162812292	1064	256	ok
PROBE-TSV	1	tar.gz	payload	immediate	rename_folder	display	1	1.262	0	0	162812292	1064	256	ok
PROBE-TSV	1	tar.gz	payload	immediate	rename_folder	entry_comparison	1	0.668	0	0	162812292	1064	256	ok
PROBE-TSV	1	tar.gz	payload	immediate	rename_folder	filter_compute	1	0.000	0	0	162812292	1064	256	ok
PROBE-TSV	1	tar.gz	payload	immediate	rename_folder	mutate	1	0.965	0	0	162812292	1064	256	ok
PROBE-TSV	1	tar.gz	payload	immediate	rename_folder	name_index_advance	1	0.412	0	0	162812292	1064	256	ok
PROBE-TSV	1	tar.gz	payload	immediate	rename_folder	name_index_build	1	1.583	0	0	162812292	1064	256	ok
PROBE-TSV	1	tar.gz	payload	immediate	rename_folder	password_verification	1	0.029	0	0	162812292	1064	256	ok
PROBE-TSV	1	tar.gz	payload	immediate	rename_folder	plan_build	1	0.358	0	0	162812292	1064	256	ok
PROBE-TSV	1	tar.gz	payload	immediate	rename_folder	plan_validation	1	0.253	0	0	162812292	1064	256	ok
PROBE-TSV	1	tar.gz	payload	immediate	rename_folder	publish	1	0.804	0	0	162812292	1064	256	ok
PROBE-TSV	1	tar.gz	payload	immediate	rename_folder	reader_adoption	1	0.002	0	0	162812292	1064	256	ok
PROBE-TSV	1	tar.gz	payload	immediate	rename_folder	reload	1	2.804	0	0	162812292	1064	256	ok
PROBE-TSV	1	tar.gz	payload	immediate	rename_folder	total	1	1063.415	0	229974016	162812292	1064	256	ok
PROBE-TSV	1	tar.gz	payload	immediate	rename_folder	tree_build	1	0.586	0	0	162812292	1064	256	ok
PROBE-TSV	1	tar.gz	payload	immediate	rename_folder	updater_open	1	2.969	0	0	162812292	1064	256	ok
PROBE-TSV	1	tar.gz	payload	immediate	rename_folder	verification_open	1	121.021	0	67108864	162812292	1064	256	ok
PROBE-TSV	1	tar.gz	payload	immediate	new_folder	capability_probe	1	2.250	0	0	162812045	1064	256	ok
PROBE-TSV	1	tar.gz	payload	immediate	new_folder	commit	1	23.456	0	162820096	162812045	1064	256	ok
PROBE-TSV	1	tar.gz	payload	immediate	new_folder	display	1	1.248	0	0	162812045	1064	256	ok
PROBE-TSV	1	tar.gz	payload	immediate	new_folder	entry_comparison	1	0.694	0	0	162812045	1064	256	ok
PROBE-TSV	1	tar.gz	payload	immediate	new_folder	filter_compute	1	0.000	0	0	162812045	1064	256	ok
PROBE-TSV	1	tar.gz	payload	immediate	new_folder	mutate	1	0.769	0	0	162812045	1064	256	ok
PROBE-TSV	1	tar.gz	payload	immediate	new_folder	name_index_advance	1	0.121	0	0	162812045	1064	256	ok
PROBE-TSV	1	tar.gz	payload	immediate	new_folder	name_index_build	1	1.600	0	0	162812045	1064	256	ok
PROBE-TSV	1	tar.gz	payload	immediate	new_folder	password_verification	1	0.026	0	0	162812045	1064	256	ok
PROBE-TSV	1	tar.gz	payload	immediate	new_folder	plan_build	1	1.610	0	0	162812045	1064	256	ok
PROBE-TSV	1	tar.gz	payload	immediate	new_folder	plan_validation	1	0.095	0	0	162812045	1064	256	ok
PROBE-TSV	1	tar.gz	payload	immediate	new_folder	publish	1	0.770	0	0	162812045	1064	256	ok
PROBE-TSV	1	tar.gz	payload	immediate	new_folder	reader_adoption	1	0.002	0	0	162812045	1064	256	ok
PROBE-TSV	1	tar.gz	payload	immediate	new_folder	reload	1	2.588	0	0	162812045	1064	256	ok
PROBE-TSV	1	tar.gz	payload	immediate	new_folder	total	1	79.313	0	162832384	162812045	1064	256	ok
PROBE-TSV	1	tar.gz	payload	immediate	new_folder	tree_build	1	0.589	0	0	162812045	1064	256	ok
PROBE-TSV	1	tar.gz	payload	immediate	new_folder	updater_open	1	2.909	0	0	162812045	1064	256	ok
PROBE-TSV	1	tar.gz	payload	immediate	new_folder	verification_open	1	41.239	0	0	162812045	1064	256	ok
PROBE-TSV	1	tar.gz	payload	immediate	add_file	capability_probe	1	2.035	0	0	162812035	1064	256	ok
PROBE-TSV	1	tar.gz	payload	immediate	add_file	commit	1	24.777	0	162820096	162812035	1064	256	ok
PROBE-TSV	1	tar.gz	payload	immediate	add_file	display	1	1.244	0	0	162812035	1064	256	ok
PROBE-TSV	1	tar.gz	payload	immediate	add_file	entry_comparison	1	0.644	0	0	162812035	1064	256	ok
PROBE-TSV	1	tar.gz	payload	immediate	add_file	filter_compute	1	0.000	0	0	162812035	1064	256	ok
PROBE-TSV	1	tar.gz	payload	immediate	add_file	mutate	1	0.830	0	0	162812035	1064	256	ok
PROBE-TSV	1	tar.gz	payload	immediate	add_file	name_index_advance	1	0.139	0	0	162812035	1064	256	ok
PROBE-TSV	1	tar.gz	payload	immediate	add_file	name_index_build	1	1.563	0	0	162812035	1064	256	ok
PROBE-TSV	1	tar.gz	payload	immediate	add_file	password_verification	1	0.029	0	0	162812035	1064	256	ok
PROBE-TSV	1	tar.gz	payload	immediate	add_file	plan_build	3	0.042	0	0	162812035	1064	256	ok
PROBE-TSV	1	tar.gz	payload	immediate	add_file	plan_validation	1	0.094	0	0	162812035	1064	256	ok
PROBE-TSV	1	tar.gz	payload	immediate	add_file	publish	1	0.773	0	0	162812035	1064	256	ok
PROBE-TSV	1	tar.gz	payload	immediate	add_file	reader_adoption	1	0.002	0	0	162812035	1064	256	ok
PROBE-TSV	1	tar.gz	payload	immediate	add_file	reload	1	2.395	0	0	162812035	1064	256	ok
PROBE-TSV	1	tar.gz	payload	immediate	add_file	total	1	81.718	0	162832384	162812035	1064	256	ok
PROBE-TSV	1	tar.gz	payload	immediate	add_file	tree_build	1	0.577	0	0	162812035	1064	256	ok
PROBE-TSV	1	tar.gz	payload	immediate	add_file	updater_open	1	2.805	0	0	162812035	1064	256	ok
PROBE-TSV	1	tar.gz	payload	immediate	add_file	verification_open	1	41.534	0	0	162812035	1064	256	ok
PROBE-TSV	1	tar.gz	payload	immediate	replace_file	capability_probe	1	2.230	0	0	160817870	1064	256	ok
PROBE-TSV	1	tar.gz	payload	immediate	replace_file	commit	1	59.095	0	160833536	160817870	1064	256	ok
PROBE-TSV	1	tar.gz	payload	immediate	replace_file	display	1	1.188	0	0	160817870	1064	256	ok
PROBE-TSV	1	tar.gz	payload	immediate	replace_file	entry_comparison	1	0.701	0	0	160817870	1064	256	ok
PROBE-TSV	1	tar.gz	payload	immediate	replace_file	filter_compute	1	0.000	0	0	160817870	1064	256	ok
PROBE-TSV	1	tar.gz	payload	immediate	replace_file	mutate	1	1.424	0	0	160817870	1064	256	ok
PROBE-TSV	1	tar.gz	payload	immediate	replace_file	name_index_advance	1	0.137	0	0	160817870	1064	256	ok
PROBE-TSV	1	tar.gz	payload	immediate	replace_file	name_index_build	1	1.618	0	0	160817870	1064	256	ok
PROBE-TSV	1	tar.gz	payload	immediate	replace_file	password_verification	1	0.032	0	0	160817870	1064	256	ok
PROBE-TSV	1	tar.gz	payload	immediate	replace_file	plan_build	4	0.090	0	0	160817870	1064	256	ok
PROBE-TSV	1	tar.gz	payload	immediate	replace_file	plan_validation	1	0.094	0	0	160817870	1064	256	ok
PROBE-TSV	1	tar.gz	payload	immediate	replace_file	publish	1	0.705	0	0	160817870	1064	256	ok
PROBE-TSV	1	tar.gz	payload	immediate	replace_file	reader_adoption	1	0.003	0	0	160817870	1064	256	ok
PROBE-TSV	1	tar.gz	payload	immediate	replace_file	reload	1	2.584	0	0	160817870	1064	256	ok
PROBE-TSV	1	tar.gz	payload	immediate	replace_file	total	1	116.397	0	160845824	160817870	1064	256	ok
PROBE-TSV	1	tar.gz	payload	immediate	replace_file	tree_build	1	0.581	0	0	160817870	1064	256	ok
PROBE-TSV	1	tar.gz	payload	immediate	replace_file	updater_open	1	2.953	0	0	160817870	1064	256	ok
PROBE-TSV	1	tar.gz	payload	immediate	replace_file	verification_open	1	41.798	0	0	160817870	1064	256	ok
PROBE-TSV	1	tar.gz	payload	deferred	five_changes_reserve_rename	display	1	1.084	0	0	162811997	1064	256	ok
PROBE-TSV	1	tar.gz	payload	deferred	five_changes_reserve_rename	filter_compute	1	0.000	0	0	162811997	1064	256	ok
PROBE-TSV	1	tar.gz	payload	deferred	five_changes_reserve_rename	password_verification	1	0.031	0	0	162811997	1064	256	ok
PROBE-TSV	1	tar.gz	payload	deferred	five_changes_reserve_rename	total	1	5.705	0	0	162811997	1064	256	ok
PROBE-TSV	1	tar.gz	payload	deferred	five_changes_reserve_rename	tree_build	1	0.594	0	0	162811997	1064	256	ok
PROBE-TSV	1	tar.gz	payload	deferred	five_changes_reserve_delete	display	1	0.461	0	0	162811997	1064	256	ok
PROBE-TSV	1	tar.gz	payload	deferred	five_changes_reserve_delete	filter_compute	1	0.000	0	0	162811997	1064	256	ok
PROBE-TSV	1	tar.gz	payload	deferred	five_changes_reserve_delete	password_verification	1	0.030	0	0	162811997	1064	256	ok
PROBE-TSV	1	tar.gz	payload	deferred	five_changes_reserve_delete	total	1	3.856	0	0	162811997	1064	256	ok
PROBE-TSV	1	tar.gz	payload	deferred	five_changes_reserve_delete	tree_build	1	0.636	0	0	162811997	1064	256	ok
PROBE-TSV	1	tar.gz	payload	deferred	five_changes_reserve_new_folder	display	1	0.364	0	0	162811997	1064	256	ok
PROBE-TSV	1	tar.gz	payload	deferred	five_changes_reserve_new_folder	filter_compute	1	0.000	0	0	162811997	1064	256	ok
PROBE-TSV	1	tar.gz	payload	deferred	five_changes_reserve_new_folder	password_verification	1	0.029	0	0	162811997	1064	256	ok
PROBE-TSV	1	tar.gz	payload	deferred	five_changes_reserve_new_folder	total	1	3.598	0	0	162811997	1064	256	ok
PROBE-TSV	1	tar.gz	payload	deferred	five_changes_reserve_new_folder	tree_build	1	0.592	0	0	162811997	1064	256	ok
PROBE-TSV	1	tar.gz	payload	deferred	five_changes_reserve_delete_folder	display	1	1.197	0	0	162811997	1064	256	ok
PROBE-TSV	1	tar.gz	payload	deferred	five_changes_reserve_delete_folder	filter_compute	1	0.000	0	0	162811997	1064	256	ok
PROBE-TSV	1	tar.gz	payload	deferred	five_changes_reserve_delete_folder	password_verification	1	0.031	0	0	162811997	1064	256	ok
PROBE-TSV	1	tar.gz	payload	deferred	five_changes_reserve_delete_folder	total	1	39.916	0	0	162811997	1064	256	ok
PROBE-TSV	1	tar.gz	payload	deferred	five_changes_reserve_delete_folder	tree_build	1	0.048	0	0	162811997	1064	256	ok
PROBE-TSV	1	tar.gz	payload	deferred	five_changes_reserve_add	display	1	1.025	0	0	162811997	1064	256	ok
PROBE-TSV	1	tar.gz	payload	deferred	five_changes_reserve_add	filter_compute	1	0.000	0	0	162811997	1064	256	ok
PROBE-TSV	1	tar.gz	payload	deferred	five_changes_reserve_add	password_verification	1	0.029	0	0	162811997	1064	256	ok
PROBE-TSV	1	tar.gz	payload	deferred	five_changes_reserve_add	plan_build	3	0.046	0	0	162811997	1064	256	ok
PROBE-TSV	1	tar.gz	payload	deferred	five_changes_reserve_add	total	1	19.871	0	4096	162811997	1064	256	ok
PROBE-TSV	1	tar.gz	payload	deferred	five_changes_reserve_add	tree_build	1	0.054	0	0	162811997	1064	256	ok
PROBE-TSV	1	tar.gz	payload	deferred	save_five_changes	capability_probe	1	0.317	0	0	162801571	1064	256	ok
PROBE-TSV	1	tar.gz	payload	deferred	save_five_changes	commit	1	24.027	0	162807808	162801571	1064	256	ok
PROBE-TSV	1	tar.gz	payload	deferred	save_five_changes	display	1	1.280	0	0	162801571	1064	256	ok
PROBE-TSV	1	tar.gz	payload	deferred	save_five_changes	editing_install	1	0.004	0	0	162801571	1064	256	ok
PROBE-TSV	1	tar.gz	payload	deferred	save_five_changes	editing_prepare	1	0.053	0	0	162801571	1064	256	ok
PROBE-TSV	1	tar.gz	payload	deferred	save_five_changes	entry_comparison	1	0.055	0	0	162801571	1064	256	ok
PROBE-TSV	1	tar.gz	payload	deferred	save_five_changes	filter_compute	2	0.001	0	0	162801571	1064	256	ok
PROBE-TSV	1	tar.gz	payload	deferred	save_five_changes	name_index_advance	1	0.821	0	0	162801571	1064	256	ok
PROBE-TSV	1	tar.gz	payload	deferred	save_five_changes	password_verification	1	0.026	0	0	162801571	1064	256	ok
PROBE-TSV	1	tar.gz	payload	deferred	save_five_changes	publish	1	0.989	0	0	162801571	1064	256	ok
PROBE-TSV	1	tar.gz	payload	deferred	save_five_changes	reader_adoption	1	0.002	0	0	162801571	1064	256	ok
PROBE-TSV	1	tar.gz	payload	deferred	save_five_changes	reload	1	2.427	0	0	162801571	1064	256	ok
PROBE-TSV	1	tar.gz	payload	deferred	save_five_changes	replay	1	2.320	4096	0	162801571	1064	256	ok
PROBE-TSV	1	tar.gz	payload	deferred	save_five_changes	replay_plan	1	1.728	0	0	162801571	1064	256	ok
PROBE-TSV	1	tar.gz	payload	deferred	save_five_changes	representability_differential	1	0.814	0	0	162801571	1064	256	ok
PROBE-TSV	1	tar.gz	payload	deferred	save_five_changes	save_sheet	1	113.812	4096	162832384	162801571	1064	256	ok
PROBE-TSV	1	tar.gz	payload	deferred	save_five_changes	total	1	114.082	4096	162832384	162801571	1064	256	ok
PROBE-TSV	1	tar.gz	payload	deferred	save_five_changes	tree_build	1	0.048	0	0	162801571	1064	256	ok
PROBE-TSV	1	tar.gz	payload	deferred	save_five_changes	updater_open	1	2.955	0	0	162801571	1064	256	ok
PROBE-TSV	1	tar.gz	payload	deferred	save_five_changes	verification_open	1	36.875	0	0	162801571	1064	256	ok
PROBE-TSV	1	tar.gz	payload	deferred	rename_only_reserve_rename	display	1	1.217	0	0	162811997	1064	256	ok
PROBE-TSV	1	tar.gz	payload	deferred	rename_only_reserve_rename	filter_compute	1	0.000	0	0	162811997	1064	256	ok
PROBE-TSV	1	tar.gz	payload	deferred	rename_only_reserve_rename	password_verification	1	0.031	0	0	162811997	1064	256	ok
PROBE-TSV	1	tar.gz	payload	deferred	rename_only_reserve_rename	total	1	6.006	0	0	162811997	1064	256	ok
PROBE-TSV	1	tar.gz	payload	deferred	rename_only_reserve_rename	tree_build	1	0.641	0	0	162811997	1064	256	ok
PROBE-TSV	1	tar.gz	payload	deferred	save_rename_only	capability_probe	1	2.171	0	0	162812002	1064	256	ok
PROBE-TSV	1	tar.gz	payload	deferred	save_rename_only	commit	1	61.956	0	162824192	162812002	1064	256	ok
PROBE-TSV	1	tar.gz	payload	deferred	save_rename_only	display	1	1.143	0	0	162812002	1064	256	ok
PROBE-TSV	1	tar.gz	payload	deferred	save_rename_only	editing_install	1	0.004	0	0	162812002	1064	256	ok
PROBE-TSV	1	tar.gz	payload	deferred	save_rename_only	editing_prepare	1	0.245	0	0	162812002	1064	256	ok
PROBE-TSV	1	tar.gz	payload	deferred	save_rename_only	entry_comparison	1	0.698	0	0	162812002	1064	256	ok
PROBE-TSV	1	tar.gz	payload	deferred	save_rename_only	filter_compute	2	0.000	0	0	162812002	1064	256	ok
PROBE-TSV	1	tar.gz	payload	deferred	save_rename_only	name_index_advance	1	0.150	0	0	162812002	1064	256	ok
PROBE-TSV	1	tar.gz	payload	deferred	save_rename_only	password_verification	1	0.031	0	0	162812002	1064	256	ok
PROBE-TSV	1	tar.gz	payload	deferred	save_rename_only	publish	1	0.337	0	0	162812002	1064	256	ok
PROBE-TSV	1	tar.gz	payload	deferred	save_rename_only	reader_adoption	1	0.002	0	0	162812002	1064	256	ok
PROBE-TSV	1	tar.gz	payload	deferred	save_rename_only	reload	1	3.805	0	0	162812002	1064	256	ok
PROBE-TSV	1	tar.gz	payload	deferred	save_rename_only	replay	1	0.634	0	0	162812002	1064	256	ok
PROBE-TSV	1	tar.gz	payload	deferred	save_rename_only	replay_plan	1	0.319	0	0	162812002	1064	256	ok
PROBE-TSV	1	tar.gz	payload	deferred	save_rename_only	representability_differential	1	0.018	0	0	162812002	1064	256	ok
PROBE-TSV	1	tar.gz	payload	deferred	save_rename_only	save_sheet	1	146.481	0	162836480	162812002	1064	256	ok
PROBE-TSV	1	tar.gz	payload	deferred	save_rename_only	total	1	146.867	0	162836480	162812002	1064	256	ok
PROBE-TSV	1	tar.gz	payload	deferred	save_rename_only	tree_build	1	0.615	0	0	162812002	1064	256	ok
PROBE-TSV	1	tar.gz	payload	deferred	save_rename_only	updater_open	1	2.887	0	0	162812002	1064	256	ok
PROBE-TSV	1	tar.gz	payload	deferred	save_rename_only	verification_open	1	42.441	0	0	162812002	1064	256	ok
PROBE-TSV	1	tar.bz2	entries	immediate	delete_start	capability_probe	1	170.284	0	0	216059	100000	0	ok
PROBE-TSV	1	tar.bz2	entries	immediate	delete_start	commit	1	47.524	0	221184	216059	100000	0	ok
PROBE-TSV	1	tar.bz2	entries	immediate	delete_start	display	1	2.879	0	0	216059	100000	0	ok
PROBE-TSV	1	tar.bz2	entries	immediate	delete_start	entry_comparison	1	62.815	0	0	216059	100000	0	ok
PROBE-TSV	1	tar.bz2	entries	immediate	delete_start	filter_compute	1	0.000	0	0	216059	100000	0	ok
PROBE-TSV	1	tar.bz2	entries	immediate	delete_start	mutate	1	59.087	0	0	216059	100000	0	ok
PROBE-TSV	1	tar.bz2	entries	immediate	delete_start	password_verification	1	0.240	0	0	216059	100000	0	ok
PROBE-TSV	1	tar.bz2	entries	immediate	delete_start	plan_build	1	0.014	0	0	216059	100000	0	ok
PROBE-TSV	1	tar.bz2	entries	immediate	delete_start	plan_validation	1	9.322	0	0	216059	100000	0	ok
PROBE-TSV	1	tar.bz2	entries	immediate	delete_start	publish	1	0.820	0	0	216059	100000	0	ok
PROBE-TSV	1	tar.bz2	entries	immediate	delete_start	reader_adoption	1	0.002	0	0	216059	100000	0	ok
PROBE-TSV	1	tar.bz2	entries	immediate	delete_start	reload	1	170.656	0	0	216059	100000	0	ok
PROBE-TSV	1	tar.bz2	entries	immediate	delete_start	total	1	1058.080	0	233472	216059	100000	0	ok
PROBE-TSV	1	tar.bz2	entries	immediate	delete_start	tree_build	1	59.997	0	0	216059	100000	0	ok
PROBE-TSV	1	tar.bz2	entries	immediate	delete_start	updater_open	1	252.669	0	0	216059	100000	0	ok
PROBE-TSV	1	tar.bz2	entries	immediate	delete_start	verification_open	1	375.360	0	0	216059	100000	0	ok
PROBE-TSV	1	tar.bz2	entries	immediate	delete_end	capability_probe	1	180.504	0	0	216078	100000	0	ok
PROBE-TSV	1	tar.bz2	entries	immediate	delete_end	commit	1	34.067	0	221184	216078	100000	0	ok
PROBE-TSV	1	tar.bz2	entries	immediate	delete_end	display	1	3.112	0	0	216078	100000	0	ok
PROBE-TSV	1	tar.bz2	entries	immediate	delete_end	entry_comparison	1	62.171	0	0	216078	100000	0	ok
PROBE-TSV	1	tar.bz2	entries	immediate	delete_end	filter_compute	1	0.000	0	0	216078	100000	0	ok
PROBE-TSV	1	tar.bz2	entries	immediate	delete_end	mutate	1	58.659	0	0	216078	100000	0	ok
PROBE-TSV	1	tar.bz2	entries	immediate	delete_end	password_verification	1	0.359	0	0	216078	100000	0	ok
PROBE-TSV	1	tar.bz2	entries	immediate	delete_end	plan_build	1	0.019	0	0	216078	100000	0	ok
PROBE-TSV	1	tar.bz2	entries	immediate	delete_end	plan_validation	1	8.757	0	0	216078	100000	0	ok
PROBE-TSV	1	tar.bz2	entries	immediate	delete_end	publish	1	0.751	0	0	216078	100000	0	ok
PROBE-TSV	1	tar.bz2	entries	immediate	delete_end	reader_adoption	1	0.002	0	0	216078	100000	0	ok
PROBE-TSV	1	tar.bz2	entries	immediate	delete_end	reload	1	180.838	0	0	216078	100000	0	ok
PROBE-TSV	1	tar.bz2	entries	immediate	delete_end	total	1	1067.610	0	233472	216078	100000	0	ok
PROBE-TSV	1	tar.bz2	entries	immediate	delete_end	tree_build	1	63.881	0	0	216078	100000	0	ok
PROBE-TSV	1	tar.bz2	entries	immediate	delete_end	updater_open	1	255.090	0	0	216078	100000	0	ok
PROBE-TSV	1	tar.bz2	entries	immediate	delete_end	verification_open	1	380.997	0	0	216078	100000	0	ok
PROBE-TSV	1	tar.bz2	entries	immediate	rename_same_length	capability_probe	1	177.564	0	0	216104	100000	0	ok
PROBE-TSV	1	tar.bz2	entries	immediate	rename_same_length	commit	1	48.253	0	229376	216104	100000	0	ok
PROBE-TSV	1	tar.bz2	entries	immediate	rename_same_length	display	1	2.935	0	0	216104	100000	0	ok
PROBE-TSV	1	tar.bz2	entries	immediate	rename_same_length	entry_comparison	1	60.244	0	0	216104	100000	0	ok
PROBE-TSV	1	tar.bz2	entries	immediate	rename_same_length	filter_compute	1	0.000	0	0	216104	100000	0	ok
PROBE-TSV	1	tar.bz2	entries	immediate	rename_same_length	mutate	1	58.323	0	0	216104	100000	0	ok
PROBE-TSV	1	tar.bz2	entries	immediate	rename_same_length	name_index_advance	1	13.138	0	0	216104	100000	0	ok
PROBE-TSV	1	tar.bz2	entries	immediate	rename_same_length	name_index_build	1	137.047	0	0	216104	100000	0	ok
PROBE-TSV	1	tar.bz2	entries	immediate	rename_same_length	password_verification	1	0.232	0	0	216104	100000	0	ok
PROBE-TSV	1	tar.bz2	entries	immediate	rename_same_length	plan_build	1	0.028	0	0	216104	100000	0	ok
PROBE-TSV	1	tar.bz2	entries	immediate	rename_same_length	plan_validation	1	8.758	0	0	216104	100000	0	ok
PROBE-TSV	1	tar.bz2	entries	immediate	rename_same_length	publish	1	0.827	0	0	216104	100000	0	ok
PROBE-TSV	1	tar.bz2	entries	immediate	rename_same_length	reader_adoption	1	0.002	0	0	216104	100000	0	ok
PROBE-TSV	1	tar.bz2	entries	immediate	rename_same_length	reload	1	191.396	0	0	216104	100000	0	ok
PROBE-TSV	1	tar.bz2	entries	immediate	rename_same_length	total	1	1213.125	0	241664	216104	100000	0	ok
PROBE-TSV	1	tar.bz2	entries	immediate	rename_same_length	tree_build	1	62.775	0	0	216104	100000	0	ok
PROBE-TSV	1	tar.bz2	entries	immediate	rename_same_length	updater_open	1	249.239	0	0	216104	100000	0	ok
PROBE-TSV	1	tar.bz2	entries	immediate	rename_same_length	verification_open	1	374.709	0	0	216104	100000	0	ok
PROBE-TSV	1	tar.bz2	entries	immediate	rename_different_length	capability_probe	1	171.919	0	0	216172	100000	0	ok
PROBE-TSV	1	tar.bz2	entries	immediate	rename_different_length	commit	1	47.648	0	229376	216172	100000	0	ok
PROBE-TSV	1	tar.bz2	entries	immediate	rename_different_length	display	1	2.910	0	0	216172	100000	0	ok
PROBE-TSV	1	tar.bz2	entries	immediate	rename_different_length	entry_comparison	1	59.644	0	0	216172	100000	0	ok
PROBE-TSV	1	tar.bz2	entries	immediate	rename_different_length	filter_compute	1	0.000	0	0	216172	100000	0	ok
PROBE-TSV	1	tar.bz2	entries	immediate	rename_different_length	mutate	1	57.173	0	0	216172	100000	0	ok
PROBE-TSV	1	tar.bz2	entries	immediate	rename_different_length	name_index_advance	1	12.846	0	0	216172	100000	0	ok
PROBE-TSV	1	tar.bz2	entries	immediate	rename_different_length	name_index_build	1	136.969	0	0	216172	100000	0	ok
PROBE-TSV	1	tar.bz2	entries	immediate	rename_different_length	password_verification	1	0.216	0	0	216172	100000	0	ok
PROBE-TSV	1	tar.bz2	entries	immediate	rename_different_length	plan_build	1	0.028	0	0	216172	100000	0	ok
PROBE-TSV	1	tar.bz2	entries	immediate	rename_different_length	plan_validation	1	8.877	0	0	216172	100000	0	ok
PROBE-TSV	1	tar.bz2	entries	immediate	rename_different_length	publish	1	0.704	0	0	216172	100000	0	ok
PROBE-TSV	1	tar.bz2	entries	immediate	rename_different_length	reader_adoption	1	0.002	0	0	216172	100000	0	ok
PROBE-TSV	1	tar.bz2	entries	immediate	rename_different_length	reload	1	185.415	0	0	216172	100000	0	ok
PROBE-TSV	1	tar.bz2	entries	immediate	rename_different_length	total	1	1198.830	0	241664	216172	100000	0	ok
PROBE-TSV	1	tar.bz2	entries	immediate	rename_different_length	tree_build	1	58.615	0	0	216172	100000	0	ok
PROBE-TSV	1	tar.bz2	entries	immediate	rename_different_length	updater_open	1	250.362	0	0	216172	100000	0	ok
PROBE-TSV	1	tar.bz2	entries	immediate	rename_different_length	verification_open	1	372.906	0	0	216172	100000	0	ok
PROBE-TSV	1	tar.bz2	entries	immediate	rename_folder	capability_probe	1	169.675	0	0	216478	100000	0	ok
PROBE-TSV	1	tar.bz2	entries	immediate	rename_folder	commit	1	58.590	0	741376	216478	100000	0	ok
PROBE-TSV	1	tar.bz2	entries	immediate	rename_folder	display	1	2.595	0	0	216478	100000	0	ok
PROBE-TSV	1	tar.bz2	entries	immediate	rename_folder	entry_comparison	1	59.645	0	0	216478	100000	0	ok
PROBE-TSV	1	tar.bz2	entries	immediate	rename_folder	filter_compute	1	0.000	0	0	216478	100000	0	ok
PROBE-TSV	1	tar.bz2	entries	immediate	rename_folder	mutate	1	61.006	0	0	216478	100000	0	ok
PROBE-TSV	1	tar.bz2	entries	immediate	rename_folder	name_index_advance	1	17.611	0	0	216478	100000	0	ok
PROBE-TSV	1	tar.bz2	entries	immediate	rename_folder	name_index_build	1	134.147	0	0	216478	100000	0	ok
PROBE-TSV	1	tar.bz2	entries	immediate	rename_folder	password_verification	1	0.200	0	0	216478	100000	0	ok
PROBE-TSV	1	tar.bz2	entries	immediate	rename_folder	plan_build	1	5.364	0	0	216478	100000	0	ok
PROBE-TSV	1	tar.bz2	entries	immediate	rename_folder	plan_validation	1	11.062	0	0	216478	100000	0	ok
PROBE-TSV	1	tar.bz2	entries	immediate	rename_folder	publish	1	0.790	0	0	216478	100000	0	ok
PROBE-TSV	1	tar.bz2	entries	immediate	rename_folder	reader_adoption	1	0.002	0	0	216478	100000	0	ok
PROBE-TSV	1	tar.bz2	entries	immediate	rename_folder	reload	1	187.879	0	0	216478	100000	0	ok
PROBE-TSV	1	tar.bz2	entries	immediate	rename_folder	total	1	1205.433	0	753664	216478	100000	0	ok
PROBE-TSV	1	tar.bz2	entries	immediate	rename_folder	tree_build	1	57.933	0	0	216478	100000	0	ok
PROBE-TSV	1	tar.bz2	entries	immediate	rename_folder	updater_open	1	244.314	0	0	216478	100000	0	ok
PROBE-TSV	1	tar.bz2	entries	immediate	rename_folder	verification_open	1	364.099	0	0	216478	100000	0	ok
PROBE-TSV	1	tar.bz2	entries	immediate	new_folder	capability_probe	1	169.690	0	0	216199	100000	0	ok
PROBE-TSV	1	tar.bz2	entries	immediate	new_folder	commit	1	5.752	0	229376	216199	100000	0	ok
PROBE-TSV	1	tar.bz2	entries	immediate	new_folder	display	1	2.775	0	0	216199	100000	0	ok
PROBE-TSV	1	tar.bz2	entries	immediate	new_folder	entry_comparison	1	59.563	0	0	216199	100000	0	ok
PROBE-TSV	1	tar.bz2	entries	immediate	new_folder	filter_compute	1	0.000	0	0	216199	100000	0	ok
PROBE-TSV	1	tar.bz2	entries	immediate	new_folder	mutate	1	61.328	0	0	216199	100000	0	ok
PROBE-TSV	1	tar.bz2	entries	immediate	new_folder	name_index_advance	1	12.134	0	0	216199	100000	0	ok
PROBE-TSV	1	tar.bz2	entries	immediate	new_folder	name_index_build	1	136.092	0	0	216199	100000	0	ok
PROBE-TSV	1	tar.bz2	entries	immediate	new_folder	password_verification	1	0.200	0	0	216199	100000	0	ok
PROBE-TSV	1	tar.bz2	entries	immediate	new_folder	plan_build	1	136.111	0	0	216199	100000	0	ok
PROBE-TSV	1	tar.bz2	entries	immediate	new_folder	plan_validation	1	8.777	0	0	216199	100000	0	ok
PROBE-TSV	1	tar.bz2	entries	immediate	new_folder	publish	1	0.785	0	0	216199	100000	0	ok
PROBE-TSV	1	tar.bz2	entries	immediate	new_folder	reader_adoption	1	0.003	0	0	216199	100000	0	ok
PROBE-TSV	1	tar.bz2	entries	immediate	new_folder	reload	1	182.433	0	0	216199	100000	0	ok
PROBE-TSV	1	tar.bz2	entries	immediate	new_folder	total	1	1134.937	0	241664	216199	100000	0	ok
PROBE-TSV	1	tar.bz2	entries	immediate	new_folder	tree_build	1	57.677	0	0	216199	100000	0	ok
PROBE-TSV	1	tar.bz2	entries	immediate	new_folder	updater_open	1	240.880	0	0	216199	100000	0	ok
PROBE-TSV	1	tar.bz2	entries	immediate	new_folder	verification_open	1	362.407	0	0	216199	100000	0	ok
PROBE-TSV	1	tar.bz2	entries	immediate	add_file	capability_probe	1	169.753	0	0	216205	100000	0	ok
PROBE-TSV	1	tar.bz2	entries	immediate	add_file	commit	1	5.663	0	229376	216205	100000	0	ok
PROBE-TSV	1	tar.bz2	entries	immediate	add_file	display	1	2.957	0	0	216205	100000	0	ok
PROBE-TSV	1	tar.bz2	entries	immediate	add_file	entry_comparison	1	61.203	0	0	216205	100000	0	ok
PROBE-TSV	1	tar.bz2	entries	immediate	add_file	filter_compute	1	0.000	0	0	216205	100000	0	ok
PROBE-TSV	1	tar.bz2	entries	immediate	add_file	mutate	1	60.290	0	0	216205	100000	0	ok
PROBE-TSV	1	tar.bz2	entries	immediate	add_file	name_index_advance	1	12.509	0	0	216205	100000	0	ok
PROBE-TSV	1	tar.bz2	entries	immediate	add_file	name_index_build	1	137.965	0	0	216205	100000	0	ok
PROBE-TSV	1	tar.bz2	entries	immediate	add_file	password_verification	1	0.226	0	0	216205	100000	0	ok
PROBE-TSV	1	tar.bz2	entries	immediate	add_file	plan_build	3	0.061	0	0	216205	100000	0	ok
PROBE-TSV	1	tar.bz2	entries	immediate	add_file	plan_validation	1	8.584	0	0	216205	100000	0	ok
PROBE-TSV	1	tar.bz2	entries	immediate	add_file	publish	1	0.794	0	0	216205	100000	0	ok
PROBE-TSV	1	tar.bz2	entries	immediate	add_file	reader_adoption	1	0.002	0	0	216205	100000	0	ok
PROBE-TSV	1	tar.bz2	entries	immediate	add_file	reload	1	182.873	0	0	216205	100000	0	ok
PROBE-TSV	1	tar.bz2	entries	immediate	add_file	total	1	1141.197	0	241664	216205	100000	0	ok
PROBE-TSV	1	tar.bz2	entries	immediate	add_file	tree_build	1	58.184	0	0	216205	100000	0	ok
PROBE-TSV	1	tar.bz2	entries	immediate	add_file	updater_open	1	241.954	0	0	216205	100000	0	ok
PROBE-TSV	1	tar.bz2	entries	immediate	add_file	verification_open	1	363.287	0	0	216205	100000	0	ok
PROBE-TSV	1	tar.bz2	entries	immediate	replace_file	capability_probe	1	173.107	0	0	216170	100000	0	ok
PROBE-TSV	1	tar.bz2	entries	immediate	replace_file	commit	1	48.311	0	229376	216170	100000	0	ok
PROBE-TSV	1	tar.bz2	entries	immediate	replace_file	display	1	2.910	0	0	216170	100000	0	ok
PROBE-TSV	1	tar.bz2	entries	immediate	replace_file	entry_comparison	1	61.937	0	0	216170	100000	0	ok
PROBE-TSV	1	tar.bz2	entries	immediate	replace_file	filter_compute	1	0.000	0	0	216170	100000	0	ok
PROBE-TSV	1	tar.bz2	entries	immediate	replace_file	mutate	1	111.177	0	0	216170	100000	0	ok
PROBE-TSV	1	tar.bz2	entries	immediate	replace_file	name_index_advance	1	13.220	0	0	216170	100000	0	ok
PROBE-TSV	1	tar.bz2	entries	immediate	replace_file	name_index_build	1	143.372	0	0	216170	100000	0	ok
PROBE-TSV	1	tar.bz2	entries	immediate	replace_file	password_verification	1	0.221	0	0	216170	100000	0	ok
PROBE-TSV	1	tar.bz2	entries	immediate	replace_file	plan_build	4	2.283	0	0	216170	100000	0	ok
PROBE-TSV	1	tar.bz2	entries	immediate	replace_file	plan_validation	1	8.809	0	0	216170	100000	0	ok
PROBE-TSV	1	tar.bz2	entries	immediate	replace_file	publish	1	0.805	0	0	216170	100000	0	ok
PROBE-TSV	1	tar.bz2	entries	immediate	replace_file	reader_adoption	1	0.003	0	0	216170	100000	0	ok
PROBE-TSV	1	tar.bz2	entries	immediate	replace_file	reload	1	186.977	0	0	216170	100000	0	ok
PROBE-TSV	1	tar.bz2	entries	immediate	replace_file	total	1	1270.394	0	241664	216170	100000	0	ok
PROBE-TSV	1	tar.bz2	entries	immediate	replace_file	tree_build	1	59.881	0	0	216170	100000	0	ok
PROBE-TSV	1	tar.bz2	entries	immediate	replace_file	updater_open	1	245.059	0	0	216170	100000	0	ok
PROBE-TSV	1	tar.bz2	entries	immediate	replace_file	verification_open	1	380.552	0	0	216170	100000	0	ok
PROBE-TSV	1	tar.bz2	entries	deferred	five_changes_reserve_rename	display	1	2.629	0	0	216104	100000	0	ok
PROBE-TSV	1	tar.bz2	entries	deferred	five_changes_reserve_rename	filter_compute	1	0.001	0	0	216104	100000	0	ok
PROBE-TSV	1	tar.bz2	entries	deferred	five_changes_reserve_rename	password_verification	1	0.576	0	0	216104	100000	0	ok
PROBE-TSV	1	tar.bz2	entries	deferred	five_changes_reserve_rename	total	1	141.498	0	0	216104	100000	0	ok
PROBE-TSV	1	tar.bz2	entries	deferred	five_changes_reserve_rename	tree_build	1	59.679	0	0	216104	100000	0	ok
PROBE-TSV	1	tar.bz2	entries	deferred	five_changes_reserve_delete	display	1	2.700	0	0	216104	100000	0	ok
PROBE-TSV	1	tar.bz2	entries	deferred	five_changes_reserve_delete	filter_compute	1	0.001	0	0	216104	100000	0	ok
PROBE-TSV	1	tar.bz2	entries	deferred	five_changes_reserve_delete	password_verification	1	0.566	0	0	216104	100000	0	ok
PROBE-TSV	1	tar.bz2	entries	deferred	five_changes_reserve_delete	total	1	146.364	0	0	216104	100000	0	ok
PROBE-TSV	1	tar.bz2	entries	deferred	five_changes_reserve_delete	tree_build	1	60.410	0	0	216104	100000	0	ok
PROBE-TSV	1	tar.bz2	entries	deferred	five_changes_reserve_new_folder	display	1	2.786	0	0	216104	100000	0	ok
PROBE-TSV	1	tar.bz2	entries	deferred	five_changes_reserve_new_folder	filter_compute	1	0.001	0	0	216104	100000	0	ok
PROBE-TSV	1	tar.bz2	entries	deferred	five_changes_reserve_new_folder	password_verification	1	0.558	0	0	216104	100000	0	ok
PROBE-TSV	1	tar.bz2	entries	deferred	five_changes_reserve_new_folder	total	1	140.660	0	0	216104	100000	0	ok
PROBE-TSV	1	tar.bz2	entries	deferred	five_changes_reserve_new_folder	tree_build	1	55.847	0	0	216104	100000	0	ok
PROBE-TSV	1	tar.bz2	entries	deferred	five_changes_reserve_delete_folder	display	1	2.754	0	0	216104	100000	0	ok
PROBE-TSV	1	tar.bz2	entries	deferred	five_changes_reserve_delete_folder	filter_compute	1	0.000	0	0	216104	100000	0	ok
PROBE-TSV	1	tar.bz2	entries	deferred	five_changes_reserve_delete_folder	password_verification	1	0.580	0	0	216104	100000	0	ok
PROBE-TSV	1	tar.bz2	entries	deferred	five_changes_reserve_delete_folder	total	1	148.382	0	0	216104	100000	0	ok
PROBE-TSV	1	tar.bz2	entries	deferred	five_changes_reserve_delete_folder	tree_build	1	58.785	0	0	216104	100000	0	ok
PROBE-TSV	1	tar.bz2	entries	deferred	five_changes_reserve_add	display	1	2.920	0	0	216104	100000	0	ok
PROBE-TSV	1	tar.bz2	entries	deferred	five_changes_reserve_add	filter_compute	1	0.001	0	0	216104	100000	0	ok
PROBE-TSV	1	tar.bz2	entries	deferred	five_changes_reserve_add	password_verification	1	0.568	0	0	216104	100000	0	ok
PROBE-TSV	1	tar.bz2	entries	deferred	five_changes_reserve_add	plan_build	3	0.059	0	0	216104	100000	0	ok
PROBE-TSV	1	tar.bz2	entries	deferred	five_changes_reserve_add	total	1	149.742	0	4096	216104	100000	0	ok
PROBE-TSV	1	tar.bz2	entries	deferred	five_changes_reserve_add	tree_build	1	61.359	0	0	216104	100000	0	ok
PROBE-TSV	1	tar.bz2	entries	deferred	save_five_changes	capability_probe	1	171.377	0	0	214547	100000	0	ok
PROBE-TSV	1	tar.bz2	entries	deferred	save_five_changes	commit	1	40.188	0	229376	214547	100000	0	ok
PROBE-TSV	1	tar.bz2	entries	deferred	save_five_changes	display	1	2.780	0	0	214547	100000	0	ok
PROBE-TSV	1	tar.bz2	entries	deferred	save_five_changes	editing_install	1	0.005	0	0	214547	100000	0	ok
PROBE-TSV	1	tar.bz2	entries	deferred	save_five_changes	editing_prepare	1	22.752	0	0	214547	100000	0	ok
PROBE-TSV	1	tar.bz2	entries	deferred	save_five_changes	entry_comparison	1	62.488	0	0	214547	100000	0	ok
PROBE-TSV	1	tar.bz2	entries	deferred	save_five_changes	filter_compute	2	0.001	0	0	214547	100000	0	ok
PROBE-TSV	1	tar.bz2	entries	deferred	save_five_changes	name_index_advance	1	16.501	0	0	214547	100000	0	ok
PROBE-TSV	1	tar.bz2	entries	deferred	save_five_changes	password_verification	1	0.568	0	0	214547	100000	0	ok
PROBE-TSV	1	tar.bz2	entries	deferred	save_five_changes	publish	1	0.984	0	0	214547	100000	0	ok
PROBE-TSV	1	tar.bz2	entries	deferred	save_five_changes	reader_adoption	1	0.003	0	0	214547	100000	0	ok
PROBE-TSV	1	tar.bz2	entries	deferred	save_five_changes	reload	1	188.586	0	0	214547	100000	0	ok
PROBE-TSV	1	tar.bz2	entries	deferred	save_five_changes	replay	1	115.904	4096	0	214547	100000	0	ok
PROBE-TSV	1	tar.bz2	entries	deferred	save_five_changes	replay_plan	1	22.851	0	0	214547	100000	0	ok
PROBE-TSV	1	tar.bz2	entries	deferred	save_five_changes	representability_differential	1	0.802	0	0	214547	100000	0	ok
PROBE-TSV	1	tar.bz2	entries	deferred	save_five_changes	save_sheet	1	1479.241	4096	253952	214547	100000	0	ok
PROBE-TSV	1	tar.bz2	entries	deferred	save_five_changes	total	1	1502.266	4096	253952	214547	100000	0	ok
PROBE-TSV	1	tar.bz2	entries	deferred	save_five_changes	tree_build	1	60.270	0	0	214547	100000	0	ok
PROBE-TSV	1	tar.bz2	entries	deferred	save_five_changes	updater_open	1	244.919	0	0	214547	100000	0	ok
PROBE-TSV	1	tar.bz2	entries	deferred	save_five_changes	verification_open	1	378.908	0	0	214547	100000	0	ok
PROBE-TSV	1	tar.bz2	entries	deferred	rename_only_reserve_rename	display	1	2.883	0	0	216104	100000	0	ok
PROBE-TSV	1	tar.bz2	entries	deferred	rename_only_reserve_rename	filter_compute	1	0.000	0	0	216104	100000	0	ok
PROBE-TSV	1	tar.bz2	entries	deferred	rename_only_reserve_rename	password_verification	1	0.577	0	0	216104	100000	0	ok
PROBE-TSV	1	tar.bz2	entries	deferred	rename_only_reserve_rename	total	1	143.639	0	0	216104	100000	0	ok
PROBE-TSV	1	tar.bz2	entries	deferred	rename_only_reserve_rename	tree_build	1	60.449	0	0	216104	100000	0	ok
PROBE-TSV	1	tar.bz2	entries	deferred	save_rename_only	capability_probe	1	179.506	0	0	216122	100000	0	ok
PROBE-TSV	1	tar.bz2	entries	deferred	save_rename_only	commit	1	48.832	0	229376	216122	100000	0	ok
PROBE-TSV	1	tar.bz2	entries	deferred	save_rename_only	display	1	2.811	0	0	216122	100000	0	ok
PROBE-TSV	1	tar.bz2	entries	deferred	save_rename_only	editing_install	1	0.006	0	0	216122	100000	0	ok
PROBE-TSV	1	tar.bz2	entries	deferred	save_rename_only	editing_prepare	1	23.223	0	0	216122	100000	0	ok
PROBE-TSV	1	tar.bz2	entries	deferred	save_rename_only	entry_comparison	1	72.423	0	0	216122	100000	0	ok
PROBE-TSV	1	tar.bz2	entries	deferred	save_rename_only	filter_compute	2	0.001	0	0	216122	100000	0	ok
PROBE-TSV	1	tar.bz2	entries	deferred	save_rename_only	name_index_advance	1	13.448	0	0	216122	100000	0	ok
PROBE-TSV	1	tar.bz2	entries	deferred	save_rename_only	password_verification	1	0.582	0	0	216122	100000	0	ok
PROBE-TSV	1	tar.bz2	entries	deferred	save_rename_only	publish	1	0.323	0	0	216122	100000	0	ok
PROBE-TSV	1	tar.bz2	entries	deferred	save_rename_only	reader_adoption	1	0.004	0	0	216122	100000	0	ok
PROBE-TSV	1	tar.bz2	entries	deferred	save_rename_only	reload	1	193.635	0	0	216122	100000	0	ok
PROBE-TSV	1	tar.bz2	entries	deferred	save_rename_only	replay	1	62.358	0	0	216122	100000	0	ok
PROBE-TSV	1	tar.bz2	entries	deferred	save_rename_only	replay_plan	1	21.523	0	0	216122	100000	0	ok
PROBE-TSV	1	tar.bz2	entries	deferred	save_rename_only	representability_differential	1	0.023	0	0	216122	100000	0	ok
PROBE-TSV	1	tar.bz2	entries	deferred	save_rename_only	save_sheet	1	1450.576	0	241664	216122	100000	0	ok
PROBE-TSV	1	tar.bz2	entries	deferred	save_rename_only	total	1	1475.294	0	241664	216122	100000	0	ok
PROBE-TSV	1	tar.bz2	entries	deferred	save_rename_only	tree_build	1	61.689	0	0	216122	100000	0	ok
PROBE-TSV	1	tar.bz2	entries	deferred	save_rename_only	updater_open	1	247.788	0	0	216122	100000	0	ok
PROBE-TSV	1	tar.bz2	entries	deferred	save_rename_only	verification_open	1	395.570	0	0	216122	100000	0	ok
PROBE-TSV	1	tar.bz2	payload	immediate	delete_start	capability_probe	1	1.991	0	0	141441553	1064	256	ok
PROBE-TSV	1	tar.bz2	payload	immediate	delete_start	commit	1	20.893	0	141455360	141441553	1064	256	ok
PROBE-TSV	1	tar.bz2	payload	immediate	delete_start	display	1	1.291	0	0	141441553	1064	256	ok
PROBE-TSV	1	tar.bz2	payload	immediate	delete_start	entry_comparison	1	0.633	0	0	141441553	1064	256	ok
PROBE-TSV	1	tar.bz2	payload	immediate	delete_start	filter_compute	1	0.000	0	0	141441553	1064	256	ok
PROBE-TSV	1	tar.bz2	payload	immediate	delete_start	mutate	1	0.624	0	0	141441553	1064	256	ok
PROBE-TSV	1	tar.bz2	payload	immediate	delete_start	password_verification	1	0.027	0	0	141441553	1064	256	ok
PROBE-TSV	1	tar.bz2	payload	immediate	delete_start	plan_build	1	0.010	0	0	141441553	1064	256	ok
PROBE-TSV	1	tar.bz2	payload	immediate	delete_start	plan_validation	1	0.099	0	0	141441553	1064	256	ok
PROBE-TSV	1	tar.bz2	payload	immediate	delete_start	publish	1	0.701	0	0	141441553	1064	256	ok
PROBE-TSV	1	tar.bz2	payload	immediate	delete_start	reader_adoption	1	0.002	0	0	141441553	1064	256	ok
PROBE-TSV	1	tar.bz2	payload	immediate	delete_start	reload	1	2.153	0	0	141441553	1064	256	ok
PROBE-TSV	1	tar.bz2	payload	immediate	delete_start	total	1	47.986	0	141467648	141441553	1064	256	ok
PROBE-TSV	1	tar.bz2	payload	immediate	delete_start	tree_build	1	0.583	0	0	141441553	1064	256	ok
PROBE-TSV	1	tar.bz2	payload	immediate	delete_start	updater_open	1	2.832	0	0	141441553	1064	256	ok
PROBE-TSV	1	tar.bz2	payload	immediate	delete_start	verification_open	1	14.870	0	0	141441553	1064	256	ok
PROBE-TSV	1	tar.bz2	payload	immediate	delete_end	capability_probe	1	2.279	0	0	143017307	1064	256	ok
PROBE-TSV	1	tar.bz2	payload	immediate	delete_end	commit	1	27.024	0	143028224	143017307	1064	256	ok
PROBE-TSV	1	tar.bz2	payload	immediate	delete_end	display	1	1.283	0	0	143017307	1064	256	ok
PROBE-TSV	1	tar.bz2	payload	immediate	delete_end	entry_comparison	1	0.699	0	0	143017307	1064	256	ok
PROBE-TSV	1	tar.bz2	payload	immediate	delete_end	filter_compute	1	0.000	0	0	143017307	1064	256	ok
PROBE-TSV	1	tar.bz2	payload	immediate	delete_end	mutate	1	0.671	0	0	143017307	1064	256	ok
PROBE-TSV	1	tar.bz2	payload	immediate	delete_end	password_verification	1	0.028	0	0	143017307	1064	256	ok
PROBE-TSV	1	tar.bz2	payload	immediate	delete_end	plan_build	1	0.009	0	0	143017307	1064	256	ok
PROBE-TSV	1	tar.bz2	payload	immediate	delete_end	plan_validation	1	0.094	0	0	143017307	1064	256	ok
PROBE-TSV	1	tar.bz2	payload	immediate	delete_end	publish	1	0.682	0	0	143017307	1064	256	ok
PROBE-TSV	1	tar.bz2	payload	immediate	delete_end	reader_adoption	1	0.002	0	0	143017307	1064	256	ok
PROBE-TSV	1	tar.bz2	payload	immediate	delete_end	reload	1	2.466	0	0	143017307	1064	256	ok
PROBE-TSV	1	tar.bz2	payload	immediate	delete_end	total	1	55.602	0	143040512	143017307	1064	256	ok
PROBE-TSV	1	tar.bz2	payload	immediate	delete_end	tree_build	1	0.597	0	0	143017307	1064	256	ok
PROBE-TSV	1	tar.bz2	payload	immediate	delete_end	updater_open	1	2.944	0	0	143017307	1064	256	ok
PROBE-TSV	1	tar.bz2	payload	immediate	delete_end	verification_open	1	15.808	0	0	143017307	1064	256	ok
PROBE-TSV	1	tar.bz2	payload	immediate	rename_same_length	capability_probe	1	2.158	0	0	143017297	1064	256	ok
PROBE-TSV	1	tar.bz2	payload	immediate	rename_same_length	commit	1	315.334	0	143028224	143017297	1064	256	ok
PROBE-TSV	1	tar.bz2	payload	immediate	rename_same_length	display	1	1.388	0	0	143017297	1064	256	ok
PROBE-TSV	1	tar.bz2	payload	immediate	rename_same_length	entry_comparison	1	0.667	0	0	143017297	1064	256	ok
PROBE-TSV	1	tar.bz2	payload	immediate	rename_same_length	filter_compute	1	0.000	0	0	143017297	1064	256	ok
PROBE-TSV	1	tar.bz2	payload	immediate	rename_same_length	mutate	1	0.647	0	0	143017297	1064	256	ok
PROBE-TSV	1	tar.bz2	payload	immediate	rename_same_length	name_index_advance	1	0.163	0	0	143017297	1064	256	ok
PROBE-TSV	1	tar.bz2	payload	immediate	rename_same_length	name_index_build	1	1.474	0	0	143017297	1064	256	ok
PROBE-TSV	1	tar.bz2	payload	immediate	rename_same_length	password_verification	1	0.030	0	0	143017297	1064	256	ok
PROBE-TSV	1	tar.bz2	payload	immediate	rename_same_length	plan_build	1	0.018	0	0	143017297	1064	256	ok
PROBE-TSV	1	tar.bz2	payload	immediate	rename_same_length	plan_validation	1	0.104	0	0	143017297	1064	256	ok
PROBE-TSV	1	tar.bz2	payload	immediate	rename_same_length	publish	1	0.760	0	0	143017297	1064	256	ok
PROBE-TSV	1	tar.bz2	payload	immediate	rename_same_length	reader_adoption	1	0.002	0	0	143017297	1064	256	ok
PROBE-TSV	1	tar.bz2	payload	immediate	rename_same_length	reload	1	2.564	0	0	143017297	1064	256	ok
PROBE-TSV	1	tar.bz2	payload	immediate	rename_same_length	total	1	436.920	0	143040512	143017297	1064	256	ok
PROBE-TSV	1	tar.bz2	payload	immediate	rename_same_length	tree_build	1	0.578	0	0	143017297	1064	256	ok
PROBE-TSV	1	tar.bz2	payload	immediate	rename_same_length	updater_open	1	2.800	0	0	143017297	1064	256	ok
PROBE-TSV	1	tar.bz2	payload	immediate	rename_same_length	verification_open	1	107.205	0	0	143017297	1064	256	ok
PROBE-TSV	1	tar.bz2	payload	immediate	rename_different_length	capability_probe	1	1.980	0	0	143018001	1064	256	ok
PROBE-TSV	1	tar.bz2	payload	immediate	rename_different_length	commit	1	310.456	0	143020032	143018001	1064	256	ok
PROBE-TSV	1	tar.bz2	payload	immediate	rename_different_length	display	1	1.229	0	0	143018001	1064	256	ok
PROBE-TSV	1	tar.bz2	payload	immediate	rename_different_length	entry_comparison	1	0.629	0	0	143018001	1064	256	ok
PROBE-TSV	1	tar.bz2	payload	immediate	rename_different_length	filter_compute	1	0.000	0	0	143018001	1064	256	ok
PROBE-TSV	1	tar.bz2	payload	immediate	rename_different_length	mutate	1	0.634	0	0	143018001	1064	256	ok
PROBE-TSV	1	tar.bz2	payload	immediate	rename_different_length	name_index_advance	1	0.152	0	0	143018001	1064	256	ok
PROBE-TSV	1	tar.bz2	payload	immediate	rename_different_length	name_index_build	1	1.411	0	0	143018001	1064	256	ok
PROBE-TSV	1	tar.bz2	payload	immediate	rename_different_length	password_verification	1	0.031	0	0	143018001	1064	256	ok
PROBE-TSV	1	tar.bz2	payload	immediate	rename_different_length	plan_build	1	0.018	0	0	143018001	1064	256	ok
PROBE-TSV	1	tar.bz2	payload	immediate	rename_different_length	plan_validation	1	0.101	0	0	143018001	1064	256	ok
PROBE-TSV	1	tar.bz2	payload	immediate	rename_different_length	publish	1	0.738	0	0	143018001	1064	256	ok
PROBE-TSV	1	tar.bz2	payload	immediate	rename_different_length	reader_adoption	1	0.002	0	0	143018001	1064	256	ok
PROBE-TSV	1	tar.bz2	payload	immediate	rename_different_length	reload	1	2.348	0	0	143018001	1064	256	ok
PROBE-TSV	1	tar.bz2	payload	immediate	rename_different_length	total	1	430.804	0	143032320	143018001	1064	256	ok
PROBE-TSV	1	tar.bz2	payload	immediate	rename_different_length	tree_build	1	0.570	0	0	143018001	1064	256	ok
PROBE-TSV	1	tar.bz2	payload	immediate	rename_different_length	updater_open	1	2.786	0	0	143018001	1064	256	ok
PROBE-TSV	1	tar.bz2	payload	immediate	rename_different_length	verification_open	1	106.414	0	0	143018001	1064	256	ok
PROBE-TSV	1	tar.bz2	payload	immediate	rename_folder	capability_probe	1	2.152	0	0	143024801	1064	256	ok
PROBE-TSV	1	tar.bz2	payload	immediate	rename_folder	commit	1	3489.234	0	143065088	143024801	1064	256	ok
PROBE-TSV	1	tar.bz2	payload	immediate	rename_folder	display	1	1.355	0	0	143024801	1064	256	ok
PROBE-TSV	1	tar.bz2	payload	immediate	rename_folder	entry_comparison	1	0.677	0	0	143024801	1064	256	ok
PROBE-TSV	1	tar.bz2	payload	immediate	rename_folder	filter_compute	1	0.000	0	0	143024801	1064	256	ok
PROBE-TSV	1	tar.bz2	payload	immediate	rename_folder	mutate	1	0.946	0	0	143024801	1064	256	ok
PROBE-TSV	1	tar.bz2	payload	immediate	rename_folder	name_index_advance	1	0.407	0	0	143024801	1064	256	ok
PROBE-TSV	1	tar.bz2	payload	immediate	rename_folder	name_index_build	1	1.577	0	0	143024801	1064	256	ok
PROBE-TSV	1	tar.bz2	payload	immediate	rename_folder	password_verification	1	0.028	0	0	143024801	1064	256	ok
PROBE-TSV	1	tar.bz2	payload	immediate	rename_folder	plan_build	1	0.357	0	0	143024801	1064	256	ok
PROBE-TSV	1	tar.bz2	payload	immediate	rename_folder	plan_validation	1	0.258	0	0	143024801	1064	256	ok
PROBE-TSV	1	tar.bz2	payload	immediate	rename_folder	publish	1	0.846	0	0	143024801	1064	256	ok
PROBE-TSV	1	tar.bz2	payload	immediate	rename_folder	reader_adoption	1	0.002	0	0	143024801	1064	256	ok
PROBE-TSV	1	tar.bz2	payload	immediate	rename_folder	reload	1	2.764	0	0	143024801	1064	256	ok
PROBE-TSV	1	tar.bz2	payload	immediate	rename_folder	total	1	10025.433	0	411512832	143024801	1064	256	ok
PROBE-TSV	1	tar.bz2	payload	immediate	rename_folder	tree_build	1	0.631	0	0	143024801	1064	256	ok
PROBE-TSV	1	tar.bz2	payload	immediate	rename_folder	updater_open	1	2.931	0	0	143024801	1064	256	ok
PROBE-TSV	1	tar.bz2	payload	immediate	rename_folder	verification_open	1	6520.333	0	268435456	143024801	1064	256	ok
PROBE-TSV	1	tar.bz2	payload	immediate	new_folder	capability_probe	1	2.127	0	0	143017406	1064	256	ok
PROBE-TSV	1	tar.bz2	payload	immediate	new_folder	commit	1	20.903	0	143024128	143017406	1064	256	ok
PROBE-TSV	1	tar.bz2	payload	immediate	new_folder	display	1	1.268	0	0	143017406	1064	256	ok
PROBE-TSV	1	tar.bz2	payload	immediate	new_folder	entry_comparison	1	0.678	0	0	143017406	1064	256	ok
PROBE-TSV	1	tar.bz2	payload	immediate	new_folder	filter_compute	1	0.000	0	0	143017406	1064	256	ok
PROBE-TSV	1	tar.bz2	payload	immediate	new_folder	mutate	1	0.753	0	0	143017406	1064	256	ok
PROBE-TSV	1	tar.bz2	payload	immediate	new_folder	name_index_advance	1	0.119	0	0	143017406	1064	256	ok
PROBE-TSV	1	tar.bz2	payload	immediate	new_folder	name_index_build	1	1.522	0	0	143017406	1064	256	ok
PROBE-TSV	1	tar.bz2	payload	immediate	new_folder	password_verification	1	0.029	0	0	143017406	1064	256	ok
PROBE-TSV	1	tar.bz2	payload	immediate	new_folder	plan_build	1	1.531	0	0	143017406	1064	256	ok
PROBE-TSV	1	tar.bz2	payload	immediate	new_folder	plan_validation	1	0.089	0	0	143017406	1064	256	ok
PROBE-TSV	1	tar.bz2	payload	immediate	new_folder	publish	1	0.722	0	0	143017406	1064	256	ok
PROBE-TSV	1	tar.bz2	payload	immediate	new_folder	reader_adoption	1	0.002	0	0	143017406	1064	256	ok
PROBE-TSV	1	tar.bz2	payload	immediate	new_folder	reload	1	2.501	0	0	143017406	1064	256	ok
PROBE-TSV	1	tar.bz2	payload	immediate	new_folder	total	1	50.409	0	143036416	143017406	1064	256	ok
PROBE-TSV	1	tar.bz2	payload	immediate	new_folder	tree_build	1	0.562	0	0	143017406	1064	256	ok
PROBE-TSV	1	tar.bz2	payload	immediate	new_folder	updater_open	1	2.846	0	0	143017406	1064	256	ok
PROBE-TSV	1	tar.bz2	payload	immediate	new_folder	verification_open	1	15.271	0	0	143017406	1064	256	ok
PROBE-TSV	1	tar.bz2	payload	immediate	add_file	capability_probe	1	1.928	0	0	143017410	1064	256	ok
PROBE-TSV	1	tar.bz2	payload	immediate	add_file	commit	1	21.031	0	143024128	143017410	1064	256	ok
PROBE-TSV	1	tar.bz2	payload	immediate	add_file	display	1	1.201	0	0	143017410	1064	256	ok
PROBE-TSV	1	tar.bz2	payload	immediate	add_file	entry_comparison	1	0.616	0	0	143017410	1064	256	ok
PROBE-TSV	1	tar.bz2	payload	immediate	add_file	filter_compute	1	0.000	0	0	143017410	1064	256	ok
PROBE-TSV	1	tar.bz2	payload	immediate	add_file	mutate	1	0.836	0	0	143017410	1064	256	ok
PROBE-TSV	1	tar.bz2	payload	immediate	add_file	name_index_advance	1	0.120	0	0	143017410	1064	256	ok
PROBE-TSV	1	tar.bz2	payload	immediate	add_file	name_index_build	1	1.415	0	0	143017410	1064	256	ok
PROBE-TSV	1	tar.bz2	payload	immediate	add_file	password_verification	1	0.032	0	0	143017410	1064	256	ok
PROBE-TSV	1	tar.bz2	payload	immediate	add_file	plan_build	3	0.046	0	0	143017410	1064	256	ok
PROBE-TSV	1	tar.bz2	payload	immediate	add_file	plan_validation	1	0.094	0	0	143017410	1064	256	ok
PROBE-TSV	1	tar.bz2	payload	immediate	add_file	publish	1	0.725	0	0	143017410	1064	256	ok
PROBE-TSV	1	tar.bz2	payload	immediate	add_file	reader_adoption	1	0.001	0	0	143017410	1064	256	ok
PROBE-TSV	1	tar.bz2	payload	immediate	add_file	reload	1	2.226	0	0	143017410	1064	256	ok
PROBE-TSV	1	tar.bz2	payload	immediate	add_file	total	1	49.881	0	143036416	143017410	1064	256	ok
PROBE-TSV	1	tar.bz2	payload	immediate	add_file	tree_build	1	0.565	0	0	143017410	1064	256	ok
PROBE-TSV	1	tar.bz2	payload	immediate	add_file	updater_open	1	2.772	0	0	143017410	1064	256	ok
PROBE-TSV	1	tar.bz2	payload	immediate	add_file	verification_open	1	14.899	0	0	143017410	1064	256	ok
PROBE-TSV	1	tar.bz2	payload	immediate	replace_file	capability_probe	1	2.162	0	0	141441664	1064	256	ok
PROBE-TSV	1	tar.bz2	payload	immediate	replace_file	commit	1	20.502	0	141455360	141441664	1064	256	ok
PROBE-TSV	1	tar.bz2	payload	immediate	replace_file	display	1	1.192	0	0	141441664	1064	256	ok
PROBE-TSV	1	tar.bz2	payload	immediate	replace_file	entry_comparison	1	0.702	0	0	141441664	1064	256	ok
PROBE-TSV	1	tar.bz2	payload	immediate	replace_file	filter_compute	1	0.000	0	0	141441664	1064	256	ok
PROBE-TSV	1	tar.bz2	payload	immediate	replace_file	mutate	1	1.404	0	0	141441664	1064	256	ok
PROBE-TSV	1	tar.bz2	payload	immediate	replace_file	name_index_advance	1	0.132	0	0	141441664	1064	256	ok
PROBE-TSV	1	tar.bz2	payload	immediate	replace_file	name_index_build	1	1.545	0	0	141441664	1064	256	ok
PROBE-TSV	1	tar.bz2	payload	immediate	replace_file	password_verification	1	0.029	0	0	141441664	1064	256	ok
PROBE-TSV	1	tar.bz2	payload	immediate	replace_file	plan_build	4	0.075	0	0	141441664	1064	256	ok
PROBE-TSV	1	tar.bz2	payload	immediate	replace_file	plan_validation	1	0.093	0	0	141441664	1064	256	ok
PROBE-TSV	1	tar.bz2	payload	immediate	replace_file	publish	1	0.728	0	0	141441664	1064	256	ok
PROBE-TSV	1	tar.bz2	payload	immediate	replace_file	reader_adoption	1	0.002	0	0	141441664	1064	256	ok
PROBE-TSV	1	tar.bz2	payload	immediate	replace_file	reload	1	2.495	0	0	141441664	1064	256	ok
PROBE-TSV	1	tar.bz2	payload	immediate	replace_file	total	1	50.606	0	141467648	141441664	1064	256	ok
PROBE-TSV	1	tar.bz2	payload	immediate	replace_file	tree_build	1	0.569	0	0	141441664	1064	256	ok
PROBE-TSV	1	tar.bz2	payload	immediate	replace_file	updater_open	1	2.862	0	0	141441664	1064	256	ok
PROBE-TSV	1	tar.bz2	payload	immediate	replace_file	verification_open	1	14.937	0	0	141441664	1064	256	ok
PROBE-TSV	1	tar.bz2	payload	deferred	five_changes_reserve_rename	display	1	1.008	0	0	143017309	1064	256	ok
PROBE-TSV	1	tar.bz2	payload	deferred	five_changes_reserve_rename	filter_compute	1	0.000	0	0	143017309	1064	256	ok
PROBE-TSV	1	tar.bz2	payload	deferred	five_changes_reserve_rename	password_verification	1	0.028	0	0	143017309	1064	256	ok
PROBE-TSV	1	tar.bz2	payload	deferred	five_changes_reserve_rename	total	1	5.363	0	0	143017309	1064	256	ok
PROBE-TSV	1	tar.bz2	payload	deferred	five_changes_reserve_rename	tree_build	1	0.650	0	0	143017309	1064	256	ok
PROBE-TSV	1	tar.bz2	payload	deferred	five_changes_reserve_delete	display	1	0.353	0	0	143017309	1064	256	ok
PROBE-TSV	1	tar.bz2	payload	deferred	five_changes_reserve_delete	filter_compute	1	0.000	0	0	143017309	1064	256	ok
PROBE-TSV	1	tar.bz2	payload	deferred	five_changes_reserve_delete	password_verification	1	0.023	0	0	143017309	1064	256	ok
PROBE-TSV	1	tar.bz2	payload	deferred	five_changes_reserve_delete	total	1	3.465	0	0	143017309	1064	256	ok
PROBE-TSV	1	tar.bz2	payload	deferred	five_changes_reserve_delete	tree_build	1	0.573	0	0	143017309	1064	256	ok
PROBE-TSV	1	tar.bz2	payload	deferred	five_changes_reserve_new_folder	display	1	0.461	0	0	143017309	1064	256	ok
PROBE-TSV	1	tar.bz2	payload	deferred	five_changes_reserve_new_folder	filter_compute	1	0.000	0	0	143017309	1064	256	ok
PROBE-TSV	1	tar.bz2	payload	deferred	five_changes_reserve_new_folder	password_verification	1	0.027	0	0	143017309	1064	256	ok
PROBE-TSV	1	tar.bz2	payload	deferred	five_changes_reserve_new_folder	total	1	22.951	0	0	143017309	1064	256	ok
PROBE-TSV	1	tar.bz2	payload	deferred	five_changes_reserve_new_folder	tree_build	1	0.593	0	0	143017309	1064	256	ok
PROBE-TSV	1	tar.bz2	payload	deferred	five_changes_reserve_delete_folder	display	1	1.227	0	0	143017309	1064	256	ok
PROBE-TSV	1	tar.bz2	payload	deferred	five_changes_reserve_delete_folder	filter_compute	1	0.000	0	0	143017309	1064	256	ok
PROBE-TSV	1	tar.bz2	payload	deferred	five_changes_reserve_delete_folder	password_verification	1	0.029	0	0	143017309	1064	256	ok
PROBE-TSV	1	tar.bz2	payload	deferred	five_changes_reserve_delete_folder	total	1	22.893	0	0	143017309	1064	256	ok
PROBE-TSV	1	tar.bz2	payload	deferred	five_changes_reserve_delete_folder	tree_build	1	0.043	0	0	143017309	1064	256	ok
PROBE-TSV	1	tar.bz2	payload	deferred	five_changes_reserve_add	display	1	1.002	0	0	143017309	1064	256	ok
PROBE-TSV	1	tar.bz2	payload	deferred	five_changes_reserve_add	filter_compute	1	0.000	0	0	143017309	1064	256	ok
PROBE-TSV	1	tar.bz2	payload	deferred	five_changes_reserve_add	password_verification	1	0.027	0	0	143017309	1064	256	ok
PROBE-TSV	1	tar.bz2	payload	deferred	five_changes_reserve_add	plan_build	3	0.051	0	0	143017309	1064	256	ok
PROBE-TSV	1	tar.bz2	payload	deferred	five_changes_reserve_add	total	1	20.699	0	4096	143017309	1064	256	ok
PROBE-TSV	1	tar.bz2	payload	deferred	five_changes_reserve_add	tree_build	1	0.050	0	0	143017309	1064	256	ok
PROBE-TSV	1	tar.bz2	payload	deferred	save_five_changes	capability_probe	1	0.292	0	0	143013800	1064	256	ok
PROBE-TSV	1	tar.bz2	payload	deferred	save_five_changes	commit	1	418.823	0	143020032	143013800	1064	256	ok
PROBE-TSV	1	tar.bz2	payload	deferred	save_five_changes	display	1	1.497	0	0	143013800	1064	256	ok
PROBE-TSV	1	tar.bz2	payload	deferred	save_five_changes	editing_install	1	0.005	0	0	143013800	1064	256	ok
PROBE-TSV	1	tar.bz2	payload	deferred	save_five_changes	editing_prepare	1	0.223	0	0	143013800	1064	256	ok
PROBE-TSV	1	tar.bz2	payload	deferred	save_five_changes	entry_comparison	1	0.048	0	0	143013800	1064	256	ok
PROBE-TSV	1	tar.bz2	payload	deferred	save_five_changes	filter_compute	2	0.000	0	0	143013800	1064	256	ok
PROBE-TSV	1	tar.bz2	payload	deferred	save_five_changes	name_index_advance	1	0.814	0	0	143013800	1064	256	ok
PROBE-TSV	1	tar.bz2	payload	deferred	save_five_changes	password_verification	1	0.024	0	0	143013800	1064	256	ok
PROBE-TSV	1	tar.bz2	payload	deferred	save_five_changes	publish	1	0.920	0	0	143013800	1064	256	ok
PROBE-TSV	1	tar.bz2	payload	deferred	save_five_changes	reader_adoption	1	0.001	0	0	143013800	1064	256	ok
PROBE-TSV	1	tar.bz2	payload	deferred	save_five_changes	reload	1	2.387	0	0	143013800	1064	256	ok
PROBE-TSV	1	tar.bz2	payload	deferred	save_five_changes	replay	1	2.147	4096	0	143013800	1064	256	ok
PROBE-TSV	1	tar.bz2	payload	deferred	save_five_changes	replay_plan	1	1.728	0	0	143013800	1064	256	ok
PROBE-TSV	1	tar.bz2	payload	deferred	save_five_changes	representability_differential	1	0.842	0	0	143013800	1064	256	ok
PROBE-TSV	1	tar.bz2	payload	deferred	save_five_changes	save_sheet	1	1147.222	4096	143044608	143013800	1064	256	ok
PROBE-TSV	1	tar.bz2	payload	deferred	save_five_changes	total	1	1147.726	4096	143044608	143013800	1064	256	ok
PROBE-TSV	1	tar.bz2	payload	deferred	save_five_changes	tree_build	1	0.052	0	0	143013800	1064	256	ok
PROBE-TSV	1	tar.bz2	payload	deferred	save_five_changes	updater_open	1	2.953	0	0	143013800	1064	256	ok
PROBE-TSV	1	tar.bz2	payload	deferred	save_five_changes	verification_open	1	140.369	0	0	143013800	1064	256	ok
PROBE-TSV	1	tar.bz2	payload	deferred	rename_only_reserve_rename	display	1	1.097	0	0	143017309	1064	256	ok
PROBE-TSV	1	tar.bz2	payload	deferred	rename_only_reserve_rename	filter_compute	1	0.000	0	0	143017309	1064	256	ok
PROBE-TSV	1	tar.bz2	payload	deferred	rename_only_reserve_rename	password_verification	1	0.029	0	0	143017309	1064	256	ok
PROBE-TSV	1	tar.bz2	payload	deferred	rename_only_reserve_rename	total	1	6.057	0	0	143017309	1064	256	ok
PROBE-TSV	1	tar.bz2	payload	deferred	rename_only_reserve_rename	tree_build	1	0.612	0	0	143017309	1064	256	ok
PROBE-TSV	1	tar.bz2	payload	deferred	save_rename_only	capability_probe	1	2.181	0	0	143017918	1064	256	ok
PROBE-TSV	1	tar.bz2	payload	deferred	save_rename_only	commit	1	311.441	0	143028224	143017918	1064	256	ok
PROBE-TSV	1	tar.bz2	payload	deferred	save_rename_only	display	1	1.062	0	0	143017918	1064	256	ok
PROBE-TSV	1	tar.bz2	payload	deferred	save_rename_only	editing_install	1	0.003	0	0	143017918	1064	256	ok
PROBE-TSV	1	tar.bz2	payload	deferred	save_rename_only	editing_prepare	1	0.247	0	0	143017918	1064	256	ok
PROBE-TSV	1	tar.bz2	payload	deferred	save_rename_only	entry_comparison	1	0.708	0	0	143017918	1064	256	ok
PROBE-TSV	1	tar.bz2	payload	deferred	save_rename_only	filter_compute	2	0.001	0	0	143017918	1064	256	ok
PROBE-TSV	1	tar.bz2	payload	deferred	save_rename_only	name_index_advance	1	0.126	0	0	143017918	1064	256	ok
PROBE-TSV	1	tar.bz2	payload	deferred	save_rename_only	password_verification	1	0.026	0	0	143017918	1064	256	ok
PROBE-TSV	1	tar.bz2	payload	deferred	save_rename_only	publish	1	0.363	0	0	143017918	1064	256	ok
PROBE-TSV	1	tar.bz2	payload	deferred	save_rename_only	reader_adoption	1	0.002	0	0	143017918	1064	256	ok
PROBE-TSV	1	tar.bz2	payload	deferred	save_rename_only	reload	1	3.596	0	0	143017918	1064	256	ok
PROBE-TSV	1	tar.bz2	payload	deferred	save_rename_only	replay	1	0.667	0	0	143017918	1064	256	ok
PROBE-TSV	1	tar.bz2	payload	deferred	save_rename_only	replay_plan	1	0.206	0	0	143017918	1064	256	ok
PROBE-TSV	1	tar.bz2	payload	deferred	save_rename_only	representability_differential	1	0.013	0	0	143017918	1064	256	ok
PROBE-TSV	1	tar.bz2	payload	deferred	save_rename_only	save_sheet	1	440.270	0	143040512	143017918	1064	256	ok
PROBE-TSV	1	tar.bz2	payload	deferred	save_rename_only	total	1	440.645	0	143040512	143017918	1064	256	ok
PROBE-TSV	1	tar.bz2	payload	deferred	save_rename_only	tree_build	1	0.607	0	0	143017918	1064	256	ok
PROBE-TSV	1	tar.bz2	payload	deferred	save_rename_only	updater_open	1	2.898	0	0	143017918	1064	256	ok
PROBE-TSV	1	tar.bz2	payload	deferred	save_rename_only	verification_open	1	106.223	0	0	143017918	1064	256	ok
PROBE-TSV	1	tar.xz	entries	immediate	delete_start	capability_probe	1	171.512	0	0	211408	100000	0	ok
PROBE-TSV	1	tar.xz	entries	immediate	delete_start	commit	1	164.532	0	217088	211408	100000	0	ok
PROBE-TSV	1	tar.xz	entries	immediate	delete_start	display	1	2.847	0	0	211408	100000	0	ok
PROBE-TSV	1	tar.xz	entries	immediate	delete_start	entry_comparison	1	61.331	0	0	211408	100000	0	ok
PROBE-TSV	1	tar.xz	entries	immediate	delete_start	filter_compute	1	0.000	0	0	211408	100000	0	ok
PROBE-TSV	1	tar.xz	entries	immediate	delete_start	mutate	1	57.728	0	0	211408	100000	0	ok
PROBE-TSV	1	tar.xz	entries	immediate	delete_start	password_verification	1	0.199	0	0	211408	100000	0	ok
PROBE-TSV	1	tar.xz	entries	immediate	delete_start	plan_build	1	0.012	0	0	211408	100000	0	ok
PROBE-TSV	1	tar.xz	entries	immediate	delete_start	plan_validation	1	8.826	0	0	211408	100000	0	ok
PROBE-TSV	1	tar.xz	entries	immediate	delete_start	publish	1	0.747	0	0	211408	100000	0	ok
PROBE-TSV	1	tar.xz	entries	immediate	delete_start	reader_adoption	1	0.002	0	0	211408	100000	0	ok
PROBE-TSV	1	tar.xz	entries	immediate	delete_start	reload	1	171.871	0	0	211408	100000	0	ok
PROBE-TSV	1	tar.xz	entries	immediate	delete_start	total	1	1164.162	0	229376	211408	100000	0	ok
PROBE-TSV	1	tar.xz	entries	immediate	delete_start	tree_build	1	57.255	0	0	211408	100000	0	ok
PROBE-TSV	1	tar.xz	entries	immediate	delete_start	updater_open	1	250.371	0	0	211408	100000	0	ok
PROBE-TSV	1	tar.xz	entries	immediate	delete_start	verification_open	1	372.046	0	0	211408	100000	0	ok
PROBE-TSV	1	tar.xz	entries	immediate	delete_end	capability_probe	1	173.440	0	0	211520	100000	0	ok
PROBE-TSV	1	tar.xz	entries	immediate	delete_end	commit	1	70.994	0	217088	211520	100000	0	ok
PROBE-TSV	1	tar.xz	entries	immediate	delete_end	display	1	2.816	0	0	211520	100000	0	ok
PROBE-TSV	1	tar.xz	entries	immediate	delete_end	entry_comparison	1	59.229	0	0	211520	100000	0	ok
PROBE-TSV	1	tar.xz	entries	immediate	delete_end	filter_compute	1	0.000	0	0	211520	100000	0	ok
PROBE-TSV	1	tar.xz	entries	immediate	delete_end	mutate	1	57.128	0	0	211520	100000	0	ok
PROBE-TSV	1	tar.xz	entries	immediate	delete_end	password_verification	1	0.236	0	0	211520	100000	0	ok
PROBE-TSV	1	tar.xz	entries	immediate	delete_end	plan_build	1	0.014	0	0	211520	100000	0	ok
PROBE-TSV	1	tar.xz	entries	immediate	delete_end	plan_validation	1	8.557	0	0	211520	100000	0	ok
PROBE-TSV	1	tar.xz	entries	immediate	delete_end	publish	1	0.738	0	0	211520	100000	0	ok
PROBE-TSV	1	tar.xz	entries	immediate	delete_end	reader_adoption	1	0.002	0	0	211520	100000	0	ok
PROBE-TSV	1	tar.xz	entries	immediate	delete_end	reload	1	173.743	0	0	211520	100000	0	ok
PROBE-TSV	1	tar.xz	entries	immediate	delete_end	total	1	1063.098	0	229376	211520	100000	0	ok
PROBE-TSV	1	tar.xz	entries	immediate	delete_end	tree_build	1	57.828	0	0	211520	100000	0	ok
PROBE-TSV	1	tar.xz	entries	immediate	delete_end	updater_open	1	246.134	0	0	211520	100000	0	ok
PROBE-TSV	1	tar.xz	entries	immediate	delete_end	verification_open	1	368.649	0	0	211520	100000	0	ok
PROBE-TSV	1	tar.xz	entries	immediate	rename_same_length	capability_probe	1	168.775	0	0	211580	100000	0	ok
PROBE-TSV	1	tar.xz	entries	immediate	rename_same_length	commit	1	171.309	0	225280	211580	100000	0	ok
PROBE-TSV	1	tar.xz	entries	immediate	rename_same_length	display	1	2.801	0	0	211580	100000	0	ok
PROBE-TSV	1	tar.xz	entries	immediate	rename_same_length	entry_comparison	1	60.460	0	0	211580	100000	0	ok
PROBE-TSV	1	tar.xz	entries	immediate	rename_same_length	filter_compute	1	0.000	0	0	211580	100000	0	ok
PROBE-TSV	1	tar.xz	entries	immediate	rename_same_length	mutate	1	56.797	0	0	211580	100000	0	ok
PROBE-TSV	1	tar.xz	entries	immediate	rename_same_length	name_index_advance	1	13.523	0	0	211580	100000	0	ok
PROBE-TSV	1	tar.xz	entries	immediate	rename_same_length	name_index_build	1	137.490	0	0	211580	100000	0	ok
PROBE-TSV	1	tar.xz	entries	immediate	rename_same_length	password_verification	1	0.221	0	0	211580	100000	0	ok
PROBE-TSV	1	tar.xz	entries	immediate	rename_same_length	plan_build	1	0.026	0	0	211580	100000	0	ok
PROBE-TSV	1	tar.xz	entries	immediate	rename_same_length	plan_validation	1	8.596	0	0	211580	100000	0	ok
PROBE-TSV	1	tar.xz	entries	immediate	rename_same_length	publish	1	0.754	0	0	211580	100000	0	ok
PROBE-TSV	1	tar.xz	entries	immediate	rename_same_length	reader_adoption	1	0.002	0	0	211580	100000	0	ok
PROBE-TSV	1	tar.xz	entries	immediate	rename_same_length	reload	1	182.895	0	0	211580	100000	0	ok
PROBE-TSV	1	tar.xz	entries	immediate	rename_same_length	total	1	1318.420	0	237568	211580	100000	0	ok
PROBE-TSV	1	tar.xz	entries	immediate	rename_same_length	tree_build	1	58.436	0	0	211580	100000	0	ok
PROBE-TSV	1	tar.xz	entries	immediate	rename_same_length	updater_open	1	245.509	0	0	211580	100000	0	ok
PROBE-TSV	1	tar.xz	entries	immediate	rename_same_length	verification_open	1	375.243	0	0	211580	100000	0	ok
PROBE-TSV	1	tar.xz	entries	immediate	rename_different_length	capability_probe	1	168.448	0	0	211484	100000	0	ok
PROBE-TSV	1	tar.xz	entries	immediate	rename_different_length	commit	1	163.038	0	225280	211484	100000	0	ok
PROBE-TSV	1	tar.xz	entries	immediate	rename_different_length	display	1	2.825	0	0	211484	100000	0	ok
PROBE-TSV	1	tar.xz	entries	immediate	rename_different_length	entry_comparison	1	61.048	0	0	211484	100000	0	ok
PROBE-TSV	1	tar.xz	entries	immediate	rename_different_length	filter_compute	1	0.000	0	0	211484	100000	0	ok
PROBE-TSV	1	tar.xz	entries	immediate	rename_different_length	mutate	1	56.688	0	0	211484	100000	0	ok
PROBE-TSV	1	tar.xz	entries	immediate	rename_different_length	name_index_advance	1	13.247	0	0	211484	100000	0	ok
PROBE-TSV	1	tar.xz	entries	immediate	rename_different_length	name_index_build	1	139.228	0	0	211484	100000	0	ok
PROBE-TSV	1	tar.xz	entries	immediate	rename_different_length	password_verification	1	0.212	0	0	211484	100000	0	ok
PROBE-TSV	1	tar.xz	entries	immediate	rename_different_length	plan_build	1	0.029	0	0	211484	100000	0	ok
PROBE-TSV	1	tar.xz	entries	immediate	rename_different_length	plan_validation	1	8.781	0	0	211484	100000	0	ok
PROBE-TSV	1	tar.xz	entries	immediate	rename_different_length	publish	1	0.739	0	0	211484	100000	0	ok
PROBE-TSV	1	tar.xz	entries	immediate	rename_different_length	reader_adoption	1	0.002	0	0	211484	100000	0	ok
PROBE-TSV	1	tar.xz	entries	immediate	rename_different_length	reload	1	182.300	0	0	211484	100000	0	ok
PROBE-TSV	1	tar.xz	entries	immediate	rename_different_length	total	1	1304.482	0	237568	211484	100000	0	ok
PROBE-TSV	1	tar.xz	entries	immediate	rename_different_length	tree_build	1	57.462	0	0	211484	100000	0	ok
PROBE-TSV	1	tar.xz	entries	immediate	rename_different_length	updater_open	1	244.154	0	0	211484	100000	0	ok
PROBE-TSV	1	tar.xz	entries	immediate	rename_different_length	verification_open	1	370.470	0	0	211484	100000	0	ok
PROBE-TSV	1	tar.xz	entries	immediate	rename_folder	capability_probe	1	171.239	0	0	212556	100000	0	ok
PROBE-TSV	1	tar.xz	entries	immediate	rename_folder	commit	1	189.252	0	737280	212556	100000	0	ok
PROBE-TSV	1	tar.xz	entries	immediate	rename_folder	display	1	2.601	0	0	212556	100000	0	ok
PROBE-TSV	1	tar.xz	entries	immediate	rename_folder	entry_comparison	1	62.366	0	0	212556	100000	0	ok
PROBE-TSV	1	tar.xz	entries	immediate	rename_folder	filter_compute	1	0.000	0	0	212556	100000	0	ok
PROBE-TSV	1	tar.xz	entries	immediate	rename_folder	mutate	1	61.658	0	0	212556	100000	0	ok
PROBE-TSV	1	tar.xz	entries	immediate	rename_folder	name_index_advance	1	18.171	0	0	212556	100000	0	ok
PROBE-TSV	1	tar.xz	entries	immediate	rename_folder	name_index_build	1	137.585	0	0	212556	100000	0	ok
PROBE-TSV	1	tar.xz	entries	immediate	rename_folder	password_verification	1	0.202	0	0	212556	100000	0	ok
PROBE-TSV	1	tar.xz	entries	immediate	rename_folder	plan_build	1	5.475	0	0	212556	100000	0	ok
PROBE-TSV	1	tar.xz	entries	immediate	rename_folder	plan_validation	1	11.105	0	0	212556	100000	0	ok
PROBE-TSV	1	tar.xz	entries	immediate	rename_folder	publish	1	0.781	0	0	212556	100000	0	ok
PROBE-TSV	1	tar.xz	entries	immediate	rename_folder	reader_adoption	1	0.002	0	0	212556	100000	0	ok
PROBE-TSV	1	tar.xz	entries	immediate	rename_folder	reload	1	190.011	0	0	212556	100000	0	ok
PROBE-TSV	1	tar.xz	entries	immediate	rename_folder	total	1	1354.713	0	749568	212556	100000	0	ok
PROBE-TSV	1	tar.xz	entries	immediate	rename_folder	tree_build	1	57.420	0	0	212556	100000	0	ok
PROBE-TSV	1	tar.xz	entries	immediate	rename_folder	updater_open	1	244.740	0	0	212556	100000	0	ok
PROBE-TSV	1	tar.xz	entries	immediate	rename_folder	verification_open	1	373.061	0	0	212556	100000	0	ok
PROBE-TSV	1	tar.xz	entries	immediate	new_folder	capability_probe	1	173.009	0	0	211648	100000	0	ok
PROBE-TSV	1	tar.xz	entries	immediate	new_folder	commit	1	6.114	0	225280	211648	100000	0	ok
PROBE-TSV	1	tar.xz	entries	immediate	new_folder	display	1	3.011	0	0	211648	100000	0	ok
PROBE-TSV	1	tar.xz	entries	immediate	new_folder	entry_comparison	1	61.004	0	0	211648	100000	0	ok
PROBE-TSV	1	tar.xz	entries	immediate	new_folder	filter_compute	1	0.000	0	0	211648	100000	0	ok
PROBE-TSV	1	tar.xz	entries	immediate	new_folder	mutate	1	60.274	0	0	211648	100000	0	ok
PROBE-TSV	1	tar.xz	entries	immediate	new_folder	name_index_advance	1	12.732	0	0	211648	100000	0	ok
PROBE-TSV	1	tar.xz	entries	immediate	new_folder	name_index_build	1	140.532	0	0	211648	100000	0	ok
PROBE-TSV	1	tar.xz	entries	immediate	new_folder	password_verification	1	0.203	0	0	211648	100000	0	ok
PROBE-TSV	1	tar.xz	entries	immediate	new_folder	plan_build	1	140.554	0	0	211648	100000	0	ok
PROBE-TSV	1	tar.xz	entries	immediate	new_folder	plan_validation	1	8.647	0	0	211648	100000	0	ok
PROBE-TSV	1	tar.xz	entries	immediate	new_folder	publish	1	0.815	0	0	211648	100000	0	ok
PROBE-TSV	1	tar.xz	entries	immediate	new_folder	reader_adoption	1	0.002	0	0	211648	100000	0	ok
PROBE-TSV	1	tar.xz	entries	immediate	new_folder	reload	1	186.350	0	0	211648	100000	0	ok
PROBE-TSV	1	tar.xz	entries	immediate	new_folder	total	1	1150.015	0	237568	211648	100000	0	ok
PROBE-TSV	1	tar.xz	entries	immediate	new_folder	tree_build	1	57.117	0	0	211648	100000	0	ok
PROBE-TSV	1	tar.xz	entries	immediate	new_folder	updater_open	1	241.010	0	0	211648	100000	0	ok
PROBE-TSV	1	tar.xz	entries	immediate	new_folder	verification_open	1	367.489	0	0	211648	100000	0	ok
PROBE-TSV	1	tar.xz	entries	immediate	add_file	capability_probe	1	171.024	0	0	211656	100000	0	ok
PROBE-TSV	1	tar.xz	entries	immediate	add_file	commit	1	6.106	0	225280	211656	100000	0	ok
PROBE-TSV	1	tar.xz	entries	immediate	add_file	display	1	2.891	0	0	211656	100000	0	ok
PROBE-TSV	1	tar.xz	entries	immediate	add_file	entry_comparison	1	61.691	0	0	211656	100000	0	ok
PROBE-TSV	1	tar.xz	entries	immediate	add_file	filter_compute	1	0.000	0	0	211656	100000	0	ok
PROBE-TSV	1	tar.xz	entries	immediate	add_file	mutate	1	60.142	0	0	211656	100000	0	ok
PROBE-TSV	1	tar.xz	entries	immediate	add_file	name_index_advance	1	12.676	0	0	211656	100000	0	ok
PROBE-TSV	1	tar.xz	entries	immediate	add_file	name_index_build	1	137.722	0	0	211656	100000	0	ok
PROBE-TSV	1	tar.xz	entries	immediate	add_file	password_verification	1	0.202	0	0	211656	100000	0	ok
PROBE-TSV	1	tar.xz	entries	immediate	add_file	plan_build	3	0.085	0	0	211656	100000	0	ok
PROBE-TSV	1	tar.xz	entries	immediate	add_file	plan_validation	1	8.574	0	0	211656	100000	0	ok
PROBE-TSV	1	tar.xz	entries	immediate	add_file	publish	1	0.817	0	0	211656	100000	0	ok
PROBE-TSV	1	tar.xz	entries	immediate	add_file	reader_adoption	1	0.002	0	0	211656	100000	0	ok
PROBE-TSV	1	tar.xz	entries	immediate	add_file	reload	1	184.294	0	0	211656	100000	0	ok
PROBE-TSV	1	tar.xz	entries	immediate	add_file	total	1	1149.273	0	237568	211656	100000	0	ok
PROBE-TSV	1	tar.xz	entries	immediate	add_file	tree_build	1	57.819	0	0	211656	100000	0	ok
PROBE-TSV	1	tar.xz	entries	immediate	add_file	updater_open	1	242.565	0	0	211656	100000	0	ok
PROBE-TSV	1	tar.xz	entries	immediate	add_file	verification_open	1	370.122	0	0	211656	100000	0	ok
PROBE-TSV	1	tar.xz	entries	immediate	replace_file	capability_probe	1	171.797	0	0	211544	100000	0	ok
PROBE-TSV	1	tar.xz	entries	immediate	replace_file	commit	1	166.719	0	225280	211544	100000	0	ok
PROBE-TSV	1	tar.xz	entries	immediate	replace_file	display	1	2.884	0	0	211544	100000	0	ok
PROBE-TSV	1	tar.xz	entries	immediate	replace_file	entry_comparison	1	63.493	0	0	211544	100000	0	ok
PROBE-TSV	1	tar.xz	entries	immediate	replace_file	filter_compute	1	0.000	0	0	211544	100000	0	ok
PROBE-TSV	1	tar.xz	entries	immediate	replace_file	mutate	1	115.797	0	0	211544	100000	0	ok
PROBE-TSV	1	tar.xz	entries	immediate	replace_file	name_index_advance	1	13.464	0	0	211544	100000	0	ok
PROBE-TSV	1	tar.xz	entries	immediate	replace_file	name_index_build	1	141.007	0	0	211544	100000	0	ok
PROBE-TSV	1	tar.xz	entries	immediate	replace_file	password_verification	1	0.230	0	0	211544	100000	0	ok
PROBE-TSV	1	tar.xz	entries	immediate	replace_file	plan_build	4	2.421	0	0	211544	100000	0	ok
PROBE-TSV	1	tar.xz	entries	immediate	replace_file	plan_validation	1	9.541	0	0	211544	100000	0	ok
PROBE-TSV	1	tar.xz	entries	immediate	replace_file	publish	1	0.807	0	0	211544	100000	0	ok
PROBE-TSV	1	tar.xz	entries	immediate	replace_file	reader_adoption	1	0.002	0	0	211544	100000	0	ok
PROBE-TSV	1	tar.xz	entries	immediate	replace_file	reload	1	185.944	0	0	211544	100000	0	ok
PROBE-TSV	1	tar.xz	entries	immediate	replace_file	total	1	1403.923	0	237568	211544	100000	0	ok
PROBE-TSV	1	tar.xz	entries	immediate	replace_file	tree_build	1	57.634	0	0	211544	100000	0	ok
PROBE-TSV	1	tar.xz	entries	immediate	replace_file	updater_open	1	252.071	0	0	211544	100000	0	ok
PROBE-TSV	1	tar.xz	entries	immediate	replace_file	verification_open	1	386.562	0	0	211544	100000	0	ok
PROBE-TSV	1	tar.xz	entries	deferred	five_changes_reserve_rename	display	1	2.647	0	0	211560	100000	0	ok
PROBE-TSV	1	tar.xz	entries	deferred	five_changes_reserve_rename	filter_compute	1	0.001	0	0	211560	100000	0	ok
PROBE-TSV	1	tar.xz	entries	deferred	five_changes_reserve_rename	password_verification	1	0.567	0	0	211560	100000	0	ok
PROBE-TSV	1	tar.xz	entries	deferred	five_changes_reserve_rename	total	1	147.510	0	0	211560	100000	0	ok
PROBE-TSV	1	tar.xz	entries	deferred	five_changes_reserve_rename	tree_build	1	62.023	0	0	211560	100000	0	ok
PROBE-TSV	1	tar.xz	entries	deferred	five_changes_reserve_delete	display	1	2.679	0	0	211560	100000	0	ok
PROBE-TSV	1	tar.xz	entries	deferred	five_changes_reserve_delete	filter_compute	1	0.001	0	0	211560	100000	0	ok
PROBE-TSV	1	tar.xz	entries	deferred	five_changes_reserve_delete	password_verification	1	0.560	0	0	211560	100000	0	ok
PROBE-TSV	1	tar.xz	entries	deferred	five_changes_reserve_delete	total	1	147.406	0	0	211560	100000	0	ok
PROBE-TSV	1	tar.xz	entries	deferred	five_changes_reserve_delete	tree_build	1	60.048	0	0	211560	100000	0	ok
PROBE-TSV	1	tar.xz	entries	deferred	five_changes_reserve_new_folder	display	1	2.764	0	0	211560	100000	0	ok
PROBE-TSV	1	tar.xz	entries	deferred	five_changes_reserve_new_folder	filter_compute	1	0.001	0	0	211560	100000	0	ok
PROBE-TSV	1	tar.xz	entries	deferred	five_changes_reserve_new_folder	password_verification	1	0.568	0	0	211560	100000	0	ok
PROBE-TSV	1	tar.xz	entries	deferred	five_changes_reserve_new_folder	total	1	145.704	0	0	211560	100000	0	ok
PROBE-TSV	1	tar.xz	entries	deferred	five_changes_reserve_new_folder	tree_build	1	55.740	0	0	211560	100000	0	ok
PROBE-TSV	1	tar.xz	entries	deferred	five_changes_reserve_delete_folder	display	1	2.711	0	0	211560	100000	0	ok
PROBE-TSV	1	tar.xz	entries	deferred	five_changes_reserve_delete_folder	filter_compute	1	0.001	0	0	211560	100000	0	ok
PROBE-TSV	1	tar.xz	entries	deferred	five_changes_reserve_delete_folder	password_verification	1	0.575	0	0	211560	100000	0	ok
PROBE-TSV	1	tar.xz	entries	deferred	five_changes_reserve_delete_folder	total	1	152.160	0	0	211560	100000	0	ok
PROBE-TSV	1	tar.xz	entries	deferred	five_changes_reserve_delete_folder	tree_build	1	59.808	0	0	211560	100000	0	ok
PROBE-TSV	1	tar.xz	entries	deferred	five_changes_reserve_add	display	1	3.070	0	0	211560	100000	0	ok
PROBE-TSV	1	tar.xz	entries	deferred	five_changes_reserve_add	filter_compute	1	0.001	0	0	211560	100000	0	ok
PROBE-TSV	1	tar.xz	entries	deferred	five_changes_reserve_add	password_verification	1	0.572	0	0	211560	100000	0	ok
PROBE-TSV	1	tar.xz	entries	deferred	five_changes_reserve_add	plan_build	3	0.059	0	0	211560	100000	0	ok
PROBE-TSV	1	tar.xz	entries	deferred	five_changes_reserve_add	total	1	147.266	0	4096	211560	100000	0	ok
PROBE-TSV	1	tar.xz	entries	deferred	five_changes_reserve_add	tree_build	1	56.701	0	0	211560	100000	0	ok
PROBE-TSV	1	tar.xz	entries	deferred	save_five_changes	capability_probe	1	171.914	0	0	209272	100000	0	ok
PROBE-TSV	1	tar.xz	entries	deferred	save_five_changes	commit	1	127.394	0	225280	209272	100000	0	ok
PROBE-TSV	1	tar.xz	entries	deferred	save_five_changes	display	1	2.851	0	0	209272	100000	0	ok
PROBE-TSV	1	tar.xz	entries	deferred	save_five_changes	editing_install	1	0.006	0	0	209272	100000	0	ok
PROBE-TSV	1	tar.xz	entries	deferred	save_five_changes	editing_prepare	1	26.303	0	0	209272	100000	0	ok
PROBE-TSV	1	tar.xz	entries	deferred	save_five_changes	entry_comparison	1	62.550	0	0	209272	100000	0	ok
PROBE-TSV	1	tar.xz	entries	deferred	save_five_changes	filter_compute	2	0.001	0	0	209272	100000	0	ok
PROBE-TSV	1	tar.xz	entries	deferred	save_five_changes	name_index_advance	1	17.113	0	0	209272	100000	0	ok
PROBE-TSV	1	tar.xz	entries	deferred	save_five_changes	password_verification	1	0.552	0	0	209272	100000	0	ok
PROBE-TSV	1	tar.xz	entries	deferred	save_five_changes	publish	1	0.959	0	0	209272	100000	0	ok
PROBE-TSV	1	tar.xz	entries	deferred	save_five_changes	reader_adoption	1	0.003	0	0	209272	100000	0	ok
PROBE-TSV	1	tar.xz	entries	deferred	save_five_changes	reload	1	189.735	0	0	209272	100000	0	ok
PROBE-TSV	1	tar.xz	entries	deferred	save_five_changes	replay	1	116.690	4096	0	209272	100000	0	ok
PROBE-TSV	1	tar.xz	entries	deferred	save_five_changes	replay_plan	1	23.057	0	0	209272	100000	0	ok
PROBE-TSV	1	tar.xz	entries	deferred	save_five_changes	representability_differential	1	0.781	0	0	209272	100000	0	ok
PROBE-TSV	1	tar.xz	entries	deferred	save_five_changes	save_sheet	1	1592.514	4096	249856	209272	100000	0	ok
PROBE-TSV	1	tar.xz	entries	deferred	save_five_changes	total	1	1619.101	4096	249856	209272	100000	0	ok
PROBE-TSV	1	tar.xz	entries	deferred	save_five_changes	tree_build	1	61.140	0	0	209272	100000	0	ok
PROBE-TSV	1	tar.xz	entries	deferred	save_five_changes	updater_open	1	243.681	0	0	209272	100000	0	ok
PROBE-TSV	1	tar.xz	entries	deferred	save_five_changes	verification_open	1	378.873	0	0	209272	100000	0	ok
PROBE-TSV	1	tar.xz	entries	deferred	rename_only_reserve_rename	display	1	2.868	0	0	211560	100000	0	ok
PROBE-TSV	1	tar.xz	entries	deferred	rename_only_reserve_rename	filter_compute	1	0.001	0	0	211560	100000	0	ok
PROBE-TSV	1	tar.xz	entries	deferred	rename_only_reserve_rename	password_verification	1	0.577	0	0	211560	100000	0	ok
PROBE-TSV	1	tar.xz	entries	deferred	rename_only_reserve_rename	total	1	142.466	0	0	211560	100000	0	ok
PROBE-TSV	1	tar.xz	entries	deferred	rename_only_reserve_rename	tree_build	1	57.610	0	0	211560	100000	0	ok
PROBE-TSV	1	tar.xz	entries	deferred	save_rename_only	capability_probe	1	179.762	0	0	211468	100000	0	ok
PROBE-TSV	1	tar.xz	entries	deferred	save_rename_only	commit	1	167.838	0	225280	211468	100000	0	ok
PROBE-TSV	1	tar.xz	entries	deferred	save_rename_only	display	1	2.844	0	0	211468	100000	0	ok
PROBE-TSV	1	tar.xz	entries	deferred	save_rename_only	editing_install	1	0.005	0	0	211468	100000	0	ok
PROBE-TSV	1	tar.xz	entries	deferred	save_rename_only	editing_prepare	1	23.300	0	0	211468	100000	0	ok
PROBE-TSV	1	tar.xz	entries	deferred	save_rename_only	entry_comparison	1	60.809	0	0	211468	100000	0	ok
PROBE-TSV	1	tar.xz	entries	deferred	save_rename_only	filter_compute	2	0.001	0	0	211468	100000	0	ok
PROBE-TSV	1	tar.xz	entries	deferred	save_rename_only	name_index_advance	1	13.653	0	0	211468	100000	0	ok
PROBE-TSV	1	tar.xz	entries	deferred	save_rename_only	password_verification	1	0.580	0	0	211468	100000	0	ok
PROBE-TSV	1	tar.xz	entries	deferred	save_rename_only	publish	1	0.330	0	0	211468	100000	0	ok
PROBE-TSV	1	tar.xz	entries	deferred	save_rename_only	reader_adoption	1	0.003	0	0	211468	100000	0	ok
PROBE-TSV	1	tar.xz	entries	deferred	save_rename_only	reload	1	194.103	0	0	211468	100000	0	ok
PROBE-TSV	1	tar.xz	entries	deferred	save_rename_only	replay	1	62.040	0	0	211468	100000	0	ok
PROBE-TSV	1	tar.xz	entries	deferred	save_rename_only	replay_plan	1	23.771	0	0	211468	100000	0	ok
PROBE-TSV	1	tar.xz	entries	deferred	save_rename_only	representability_differential	1	0.023	0	0	211468	100000	0	ok
PROBE-TSV	1	tar.xz	entries	deferred	save_rename_only	save_sheet	1	1576.432	0	237568	211468	100000	0	ok
PROBE-TSV	1	tar.xz	entries	deferred	save_rename_only	total	1	1600.031	0	237568	211468	100000	0	ok
PROBE-TSV	1	tar.xz	entries	deferred	save_rename_only	tree_build	1	62.745	0	0	211468	100000	0	ok
PROBE-TSV	1	tar.xz	entries	deferred	save_rename_only	updater_open	1	251.834	0	0	211468	100000	0	ok
PROBE-TSV	1	tar.xz	entries	deferred	save_rename_only	verification_open	1	386.996	0	0	211468	100000	0	ok
PROBE-TSV	1	tar.xz	payload	immediate	delete_start	capability_probe	1	1.974	0	0	135726648	1064	256	ok
PROBE-TSV	1	tar.xz	payload	immediate	delete_start	commit	1	20.076	0	135741440	135726648	1064	256	ok
PROBE-TSV	1	tar.xz	payload	immediate	delete_start	display	1	1.322	0	0	135726648	1064	256	ok
PROBE-TSV	1	tar.xz	payload	immediate	delete_start	entry_comparison	1	0.638	0	0	135726648	1064	256	ok
PROBE-TSV	1	tar.xz	payload	immediate	delete_start	filter_compute	1	0.000	0	0	135726648	1064	256	ok
PROBE-TSV	1	tar.xz	payload	immediate	delete_start	mutate	1	0.676	0	0	135726648	1064	256	ok
PROBE-TSV	1	tar.xz	payload	immediate	delete_start	password_verification	1	0.032	0	0	135726648	1064	256	ok
PROBE-TSV	1	tar.xz	payload	immediate	delete_start	plan_build	1	0.012	0	0	135726648	1064	256	ok
PROBE-TSV	1	tar.xz	payload	immediate	delete_start	plan_validation	1	0.113	0	0	135726648	1064	256	ok
PROBE-TSV	1	tar.xz	payload	immediate	delete_start	publish	1	0.670	0	0	135726648	1064	256	ok
PROBE-TSV	1	tar.xz	payload	immediate	delete_start	reader_adoption	1	0.002	0	0	135726648	1064	256	ok
PROBE-TSV	1	tar.xz	payload	immediate	delete_start	reload	1	2.155	0	0	135726648	1064	256	ok
PROBE-TSV	1	tar.xz	payload	immediate	delete_start	total	1	68.528	0	135753728	135726648	1064	256	ok
PROBE-TSV	1	tar.xz	payload	immediate	delete_start	tree_build	1	0.564	0	0	135726648	1064	256	ok
PROBE-TSV	1	tar.xz	payload	immediate	delete_start	updater_open	1	2.889	0	0	135726648	1064	256	ok
PROBE-TSV	1	tar.xz	payload	immediate	delete_start	verification_open	1	35.765	0	0	135726648	1064	256	ok
PROBE-TSV	1	tar.xz	payload	immediate	delete_end	capability_probe	1	2.019	0	0	137187620	1064	256	ok
PROBE-TSV	1	tar.xz	payload	immediate	delete_end	commit	1	59.148	0	137199616	137187620	1064	256	ok
PROBE-TSV	1	tar.xz	payload	immediate	delete_end	display	1	1.326	0	0	137187620	1064	256	ok
PROBE-TSV	1	tar.xz	payload	immediate	delete_end	entry_comparison	1	0.653	0	0	137187620	1064	256	ok
PROBE-TSV	1	tar.xz	payload	immediate	delete_end	filter_compute	1	0.000	0	0	137187620	1064	256	ok
PROBE-TSV	1	tar.xz	payload	immediate	delete_end	mutate	1	0.656	0	0	137187620	1064	256	ok
PROBE-TSV	1	tar.xz	payload	immediate	delete_end	password_verification	1	0.033	0	0	137187620	1064	256	ok
PROBE-TSV	1	tar.xz	payload	immediate	delete_end	plan_build	1	0.011	0	0	137187620	1064	256	ok
PROBE-TSV	1	tar.xz	payload	immediate	delete_end	plan_validation	1	0.104	0	0	137187620	1064	256	ok
PROBE-TSV	1	tar.xz	payload	immediate	delete_end	publish	1	0.790	0	0	137187620	1064	256	ok
PROBE-TSV	1	tar.xz	payload	immediate	delete_end	reader_adoption	1	0.002	0	0	137187620	1064	256	ok
PROBE-TSV	1	tar.xz	payload	immediate	delete_end	reload	1	2.226	0	0	137187620	1064	256	ok
PROBE-TSV	1	tar.xz	payload	immediate	delete_end	total	1	108.412	0	137211904	137187620	1064	256	ok
PROBE-TSV	1	tar.xz	payload	immediate	delete_end	tree_build	1	0.573	0	0	137187620	1064	256	ok
PROBE-TSV	1	tar.xz	payload	immediate	delete_end	updater_open	1	2.890	0	0	137187620	1064	256	ok
PROBE-TSV	1	tar.xz	payload	immediate	delete_end	verification_open	1	36.696	0	0	137187620	1064	256	ok
PROBE-TSV	1	tar.xz	payload	immediate	rename_same_length	capability_probe	1	2.046	0	0	137187616	1064	256	ok
PROBE-TSV	1	tar.xz	payload	immediate	rename_same_length	commit	1	20.385	0	137199616	137187616	1064	256	ok
PROBE-TSV	1	tar.xz	payload	immediate	rename_same_length	display	1	1.264	0	0	137187616	1064	256	ok
PROBE-TSV	1	tar.xz	payload	immediate	rename_same_length	entry_comparison	1	0.658	0	0	137187616	1064	256	ok
PROBE-TSV	1	tar.xz	payload	immediate	rename_same_length	filter_compute	1	0.000	0	0	137187616	1064	256	ok
PROBE-TSV	1	tar.xz	payload	immediate	rename_same_length	mutate	1	0.629	0	0	137187616	1064	256	ok
PROBE-TSV	1	tar.xz	payload	immediate	rename_same_length	name_index_advance	1	0.146	0	0	137187616	1064	256	ok
PROBE-TSV	1	tar.xz	payload	immediate	rename_same_length	name_index_build	1	1.465	0	0	137187616	1064	256	ok
PROBE-TSV	1	tar.xz	payload	immediate	rename_same_length	password_verification	1	0.029	0	0	137187616	1064	256	ok
PROBE-TSV	1	tar.xz	payload	immediate	rename_same_length	plan_build	1	0.016	0	0	137187616	1064	256	ok
PROBE-TSV	1	tar.xz	payload	immediate	rename_same_length	plan_validation	1	0.098	0	0	137187616	1064	256	ok
PROBE-TSV	1	tar.xz	payload	immediate	rename_same_length	publish	1	0.848	0	0	137187616	1064	256	ok
PROBE-TSV	1	tar.xz	payload	immediate	rename_same_length	reader_adoption	1	0.002	0	0	137187616	1064	256	ok
PROBE-TSV	1	tar.xz	payload	immediate	rename_same_length	reload	1	2.408	0	0	137187616	1064	256	ok
PROBE-TSV	1	tar.xz	payload	immediate	rename_same_length	total	1	70.639	0	137211904	137187616	1064	256	ok
PROBE-TSV	1	tar.xz	payload	immediate	rename_same_length	tree_build	1	0.579	0	0	137187616	1064	256	ok
PROBE-TSV	1	tar.xz	payload	immediate	rename_same_length	updater_open	1	2.773	0	0	137187616	1064	256	ok
PROBE-TSV	1	tar.xz	payload	immediate	rename_same_length	verification_open	1	36.221	0	0	137187616	1064	256	ok
PROBE-TSV	1	tar.xz	payload	immediate	rename_different_length	capability_probe	1	2.012	0	0	137187636	1064	256	ok
PROBE-TSV	1	tar.xz	payload	immediate	rename_different_length	commit	1	20.552	0	137199616	137187636	1064	256	ok
PROBE-TSV	1	tar.xz	payload	immediate	rename_different_length	display	1	1.301	0	0	137187636	1064	256	ok
PROBE-TSV	1	tar.xz	payload	immediate	rename_different_length	entry_comparison	1	0.691	0	0	137187636	1064	256	ok
PROBE-TSV	1	tar.xz	payload	immediate	rename_different_length	filter_compute	1	0.000	0	0	137187636	1064	256	ok
PROBE-TSV	1	tar.xz	payload	immediate	rename_different_length	mutate	1	0.638	0	0	137187636	1064	256	ok
PROBE-TSV	1	tar.xz	payload	immediate	rename_different_length	name_index_advance	1	0.153	0	0	137187636	1064	256	ok
PROBE-TSV	1	tar.xz	payload	immediate	rename_different_length	name_index_build	1	1.471	0	0	137187636	1064	256	ok
PROBE-TSV	1	tar.xz	payload	immediate	rename_different_length	password_verification	1	0.030	0	0	137187636	1064	256	ok
PROBE-TSV	1	tar.xz	payload	immediate	rename_different_length	plan_build	1	0.019	0	0	137187636	1064	256	ok
PROBE-TSV	1	tar.xz	payload	immediate	rename_different_length	plan_validation	1	0.101	0	0	137187636	1064	256	ok
PROBE-TSV	1	tar.xz	payload	immediate	rename_different_length	publish	1	0.731	0	0	137187636	1064	256	ok
PROBE-TSV	1	tar.xz	payload	immediate	rename_different_length	reader_adoption	1	0.002	0	0	137187636	1064	256	ok
PROBE-TSV	1	tar.xz	payload	immediate	rename_different_length	reload	1	2.386	0	0	137187636	1064	256	ok
PROBE-TSV	1	tar.xz	payload	immediate	rename_different_length	total	1	70.845	0	137211904	137187636	1064	256	ok
PROBE-TSV	1	tar.xz	payload	immediate	rename_different_length	tree_build	1	0.592	0	0	137187636	1064	256	ok
PROBE-TSV	1	tar.xz	payload	immediate	rename_different_length	updater_open	1	2.790	0	0	137187636	1064	256	ok
PROBE-TSV	1	tar.xz	payload	immediate	rename_different_length	verification_open	1	36.351	0	0	137187636	1064	256	ok
PROBE-TSV	1	tar.xz	payload	immediate	rename_folder	capability_probe	1	2.202	0	0	137188112	1064	256	ok
PROBE-TSV	1	tar.xz	payload	immediate	rename_folder	commit	1	25.515	0	137228288	137188112	1064	256	ok
PROBE-TSV	1	tar.xz	payload	immediate	rename_folder	display	1	1.286	0	0	137188112	1064	256	ok
PROBE-TSV	1	tar.xz	payload	immediate	rename_folder	entry_comparison	1	0.713	0	0	137188112	1064	256	ok
PROBE-TSV	1	tar.xz	payload	immediate	rename_folder	filter_compute	1	0.000	0	0	137188112	1064	256	ok
PROBE-TSV	1	tar.xz	payload	immediate	rename_folder	mutate	1	0.940	0	0	137188112	1064	256	ok
PROBE-TSV	1	tar.xz	payload	immediate	rename_folder	name_index_advance	1	0.417	0	0	137188112	1064	256	ok
PROBE-TSV	1	tar.xz	payload	immediate	rename_folder	name_index_build	1	1.622	0	0	137188112	1064	256	ok
PROBE-TSV	1	tar.xz	payload	immediate	rename_folder	password_verification	1	0.031	0	0	137188112	1064	256	ok
PROBE-TSV	1	tar.xz	payload	immediate	rename_folder	plan_build	1	0.357	0	0	137188112	1064	256	ok
PROBE-TSV	1	tar.xz	payload	immediate	rename_folder	plan_validation	1	0.253	0	0	137188112	1064	256	ok
PROBE-TSV	1	tar.xz	payload	immediate	rename_folder	publish	1	0.781	0	0	137188112	1064	256	ok
PROBE-TSV	1	tar.xz	payload	immediate	rename_folder	reader_adoption	1	0.002	0	0	137188112	1064	256	ok
PROBE-TSV	1	tar.xz	payload	immediate	rename_folder	reload	1	2.854	0	0	137188112	1064	256	ok
PROBE-TSV	1	tar.xz	payload	immediate	rename_folder	total	1	78.913	0	137240576	137188112	1064	256	ok
PROBE-TSV	1	tar.xz	payload	immediate	rename_folder	tree_build	1	0.575	0	0	137188112	1064	256	ok
PROBE-TSV	1	tar.xz	payload	immediate	rename_folder	updater_open	1	2.936	0	0	137188112	1064	256	ok
PROBE-TSV	1	tar.xz	payload	immediate	rename_folder	verification_open	1	37.674	0	0	137188112	1064	256	ok
PROBE-TSV	1	tar.xz	payload	immediate	new_folder	capability_probe	1	2.110	0	0	137187704	1064	256	ok
PROBE-TSV	1	tar.xz	payload	immediate	new_folder	commit	1	19.980	0	137195520	137187704	1064	256	ok
PROBE-TSV	1	tar.xz	payload	immediate	new_folder	display	1	1.317	0	0	137187704	1064	256	ok
PROBE-TSV	1	tar.xz	payload	immediate	new_folder	entry_comparison	1	0.675	0	0	137187704	1064	256	ok
PROBE-TSV	1	tar.xz	payload	immediate	new_folder	filter_compute	1	0.000	0	0	137187704	1064	256	ok
PROBE-TSV	1	tar.xz	payload	immediate	new_folder	mutate	1	0.854	0	0	137187704	1064	256	ok
PROBE-TSV	1	tar.xz	payload	immediate	new_folder	name_index_advance	1	0.116	0	0	137187704	1064	256	ok
PROBE-TSV	1	tar.xz	payload	immediate	new_folder	name_index_build	1	1.617	0	0	137187704	1064	256	ok
PROBE-TSV	1	tar.xz	payload	immediate	new_folder	password_verification	1	0.031	0	0	137187704	1064	256	ok
PROBE-TSV	1	tar.xz	payload	immediate	new_folder	plan_build	1	1.629	0	0	137187704	1064	256	ok
PROBE-TSV	1	tar.xz	payload	immediate	new_folder	plan_validation	1	0.094	0	0	137187704	1064	256	ok
PROBE-TSV	1	tar.xz	payload	immediate	new_folder	publish	1	0.708	0	0	137187704	1064	256	ok
PROBE-TSV	1	tar.xz	payload	immediate	new_folder	reader_adoption	1	0.002	0	0	137187704	1064	256	ok
PROBE-TSV	1	tar.xz	payload	immediate	new_folder	reload	1	2.404	0	0	137187704	1064	256	ok
PROBE-TSV	1	tar.xz	payload	immediate	new_folder	total	1	71.177	0	137207808	137187704	1064	256	ok
PROBE-TSV	1	tar.xz	payload	immediate	new_folder	tree_build	1	0.568	0	0	137187704	1064	256	ok
PROBE-TSV	1	tar.xz	payload	immediate	new_folder	updater_open	1	2.937	0	0	137187704	1064	256	ok
PROBE-TSV	1	tar.xz	payload	immediate	new_folder	verification_open	1	36.878	0	0	137187704	1064	256	ok
PROBE-TSV	1	tar.xz	payload	immediate	add_file	capability_probe	1	2.157	0	0	137187708	1064	256	ok
PROBE-TSV	1	tar.xz	payload	immediate	add_file	commit	1	20.654	0	137195520	137187708	1064	256	ok
PROBE-TSV	1	tar.xz	payload	immediate	add_file	display	1	1.288	0	0	137187708	1064	256	ok
PROBE-TSV	1	tar.xz	payload	immediate	add_file	entry_comparison	1	0.699	0	0	137187708	1064	256	ok
PROBE-TSV	1	tar.xz	payload	immediate	add_file	filter_compute	1	0.000	0	0	137187708	1064	256	ok
PROBE-TSV	1	tar.xz	payload	immediate	add_file	mutate	1	0.844	0	0	137187708	1064	256	ok
PROBE-TSV	1	tar.xz	payload	immediate	add_file	name_index_advance	1	0.121	0	0	137187708	1064	256	ok
PROBE-TSV	1	tar.xz	payload	immediate	add_file	name_index_build	1	1.602	0	0	137187708	1064	256	ok
PROBE-TSV	1	tar.xz	payload	immediate	add_file	password_verification	1	0.043	0	0	137187708	1064	256	ok
PROBE-TSV	1	tar.xz	payload	immediate	add_file	plan_build	3	0.042	0	0	137187708	1064	256	ok
PROBE-TSV	1	tar.xz	payload	immediate	add_file	plan_validation	1	0.099	0	0	137187708	1064	256	ok
PROBE-TSV	1	tar.xz	payload	immediate	add_file	publish	1	0.746	0	0	137187708	1064	256	ok
PROBE-TSV	1	tar.xz	payload	immediate	add_file	reader_adoption	1	0.002	0	0	137187708	1064	256	ok
PROBE-TSV	1	tar.xz	payload	immediate	add_file	reload	1	2.490	0	0	137187708	1064	256	ok
PROBE-TSV	1	tar.xz	payload	immediate	add_file	total	1	72.698	0	137207808	137187708	1064	256	ok
PROBE-TSV	1	tar.xz	payload	immediate	add_file	tree_build	1	0.593	0	0	137187708	1064	256	ok
PROBE-TSV	1	tar.xz	payload	immediate	add_file	updater_open	1	2.940	0	0	137187708	1064	256	ok
PROBE-TSV	1	tar.xz	payload	immediate	add_file	verification_open	1	37.333	0	0	137187708	1064	256	ok
PROBE-TSV	1	tar.xz	payload	immediate	replace_file	capability_probe	1	2.210	0	0	135726744	1064	256	ok
PROBE-TSV	1	tar.xz	payload	immediate	replace_file	commit	1	20.684	0	135741440	135726744	1064	256	ok
PROBE-TSV	1	tar.xz	payload	immediate	replace_file	display	1	1.432	0	0	135726744	1064	256	ok
PROBE-TSV	1	tar.xz	payload	immediate	replace_file	entry_comparison	1	0.779	0	0	135726744	1064	256	ok
PROBE-TSV	1	tar.xz	payload	immediate	replace_file	filter_compute	1	0.000	0	0	135726744	1064	256	ok
PROBE-TSV	1	tar.xz	payload	immediate	replace_file	mutate	1	1.483	0	0	135726744	1064	256	ok
PROBE-TSV	1	tar.xz	payload	immediate	replace_file	name_index_advance	1	0.130	0	0	135726744	1064	256	ok
PROBE-TSV	1	tar.xz	payload	immediate	replace_file	name_index_build	1	1.650	0	0	135726744	1064	256	ok
PROBE-TSV	1	tar.xz	payload	immediate	replace_file	password_verification	1	0.030	0	0	135726744	1064	256	ok
PROBE-TSV	1	tar.xz	payload	immediate	replace_file	plan_build	4	0.086	0	0	135726744	1064	256	ok
PROBE-TSV	1	tar.xz	payload	immediate	replace_file	plan_validation	1	0.096	0	0	135726744	1064	256	ok
PROBE-TSV	1	tar.xz	payload	immediate	replace_file	publish	1	0.739	0	0	135726744	1064	256	ok
PROBE-TSV	1	tar.xz	payload	immediate	replace_file	reader_adoption	1	0.002	0	0	135726744	1064	256	ok
PROBE-TSV	1	tar.xz	payload	immediate	replace_file	reload	1	2.545	0	0	135726744	1064	256	ok
PROBE-TSV	1	tar.xz	payload	immediate	replace_file	total	1	73.717	0	135753728	135726744	1064	256	ok
PROBE-TSV	1	tar.xz	payload	immediate	replace_file	tree_build	1	0.596	0	0	135726744	1064	256	ok
PROBE-TSV	1	tar.xz	payload	immediate	replace_file	updater_open	1	3.087	0	0	135726744	1064	256	ok
PROBE-TSV	1	tar.xz	payload	immediate	replace_file	verification_open	1	36.958	0	0	135726744	1064	256	ok
PROBE-TSV	1	tar.xz	payload	deferred	five_changes_reserve_rename	display	1	1.178	0	0	137187616	1064	256	ok
PROBE-TSV	1	tar.xz	payload	deferred	five_changes_reserve_rename	filter_compute	1	0.000	0	0	137187616	1064	256	ok
PROBE-TSV	1	tar.xz	payload	deferred	five_changes_reserve_rename	password_verification	1	0.031	0	0	137187616	1064	256	ok
PROBE-TSV	1	tar.xz	payload	deferred	five_changes_reserve_rename	total	1	25.642	0	0	137187616	1064	256	ok
PROBE-TSV	1	tar.xz	payload	deferred	five_changes_reserve_rename	tree_build	1	0.654	0	0	137187616	1064	256	ok
PROBE-TSV	1	tar.xz	payload	deferred	five_changes_reserve_delete	display	1	1.127	0	0	137187616	1064	256	ok
PROBE-TSV	1	tar.xz	payload	deferred	five_changes_reserve_delete	filter_compute	1	0.000	0	0	137187616	1064	256	ok
PROBE-TSV	1	tar.xz	payload	deferred	five_changes_reserve_delete	password_verification	1	0.054	0	0	137187616	1064	256	ok
PROBE-TSV	1	tar.xz	payload	deferred	five_changes_reserve_delete	total	1	22.749	0	0	137187616	1064	256	ok
PROBE-TSV	1	tar.xz	payload	deferred	five_changes_reserve_delete	tree_build	1	0.670	0	0	137187616	1064	256	ok
PROBE-TSV	1	tar.xz	payload	deferred	five_changes_reserve_new_folder	display	1	1.210	0	0	137187616	1064	256	ok
PROBE-TSV	1	tar.xz	payload	deferred	five_changes_reserve_new_folder	filter_compute	1	0.000	0	0	137187616	1064	256	ok
PROBE-TSV	1	tar.xz	payload	deferred	five_changes_reserve_new_folder	password_verification	1	0.030	0	0	137187616	1064	256	ok
PROBE-TSV	1	tar.xz	payload	deferred	five_changes_reserve_new_folder	total	1	26.828	0	0	137187616	1064	256	ok
PROBE-TSV	1	tar.xz	payload	deferred	five_changes_reserve_new_folder	tree_build	1	0.618	0	0	137187616	1064	256	ok
PROBE-TSV	1	tar.xz	payload	deferred	five_changes_reserve_delete_folder	display	1	1.342	0	0	137187616	1064	256	ok
PROBE-TSV	1	tar.xz	payload	deferred	five_changes_reserve_delete_folder	filter_compute	1	0.000	0	0	137187616	1064	256	ok
PROBE-TSV	1	tar.xz	payload	deferred	five_changes_reserve_delete_folder	password_verification	1	0.029	0	0	137187616	1064	256	ok
PROBE-TSV	1	tar.xz	payload	deferred	five_changes_reserve_delete_folder	total	1	28.143	0	0	137187616	1064	256	ok
PROBE-TSV	1	tar.xz	payload	deferred	five_changes_reserve_delete_folder	tree_build	1	0.050	0	0	137187616	1064	256	ok
PROBE-TSV	1	tar.xz	payload	deferred	five_changes_reserve_add	display	1	1.186	0	0	137187616	1064	256	ok
PROBE-TSV	1	tar.xz	payload	deferred	five_changes_reserve_add	filter_compute	1	0.000	0	0	137187616	1064	256	ok
PROBE-TSV	1	tar.xz	payload	deferred	five_changes_reserve_add	password_verification	1	0.032	0	0	137187616	1064	256	ok
PROBE-TSV	1	tar.xz	payload	deferred	five_changes_reserve_add	plan_build	3	0.056	0	0	137187616	1064	256	ok
PROBE-TSV	1	tar.xz	payload	deferred	five_changes_reserve_add	total	1	29.368	0	4096	137187616	1064	256	ok
PROBE-TSV	1	tar.xz	payload	deferred	five_changes_reserve_add	tree_build	1	0.047	0	0	137187616	1064	256	ok
PROBE-TSV	1	tar.xz	payload	deferred	save_five_changes	capability_probe	1	0.297	0	0	137185432	1064	256	ok
PROBE-TSV	1	tar.xz	payload	deferred	save_five_changes	commit	1	24.471	4096	137191424	137185432	1064	256	ok
PROBE-TSV	1	tar.xz	payload	deferred	save_five_changes	display	1	1.481	0	0	137185432	1064	256	ok
PROBE-TSV	1	tar.xz	payload	deferred	save_five_changes	editing_install	1	0.003	0	0	137185432	1064	256	ok
PROBE-TSV	1	tar.xz	payload	deferred	save_five_changes	editing_prepare	1	0.043	0	0	137185432	1064	256	ok
PROBE-TSV	1	tar.xz	payload	deferred	save_five_changes	entry_comparison	1	0.061	0	0	137185432	1064	256	ok
PROBE-TSV	1	tar.xz	payload	deferred	save_five_changes	filter_compute	2	0.001	0	0	137185432	1064	256	ok
PROBE-TSV	1	tar.xz	payload	deferred	save_five_changes	name_index_advance	1	0.892	0	0	137185432	1064	256	ok
PROBE-TSV	1	tar.xz	payload	deferred	save_five_changes	password_verification	1	0.028	0	0	137185432	1064	256	ok
PROBE-TSV	1	tar.xz	payload	deferred	save_five_changes	publish	1	1.049	0	0	137185432	1064	256	ok
PROBE-TSV	1	tar.xz	payload	deferred	save_five_changes	reader_adoption	1	0.002	0	0	137185432	1064	256	ok
PROBE-TSV	1	tar.xz	payload	deferred	save_five_changes	reload	1	2.361	0	0	137185432	1064	256	ok
PROBE-TSV	1	tar.xz	payload	deferred	save_five_changes	replay	1	2.242	4096	0	137185432	1064	256	ok
PROBE-TSV	1	tar.xz	payload	deferred	save_five_changes	replay_plan	1	1.746	0	0	137185432	1064	256	ok
PROBE-TSV	1	tar.xz	payload	deferred	save_five_changes	representability_differential	1	0.863	0	0	137185432	1064	256	ok
PROBE-TSV	1	tar.xz	payload	deferred	save_five_changes	save_sheet	1	102.763	8192	137216000	137185432	1064	256	ok
PROBE-TSV	1	tar.xz	payload	deferred	save_five_changes	total	1	102.934	8192	137216000	137185432	1064	256	ok
PROBE-TSV	1	tar.xz	payload	deferred	save_five_changes	tree_build	1	0.051	0	0	137185432	1064	256	ok
PROBE-TSV	1	tar.xz	payload	deferred	save_five_changes	updater_open	1	3.026	0	0	137185432	1064	256	ok
PROBE-TSV	1	tar.xz	payload	deferred	save_five_changes	verification_open	1	32.855	0	0	137185432	1064	256	ok
PROBE-TSV	1	tar.xz	payload	deferred	rename_only_reserve_rename	display	1	1.138	0	0	137187616	1064	256	ok
PROBE-TSV	1	tar.xz	payload	deferred	rename_only_reserve_rename	filter_compute	1	0.000	0	0	137187616	1064	256	ok
PROBE-TSV	1	tar.xz	payload	deferred	rename_only_reserve_rename	password_verification	1	0.031	0	0	137187616	1064	256	ok
PROBE-TSV	1	tar.xz	payload	deferred	rename_only_reserve_rename	total	1	5.515	0	0	137187616	1064	256	ok
PROBE-TSV	1	tar.xz	payload	deferred	rename_only_reserve_rename	tree_build	1	0.602	0	0	137187616	1064	256	ok
PROBE-TSV	1	tar.xz	payload	deferred	save_rename_only	capability_probe	1	2.179	0	0	137187620	1064	256	ok
PROBE-TSV	1	tar.xz	payload	deferred	save_rename_only	commit	1	20.825	0	137199616	137187620	1064	256	ok
PROBE-TSV	1	tar.xz	payload	deferred	save_rename_only	display	1	1.075	0	0	137187620	1064	256	ok
PROBE-TSV	1	tar.xz	payload	deferred	save_rename_only	editing_install	1	0.004	0	0	137187620	1064	256	ok
PROBE-TSV	1	tar.xz	payload	deferred	save_rename_only	editing_prepare	1	0.276	0	0	137187620	1064	256	ok
PROBE-TSV	1	tar.xz	payload	deferred	save_rename_only	entry_comparison	1	0.722	0	0	137187620	1064	256	ok
PROBE-TSV	1	tar.xz	payload	deferred	save_rename_only	filter_compute	2	0.000	0	0	137187620	1064	256	ok
PROBE-TSV	1	tar.xz	payload	deferred	save_rename_only	name_index_advance	1	0.130	0	0	137187620	1064	256	ok
PROBE-TSV	1	tar.xz	payload	deferred	save_rename_only	password_verification	1	0.029	0	0	137187620	1064	256	ok
PROBE-TSV	1	tar.xz	payload	deferred	save_rename_only	publish	1	0.313	0	0	137187620	1064	256	ok
PROBE-TSV	1	tar.xz	payload	deferred	save_rename_only	reader_adoption	1	0.002	0	0	137187620	1064	256	ok
PROBE-TSV	1	tar.xz	payload	deferred	save_rename_only	reload	1	3.273	0	0	137187620	1064	256	ok
PROBE-TSV	1	tar.xz	payload	deferred	save_rename_only	replay	1	0.675	0	0	137187620	1064	256	ok
PROBE-TSV	1	tar.xz	payload	deferred	save_rename_only	replay_plan	1	0.263	0	0	137187620	1064	256	ok
PROBE-TSV	1	tar.xz	payload	deferred	save_rename_only	representability_differential	1	0.019	0	0	137187620	1064	256	ok
PROBE-TSV	1	tar.xz	payload	deferred	save_rename_only	save_sheet	1	123.561	0	137211904	137187620	1064	256	ok
PROBE-TSV	1	tar.xz	payload	deferred	save_rename_only	total	1	124.072	0	137211904	137187620	1064	256	ok
PROBE-TSV	1	tar.xz	payload	deferred	save_rename_only	tree_build	1	0.604	0	0	137187620	1064	256	ok
PROBE-TSV	1	tar.xz	payload	deferred	save_rename_only	updater_open	1	2.935	0	0	137187620	1064	256	ok
PROBE-TSV	1	tar.xz	payload	deferred	save_rename_only	verification_open	1	36.554	0	0	137187620	1064	256	ok
PROBE-TSV	1	7z	entries	immediate	delete_start	capability_probe	1	203.116	0	0	7000008	100000	0	ok
PROBE-TSV	1	7z	entries	immediate	delete_start	commit	1	415.252	516096	7020544	7000008	100000	0	ok
PROBE-TSV	1	7z	entries	immediate	delete_start	display	1	2.885	0	0	7000008	100000	0	ok
PROBE-TSV	1	7z	entries	immediate	delete_start	entry_comparison	1	61.255	0	0	7000008	100000	0	ok
PROBE-TSV	1	7z	entries	immediate	delete_start	filter_compute	1	0.000	0	0	7000008	100000	0	ok
PROBE-TSV	1	7z	entries	immediate	delete_start	mutate	1	63.662	0	0	7000008	100000	0	ok
PROBE-TSV	1	7z	entries	immediate	delete_start	password_verification	1	0.230	0	0	7000008	100000	0	ok
PROBE-TSV	1	7z	entries	immediate	delete_start	plan_build	1	0.017	0	0	7000008	100000	0	ok
PROBE-TSV	1	7z	entries	immediate	delete_start	plan_validation	1	13.500	0	0	7000008	100000	0	ok
PROBE-TSV	1	7z	entries	immediate	delete_start	publish	1	0.795	0	0	7000008	100000	0	ok
PROBE-TSV	1	7z	entries	immediate	delete_start	reader_adoption	1	0.014	0	0	7000008	100000	0	ok
PROBE-TSV	1	7z	entries	immediate	delete_start	reload	1	203.699	0	0	7000008	100000	0	ok
PROBE-TSV	1	7z	entries	immediate	delete_start	total	1	1486.744	7045120	7032832	7000008	100000	0	ok
PROBE-TSV	1	7z	entries	immediate	delete_start	tree_build	1	59.638	0	0	7000008	100000	0	ok
PROBE-TSV	1	7z	entries	immediate	delete_start	updater_open	1	416.268	6529024	0	7000008	100000	0	ok
PROBE-TSV	1	7z	entries	immediate	delete_start	verification_open	1	205.821	0	0	7000008	100000	0	ok
PROBE-TSV	1	7z	entries	immediate	delete_end	capability_probe	1	210.409	0	0	7000008	100000	0	ok
PROBE-TSV	1	7z	entries	immediate	delete_end	commit	1	319.657	57344	6545408	7000008	100000	0	ok
PROBE-TSV	1	7z	entries	immediate	delete_end	display	1	3.106	0	0	7000008	100000	0	ok
PROBE-TSV	1	7z	entries	immediate	delete_end	entry_comparison	1	61.556	0	0	7000008	100000	0	ok
PROBE-TSV	1	7z	entries	immediate	delete_end	filter_compute	1	0.000	0	0	7000008	100000	0	ok
PROBE-TSV	1	7z	entries	immediate	delete_end	mutate	1	61.614	0	0	7000008	100000	0	ok
PROBE-TSV	1	7z	entries	immediate	delete_end	password_verification	1	0.236	0	0	7000008	100000	0	ok
PROBE-TSV	1	7z	entries	immediate	delete_end	plan_build	1	0.014	0	0	7000008	100000	0	ok
PROBE-TSV	1	7z	entries	immediate	delete_end	plan_validation	1	13.614	0	0	7000008	100000	0	ok
PROBE-TSV	1	7z	entries	immediate	delete_end	publish	1	0.904	0	0	7000008	100000	0	ok
PROBE-TSV	1	7z	entries	immediate	delete_end	reader_adoption	1	0.005	0	0	7000008	100000	0	ok
PROBE-TSV	1	7z	entries	immediate	delete_end	reload	1	211.105	0	0	7000008	100000	0	ok
PROBE-TSV	1	7z	entries	immediate	delete_end	total	1	1401.510	6586368	6557696	7000008	100000	0	ok
PROBE-TSV	1	7z	entries	immediate	delete_end	tree_build	1	64.102	0	0	7000008	100000	0	ok
PROBE-TSV	1	7z	entries	immediate	delete_end	updater_open	1	406.719	6529024	0	7000008	100000	0	ok
PROBE-TSV	1	7z	entries	immediate	delete_end	verification_open	1	211.732	0	0	7000008	100000	0	ok
PROBE-TSV	1	7z	entries	immediate	rename_same_length	capability_probe	1	204.732	0	0	7000078	100000	0	ok
PROBE-TSV	1	7z	entries	immediate	rename_same_length	commit	1	316.360	49152	6545408	7000078	100000	0	ok
PROBE-TSV	1	7z	entries	immediate	rename_same_length	display	1	2.904	0	0	7000078	100000	0	ok
PROBE-TSV	1	7z	entries	immediate	rename_same_length	entry_comparison	1	61.767	0	0	7000078	100000	0	ok
PROBE-TSV	1	7z	entries	immediate	rename_same_length	filter_compute	1	0.000	0	0	7000078	100000	0	ok
PROBE-TSV	1	7z	entries	immediate	rename_same_length	mutate	1	64.349	0	0	7000078	100000	0	ok
PROBE-TSV	1	7z	entries	immediate	rename_same_length	name_index_advance	1	13.053	0	0	7000078	100000	0	ok
PROBE-TSV	1	7z	entries	immediate	rename_same_length	name_index_build	1	152.919	0	0	7000078	100000	0	ok
PROBE-TSV	1	7z	entries	immediate	rename_same_length	password_verification	1	0.227	0	0	7000078	100000	0	ok
PROBE-TSV	1	7z	entries	immediate	rename_same_length	plan_build	1	0.026	0	0	7000078	100000	0	ok
PROBE-TSV	1	7z	entries	immediate	rename_same_length	plan_validation	1	13.510	0	0	7000078	100000	0	ok
PROBE-TSV	1	7z	entries	immediate	rename_same_length	publish	1	0.825	0	0	7000078	100000	0	ok
PROBE-TSV	1	7z	entries	immediate	rename_same_length	reader_adoption	1	0.004	0	0	7000078	100000	0	ok
PROBE-TSV	1	7z	entries	immediate	rename_same_length	reload	1	218.669	0	0	7000078	100000	0	ok
PROBE-TSV	1	7z	entries	immediate	rename_same_length	total	1	1558.437	6578176	6557696	7000078	100000	0	ok
PROBE-TSV	1	7z	entries	immediate	rename_same_length	tree_build	1	61.080	0	0	7000078	100000	0	ok
PROBE-TSV	1	7z	entries	immediate	rename_same_length	updater_open	1	416.997	6529024	0	7000078	100000	0	ok
PROBE-TSV	1	7z	entries	immediate	rename_same_length	verification_open	1	202.425	0	0	7000078	100000	0	ok
PROBE-TSV	1	7z	entries	immediate	rename_different_length	capability_probe	1	205.842	0	0	7000114	100000	0	ok
PROBE-TSV	1	7z	entries	immediate	rename_different_length	commit	1	316.759	49152	6545408	7000114	100000	0	ok
PROBE-TSV	1	7z	entries	immediate	rename_different_length	display	1	2.983	0	0	7000114	100000	0	ok
PROBE-TSV	1	7z	entries	immediate	rename_different_length	entry_comparison	1	63.784	0	0	7000114	100000	0	ok
PROBE-TSV	1	7z	entries	immediate	rename_different_length	filter_compute	1	0.000	0	0	7000114	100000	0	ok
PROBE-TSV	1	7z	entries	immediate	rename_different_length	mutate	1	62.971	0	0	7000114	100000	0	ok
PROBE-TSV	1	7z	entries	immediate	rename_different_length	name_index_advance	1	13.038	0	0	7000114	100000	0	ok
PROBE-TSV	1	7z	entries	immediate	rename_different_length	name_index_build	1	150.759	0	0	7000114	100000	0	ok
PROBE-TSV	1	7z	entries	immediate	rename_different_length	password_verification	1	0.242	0	0	7000114	100000	0	ok
PROBE-TSV	1	7z	entries	immediate	rename_different_length	plan_build	1	0.031	0	0	7000114	100000	0	ok
PROBE-TSV	1	7z	entries	immediate	rename_different_length	plan_validation	1	13.574	0	0	7000114	100000	0	ok
PROBE-TSV	1	7z	entries	immediate	rename_different_length	publish	1	0.814	0	0	7000114	100000	0	ok
PROBE-TSV	1	7z	entries	immediate	rename_different_length	reader_adoption	1	0.004	0	0	7000114	100000	0	ok
PROBE-TSV	1	7z	entries	immediate	rename_different_length	reload	1	219.726	0	0	7000114	100000	0	ok
PROBE-TSV	1	7z	entries	immediate	rename_different_length	total	1	1554.298	6578176	6557696	7000114	100000	0	ok
PROBE-TSV	1	7z	entries	immediate	rename_different_length	tree_build	1	60.236	0	0	7000114	100000	0	ok
PROBE-TSV	1	7z	entries	immediate	rename_different_length	updater_open	1	406.830	6529024	0	7000114	100000	0	ok
PROBE-TSV	1	7z	entries	immediate	rename_different_length	verification_open	1	210.666	0	0	7000114	100000	0	ok
PROBE-TSV	1	7z	entries	immediate	rename_folder	capability_probe	1	206.235	0	0	7020078	100000	0	ok
PROBE-TSV	1	7z	entries	immediate	rename_folder	commit	1	332.668	49152	6569984	7020078	100000	0	ok
PROBE-TSV	1	7z	entries	immediate	rename_folder	display	1	2.810	0	0	7020078	100000	0	ok
PROBE-TSV	1	7z	entries	immediate	rename_folder	entry_comparison	1	58.860	0	0	7020078	100000	0	ok
PROBE-TSV	1	7z	entries	immediate	rename_folder	filter_compute	1	0.000	0	0	7020078	100000	0	ok
PROBE-TSV	1	7z	entries	immediate	rename_folder	mutate	1	66.964	0	0	7020078	100000	0	ok
PROBE-TSV	1	7z	entries	immediate	rename_folder	name_index_advance	1	18.038	0	0	7020078	100000	0	ok
PROBE-TSV	1	7z	entries	immediate	rename_folder	name_index_build	1	151.962	0	0	7020078	100000	0	ok
PROBE-TSV	1	7z	entries	immediate	rename_folder	password_verification	1	0.234	0	0	7020078	100000	0	ok
PROBE-TSV	1	7z	entries	immediate	rename_folder	plan_build	1	5.919	0	0	7020078	100000	0	ok
PROBE-TSV	1	7z	entries	immediate	rename_folder	plan_validation	1	16.169	0	0	7020078	100000	0	ok
PROBE-TSV	1	7z	entries	immediate	rename_folder	publish	1	0.816	0	0	7020078	100000	0	ok
PROBE-TSV	1	7z	entries	immediate	rename_folder	reader_adoption	1	0.005	0	0	7020078	100000	0	ok
PROBE-TSV	1	7z	entries	immediate	rename_folder	reload	1	225.140	0	0	7020078	100000	0	ok
PROBE-TSV	1	7z	entries	immediate	rename_folder	total	1	1583.403	6578176	6582272	7020078	100000	0	ok
PROBE-TSV	1	7z	entries	immediate	rename_folder	tree_build	1	61.516	0	0	7020078	100000	0	ok
PROBE-TSV	1	7z	entries	immediate	rename_folder	updater_open	1	404.321	6529024	0	7020078	100000	0	ok
PROBE-TSV	1	7z	entries	immediate	rename_folder	verification_open	1	210.106	0	0	7020078	100000	0	ok
PROBE-TSV	1	7z	entries	immediate	new_folder	capability_probe	1	205.996	0	0	7012616	100000	0	ok
PROBE-TSV	1	7z	entries	immediate	new_folder	commit	1	324.434	49152	6569984	7012616	100000	0	ok
PROBE-TSV	1	7z	entries	immediate	new_folder	display	1	2.945	0	0	7012616	100000	0	ok
PROBE-TSV	1	7z	entries	immediate	new_folder	entry_comparison	1	58.899	0	0	7012616	100000	0	ok
PROBE-TSV	1	7z	entries	immediate	new_folder	filter_compute	1	0.000	0	0	7012616	100000	0	ok
PROBE-TSV	1	7z	entries	immediate	new_folder	mutate	1	74.121	0	0	7012616	100000	0	ok
PROBE-TSV	1	7z	entries	immediate	new_folder	name_index_advance	1	12.720	0	0	7012616	100000	0	ok
PROBE-TSV	1	7z	entries	immediate	new_folder	name_index_build	1	154.472	0	0	7012616	100000	0	ok
PROBE-TSV	1	7z	entries	immediate	new_folder	password_verification	1	0.228	0	0	7012616	100000	0	ok
PROBE-TSV	1	7z	entries	immediate	new_folder	plan_build	1	154.503	0	0	7012616	100000	0	ok
PROBE-TSV	1	7z	entries	immediate	new_folder	plan_validation	1	13.878	0	0	7012616	100000	0	ok
PROBE-TSV	1	7z	entries	immediate	new_folder	publish	1	0.762	0	0	7012616	100000	0	ok
PROBE-TSV	1	7z	entries	immediate	new_folder	reader_adoption	1	0.005	0	0	7012616	100000	0	ok
PROBE-TSV	1	7z	entries	immediate	new_folder	reload	1	219.599	0	0	7012616	100000	0	ok
PROBE-TSV	1	7z	entries	immediate	new_folder	total	1	1576.168	6578176	6582272	7012616	100000	0	ok
PROBE-TSV	1	7z	entries	immediate	new_folder	tree_build	1	58.835	0	0	7012616	100000	0	ok
PROBE-TSV	1	7z	entries	immediate	new_folder	updater_open	1	419.866	6529024	0	7012616	100000	0	ok
PROBE-TSV	1	7z	entries	immediate	new_folder	verification_open	1	203.685	0	0	7012616	100000	0	ok
PROBE-TSV	1	7z	entries	immediate	add_file	capability_probe	1	204.879	0	0	7000126	100000	0	ok
PROBE-TSV	1	7z	entries	immediate	add_file	commit	1	318.156	49152	6545408	7000126	100000	0	ok
PROBE-TSV	1	7z	entries	immediate	add_file	display	1	3.083	0	0	7000126	100000	0	ok
PROBE-TSV	1	7z	entries	immediate	add_file	entry_comparison	1	58.740	0	0	7000126	100000	0	ok
PROBE-TSV	1	7z	entries	immediate	add_file	filter_compute	1	0.000	0	0	7000126	100000	0	ok
PROBE-TSV	1	7z	entries	immediate	add_file	mutate	1	71.991	0	0	7000126	100000	0	ok
PROBE-TSV	1	7z	entries	immediate	add_file	name_index_advance	1	12.946	0	0	7000126	100000	0	ok
PROBE-TSV	1	7z	entries	immediate	add_file	name_index_build	1	157.224	0	0	7000126	100000	0	ok
PROBE-TSV	1	7z	entries	immediate	add_file	password_verification	1	0.215	0	0	7000126	100000	0	ok
PROBE-TSV	1	7z	entries	immediate	add_file	plan_build	3	0.067	0	0	7000126	100000	0	ok
PROBE-TSV	1	7z	entries	immediate	add_file	plan_validation	1	13.357	0	0	7000126	100000	0	ok
PROBE-TSV	1	7z	entries	immediate	add_file	publish	1	0.767	0	0	7000126	100000	0	ok
PROBE-TSV	1	7z	entries	immediate	add_file	reader_adoption	1	0.004	0	0	7000126	100000	0	ok
PROBE-TSV	1	7z	entries	immediate	add_file	reload	1	218.665	0	0	7000126	100000	0	ok
PROBE-TSV	1	7z	entries	immediate	add_file	total	1	1560.895	6578176	6557696	7000126	100000	0	ok
PROBE-TSV	1	7z	entries	immediate	add_file	tree_build	1	62.230	0	0	7000126	100000	0	ok
PROBE-TSV	1	7z	entries	immediate	add_file	updater_open	1	406.877	6529024	0	7000126	100000	0	ok
PROBE-TSV	1	7z	entries	immediate	add_file	verification_open	1	203.961	0	0	7000126	100000	0	ok
PROBE-TSV	1	7z	entries	immediate	replace_file	capability_probe	1	200.535	0	0	7000078	100000	0	ok
PROBE-TSV	1	7z	entries	immediate	replace_file	commit	1	413.457	507904	7020544	7000078	100000	0	ok
PROBE-TSV	1	7z	entries	immediate	replace_file	display	1	2.867	0	0	7000078	100000	0	ok
PROBE-TSV	1	7z	entries	immediate	replace_file	entry_comparison	1	58.854	0	0	7000078	100000	0	ok
PROBE-TSV	1	7z	entries	immediate	replace_file	filter_compute	1	0.000	0	0	7000078	100000	0	ok
PROBE-TSV	1	7z	entries	immediate	replace_file	mutate	1	122.644	0	0	7000078	100000	0	ok
PROBE-TSV	1	7z	entries	immediate	replace_file	name_index_advance	1	12.804	0	0	7000078	100000	0	ok
PROBE-TSV	1	7z	entries	immediate	replace_file	name_index_build	1	153.591	0	0	7000078	100000	0	ok
PROBE-TSV	1	7z	entries	immediate	replace_file	password_verification	1	0.205	0	0	7000078	100000	0	ok
PROBE-TSV	1	7z	entries	immediate	replace_file	plan_build	4	2.323	0	0	7000078	100000	0	ok
PROBE-TSV	1	7z	entries	immediate	replace_file	plan_validation	1	13.391	0	0	7000078	100000	0	ok
PROBE-TSV	1	7z	entries	immediate	replace_file	publish	1	0.757	0	0	7000078	100000	0	ok
PROBE-TSV	1	7z	entries	immediate	replace_file	reader_adoption	1	0.004	0	0	7000078	100000	0	ok
PROBE-TSV	1	7z	entries	immediate	replace_file	reload	1	214.214	0	0	7000078	100000	0	ok
PROBE-TSV	1	7z	entries	immediate	replace_file	total	1	1699.239	7036928	7032832	7000078	100000	0	ok
PROBE-TSV	1	7z	entries	immediate	replace_file	tree_build	1	59.581	0	0	7000078	100000	0	ok
PROBE-TSV	1	7z	entries	immediate	replace_file	updater_open	1	405.528	6529024	0	7000078	100000	0	ok
PROBE-TSV	1	7z	entries	immediate	replace_file	verification_open	1	206.306	0	0	7000078	100000	0	ok
PROBE-TSV	1	7z	entries	deferred	five_changes_reserve_rename	display	1	2.655	0	0	7000078	100000	0	ok
PROBE-TSV	1	7z	entries	deferred	five_changes_reserve_rename	filter_compute	1	0.001	0	0	7000078	100000	0	ok
PROBE-TSV	1	7z	entries	deferred	five_changes_reserve_rename	password_verification	1	0.565	0	0	7000078	100000	0	ok
PROBE-TSV	1	7z	entries	deferred	five_changes_reserve_rename	total	1	231.544	0	0	7000078	100000	0	ok
PROBE-TSV	1	7z	entries	deferred	five_changes_reserve_rename	tree_build	1	64.902	0	0	7000078	100000	0	ok
PROBE-TSV	1	7z	entries	deferred	five_changes_reserve_delete	display	1	2.790	0	0	7000078	100000	0	ok
PROBE-TSV	1	7z	entries	deferred	five_changes_reserve_delete	filter_compute	1	0.001	0	0	7000078	100000	0	ok
PROBE-TSV	1	7z	entries	deferred	five_changes_reserve_delete	password_verification	1	0.505	0	0	7000078	100000	0	ok
PROBE-TSV	1	7z	entries	deferred	five_changes_reserve_delete	total	1	152.371	0	0	7000078	100000	0	ok
PROBE-TSV	1	7z	entries	deferred	five_changes_reserve_delete	tree_build	1	62.375	0	0	7000078	100000	0	ok
PROBE-TSV	1	7z	entries	deferred	five_changes_reserve_new_folder	display	1	2.889	0	0	7000078	100000	0	ok
PROBE-TSV	1	7z	entries	deferred	five_changes_reserve_new_folder	filter_compute	1	0.001	0	0	7000078	100000	0	ok
PROBE-TSV	1	7z	entries	deferred	five_changes_reserve_new_folder	password_verification	1	0.576	0	0	7000078	100000	0	ok
PROBE-TSV	1	7z	entries	deferred	five_changes_reserve_new_folder	total	1	150.848	0	0	7000078	100000	0	ok
PROBE-TSV	1	7z	entries	deferred	five_changes_reserve_new_folder	tree_build	1	58.215	0	0	7000078	100000	0	ok
PROBE-TSV	1	7z	entries	deferred	five_changes_reserve_delete_folder	display	1	2.817	0	0	7000078	100000	0	ok
PROBE-TSV	1	7z	entries	deferred	five_changes_reserve_delete_folder	filter_compute	1	0.000	0	0	7000078	100000	0	ok
PROBE-TSV	1	7z	entries	deferred	five_changes_reserve_delete_folder	password_verification	1	0.575	0	0	7000078	100000	0	ok
PROBE-TSV	1	7z	entries	deferred	five_changes_reserve_delete_folder	total	1	155.821	0	0	7000078	100000	0	ok
PROBE-TSV	1	7z	entries	deferred	five_changes_reserve_delete_folder	tree_build	1	60.634	0	0	7000078	100000	0	ok
PROBE-TSV	1	7z	entries	deferred	five_changes_reserve_add	display	1	2.950	0	0	7000078	100000	0	ok
PROBE-TSV	1	7z	entries	deferred	five_changes_reserve_add	filter_compute	1	0.001	0	0	7000078	100000	0	ok
PROBE-TSV	1	7z	entries	deferred	five_changes_reserve_add	password_verification	1	0.569	0	0	7000078	100000	0	ok
PROBE-TSV	1	7z	entries	deferred	five_changes_reserve_add	plan_build	3	0.052	0	0	7000078	100000	0	ok
PROBE-TSV	1	7z	entries	deferred	five_changes_reserve_add	total	1	152.718	0	4096	7000078	100000	0	ok
PROBE-TSV	1	7z	entries	deferred	five_changes_reserve_add	tree_build	1	58.381	0	0	7000078	100000	0	ok
PROBE-TSV	1	7z	entries	deferred	save_five_changes	capability_probe	1	208.360	0	0	6942455	100000	0	ok
PROBE-TSV	1	7z	entries	deferred	save_five_changes	commit	1	419.967	540672	6963200	6942455	100000	0	ok
PROBE-TSV	1	7z	entries	deferred	save_five_changes	display	1	2.870	0	0	6942455	100000	0	ok
PROBE-TSV	1	7z	entries	deferred	save_five_changes	editing_install	1	0.006	0	0	6942455	100000	0	ok
PROBE-TSV	1	7z	entries	deferred	save_five_changes	editing_prepare	1	26.968	0	0	6942455	100000	0	ok
PROBE-TSV	1	7z	entries	deferred	save_five_changes	entry_comparison	1	60.071	0	0	6942455	100000	0	ok
PROBE-TSV	1	7z	entries	deferred	save_five_changes	filter_compute	2	0.002	0	0	6942455	100000	0	ok
PROBE-TSV	1	7z	entries	deferred	save_five_changes	name_index_advance	1	15.731	0	0	6942455	100000	0	ok
PROBE-TSV	1	7z	entries	deferred	save_five_changes	password_verification	1	0.557	0	0	6942455	100000	0	ok
PROBE-TSV	1	7z	entries	deferred	save_five_changes	publish	1	1.008	0	0	6942455	100000	0	ok
PROBE-TSV	1	7z	entries	deferred	save_five_changes	reader_adoption	1	0.004	0	0	6942455	100000	0	ok
PROBE-TSV	1	7z	entries	deferred	save_five_changes	reload	1	234.125	0	0	6942455	100000	0	ok
PROBE-TSV	1	7z	entries	deferred	save_five_changes	replay	1	129.980	4096	0	6942455	100000	0	ok
PROBE-TSV	1	7z	entries	deferred	save_five_changes	replay_plan	1	24.368	0	0	6942455	100000	0	ok
PROBE-TSV	1	7z	entries	deferred	save_five_changes	representability_differential	1	0.778	0	0	6942455	100000	0	ok
PROBE-TSV	1	7z	entries	deferred	save_five_changes	save_sheet	1	1966.756	7073792	6987776	6942455	100000	0	ok
PROBE-TSV	1	7z	entries	deferred	save_five_changes	total	1	1994.084	7073792	6987776	6942455	100000	0	ok
PROBE-TSV	1	7z	entries	deferred	save_five_changes	tree_build	1	62.223	0	0	6942455	100000	0	ok
PROBE-TSV	1	7z	entries	deferred	save_five_changes	updater_open	1	417.159	6529024	0	6942455	100000	0	ok
PROBE-TSV	1	7z	entries	deferred	save_five_changes	verification_open	1	207.924	0	0	6942455	100000	0	ok
PROBE-TSV	1	7z	entries	deferred	rename_only_reserve_rename	display	1	2.876	0	0	7000078	100000	0	ok
PROBE-TSV	1	7z	entries	deferred	rename_only_reserve_rename	filter_compute	1	0.001	0	0	7000078	100000	0	ok
PROBE-TSV	1	7z	entries	deferred	rename_only_reserve_rename	password_verification	1	0.588	0	0	7000078	100000	0	ok
PROBE-TSV	1	7z	entries	deferred	rename_only_reserve_rename	total	1	158.192	0	0	7000078	100000	0	ok
PROBE-TSV	1	7z	entries	deferred	rename_only_reserve_rename	tree_build	1	63.855	0	0	7000078	100000	0	ok
PROBE-TSV	1	7z	entries	deferred	save_rename_only	capability_probe	1	217.707	0	0	7000076	100000	0	ok
PROBE-TSV	1	7z	entries	deferred	save_rename_only	commit	1	328.231	57344	6545408	7000076	100000	0	ok
PROBE-TSV	1	7z	entries	deferred	save_rename_only	display	1	2.859	0	0	7000076	100000	0	ok
PROBE-TSV	1	7z	entries	deferred	save_rename_only	editing_install	1	0.005	0	0	7000076	100000	0	ok
PROBE-TSV	1	7z	entries	deferred	save_rename_only	editing_prepare	1	28.488	0	0	7000076	100000	0	ok
PROBE-TSV	1	7z	entries	deferred	save_rename_only	entry_comparison	1	63.513	0	0	7000076	100000	0	ok
PROBE-TSV	1	7z	entries	deferred	save_rename_only	filter_compute	2	0.001	0	0	7000076	100000	0	ok
PROBE-TSV	1	7z	entries	deferred	save_rename_only	name_index_advance	1	13.926	0	0	7000076	100000	0	ok
PROBE-TSV	1	7z	entries	deferred	save_rename_only	password_verification	1	0.596	0	0	7000076	100000	0	ok
PROBE-TSV	1	7z	entries	deferred	save_rename_only	publish	1	0.345	0	0	7000076	100000	0	ok
PROBE-TSV	1	7z	entries	deferred	save_rename_only	reader_adoption	1	0.005	0	0	7000076	100000	0	ok
PROBE-TSV	1	7z	entries	deferred	save_rename_only	reload	1	241.490	0	0	7000076	100000	0	ok
PROBE-TSV	1	7z	entries	deferred	save_rename_only	replay	1	62.545	0	0	7000076	100000	0	ok
PROBE-TSV	1	7z	entries	deferred	save_rename_only	replay_plan	1	23.260	0	0	7000076	100000	0	ok
PROBE-TSV	1	7z	entries	deferred	save_rename_only	representability_differential	1	0.028	0	0	7000076	100000	0	ok
PROBE-TSV	1	7z	entries	deferred	save_rename_only	save_sheet	1	1807.838	6586368	6557696	7000076	100000	0	ok
PROBE-TSV	1	7z	entries	deferred	save_rename_only	total	1	1836.646	6586368	6557696	7000076	100000	0	ok
PROBE-TSV	1	7z	entries	deferred	save_rename_only	tree_build	1	60.461	0	0	7000076	100000	0	ok
PROBE-TSV	1	7z	entries	deferred	save_rename_only	updater_open	1	417.239	6529024	0	7000076	100000	0	ok
PROBE-TSV	1	7z	entries	deferred	save_rename_only	verification_open	1	213.618	0	0	7000076	100000	0	ok
PROBE-TSV	1	7z	payload	immediate	delete_start	capability_probe	1	2.272	0	0	135790639	1064	256	ok
PROBE-TSV	1	7z	payload	immediate	delete_start	commit	1	66.417	135741440	135823360	135790639	1064	256	ok
PROBE-TSV	1	7z	payload	immediate	delete_start	display	1	1.354	0	0	135790639	1064	256	ok
PROBE-TSV	1	7z	payload	immediate	delete_start	entry_comparison	1	0.653	0	0	135790639	1064	256	ok
PROBE-TSV	1	7z	payload	immediate	delete_start	filter_compute	1	0.000	0	0	135790639	1064	256	ok
PROBE-TSV	1	7z	payload	immediate	delete_start	mutate	1	0.655	0	0	135790639	1064	256	ok
PROBE-TSV	1	7z	payload	immediate	delete_start	password_verification	1	0.032	0	0	135790639	1064	256	ok
PROBE-TSV	1	7z	payload	immediate	delete_start	plan_build	1	0.011	0	0	135790639	1064	256	ok
PROBE-TSV	1	7z	payload	immediate	delete_start	plan_validation	1	0.113	0	0	135790639	1064	256	ok
PROBE-TSV	1	7z	payload	immediate	delete_start	publish	1	0.685	0	0	135790639	1064	256	ok
PROBE-TSV	1	7z	payload	immediate	delete_start	reader_adoption	1	0.003	0	0	135790639	1064	256	ok
PROBE-TSV	1	7z	payload	immediate	delete_start	reload	1	2.462	0	0	135790639	1064	256	ok
PROBE-TSV	1	7z	payload	immediate	delete_start	total	1	85.306	135843840	135835648	135790639	1064	256	ok
PROBE-TSV	1	7z	payload	immediate	delete_start	tree_build	1	0.591	0	0	135790639	1064	256	ok
PROBE-TSV	1	7z	payload	immediate	delete_start	updater_open	1	5.313	102400	0	135790639	1064	256	ok
PROBE-TSV	1	7z	payload	immediate	delete_start	verification_open	1	2.271	0	0	135790639	1064	256	ok
PROBE-TSV	1	7z	payload	immediate	delete_end	capability_probe	1	2.236	0	0	137251506	1064	256	ok
PROBE-TSV	1	7z	payload	immediate	delete_end	commit	1	4.477	36864	118784	137251506	1064	256	ok
PROBE-TSV	1	7z	payload	immediate	delete_end	display	1	1.254	0	0	137251506	1064	256	ok
PROBE-TSV	1	7z	payload	immediate	delete_end	entry_comparison	1	0.671	0	0	137251506	1064	256	ok
PROBE-TSV	1	7z	payload	immediate	delete_end	filter_compute	1	0.000	0	0	137251506	1064	256	ok
PROBE-TSV	1	7z	payload	immediate	delete_end	mutate	1	0.636	0	0	137251506	1064	256	ok
PROBE-TSV	1	7z	payload	immediate	delete_end	password_verification	1	0.032	0	0	137251506	1064	256	ok
PROBE-TSV	1	7z	payload	immediate	delete_end	plan_build	1	0.011	0	0	137251506	1064	256	ok
PROBE-TSV	1	7z	payload	immediate	delete_end	plan_validation	1	0.105	0	0	137251506	1064	256	ok
PROBE-TSV	1	7z	payload	immediate	delete_end	publish	1	0.695	0	0	137251506	1064	256	ok
PROBE-TSV	1	7z	payload	immediate	delete_end	reader_adoption	1	0.002	0	0	137251506	1064	256	ok
PROBE-TSV	1	7z	payload	immediate	delete_end	reload	1	2.405	0	0	137251506	1064	256	ok
PROBE-TSV	1	7z	payload	immediate	delete_end	total	1	20.436	139264	131072	137251506	1064	256	ok
PROBE-TSV	1	7z	payload	immediate	delete_end	tree_build	1	0.600	0	0	137251506	1064	256	ok
PROBE-TSV	1	7z	payload	immediate	delete_end	updater_open	1	4.670	102400	0	137251506	1064	256	ok
PROBE-TSV	1	7z	payload	immediate	delete_end	verification_open	1	2.215	0	0	137251506	1064	256	ok
PROBE-TSV	1	7z	payload	immediate	rename_same_length	capability_probe	1	2.271	0	0	137251576	1064	256	ok
PROBE-TSV	1	7z	payload	immediate	rename_same_length	commit	1	4.284	32768	118784	137251576	1064	256	ok
PROBE-TSV	1	7z	payload	immediate	rename_same_length	display	1	1.255	0	0	137251576	1064	256	ok
PROBE-TSV	1	7z	payload	immediate	rename_same_length	entry_comparison	1	0.659	0	0	137251576	1064	256	ok
PROBE-TSV	1	7z	payload	immediate	rename_same_length	filter_compute	1	0.000	0	0	137251576	1064	256	ok
PROBE-TSV	1	7z	payload	immediate	rename_same_length	mutate	1	0.667	0	0	137251576	1064	256	ok
PROBE-TSV	1	7z	payload	immediate	rename_same_length	name_index_advance	1	0.119	0	0	137251576	1064	256	ok
PROBE-TSV	1	7z	payload	immediate	rename_same_length	name_index_build	1	1.618	0	0	137251576	1064	256	ok
PROBE-TSV	1	7z	payload	immediate	rename_same_length	password_verification	1	0.030	0	0	137251576	1064	256	ok
PROBE-TSV	1	7z	payload	immediate	rename_same_length	plan_build	1	0.019	0	0	137251576	1064	256	ok
PROBE-TSV	1	7z	payload	immediate	rename_same_length	plan_validation	1	0.117	0	0	137251576	1064	256	ok
PROBE-TSV	1	7z	payload	immediate	rename_same_length	publish	1	0.689	0	0	137251576	1064	256	ok
PROBE-TSV	1	7z	payload	immediate	rename_same_length	reader_adoption	1	0.003	0	0	137251576	1064	256	ok
PROBE-TSV	1	7z	payload	immediate	rename_same_length	reload	1	2.598	0	0	137251576	1064	256	ok
PROBE-TSV	1	7z	payload	immediate	rename_same_length	total	1	23.129	135168	131072	137251576	1064	256	ok
PROBE-TSV	1	7z	payload	immediate	rename_same_length	tree_build	1	0.588	0	0	137251576	1064	256	ok
PROBE-TSV	1	7z	payload	immediate	rename_same_length	updater_open	1	4.829	102400	0	137251576	1064	256	ok
PROBE-TSV	1	7z	payload	immediate	rename_same_length	verification_open	1	2.187	0	0	137251576	1064	256	ok
PROBE-TSV	1	7z	payload	immediate	rename_different_length	capability_probe	1	2.265	0	0	137251612	1064	256	ok
PROBE-TSV	1	7z	payload	immediate	rename_different_length	commit	1	4.342	32768	118784	137251612	1064	256	ok
PROBE-TSV	1	7z	payload	immediate	rename_different_length	display	1	1.238	0	0	137251612	1064	256	ok
PROBE-TSV	1	7z	payload	immediate	rename_different_length	entry_comparison	1	0.659	0	0	137251612	1064	256	ok
PROBE-TSV	1	7z	payload	immediate	rename_different_length	filter_compute	1	0.000	0	0	137251612	1064	256	ok
PROBE-TSV	1	7z	payload	immediate	rename_different_length	mutate	1	0.644	0	0	137251612	1064	256	ok
PROBE-TSV	1	7z	payload	immediate	rename_different_length	name_index_advance	1	0.120	0	0	137251612	1064	256	ok
PROBE-TSV	1	7z	payload	immediate	rename_different_length	name_index_build	1	1.667	0	0	137251612	1064	256	ok
PROBE-TSV	1	7z	payload	immediate	rename_different_length	password_verification	1	0.029	0	0	137251612	1064	256	ok
PROBE-TSV	1	7z	payload	immediate	rename_different_length	plan_build	1	0.021	0	0	137251612	1064	256	ok
PROBE-TSV	1	7z	payload	immediate	rename_different_length	plan_validation	1	0.112	0	0	137251612	1064	256	ok
PROBE-TSV	1	7z	payload	immediate	rename_different_length	publish	1	0.617	0	0	137251612	1064	256	ok
PROBE-TSV	1	7z	payload	immediate	rename_different_length	reader_adoption	1	0.002	0	0	137251612	1064	256	ok
PROBE-TSV	1	7z	payload	immediate	rename_different_length	reload	1	2.575	0	0	137251612	1064	256	ok
PROBE-TSV	1	7z	payload	immediate	rename_different_length	total	1	22.382	135168	131072	137251612	1064	256	ok
PROBE-TSV	1	7z	payload	immediate	rename_different_length	tree_build	1	0.590	0	0	137251612	1064	256	ok
PROBE-TSV	1	7z	payload	immediate	rename_different_length	updater_open	1	4.848	102400	0	137251612	1064	256	ok
PROBE-TSV	1	7z	payload	immediate	rename_different_length	verification_open	1	2.177	0	0	137251612	1064	256	ok
PROBE-TSV	1	7z	payload	immediate	rename_folder	capability_probe	1	2.247	0	0	137252472	1064	256	ok
PROBE-TSV	1	7z	payload	immediate	rename_folder	commit	1	4.312	32768	118784	137252472	1064	256	ok
PROBE-TSV	1	7z	payload	immediate	rename_folder	display	1	1.204	0	0	137252472	1064	256	ok
PROBE-TSV	1	7z	payload	immediate	rename_folder	entry_comparison	1	0.659	0	0	137252472	1064	256	ok
PROBE-TSV	1	7z	payload	immediate	rename_folder	filter_compute	1	0.000	0	0	137252472	1064	256	ok
PROBE-TSV	1	7z	payload	immediate	rename_folder	mutate	1	0.948	0	0	137252472	1064	256	ok
PROBE-TSV	1	7z	payload	immediate	rename_folder	name_index_advance	1	0.407	0	0	137252472	1064	256	ok
PROBE-TSV	1	7z	payload	immediate	rename_folder	name_index_build	1	1.610	0	0	137252472	1064	256	ok
PROBE-TSV	1	7z	payload	immediate	rename_folder	password_verification	1	0.035	0	0	137252472	1064	256	ok
PROBE-TSV	1	7z	payload	immediate	rename_folder	plan_build	1	0.361	0	0	137252472	1064	256	ok
PROBE-TSV	1	7z	payload	immediate	rename_folder	plan_validation	1	0.275	0	0	137252472	1064	256	ok
PROBE-TSV	1	7z	payload	immediate	rename_folder	publish	1	0.616	0	0	137252472	1064	256	ok
PROBE-TSV	1	7z	payload	immediate	rename_folder	reader_adoption	1	0.002	0	0	137252472	1064	256	ok
PROBE-TSV	1	7z	payload	immediate	rename_folder	reload	1	2.824	0	0	137252472	1064	256	ok
PROBE-TSV	1	7z	payload	immediate	rename_folder	total	1	22.875	135168	131072	137252472	1064	256	ok
PROBE-TSV	1	7z	payload	immediate	rename_folder	tree_build	1	0.585	0	0	137252472	1064	256	ok
PROBE-TSV	1	7z	payload	immediate	rename_folder	updater_open	1	4.798	102400	0	137252472	1064	256	ok
PROBE-TSV	1	7z	payload	immediate	rename_folder	verification_open	1	2.187	0	0	137252472	1064	256	ok
PROBE-TSV	1	7z	payload	immediate	new_folder	capability_probe	1	2.266	0	0	137251747	1064	256	ok
PROBE-TSV	1	7z	payload	immediate	new_folder	commit	1	4.007	32768	118784	137251747	1064	256	ok
PROBE-TSV	1	7z	payload	immediate	new_folder	display	1	1.294	0	0	137251747	1064	256	ok
PROBE-TSV	1	7z	payload	immediate	new_folder	entry_comparison	1	0.642	0	0	137251747	1064	256	ok
PROBE-TSV	1	7z	payload	immediate	new_folder	filter_compute	1	0.000	0	0	137251747	1064	256	ok
PROBE-TSV	1	7z	payload	immediate	new_folder	mutate	1	0.880	0	0	137251747	1064	256	ok
PROBE-TSV	1	7z	payload	immediate	new_folder	name_index_advance	1	0.136	0	0	137251747	1064	256	ok
PROBE-TSV	1	7z	payload	immediate	new_folder	name_index_build	1	1.620	0	0	137251747	1064	256	ok
PROBE-TSV	1	7z	payload	immediate	new_folder	password_verification	1	0.029	0	0	137251747	1064	256	ok
PROBE-TSV	1	7z	payload	immediate	new_folder	plan_build	1	1.631	0	0	137251747	1064	256	ok
PROBE-TSV	1	7z	payload	immediate	new_folder	plan_validation	1	0.109	0	0	137251747	1064	256	ok
PROBE-TSV	1	7z	payload	immediate	new_folder	publish	1	0.663	0	0	137251747	1064	256	ok
PROBE-TSV	1	7z	payload	immediate	new_folder	reader_adoption	1	0.003	0	0	137251747	1064	256	ok
PROBE-TSV	1	7z	payload	immediate	new_folder	reload	1	2.614	0	0	137251747	1064	256	ok
PROBE-TSV	1	7z	payload	immediate	new_folder	total	1	22.138	135168	131072	137251747	1064	256	ok
PROBE-TSV	1	7z	payload	immediate	new_folder	tree_build	1	0.602	0	0	137251747	1064	256	ok
PROBE-TSV	1	7z	payload	immediate	new_folder	updater_open	1	4.791	102400	0	137251747	1064	256	ok
PROBE-TSV	1	7z	payload	immediate	new_folder	verification_open	1	2.187	0	0	137251747	1064	256	ok
PROBE-TSV	1	7z	payload	immediate	add_file	capability_probe	1	2.290	0	0	137251624	1064	256	ok
PROBE-TSV	1	7z	payload	immediate	add_file	commit	1	4.256	32768	118784	137251624	1064	256	ok
PROBE-TSV	1	7z	payload	immediate	add_file	display	1	1.212	0	0	137251624	1064	256	ok
PROBE-TSV	1	7z	payload	immediate	add_file	entry_comparison	1	0.658	0	0	137251624	1064	256	ok
PROBE-TSV	1	7z	payload	immediate	add_file	filter_compute	1	0.000	0	0	137251624	1064	256	ok
PROBE-TSV	1	7z	payload	immediate	add_file	mutate	1	0.972	0	0	137251624	1064	256	ok
PROBE-TSV	1	7z	payload	immediate	add_file	name_index_advance	1	0.118	0	0	137251624	1064	256	ok
PROBE-TSV	1	7z	payload	immediate	add_file	name_index_build	1	1.659	0	0	137251624	1064	256	ok
PROBE-TSV	1	7z	payload	immediate	add_file	password_verification	1	0.030	0	0	137251624	1064	256	ok
PROBE-TSV	1	7z	payload	immediate	add_file	plan_build	3	0.041	0	0	137251624	1064	256	ok
PROBE-TSV	1	7z	payload	immediate	add_file	plan_validation	1	0.110	0	0	137251624	1064	256	ok
PROBE-TSV	1	7z	payload	immediate	add_file	publish	1	0.674	0	0	137251624	1064	256	ok
PROBE-TSV	1	7z	payload	immediate	add_file	reader_adoption	1	0.002	0	0	137251624	1064	256	ok
PROBE-TSV	1	7z	payload	immediate	add_file	reload	1	2.580	0	0	137251624	1064	256	ok
PROBE-TSV	1	7z	payload	immediate	add_file	total	1	22.980	135168	131072	137251624	1064	256	ok
PROBE-TSV	1	7z	payload	immediate	add_file	tree_build	1	0.589	0	0	137251624	1064	256	ok
PROBE-TSV	1	7z	payload	immediate	add_file	updater_open	1	4.955	102400	0	137251624	1064	256	ok
PROBE-TSV	1	7z	payload	immediate	add_file	verification_open	1	2.195	0	0	137251624	1064	256	ok
PROBE-TSV	1	7z	payload	immediate	replace_file	capability_probe	1	2.266	0	0	135790709	1064	256	ok
PROBE-TSV	1	7z	payload	immediate	replace_file	commit	1	66.107	135741440	135839744	135790709	1064	256	ok
PROBE-TSV	1	7z	payload	immediate	replace_file	display	1	1.252	0	0	135790709	1064	256	ok
PROBE-TSV	1	7z	payload	immediate	replace_file	entry_comparison	1	0.616	0	0	135790709	1064	256	ok
PROBE-TSV	1	7z	payload	immediate	replace_file	filter_compute	1	0.000	0	0	135790709	1064	256	ok
PROBE-TSV	1	7z	payload	immediate	replace_file	mutate	1	1.541	0	0	135790709	1064	256	ok
PROBE-TSV	1	7z	payload	immediate	replace_file	name_index_advance	1	0.131	0	0	135790709	1064	256	ok
PROBE-TSV	1	7z	payload	immediate	replace_file	name_index_build	1	1.624	0	0	135790709	1064	256	ok
PROBE-TSV	1	7z	payload	immediate	replace_file	password_verification	1	0.030	0	0	135790709	1064	256	ok
PROBE-TSV	1	7z	payload	immediate	replace_file	plan_build	4	0.080	0	0	135790709	1064	256	ok
PROBE-TSV	1	7z	payload	immediate	replace_file	plan_validation	1	0.111	0	0	135790709	1064	256	ok
PROBE-TSV	1	7z	payload	immediate	replace_file	publish	1	0.695	0	0	135790709	1064	256	ok
PROBE-TSV	1	7z	payload	immediate	replace_file	reader_adoption	1	0.002	0	0	135790709	1064	256	ok
PROBE-TSV	1	7z	payload	immediate	replace_file	reload	1	2.601	0	0	135790709	1064	256	ok
PROBE-TSV	1	7z	payload	immediate	replace_file	total	1	85.998	135843840	135852032	135790709	1064	256	ok
PROBE-TSV	1	7z	payload	immediate	replace_file	tree_build	1	0.594	0	0	135790709	1064	256	ok
PROBE-TSV	1	7z	payload	immediate	replace_file	updater_open	1	4.883	102400	0	135790709	1064	256	ok
PROBE-TSV	1	7z	payload	immediate	replace_file	verification_open	1	2.165	0	0	135790709	1064	256	ok
PROBE-TSV	1	7z	payload	deferred	five_changes_reserve_rename	display	1	1.170	0	0	137251576	1064	256	ok
PROBE-TSV	1	7z	payload	deferred	five_changes_reserve_rename	filter_compute	1	0.000	0	0	137251576	1064	256	ok
PROBE-TSV	1	7z	payload	deferred	five_changes_reserve_rename	password_verification	1	0.033	0	0	137251576	1064	256	ok
PROBE-TSV	1	7z	payload	deferred	five_changes_reserve_rename	total	1	6.047	0	0	137251576	1064	256	ok
PROBE-TSV	1	7z	payload	deferred	five_changes_reserve_rename	tree_build	1	0.679	0	0	137251576	1064	256	ok
PROBE-TSV	1	7z	payload	deferred	five_changes_reserve_delete	display	1	0.440	0	0	137251576	1064	256	ok
PROBE-TSV	1	7z	payload	deferred	five_changes_reserve_delete	filter_compute	1	0.000	0	0	137251576	1064	256	ok
PROBE-TSV	1	7z	payload	deferred	five_changes_reserve_delete	password_verification	1	0.030	0	0	137251576	1064	256	ok
PROBE-TSV	1	7z	payload	deferred	five_changes_reserve_delete	total	1	3.712	0	0	137251576	1064	256	ok
PROBE-TSV	1	7z	payload	deferred	five_changes_reserve_delete	tree_build	1	0.617	0	0	137251576	1064	256	ok
PROBE-TSV	1	7z	payload	deferred	five_changes_reserve_new_folder	display	1	0.421	0	0	137251576	1064	256	ok
PROBE-TSV	1	7z	payload	deferred	five_changes_reserve_new_folder	filter_compute	1	0.000	0	0	137251576	1064	256	ok
PROBE-TSV	1	7z	payload	deferred	five_changes_reserve_new_folder	password_verification	1	0.028	0	0	137251576	1064	256	ok
PROBE-TSV	1	7z	payload	deferred	five_changes_reserve_new_folder	total	1	28.283	0	0	137251576	1064	256	ok
PROBE-TSV	1	7z	payload	deferred	five_changes_reserve_new_folder	tree_build	1	0.574	0	0	137251576	1064	256	ok
PROBE-TSV	1	7z	payload	deferred	five_changes_reserve_delete_folder	display	1	1.450	0	0	137251576	1064	256	ok
PROBE-TSV	1	7z	payload	deferred	five_changes_reserve_delete_folder	filter_compute	1	0.000	0	0	137251576	1064	256	ok
PROBE-TSV	1	7z	payload	deferred	five_changes_reserve_delete_folder	password_verification	1	0.029	0	0	137251576	1064	256	ok
PROBE-TSV	1	7z	payload	deferred	five_changes_reserve_delete_folder	total	1	29.888	0	0	137251576	1064	256	ok
PROBE-TSV	1	7z	payload	deferred	five_changes_reserve_delete_folder	tree_build	1	0.050	0	0	137251576	1064	256	ok
PROBE-TSV	1	7z	payload	deferred	five_changes_reserve_add	display	1	1.164	0	0	137251576	1064	256	ok
PROBE-TSV	1	7z	payload	deferred	five_changes_reserve_add	filter_compute	1	0.000	0	0	137251576	1064	256	ok
PROBE-TSV	1	7z	payload	deferred	five_changes_reserve_add	password_verification	1	0.032	0	0	137251576	1064	256	ok
PROBE-TSV	1	7z	payload	deferred	five_changes_reserve_add	plan_build	3	0.057	0	0	137251576	1064	256	ok
PROBE-TSV	1	7z	payload	deferred	five_changes_reserve_add	total	1	29.729	0	4096	137251576	1064	256	ok
PROBE-TSV	1	7z	payload	deferred	five_changes_reserve_add	tree_build	1	0.047	0	0	137251576	1064	256	ok
PROBE-TSV	1	7z	payload	deferred	save_five_changes	capability_probe	1	0.201	0	0	137181653	1064	256	ok
PROBE-TSV	1	7z	payload	deferred	save_five_changes	commit	1	1.065	32768	49152	137181653	1064	256	ok
PROBE-TSV	1	7z	payload	deferred	save_five_changes	display	1	1.330	0	0	137181653	1064	256	ok
PROBE-TSV	1	7z	payload	deferred	save_five_changes	editing_install	1	0.006	0	0	137181653	1064	256	ok
PROBE-TSV	1	7z	payload	deferred	save_five_changes	editing_prepare	1	0.179	0	0	137181653	1064	256	ok
PROBE-TSV	1	7z	payload	deferred	save_five_changes	entry_comparison	1	0.044	0	0	137181653	1064	256	ok
PROBE-TSV	1	7z	payload	deferred	save_five_changes	filter_compute	2	0.001	0	0	137181653	1064	256	ok
PROBE-TSV	1	7z	payload	deferred	save_five_changes	name_index_advance	1	0.748	0	0	137181653	1064	256	ok
PROBE-TSV	1	7z	payload	deferred	save_five_changes	password_verification	1	0.025	0	0	137181653	1064	256	ok
PROBE-TSV	1	7z	payload	deferred	save_five_changes	publish	1	0.806	0	0	137181653	1064	256	ok
PROBE-TSV	1	7z	payload	deferred	save_five_changes	reader_adoption	1	0.002	0	0	137181653	1064	256	ok
PROBE-TSV	1	7z	payload	deferred	save_five_changes	reload	1	1.259	0	0	137181653	1064	256	ok
PROBE-TSV	1	7z	payload	deferred	save_five_changes	replay	1	2.232	4096	0	137181653	1064	256	ok
PROBE-TSV	1	7z	payload	deferred	save_five_changes	replay_plan	1	1.619	0	0	137181653	1064	256	ok
PROBE-TSV	1	7z	payload	deferred	save_five_changes	representability_differential	1	0.788	0	0	137181653	1064	256	ok
PROBE-TSV	1	7z	payload	deferred	save_five_changes	save_sheet	1	71.642	139264	73728	137181653	1064	256	ok
PROBE-TSV	1	7z	payload	deferred	save_five_changes	total	1	72.090	139264	73728	137181653	1064	256	ok
PROBE-TSV	1	7z	payload	deferred	save_five_changes	tree_build	1	0.047	0	0	137181653	1064	256	ok
PROBE-TSV	1	7z	payload	deferred	save_five_changes	updater_open	1	4.835	102400	0	137181653	1064	256	ok
PROBE-TSV	1	7z	payload	deferred	save_five_changes	verification_open	1	0.161	0	0	137181653	1064	256	ok
PROBE-TSV	1	7z	payload	deferred	rename_only_reserve_rename	display	1	1.120	0	0	137251576	1064	256	ok
PROBE-TSV	1	7z	payload	deferred	rename_only_reserve_rename	filter_compute	1	0.000	0	0	137251576	1064	256	ok
PROBE-TSV	1	7z	payload	deferred	rename_only_reserve_rename	password_verification	1	0.030	0	0	137251576	1064	256	ok
PROBE-TSV	1	7z	payload	deferred	rename_only_reserve_rename	total	1	6.144	0	0	137251576	1064	256	ok
PROBE-TSV	1	7z	payload	deferred	rename_only_reserve_rename	tree_build	1	0.639	0	0	137251576	1064	256	ok
PROBE-TSV	1	7z	payload	deferred	save_rename_only	capability_probe	1	2.265	0	0	137251574	1064	256	ok
PROBE-TSV	1	7z	payload	deferred	save_rename_only	commit	1	4.513	36864	118784	137251574	1064	256	ok
PROBE-TSV	1	7z	payload	deferred	save_rename_only	display	1	1.025	0	0	137251574	1064	256	ok
PROBE-TSV	1	7z	payload	deferred	save_rename_only	editing_install	1	0.006	0	0	137251574	1064	256	ok
PROBE-TSV	1	7z	payload	deferred	save_rename_only	editing_prepare	1	0.300	0	0	137251574	1064	256	ok
PROBE-TSV	1	7z	payload	deferred	save_rename_only	entry_comparison	1	0.640	0	0	137251574	1064	256	ok
PROBE-TSV	1	7z	payload	deferred	save_rename_only	filter_compute	2	0.000	0	0	137251574	1064	256	ok
PROBE-TSV	1	7z	payload	deferred	save_rename_only	name_index_advance	1	0.125	0	0	137251574	1064	256	ok
PROBE-TSV	1	7z	payload	deferred	save_rename_only	password_verification	1	0.031	0	0	137251574	1064	256	ok
PROBE-TSV	1	7z	payload	deferred	save_rename_only	publish	1	0.257	0	0	137251574	1064	256	ok
PROBE-TSV	1	7z	payload	deferred	save_rename_only	reader_adoption	1	0.002	0	0	137251574	1064	256	ok
PROBE-TSV	1	7z	payload	deferred	save_rename_only	reload	1	2.700	0	0	137251574	1064	256	ok
PROBE-TSV	1	7z	payload	deferred	save_rename_only	replay	1	0.664	0	0	137251574	1064	256	ok
PROBE-TSV	1	7z	payload	deferred	save_rename_only	replay_plan	1	0.246	0	0	137251574	1064	256	ok
PROBE-TSV	1	7z	payload	deferred	save_rename_only	representability_differential	1	0.015	0	0	137251574	1064	256	ok
PROBE-TSV	1	7z	payload	deferred	save_rename_only	save_sheet	1	63.776	139264	131072	137251574	1064	256	ok
PROBE-TSV	1	7z	payload	deferred	save_rename_only	total	1	64.348	139264	131072	137251574	1064	256	ok
PROBE-TSV	1	7z	payload	deferred	save_rename_only	tree_build	1	0.652	0	0	137251574	1064	256	ok
PROBE-TSV	1	7z	payload	deferred	save_rename_only	updater_open	1	4.935	102400	0	137251574	1064	256	ok
PROBE-TSV	1	7z	payload	deferred	save_rename_only	verification_open	1	2.225	0	0	137251574	1064	256	ok
PROBE-TSV	1	lha	entries	immediate	delete_start	capability_probe	1	400.235	0	0	6999931	100000	0	ok
PROBE-TSV	1	lha	entries	immediate	delete_start	commit	1	6.859	4096	7000064	6999931	100000	0	ok
PROBE-TSV	1	lha	entries	immediate	delete_start	display	1	2.897	0	0	6999931	100000	0	ok
PROBE-TSV	1	lha	entries	immediate	delete_start	entry_comparison	1	70.227	0	0	6999931	100000	0	ok
PROBE-TSV	1	lha	entries	immediate	delete_start	filter_compute	1	0.000	0	0	6999931	100000	0	ok
PROBE-TSV	1	lha	entries	immediate	delete_start	mutate	1	71.149	0	0	6999931	100000	0	ok
PROBE-TSV	1	lha	entries	immediate	delete_start	password_verification	1	0.208	0	0	6999931	100000	0	ok
PROBE-TSV	1	lha	entries	immediate	delete_start	plan_build	1	0.013	0	0	6999931	100000	0	ok
PROBE-TSV	1	lha	entries	immediate	delete_start	plan_validation	1	19.157	0	0	6999931	100000	0	ok
PROBE-TSV	1	lha	entries	immediate	delete_start	publish	1	0.854	0	0	6999931	100000	0	ok
PROBE-TSV	1	lha	entries	immediate	delete_start	reader_adoption	1	0.004	0	0	6999931	100000	0	ok
PROBE-TSV	1	lha	entries	immediate	delete_start	reload	1	400.621	0	0	6999931	100000	0	ok
PROBE-TSV	1	lha	entries	immediate	delete_start	total	1	2048.539	7004160	7012352	6999931	100000	0	ok
PROBE-TSV	1	lha	entries	immediate	delete_start	tree_build	1	76.676	0	0	6999931	100000	0	ok
PROBE-TSV	1	lha	entries	immediate	delete_start	updater_open	1	960.144	7000064	0	6999931	100000	0	ok
PROBE-TSV	1	lha	entries	immediate	delete_start	verification_open	1	415.224	0	0	6999931	100000	0	ok
PROBE-TSV	1	lha	entries	immediate	delete_end	capability_probe	1	406.796	0	0	6999931	100000	0	ok
PROBE-TSV	1	lha	entries	immediate	delete_end	commit	1	3.673	20480	4096	6999931	100000	0	ok
PROBE-TSV	1	lha	entries	immediate	delete_end	display	1	2.867	0	0	6999931	100000	0	ok
PROBE-TSV	1	lha	entries	immediate	delete_end	entry_comparison	1	68.016	0	0	6999931	100000	0	ok
PROBE-TSV	1	lha	entries	immediate	delete_end	filter_compute	1	0.000	0	0	6999931	100000	0	ok
PROBE-TSV	1	lha	entries	immediate	delete_end	mutate	1	68.190	0	0	6999931	100000	0	ok
PROBE-TSV	1	lha	entries	immediate	delete_end	password_verification	1	0.211	0	0	6999931	100000	0	ok
PROBE-TSV	1	lha	entries	immediate	delete_end	plan_build	1	0.012	0	0	6999931	100000	0	ok
PROBE-TSV	1	lha	entries	immediate	delete_end	plan_validation	1	18.897	0	0	6999931	100000	0	ok
PROBE-TSV	1	lha	entries	immediate	delete_end	publish	1	0.784	0	0	6999931	100000	0	ok
PROBE-TSV	1	lha	entries	immediate	delete_end	reader_adoption	1	0.003	0	0	6999931	100000	0	ok
PROBE-TSV	1	lha	entries	immediate	delete_end	reload	1	407.177	0	0	6999931	100000	0	ok
PROBE-TSV	1	lha	entries	immediate	delete_end	total	1	2038.665	14000128	16384	6999931	100000	0	ok
PROBE-TSV	1	lha	entries	immediate	delete_end	tree_build	1	75.750	0	0	6999931	100000	0	ok
PROBE-TSV	1	lha	entries	immediate	delete_end	updater_open	1	946.148	7000064	0	6999931	100000	0	ok
PROBE-TSV	1	lha	entries	immediate	delete_end	verification_open	1	420.384	6979584	0	6999931	100000	0	ok
PROBE-TSV	1	lha	entries	immediate	rename_same_length	capability_probe	1	399.224	0	0	7000001	100000	0	ok
PROBE-TSV	1	lha	entries	immediate	rename_same_length	commit	1	3.930	20480	20480	7000001	100000	0	ok
PROBE-TSV	1	lha	entries	immediate	rename_same_length	display	1	3.099	0	0	7000001	100000	0	ok
PROBE-TSV	1	lha	entries	immediate	rename_same_length	entry_comparison	1	66.024	0	0	7000001	100000	0	ok
PROBE-TSV	1	lha	entries	immediate	rename_same_length	filter_compute	1	0.000	0	0	7000001	100000	0	ok
PROBE-TSV	1	lha	entries	immediate	rename_same_length	mutate	1	68.839	0	0	7000001	100000	0	ok
PROBE-TSV	1	lha	entries	immediate	rename_same_length	name_index_advance	1	18.180	0	0	7000001	100000	0	ok
PROBE-TSV	1	lha	entries	immediate	rename_same_length	name_index_build	1	159.708	0	0	7000001	100000	0	ok
PROBE-TSV	1	lha	entries	immediate	rename_same_length	password_verification	1	0.212	0	0	7000001	100000	0	ok
PROBE-TSV	1	lha	entries	immediate	rename_same_length	plan_build	1	0.026	0	0	7000001	100000	0	ok
PROBE-TSV	1	lha	entries	immediate	rename_same_length	plan_validation	1	19.485	0	0	7000001	100000	0	ok
PROBE-TSV	1	lha	entries	immediate	rename_same_length	publish	1	0.794	0	0	7000001	100000	0	ok
PROBE-TSV	1	lha	entries	immediate	rename_same_length	reader_adoption	1	0.003	0	0	7000001	100000	0	ok
PROBE-TSV	1	lha	entries	immediate	rename_same_length	reload	1	418.075	0	0	7000001	100000	0	ok
PROBE-TSV	1	lha	entries	immediate	rename_same_length	total	1	2206.368	14000128	32768	7000001	100000	0	ok
PROBE-TSV	1	lha	entries	immediate	rename_same_length	tree_build	1	73.330	0	0	7000001	100000	0	ok
PROBE-TSV	1	lha	entries	immediate	rename_same_length	updater_open	1	946.243	7000064	0	7000001	100000	0	ok
PROBE-TSV	1	lha	entries	immediate	rename_same_length	verification_open	1	421.431	6979584	0	7000001	100000	0	ok
PROBE-TSV	1	lha	entries	immediate	rename_different_length	capability_probe	1	398.882	0	0	7000019	100000	0	ok
PROBE-TSV	1	lha	entries	immediate	rename_different_length	commit	1	7.676	0	7000064	7000019	100000	0	ok
PROBE-TSV	1	lha	entries	immediate	rename_different_length	display	1	2.885	0	0	7000019	100000	0	ok
PROBE-TSV	1	lha	entries	immediate	rename_different_length	entry_comparison	1	69.305	0	0	7000019	100000	0	ok
PROBE-TSV	1	lha	entries	immediate	rename_different_length	filter_compute	1	0.000	0	0	7000019	100000	0	ok
PROBE-TSV	1	lha	entries	immediate	rename_different_length	mutate	1	70.207	0	0	7000019	100000	0	ok
PROBE-TSV	1	lha	entries	immediate	rename_different_length	name_index_advance	1	18.177	0	0	7000019	100000	0	ok
PROBE-TSV	1	lha	entries	immediate	rename_different_length	name_index_build	1	158.992	0	0	7000019	100000	0	ok
PROBE-TSV	1	lha	entries	immediate	rename_different_length	password_verification	1	0.200	0	0	7000019	100000	0	ok
PROBE-TSV	1	lha	entries	immediate	rename_different_length	plan_build	1	0.027	0	0	7000019	100000	0	ok
PROBE-TSV	1	lha	entries	immediate	rename_different_length	plan_validation	1	19.038	0	0	7000019	100000	0	ok
PROBE-TSV	1	lha	entries	immediate	rename_different_length	publish	1	0.820	0	0	7000019	100000	0	ok
PROBE-TSV	1	lha	entries	immediate	rename_different_length	reader_adoption	1	0.003	0	0	7000019	100000	0	ok
PROBE-TSV	1	lha	entries	immediate	rename_different_length	reload	1	417.736	0	0	7000019	100000	0	ok
PROBE-TSV	1	lha	entries	immediate	rename_different_length	total	1	2196.447	7000064	7012352	7000019	100000	0	ok
PROBE-TSV	1	lha	entries	immediate	rename_different_length	tree_build	1	75.049	0	0	7000019	100000	0	ok
PROBE-TSV	1	lha	entries	immediate	rename_different_length	updater_open	1	932.195	7000064	0	7000019	100000	0	ok
PROBE-TSV	1	lha	entries	immediate	rename_different_length	verification_open	1	417.208	0	0	7000019	100000	0	ok
PROBE-TSV	1	lha	entries	immediate	rename_folder	capability_probe	1	396.107	0	0	7010001	100000	0	ok
PROBE-TSV	1	lha	entries	immediate	rename_folder	commit	1	10.292	0	7012352	7010001	100000	0	ok
PROBE-TSV	1	lha	entries	immediate	rename_folder	display	1	2.735	0	0	7010001	100000	0	ok
PROBE-TSV	1	lha	entries	immediate	rename_folder	entry_comparison	1	65.396	0	0	7010001	100000	0	ok
PROBE-TSV	1	lha	entries	immediate	rename_folder	filter_compute	1	0.000	0	0	7010001	100000	0	ok
PROBE-TSV	1	lha	entries	immediate	rename_folder	mutate	1	75.549	0	0	7010001	100000	0	ok
PROBE-TSV	1	lha	entries	immediate	rename_folder	name_index_advance	1	26.704	0	0	7010001	100000	0	ok
PROBE-TSV	1	lha	entries	immediate	rename_folder	name_index_build	1	155.323	0	0	7010001	100000	0	ok
PROBE-TSV	1	lha	entries	immediate	rename_folder	password_verification	1	0.214	0	0	7010001	100000	0	ok
PROBE-TSV	1	lha	entries	immediate	rename_folder	plan_build	1	5.863	0	0	7010001	100000	0	ok
PROBE-TSV	1	lha	entries	immediate	rename_folder	plan_validation	1	21.484	0	0	7010001	100000	0	ok
PROBE-TSV	1	lha	entries	immediate	rename_folder	publish	1	0.758	0	0	7010001	100000	0	ok
PROBE-TSV	1	lha	entries	immediate	rename_folder	reader_adoption	1	0.002	0	0	7010001	100000	0	ok
PROBE-TSV	1	lha	entries	immediate	rename_folder	reload	1	423.458	0	0	7010001	100000	0	ok
PROBE-TSV	1	lha	entries	immediate	rename_folder	total	1	2176.920	7000064	7024640	7010001	100000	0	ok
PROBE-TSV	1	lha	entries	immediate	rename_folder	tree_build	1	75.504	0	0	7010001	100000	0	ok
PROBE-TSV	1	lha	entries	immediate	rename_folder	updater_open	1	905.891	7000064	0	7010001	100000	0	ok
PROBE-TSV	1	lha	entries	immediate	rename_folder	verification_open	1	409.249	0	0	7010001	100000	0	ok
PROBE-TSV	1	lha	entries	immediate	new_folder	capability_probe	1	397.804	0	0	7000060	100000	0	ok
PROBE-TSV	1	lha	entries	immediate	new_folder	commit	1	3.322	4096	4096	7000060	100000	0	ok
PROBE-TSV	1	lha	entries	immediate	new_folder	display	1	3.029	0	0	7000060	100000	0	ok
PROBE-TSV	1	lha	entries	immediate	new_folder	entry_comparison	1	63.903	0	0	7000060	100000	0	ok
PROBE-TSV	1	lha	entries	immediate	new_folder	filter_compute	1	0.000	0	0	7000060	100000	0	ok
PROBE-TSV	1	lha	entries	immediate	new_folder	mutate	1	72.156	0	0	7000060	100000	0	ok
PROBE-TSV	1	lha	entries	immediate	new_folder	name_index_advance	1	18.000	0	0	7000060	100000	0	ok
PROBE-TSV	1	lha	entries	immediate	new_folder	name_index_build	1	156.337	0	0	7000060	100000	0	ok
PROBE-TSV	1	lha	entries	immediate	new_folder	password_verification	1	0.200	0	0	7000060	100000	0	ok
PROBE-TSV	1	lha	entries	immediate	new_folder	plan_build	1	156.359	0	0	7000060	100000	0	ok
PROBE-TSV	1	lha	entries	immediate	new_folder	plan_validation	1	18.884	0	0	7000060	100000	0	ok
PROBE-TSV	1	lha	entries	immediate	new_folder	publish	1	0.722	0	0	7000060	100000	0	ok
PROBE-TSV	1	lha	entries	immediate	new_folder	reader_adoption	1	0.003	0	0	7000060	100000	0	ok
PROBE-TSV	1	lha	entries	immediate	new_folder	reload	1	416.412	0	0	7000060	100000	0	ok
PROBE-TSV	1	lha	entries	immediate	new_folder	total	1	2158.129	14000128	16384	7000060	100000	0	ok
PROBE-TSV	1	lha	entries	immediate	new_folder	tree_build	1	73.917	0	0	7000060	100000	0	ok
PROBE-TSV	1	lha	entries	immediate	new_folder	updater_open	1	914.742	7000064	0	7000060	100000	0	ok
PROBE-TSV	1	lha	entries	immediate	new_folder	verification_open	1	411.820	6995968	0	7000060	100000	0	ok
PROBE-TSV	1	lha	entries	immediate	add_file	capability_probe	1	390.390	0	0	7000057	100000	0	ok
PROBE-TSV	1	lha	entries	immediate	add_file	commit	1	3.387	4096	4096	7000057	100000	0	ok
PROBE-TSV	1	lha	entries	immediate	add_file	display	1	2.971	0	0	7000057	100000	0	ok
PROBE-TSV	1	lha	entries	immediate	add_file	entry_comparison	1	65.564	0	0	7000057	100000	0	ok
PROBE-TSV	1	lha	entries	immediate	add_file	filter_compute	1	0.000	0	0	7000057	100000	0	ok
PROBE-TSV	1	lha	entries	immediate	add_file	mutate	1	72.224	0	0	7000057	100000	0	ok
PROBE-TSV	1	lha	entries	immediate	add_file	name_index_advance	1	17.936	0	0	7000057	100000	0	ok
PROBE-TSV	1	lha	entries	immediate	add_file	name_index_build	1	157.479	0	0	7000057	100000	0	ok
PROBE-TSV	1	lha	entries	immediate	add_file	password_verification	1	0.203	0	0	7000057	100000	0	ok
PROBE-TSV	1	lha	entries	immediate	add_file	plan_build	3	0.068	0	0	7000057	100000	0	ok
PROBE-TSV	1	lha	entries	immediate	add_file	plan_validation	1	18.836	0	0	7000057	100000	0	ok
PROBE-TSV	1	lha	entries	immediate	add_file	publish	1	0.819	0	0	7000057	100000	0	ok
PROBE-TSV	1	lha	entries	immediate	add_file	reader_adoption	1	0.002	0	0	7000057	100000	0	ok
PROBE-TSV	1	lha	entries	immediate	add_file	reload	1	408.938	0	0	7000057	100000	0	ok
PROBE-TSV	1	lha	entries	immediate	add_file	total	1	2149.760	14000128	16384	7000057	100000	0	ok
PROBE-TSV	1	lha	entries	immediate	add_file	tree_build	1	72.710	0	0	7000057	100000	0	ok
PROBE-TSV	1	lha	entries	immediate	add_file	updater_open	1	899.754	7000064	0	7000057	100000	0	ok
PROBE-TSV	1	lha	entries	immediate	add_file	verification_open	1	423.183	6995968	0	7000057	100000	0	ok
PROBE-TSV	1	lha	entries	immediate	replace_file	capability_probe	1	393.213	0	0	7000001	100000	0	ok
PROBE-TSV	1	lha	entries	immediate	replace_file	commit	1	9.487	4096	7000064	7000001	100000	0	ok
PROBE-TSV	1	lha	entries	immediate	replace_file	display	1	2.948	0	0	7000001	100000	0	ok
PROBE-TSV	1	lha	entries	immediate	replace_file	entry_comparison	1	63.327	0	0	7000001	100000	0	ok
PROBE-TSV	1	lha	entries	immediate	replace_file	filter_compute	1	0.000	0	0	7000001	100000	0	ok
PROBE-TSV	1	lha	entries	immediate	replace_file	mutate	1	121.900	0	0	7000001	100000	0	ok
PROBE-TSV	1	lha	entries	immediate	replace_file	name_index_advance	1	18.108	0	0	7000001	100000	0	ok
PROBE-TSV	1	lha	entries	immediate	replace_file	name_index_build	1	157.533	0	0	7000001	100000	0	ok
PROBE-TSV	1	lha	entries	immediate	replace_file	password_verification	1	0.227	0	0	7000001	100000	0	ok
PROBE-TSV	1	lha	entries	immediate	replace_file	plan_build	4	2.320	0	0	7000001	100000	0	ok
PROBE-TSV	1	lha	entries	immediate	replace_file	plan_validation	1	18.201	0	0	7000001	100000	0	ok
PROBE-TSV	1	lha	entries	immediate	replace_file	publish	1	0.774	0	0	7000001	100000	0	ok
PROBE-TSV	1	lha	entries	immediate	replace_file	reader_adoption	1	0.002	0	0	7000001	100000	0	ok
PROBE-TSV	1	lha	entries	immediate	replace_file	reload	1	411.950	0	0	7000001	100000	0	ok
PROBE-TSV	1	lha	entries	immediate	replace_file	total	1	2179.765	7004160	7012352	7000001	100000	0	ok
PROBE-TSV	1	lha	entries	immediate	replace_file	tree_build	1	76.967	0	0	7000001	100000	0	ok
PROBE-TSV	1	lha	entries	immediate	replace_file	updater_open	1	886.738	7000064	0	7000001	100000	0	ok
PROBE-TSV	1	lha	entries	immediate	replace_file	verification_open	1	402.402	0	0	7000001	100000	0	ok
PROBE-TSV	1	lha	entries	deferred	five_changes_reserve_rename	display	1	2.602	0	0	7000001	100000	0	ok
PROBE-TSV	1	lha	entries	deferred	five_changes_reserve_rename	filter_compute	1	0.000	0	0	7000001	100000	0	ok
PROBE-TSV	1	lha	entries	deferred	five_changes_reserve_rename	password_verification	1	0.532	0	0	7000001	100000	0	ok
PROBE-TSV	1	lha	entries	deferred	five_changes_reserve_rename	total	1	164.973	0	0	7000001	100000	0	ok
PROBE-TSV	1	lha	entries	deferred	five_changes_reserve_rename	tree_build	1	67.600	0	0	7000001	100000	0	ok
PROBE-TSV	1	lha	entries	deferred	five_changes_reserve_delete	display	1	2.605	0	0	7000001	100000	0	ok
PROBE-TSV	1	lha	entries	deferred	five_changes_reserve_delete	filter_compute	1	0.001	0	0	7000001	100000	0	ok
PROBE-TSV	1	lha	entries	deferred	five_changes_reserve_delete	password_verification	1	0.569	0	0	7000001	100000	0	ok
PROBE-TSV	1	lha	entries	deferred	five_changes_reserve_delete	total	1	173.083	0	0	7000001	100000	0	ok
PROBE-TSV	1	lha	entries	deferred	five_changes_reserve_delete	tree_build	1	66.250	0	0	7000001	100000	0	ok
PROBE-TSV	1	lha	entries	deferred	five_changes_reserve_new_folder	display	1	2.659	0	0	7000001	100000	0	ok
PROBE-TSV	1	lha	entries	deferred	five_changes_reserve_new_folder	filter_compute	1	0.001	0	0	7000001	100000	0	ok
PROBE-TSV	1	lha	entries	deferred	five_changes_reserve_new_folder	password_verification	1	0.566	0	0	7000001	100000	0	ok
PROBE-TSV	1	lha	entries	deferred	five_changes_reserve_new_folder	total	1	168.299	0	0	7000001	100000	0	ok
PROBE-TSV	1	lha	entries	deferred	five_changes_reserve_new_folder	tree_build	1	64.547	0	0	7000001	100000	0	ok
PROBE-TSV	1	lha	entries	deferred	five_changes_reserve_delete_folder	display	1	2.690	0	0	7000001	100000	0	ok
PROBE-TSV	1	lha	entries	deferred	five_changes_reserve_delete_folder	filter_compute	1	0.001	0	0	7000001	100000	0	ok
PROBE-TSV	1	lha	entries	deferred	five_changes_reserve_delete_folder	password_verification	1	0.564	0	0	7000001	100000	0	ok
PROBE-TSV	1	lha	entries	deferred	five_changes_reserve_delete_folder	total	1	175.482	0	0	7000001	100000	0	ok
PROBE-TSV	1	lha	entries	deferred	five_changes_reserve_delete_folder	tree_build	1	67.756	0	0	7000001	100000	0	ok
PROBE-TSV	1	lha	entries	deferred	five_changes_reserve_add	display	1	2.800	0	0	7000001	100000	0	ok
PROBE-TSV	1	lha	entries	deferred	five_changes_reserve_add	filter_compute	1	0.001	0	0	7000001	100000	0	ok
PROBE-TSV	1	lha	entries	deferred	five_changes_reserve_add	password_verification	1	0.568	0	0	7000001	100000	0	ok
PROBE-TSV	1	lha	entries	deferred	five_changes_reserve_add	plan_build	3	0.062	0	0	7000001	100000	0	ok
PROBE-TSV	1	lha	entries	deferred	five_changes_reserve_add	total	1	173.890	0	4096	7000001	100000	0	ok
PROBE-TSV	1	lha	entries	deferred	five_changes_reserve_add	tree_build	1	66.926	0	0	7000001	100000	0	ok
PROBE-TSV	1	lha	entries	deferred	save_five_changes	capability_probe	1	384.325	0	0	6930039	100000	0	ok
PROBE-TSV	1	lha	entries	deferred	save_five_changes	commit	1	9.582	16384	6930432	6930039	100000	0	ok
PROBE-TSV	1	lha	entries	deferred	save_five_changes	display	1	2.796	0	0	6930039	100000	0	ok
PROBE-TSV	1	lha	entries	deferred	save_five_changes	editing_install	1	0.007	0	0	6930039	100000	0	ok
PROBE-TSV	1	lha	entries	deferred	save_five_changes	editing_prepare	1	38.411	0	0	6930039	100000	0	ok
PROBE-TSV	1	lha	entries	deferred	save_five_changes	entry_comparison	1	64.893	0	0	6930039	100000	0	ok
PROBE-TSV	1	lha	entries	deferred	save_five_changes	filter_compute	2	0.001	0	0	6930039	100000	0	ok
PROBE-TSV	1	lha	entries	deferred	save_five_changes	name_index_advance	1	19.752	0	0	6930039	100000	0	ok
PROBE-TSV	1	lha	entries	deferred	save_five_changes	password_verification	1	0.551	0	0	6930039	100000	0	ok
PROBE-TSV	1	lha	entries	deferred	save_five_changes	publish	1	0.950	0	0	6930039	100000	0	ok
PROBE-TSV	1	lha	entries	deferred	save_five_changes	reader_adoption	1	0.003	0	0	6930039	100000	0	ok
PROBE-TSV	1	lha	entries	deferred	save_five_changes	reload	1	404.742	0	0	6930039	100000	0	ok
PROBE-TSV	1	lha	entries	deferred	save_five_changes	replay	1	125.699	4096	0	6930039	100000	0	ok
PROBE-TSV	1	lha	entries	deferred	save_five_changes	replay_plan	1	29.908	0	0	6930039	100000	0	ok
PROBE-TSV	1	lha	entries	deferred	save_five_changes	representability_differential	1	0.773	0	0	6930039	100000	0	ok
PROBE-TSV	1	lha	entries	deferred	save_five_changes	save_sheet	1	2417.345	7020544	6955008	6930039	100000	0	ok
PROBE-TSV	1	lha	entries	deferred	save_five_changes	total	1	2456.110	7020544	6955008	6930039	100000	0	ok
PROBE-TSV	1	lha	entries	deferred	save_five_changes	tree_build	1	71.806	0	0	6930039	100000	0	ok
PROBE-TSV	1	lha	entries	deferred	save_five_changes	updater_open	1	904.634	7000064	0	6930039	100000	0	ok
PROBE-TSV	1	lha	entries	deferred	save_five_changes	verification_open	1	412.629	0	0	6930039	100000	0	ok
PROBE-TSV	1	lha	entries	deferred	rename_only_reserve_rename	display	1	2.624	0	0	7000001	100000	0	ok
PROBE-TSV	1	lha	entries	deferred	rename_only_reserve_rename	filter_compute	1	0.001	0	0	7000001	100000	0	ok
PROBE-TSV	1	lha	entries	deferred	rename_only_reserve_rename	password_verification	1	0.579	0	0	7000001	100000	0	ok
PROBE-TSV	1	lha	entries	deferred	rename_only_reserve_rename	total	1	167.873	0	0	7000001	100000	0	ok
PROBE-TSV	1	lha	entries	deferred	rename_only_reserve_rename	tree_build	1	67.530	0	0	7000001	100000	0	ok
PROBE-TSV	1	lha	entries	deferred	save_rename_only	capability_probe	1	398.073	0	0	7000000	100000	0	ok
PROBE-TSV	1	lha	entries	deferred	save_rename_only	commit	1	8.694	4096	7000064	7000000	100000	0	ok
PROBE-TSV	1	lha	entries	deferred	save_rename_only	display	1	2.800	0	0	7000000	100000	0	ok
PROBE-TSV	1	lha	entries	deferred	save_rename_only	editing_install	1	0.006	0	0	7000000	100000	0	ok
PROBE-TSV	1	lha	entries	deferred	save_rename_only	editing_prepare	1	37.778	0	0	7000000	100000	0	ok
PROBE-TSV	1	lha	entries	deferred	save_rename_only	entry_comparison	1	63.457	0	0	7000000	100000	0	ok
PROBE-TSV	1	lha	entries	deferred	save_rename_only	filter_compute	2	0.002	0	0	7000000	100000	0	ok
PROBE-TSV	1	lha	entries	deferred	save_rename_only	name_index_advance	1	18.242	0	0	7000000	100000	0	ok
PROBE-TSV	1	lha	entries	deferred	save_rename_only	password_verification	1	0.574	0	0	7000000	100000	0	ok
PROBE-TSV	1	lha	entries	deferred	save_rename_only	publish	1	0.392	0	0	7000000	100000	0	ok
PROBE-TSV	1	lha	entries	deferred	save_rename_only	reader_adoption	1	0.003	0	0	7000000	100000	0	ok
PROBE-TSV	1	lha	entries	deferred	save_rename_only	reload	1	416.985	0	0	7000000	100000	0	ok
PROBE-TSV	1	lha	entries	deferred	save_rename_only	replay	1	67.428	0	0	7000000	100000	0	ok
PROBE-TSV	1	lha	entries	deferred	save_rename_only	replay_plan	1	26.226	0	0	7000000	100000	0	ok
PROBE-TSV	1	lha	entries	deferred	save_rename_only	representability_differential	1	0.035	0	0	7000000	100000	0	ok
PROBE-TSV	1	lha	entries	deferred	save_rename_only	save_sheet	1	2400.577	7004160	7012352	7000000	100000	0	ok
PROBE-TSV	1	lha	entries	deferred	save_rename_only	total	1	2438.724	7004160	7012352	7000000	100000	0	ok
PROBE-TSV	1	lha	entries	deferred	save_rename_only	tree_build	1	75.346	0	0	7000000	100000	0	ok
PROBE-TSV	1	lha	entries	deferred	save_rename_only	updater_open	1	936.638	7000064	0	7000000	100000	0	ok
PROBE-TSV	1	lha	entries	deferred	save_rename_only	verification_open	1	407.355	0	0	7000000	100000	0	ok
PROBE-TSV	1	lha	payload	immediate	delete_start	capability_probe	1	4.414	0	0	168563277	1064	256	ok
PROBE-TSV	1	lha	payload	immediate	delete_start	commit	1	79.367	150966272	168574976	168563277	1064	256	ok
PROBE-TSV	1	lha	payload	immediate	delete_start	display	1	1.352	0	0	168563277	1064	256	ok
PROBE-TSV	1	lha	payload	immediate	delete_start	entry_comparison	1	0.632	0	0	168563277	1064	256	ok
PROBE-TSV	1	lha	payload	immediate	delete_start	filter_compute	1	0.000	0	0	168563277	1064	256	ok
PROBE-TSV	1	lha	payload	immediate	delete_start	mutate	1	0.664	0	0	168563277	1064	256	ok
PROBE-TSV	1	lha	payload	immediate	delete_start	password_verification	1	0.026	0	0	168563277	1064	256	ok
PROBE-TSV	1	lha	payload	immediate	delete_start	plan_build	1	0.011	0	0	168563277	1064	256	ok
PROBE-TSV	1	lha	payload	immediate	delete_start	plan_validation	1	0.115	0	0	168563277	1064	256	ok
PROBE-TSV	1	lha	payload	immediate	delete_start	publish	1	0.668	0	0	168563277	1064	256	ok
PROBE-TSV	1	lha	payload	immediate	delete_start	reader_adoption	1	0.002	0	0	168563277	1064	256	ok
PROBE-TSV	1	lha	payload	immediate	delete_start	reload	1	4.587	0	0	168563277	1064	256	ok
PROBE-TSV	1	lha	payload	immediate	delete_start	total	1	121.258	168857600	168587264	168563277	1064	256	ok
PROBE-TSV	1	lha	payload	immediate	delete_start	tree_build	1	0.604	0	0	168563277	1064	256	ok
PROBE-TSV	1	lha	payload	immediate	delete_start	updater_open	1	24.418	17891328	0	168563277	1064	256	ok
PROBE-TSV	1	lha	payload	immediate	delete_start	verification_open	1	5.410	0	0	168563277	1064	256	ok
PROBE-TSV	1	lha	payload	immediate	delete_end	capability_probe	1	4.181	0	0	170720918	1064	256	ok
PROBE-TSV	1	lha	payload	immediate	delete_end	commit	1	0.883	32768	16384	170720918	1064	256	ok
PROBE-TSV	1	lha	payload	immediate	delete_end	display	1	1.226	0	0	170720918	1064	256	ok
PROBE-TSV	1	lha	payload	immediate	delete_end	entry_comparison	1	0.639	0	0	170720918	1064	256	ok
PROBE-TSV	1	lha	payload	immediate	delete_end	filter_compute	1	0.000	0	0	170720918	1064	256	ok
PROBE-TSV	1	lha	payload	immediate	delete_end	mutate	1	0.651	0	0	170720918	1064	256	ok
PROBE-TSV	1	lha	payload	immediate	delete_end	password_verification	1	0.030	0	0	170720918	1064	256	ok
PROBE-TSV	1	lha	payload	immediate	delete_end	plan_build	1	0.013	0	0	170720918	1064	256	ok
PROBE-TSV	1	lha	payload	immediate	delete_end	plan_validation	1	0.113	0	0	170720918	1064	256	ok
PROBE-TSV	1	lha	payload	immediate	delete_end	publish	1	0.602	0	0	170720918	1064	256	ok
PROBE-TSV	1	lha	payload	immediate	delete_end	reader_adoption	1	0.002	0	0	170720918	1064	256	ok
PROBE-TSV	1	lha	payload	immediate	delete_end	reload	1	4.356	0	0	170720918	1064	256	ok
PROBE-TSV	1	lha	payload	immediate	delete_end	total	1	53.615	35782656	28672	170720918	1064	256	ok
PROBE-TSV	1	lha	payload	immediate	delete_end	tree_build	1	0.582	0	0	170720918	1064	256	ok
PROBE-TSV	1	lha	payload	immediate	delete_end	updater_open	1	24.012	17891328	0	170720918	1064	256	ok
PROBE-TSV	1	lha	payload	immediate	delete_end	verification_open	1	18.176	17858560	0	170720918	1064	256	ok
PROBE-TSV	1	lha	payload	immediate	rename_same_length	capability_probe	1	4.328	0	0	170720988	1064	256	ok
PROBE-TSV	1	lha	payload	immediate	rename_same_length	commit	1	0.929	32768	32768	170720988	1064	256	ok
PROBE-TSV	1	lha	payload	immediate	rename_same_length	display	1	1.261	0	0	170720988	1064	256	ok
PROBE-TSV	1	lha	payload	immediate	rename_same_length	entry_comparison	1	0.646	0	0	170720988	1064	256	ok
PROBE-TSV	1	lha	payload	immediate	rename_same_length	filter_compute	1	0.000	0	0	170720988	1064	256	ok
PROBE-TSV	1	lha	payload	immediate	rename_same_length	mutate	1	0.664	0	0	170720988	1064	256	ok
PROBE-TSV	1	lha	payload	immediate	rename_same_length	name_index_advance	1	0.127	0	0	170720988	1064	256	ok
PROBE-TSV	1	lha	payload	immediate	rename_same_length	name_index_build	1	1.643	0	0	170720988	1064	256	ok
PROBE-TSV	1	lha	payload	immediate	rename_same_length	password_verification	1	0.027	0	0	170720988	1064	256	ok
PROBE-TSV	1	lha	payload	immediate	rename_same_length	plan_build	1	0.018	0	0	170720988	1064	256	ok
PROBE-TSV	1	lha	payload	immediate	rename_same_length	plan_validation	1	0.128	0	0	170720988	1064	256	ok
PROBE-TSV	1	lha	payload	immediate	rename_same_length	publish	1	0.653	0	0	170720988	1064	256	ok
PROBE-TSV	1	lha	payload	immediate	rename_same_length	reader_adoption	1	0.002	0	0	170720988	1064	256	ok
PROBE-TSV	1	lha	payload	immediate	rename_same_length	reload	1	4.642	0	0	170720988	1064	256	ok
PROBE-TSV	1	lha	payload	immediate	rename_same_length	total	1	55.251	35782656	45056	170720988	1064	256	ok
PROBE-TSV	1	lha	payload	immediate	rename_same_length	tree_build	1	0.596	0	0	170720988	1064	256	ok
PROBE-TSV	1	lha	payload	immediate	rename_same_length	updater_open	1	23.857	17891328	0	170720988	1064	256	ok
PROBE-TSV	1	lha	payload	immediate	rename_same_length	verification_open	1	17.882	17858560	0	170720988	1064	256	ok
PROBE-TSV	1	lha	payload	immediate	rename_different_length	capability_probe	1	4.330	0	0	170721006	1064	256	ok
PROBE-TSV	1	lha	payload	immediate	rename_different_length	commit	1	77.962	152829952	170721280	170721006	1064	256	ok
PROBE-TSV	1	lha	payload	immediate	rename_different_length	display	1	1.190	0	0	170721006	1064	256	ok
PROBE-TSV	1	lha	payload	immediate	rename_different_length	entry_comparison	1	0.635	0	0	170721006	1064	256	ok
PROBE-TSV	1	lha	payload	immediate	rename_different_length	filter_compute	1	0.000	0	0	170721006	1064	256	ok
PROBE-TSV	1	lha	payload	immediate	rename_different_length	mutate	1	0.642	0	0	170721006	1064	256	ok
PROBE-TSV	1	lha	payload	immediate	rename_different_length	name_index_advance	1	0.129	0	0	170721006	1064	256	ok
PROBE-TSV	1	lha	payload	immediate	rename_different_length	name_index_build	1	1.644	0	0	170721006	1064	256	ok
PROBE-TSV	1	lha	payload	immediate	rename_different_length	password_verification	1	0.031	0	0	170721006	1064	256	ok
PROBE-TSV	1	lha	payload	immediate	rename_different_length	plan_build	1	0.021	0	0	170721006	1064	256	ok
PROBE-TSV	1	lha	payload	immediate	rename_different_length	plan_validation	1	0.107	0	0	170721006	1064	256	ok
PROBE-TSV	1	lha	payload	immediate	rename_different_length	publish	1	0.665	0	0	170721006	1064	256	ok
PROBE-TSV	1	lha	payload	immediate	rename_different_length	reader_adoption	1	0.002	0	0	170721006	1064	256	ok
PROBE-TSV	1	lha	payload	immediate	rename_different_length	reload	1	4.675	0	0	170721006	1064	256	ok
PROBE-TSV	1	lha	payload	immediate	rename_different_length	total	1	121.731	170721280	170733568	170721006	1064	256	ok
PROBE-TSV	1	lha	payload	immediate	rename_different_length	tree_build	1	0.578	0	0	170721006	1064	256	ok
PROBE-TSV	1	lha	payload	immediate	rename_different_length	updater_open	1	23.880	17891328	0	170721006	1064	256	ok
PROBE-TSV	1	lha	payload	immediate	rename_different_length	verification_open	1	5.239	0	0	170721006	1064	256	ok
PROBE-TSV	1	lha	payload	immediate	rename_folder	capability_probe	1	4.382	0	0	170721436	1064	256	ok
PROBE-TSV	1	lha	payload	immediate	rename_folder	commit	1	87.165	152829952	170737664	170721436	1064	256	ok
PROBE-TSV	1	lha	payload	immediate	rename_folder	display	1	1.135	0	0	170721436	1064	256	ok
PROBE-TSV	1	lha	payload	immediate	rename_folder	entry_comparison	1	0.630	0	0	170721436	1064	256	ok
PROBE-TSV	1	lha	payload	immediate	rename_folder	filter_compute	1	0.000	0	0	170721436	1064	256	ok
PROBE-TSV	1	lha	payload	immediate	rename_folder	mutate	1	1.195	0	0	170721436	1064	256	ok
PROBE-TSV	1	lha	payload	immediate	rename_folder	name_index_advance	1	0.583	0	0	170721436	1064	256	ok
PROBE-TSV	1	lha	payload	immediate	rename_folder	name_index_build	1	1.592	0	0	170721436	1064	256	ok
PROBE-TSV	1	lha	payload	immediate	rename_folder	password_verification	1	0.027	0	0	170721436	1064	256	ok
PROBE-TSV	1	lha	payload	immediate	rename_folder	plan_build	1	0.359	0	0	170721436	1064	256	ok
PROBE-TSV	1	lha	payload	immediate	rename_folder	plan_validation	1	0.317	0	0	170721436	1064	256	ok
PROBE-TSV	1	lha	payload	immediate	rename_folder	publish	1	0.666	0	0	170721436	1064	256	ok
PROBE-TSV	1	lha	payload	immediate	rename_folder	reader_adoption	1	0.002	0	0	170721436	1064	256	ok
PROBE-TSV	1	lha	payload	immediate	rename_folder	reload	1	5.177	0	0	170721436	1064	256	ok
PROBE-TSV	1	lha	payload	immediate	rename_folder	total	1	131.673	170721280	170749952	170721436	1064	256	ok
PROBE-TSV	1	lha	payload	immediate	rename_folder	tree_build	1	0.581	0	0	170721436	1064	256	ok
PROBE-TSV	1	lha	payload	immediate	rename_folder	updater_open	1	24.020	17891328	0	170721436	1064	256	ok
PROBE-TSV	1	lha	payload	immediate	rename_folder	verification_open	1	5.221	0	0	170721436	1064	256	ok
PROBE-TSV	1	lha	payload	immediate	new_folder	capability_probe	1	4.370	0	0	170721047	1064	256	ok
PROBE-TSV	1	lha	payload	immediate	new_folder	commit	1	0.639	16384	16384	170721047	1064	256	ok
PROBE-TSV	1	lha	payload	immediate	new_folder	display	1	1.192	0	0	170721047	1064	256	ok
PROBE-TSV	1	lha	payload	immediate	new_folder	entry_comparison	1	0.630	0	0	170721047	1064	256	ok
PROBE-TSV	1	lha	payload	immediate	new_folder	filter_compute	1	0.000	0	0	170721047	1064	256	ok
PROBE-TSV	1	lha	payload	immediate	new_folder	mutate	1	0.933	0	0	170721047	1064	256	ok
PROBE-TSV	1	lha	payload	immediate	new_folder	name_index_advance	1	0.110	0	0	170721047	1064	256	ok
PROBE-TSV	1	lha	payload	immediate	new_folder	name_index_build	1	1.507	0	0	170721047	1064	256	ok
PROBE-TSV	1	lha	payload	immediate	new_folder	password_verification	1	0.026	0	0	170721047	1064	256	ok
PROBE-TSV	1	lha	payload	immediate	new_folder	plan_build	1	1.516	0	0	170721047	1064	256	ok
PROBE-TSV	1	lha	payload	immediate	new_folder	plan_validation	1	0.101	0	0	170721047	1064	256	ok
PROBE-TSV	1	lha	payload	immediate	new_folder	publish	1	0.650	0	0	170721047	1064	256	ok
PROBE-TSV	1	lha	payload	immediate	new_folder	reader_adoption	1	0.002	0	0	170721047	1064	256	ok
PROBE-TSV	1	lha	payload	immediate	new_folder	reload	1	4.652	0	0	170721047	1064	256	ok
PROBE-TSV	1	lha	payload	immediate	new_folder	total	1	55.436	35782656	28672	170721047	1064	256	ok
PROBE-TSV	1	lha	payload	immediate	new_folder	tree_build	1	0.596	0	0	170721047	1064	256	ok
PROBE-TSV	1	lha	payload	immediate	new_folder	updater_open	1	23.948	17891328	0	170721047	1064	256	ok
PROBE-TSV	1	lha	payload	immediate	new_folder	verification_open	1	18.009	17874944	0	170721047	1064	256	ok
PROBE-TSV	1	lha	payload	immediate	add_file	capability_probe	1	4.209	0	0	170721044	1064	256	ok
PROBE-TSV	1	lha	payload	immediate	add_file	commit	1	0.616	16384	16384	170721044	1064	256	ok
PROBE-TSV	1	lha	payload	immediate	add_file	display	1	1.184	0	0	170721044	1064	256	ok
PROBE-TSV	1	lha	payload	immediate	add_file	entry_comparison	1	0.656	0	0	170721044	1064	256	ok
PROBE-TSV	1	lha	payload	immediate	add_file	filter_compute	1	0.000	0	0	170721044	1064	256	ok
PROBE-TSV	1	lha	payload	immediate	add_file	mutate	1	0.941	0	0	170721044	1064	256	ok
PROBE-TSV	1	lha	payload	immediate	add_file	name_index_advance	1	0.108	0	0	170721044	1064	256	ok
PROBE-TSV	1	lha	payload	immediate	add_file	name_index_build	1	1.653	0	0	170721044	1064	256	ok
PROBE-TSV	1	lha	payload	immediate	add_file	password_verification	1	0.028	0	0	170721044	1064	256	ok
PROBE-TSV	1	lha	payload	immediate	add_file	plan_build	3	0.042	0	0	170721044	1064	256	ok
PROBE-TSV	1	lha	payload	immediate	add_file	plan_validation	1	0.101	0	0	170721044	1064	256	ok
PROBE-TSV	1	lha	payload	immediate	add_file	publish	1	0.771	0	0	170721044	1064	256	ok
PROBE-TSV	1	lha	payload	immediate	add_file	reader_adoption	1	0.001	0	0	170721044	1064	256	ok
PROBE-TSV	1	lha	payload	immediate	add_file	reload	1	4.505	0	0	170721044	1064	256	ok
PROBE-TSV	1	lha	payload	immediate	add_file	total	1	55.602	35782656	28672	170721044	1064	256	ok
PROBE-TSV	1	lha	payload	immediate	add_file	tree_build	1	0.581	0	0	170721044	1064	256	ok
PROBE-TSV	1	lha	payload	immediate	add_file	updater_open	1	23.974	17891328	0	170721044	1064	256	ok
PROBE-TSV	1	lha	payload	immediate	add_file	verification_open	1	18.059	17874944	0	170721044	1064	256	ok
PROBE-TSV	1	lha	payload	immediate	replace_file	capability_probe	1	4.355	0	0	168563347	1064	256	ok
PROBE-TSV	1	lha	payload	immediate	replace_file	commit	1	81.190	150962176	168591360	168563347	1064	256	ok
PROBE-TSV	1	lha	payload	immediate	replace_file	display	1	1.228	0	0	168563347	1064	256	ok
PROBE-TSV	1	lha	payload	immediate	replace_file	entry_comparison	1	0.690	0	0	168563347	1064	256	ok
PROBE-TSV	1	lha	payload	immediate	replace_file	filter_compute	1	0.000	0	0	168563347	1064	256	ok
PROBE-TSV	1	lha	payload	immediate	replace_file	mutate	1	1.400	0	0	168563347	1064	256	ok
PROBE-TSV	1	lha	payload	immediate	replace_file	name_index_advance	1	0.133	0	0	168563347	1064	256	ok
PROBE-TSV	1	lha	payload	immediate	replace_file	name_index_build	1	1.576	0	0	168563347	1064	256	ok
PROBE-TSV	1	lha	payload	immediate	replace_file	password_verification	1	0.034	0	0	168563347	1064	256	ok
PROBE-TSV	1	lha	payload	immediate	replace_file	plan_build	4	0.088	0	0	168563347	1064	256	ok
PROBE-TSV	1	lha	payload	immediate	replace_file	plan_validation	1	0.098	0	0	168563347	1064	256	ok
PROBE-TSV	1	lha	payload	immediate	replace_file	publish	1	0.635	0	0	168563347	1064	256	ok
PROBE-TSV	1	lha	payload	immediate	replace_file	reader_adoption	1	0.001	0	0	168563347	1064	256	ok
PROBE-TSV	1	lha	payload	immediate	replace_file	reload	1	4.674	0	0	168563347	1064	256	ok
PROBE-TSV	1	lha	payload	immediate	replace_file	total	1	125.112	168853504	168603648	168563347	1064	256	ok
PROBE-TSV	1	lha	payload	immediate	replace_file	tree_build	1	0.589	0	0	168563347	1064	256	ok
PROBE-TSV	1	lha	payload	immediate	replace_file	updater_open	1	24.090	17891328	0	168563347	1064	256	ok
PROBE-TSV	1	lha	payload	immediate	replace_file	verification_open	1	5.269	0	0	168563347	1064	256	ok
PROBE-TSV	1	lha	payload	deferred	five_changes_reserve_rename	display	1	1.083	0	0	170720988	1064	256	ok
PROBE-TSV	1	lha	payload	deferred	five_changes_reserve_rename	filter_compute	1	0.000	0	0	170720988	1064	256	ok
PROBE-TSV	1	lha	payload	deferred	five_changes_reserve_rename	password_verification	1	0.029	0	0	170720988	1064	256	ok
PROBE-TSV	1	lha	payload	deferred	five_changes_reserve_rename	total	1	5.799	0	0	170720988	1064	256	ok
PROBE-TSV	1	lha	payload	deferred	five_changes_reserve_rename	tree_build	1	0.559	0	0	170720988	1064	256	ok
PROBE-TSV	1	lha	payload	deferred	five_changes_reserve_delete	display	1	0.435	0	0	170720988	1064	256	ok
PROBE-TSV	1	lha	payload	deferred	five_changes_reserve_delete	filter_compute	1	0.000	0	0	170720988	1064	256	ok
PROBE-TSV	1	lha	payload	deferred	five_changes_reserve_delete	password_verification	1	0.028	0	0	170720988	1064	256	ok
PROBE-TSV	1	lha	payload	deferred	five_changes_reserve_delete	total	1	2.820	0	0	170720988	1064	256	ok
PROBE-TSV	1	lha	payload	deferred	five_changes_reserve_delete	tree_build	1	0.521	0	0	170720988	1064	256	ok
PROBE-TSV	1	lha	payload	deferred	five_changes_reserve_new_folder	display	1	0.435	0	0	170720988	1064	256	ok
PROBE-TSV	1	lha	payload	deferred	five_changes_reserve_new_folder	filter_compute	1	0.000	0	0	170720988	1064	256	ok
PROBE-TSV	1	lha	payload	deferred	five_changes_reserve_new_folder	password_verification	1	0.019	0	0	170720988	1064	256	ok
PROBE-TSV	1	lha	payload	deferred	five_changes_reserve_new_folder	total	1	27.760	0	0	170720988	1064	256	ok
PROBE-TSV	1	lha	payload	deferred	five_changes_reserve_new_folder	tree_build	1	0.523	0	0	170720988	1064	256	ok
PROBE-TSV	1	lha	payload	deferred	five_changes_reserve_delete_folder	display	1	1.039	0	0	170720988	1064	256	ok
PROBE-TSV	1	lha	payload	deferred	five_changes_reserve_delete_folder	filter_compute	1	0.000	0	0	170720988	1064	256	ok
PROBE-TSV	1	lha	payload	deferred	five_changes_reserve_delete_folder	password_verification	1	0.027	0	0	170720988	1064	256	ok
PROBE-TSV	1	lha	payload	deferred	five_changes_reserve_delete_folder	total	1	27.152	0	0	170720988	1064	256	ok
PROBE-TSV	1	lha	payload	deferred	five_changes_reserve_delete_folder	tree_build	1	0.039	0	0	170720988	1064	256	ok
PROBE-TSV	1	lha	payload	deferred	five_changes_reserve_add	display	1	1.025	0	0	170720988	1064	256	ok
PROBE-TSV	1	lha	payload	deferred	five_changes_reserve_add	filter_compute	1	0.000	0	0	170720988	1064	256	ok
PROBE-TSV	1	lha	payload	deferred	five_changes_reserve_add	password_verification	1	0.026	0	0	170720988	1064	256	ok
PROBE-TSV	1	lha	payload	deferred	five_changes_reserve_add	plan_build	3	0.046	0	0	170720988	1064	256	ok
PROBE-TSV	1	lha	payload	deferred	five_changes_reserve_add	total	1	28.065	0	4096	170720988	1064	256	ok
PROBE-TSV	1	lha	payload	deferred	five_changes_reserve_add	tree_build	1	0.044	0	0	170720988	1064	256	ok
PROBE-TSV	1	lha	payload	deferred	save_five_changes	capability_probe	1	0.343	0	0	170651097	1064	256	ok
PROBE-TSV	1	lha	payload	deferred	save_five_changes	commit	1	0.738	32768	16384	170651097	1064	256	ok
PROBE-TSV	1	lha	payload	deferred	save_five_changes	display	1	1.368	0	0	170651097	1064	256	ok
PROBE-TSV	1	lha	payload	deferred	save_five_changes	editing_install	1	0.003	0	0	170651097	1064	256	ok
PROBE-TSV	1	lha	payload	deferred	save_five_changes	editing_prepare	1	0.048	0	0	170651097	1064	256	ok
PROBE-TSV	1	lha	payload	deferred	save_five_changes	entry_comparison	1	0.046	0	0	170651097	1064	256	ok
PROBE-TSV	1	lha	payload	deferred	save_five_changes	filter_compute	2	0.000	0	0	170651097	1064	256	ok
PROBE-TSV	1	lha	payload	deferred	save_five_changes	name_index_advance	1	0.778	0	0	170651097	1064	256	ok
PROBE-TSV	1	lha	payload	deferred	save_five_changes	password_verification	1	0.026	0	0	170651097	1064	256	ok
PROBE-TSV	1	lha	payload	deferred	save_five_changes	publish	1	0.860	0	0	170651097	1064	256	ok
PROBE-TSV	1	lha	payload	deferred	save_five_changes	reader_adoption	1	0.002	0	0	170651097	1064	256	ok
PROBE-TSV	1	lha	payload	deferred	save_five_changes	reload	1	1.479	0	0	170651097	1064	256	ok
PROBE-TSV	1	lha	payload	deferred	save_five_changes	replay	1	2.125	4096	0	170651097	1064	256	ok
PROBE-TSV	1	lha	payload	deferred	save_five_changes	replay_plan	1	1.532	0	0	170651097	1064	256	ok
PROBE-TSV	1	lha	payload	deferred	save_five_changes	representability_differential	1	0.756	0	0	170651097	1064	256	ok
PROBE-TSV	1	lha	payload	deferred	save_five_changes	save_sheet	1	83.480	35721216	40960	170651097	1064	256	ok
PROBE-TSV	1	lha	payload	deferred	save_five_changes	total	1	83.631	35721216	40960	170651097	1064	256	ok
PROBE-TSV	1	lha	payload	deferred	save_five_changes	tree_build	1	0.047	0	0	170651097	1064	256	ok
PROBE-TSV	1	lha	payload	deferred	save_five_changes	updater_open	1	24.235	17891328	0	170651097	1064	256	ok
PROBE-TSV	1	lha	payload	deferred	save_five_changes	verification_open	1	13.993	17793024	0	170651097	1064	256	ok
PROBE-TSV	1	lha	payload	deferred	rename_only_reserve_rename	display	1	1.033	0	0	170720988	1064	256	ok
PROBE-TSV	1	lha	payload	deferred	rename_only_reserve_rename	filter_compute	1	0.000	0	0	170720988	1064	256	ok
PROBE-TSV	1	lha	payload	deferred	rename_only_reserve_rename	password_verification	1	0.026	0	0	170720988	1064	256	ok
PROBE-TSV	1	lha	payload	deferred	rename_only_reserve_rename	total	1	5.638	0	0	170720988	1064	256	ok
PROBE-TSV	1	lha	payload	deferred	rename_only_reserve_rename	tree_build	1	0.571	0	0	170720988	1064	256	ok
PROBE-TSV	1	lha	payload	deferred	save_rename_only	capability_probe	1	4.410	0	0	170720987	1064	256	ok
PROBE-TSV	1	lha	payload	deferred	save_rename_only	commit	1	82.439	152846336	170721280	170720987	1064	256	ok
PROBE-TSV	1	lha	payload	deferred	save_rename_only	display	1	1.077	0	0	170720987	1064	256	ok
PROBE-TSV	1	lha	payload	deferred	save_rename_only	editing_install	1	0.003	0	0	170720987	1064	256	ok
PROBE-TSV	1	lha	payload	deferred	save_rename_only	editing_prepare	1	0.241	0	0	170720987	1064	256	ok
PROBE-TSV	1	lha	payload	deferred	save_rename_only	entry_comparison	1	0.655	0	0	170720987	1064	256	ok
PROBE-TSV	1	lha	payload	deferred	save_rename_only	filter_compute	2	0.000	0	0	170720987	1064	256	ok
PROBE-TSV	1	lha	payload	deferred	save_rename_only	name_index_advance	1	0.153	0	0	170720987	1064	256	ok
PROBE-TSV	1	lha	payload	deferred	save_rename_only	password_verification	1	0.027	0	0	170720987	1064	256	ok
PROBE-TSV	1	lha	payload	deferred	save_rename_only	publish	1	0.318	0	0	170720987	1064	256	ok
PROBE-TSV	1	lha	payload	deferred	save_rename_only	reader_adoption	1	0.002	0	0	170720987	1064	256	ok
PROBE-TSV	1	lha	payload	deferred	save_rename_only	reload	1	4.935	0	0	170720987	1064	256	ok
PROBE-TSV	1	lha	payload	deferred	save_rename_only	replay	1	0.655	0	0	170720987	1064	256	ok
PROBE-TSV	1	lha	payload	deferred	save_rename_only	replay_plan	1	0.258	0	0	170720987	1064	256	ok
PROBE-TSV	1	lha	payload	deferred	save_rename_only	representability_differential	1	0.024	0	0	170720987	1064	256	ok
PROBE-TSV	1	lha	payload	deferred	save_rename_only	save_sheet	1	163.655	170737664	170733568	170720987	1064	256	ok
PROBE-TSV	1	lha	payload	deferred	save_rename_only	total	1	164.018	170737664	170733568	170720987	1064	256	ok
PROBE-TSV	1	lha	payload	deferred	save_rename_only	tree_build	1	0.619	0	0	170720987	1064	256	ok
PROBE-TSV	1	lha	payload	deferred	save_rename_only	updater_open	1	24.157	17891328	0	170720987	1064	256	ok
PROBE-TSV	1	lha	payload	deferred	save_rename_only	verification_open	1	5.385	0	0	170720987	1064	256	ok
PROBE-TSV-HEADER	version	format	fixture	mode	operation	stage	calls	duration_ms	read_bytes	written_bytes	output_bytes	entries	payload_mib	status
PROBE-TSV	1	zip	entries	immediate	open	total	1	475.004	0	0	14100098	100000	0	ok
PROBE-TSV	1	zip	payload	immediate	open	total	1	101.503	0	0	163003493	1064	256	ok
PROBE-TSV	1	tar	entries	immediate	open	total	1	904.706	0	0	102410240	100000	0	ok
PROBE-TSV	1	tar	payload	immediate	open	total	1	99.646	0	0	269496320	1064	256	ok
PROBE-TSV	1	tar.gz	entries	immediate	open	total	1	906.216	0	100663296	1044925	100000	0	ok
PROBE-TSV	1	tar.gz	payload	immediate	open	total	1	458.440	0	268435456	162811997	1064	256	ok
PROBE-TSV	1	tar.bz2	entries	immediate	open	total	1	905.042	0	100663296	216104	100000	0	ok
PROBE-TSV	1	tar.bz2	payload	immediate	open	total	1	991.487	0	268435456	143017309	1064	256	ok
PROBE-TSV	1	tar.xz	entries	immediate	open	total	1	948.657	0	100663296	211560	100000	0	ok
PROBE-TSV	1	tar.xz	payload	immediate	open	total	1	1906.498	0	268435456	137187616	1064	256	ok
PROBE-TSV	1	7z	entries	immediate	open	total	1	738.631	0	0	7000078	100000	0	ok
PROBE-TSV	1	7z	payload	immediate	open	total	1	107.908	0	0	137251576	1064	256	ok
PROBE-TSV	1	lha	entries	immediate	open	total	1	1181.387	0	0	7000001	100000	0	ok
PROBE-TSV	1	lha	payload	immediate	open	total	1	121.524	0	0	170720988	1064	256	ok
# start  3:09  up 4 days, 21:07, 4 users, load averages: 4.16 11.71 16.33
# end  3:14  up 4 days, 21:12, 4 users, load averages: 5.66 8.16 13.24
